SLAFactKey,IncidentKey,SLAKey,AcknowledgeTargetMinutes,AcknowledgeActualMinutes,AcknowledgeMet,ContainTargetMinutes,ContainActualMinutes,ContainMet,ResolveTargetMinutes,ResolveActualMinutes,ResolveMet,OverallMet
1,1,1,240,97.0,True,1440,223.0,True,4320,271.0,True,True
2,2,4,30,14.0,True,180,,False,720,,False,False
3,3,2,120,88.0,True,720,,False,2880,,False,False
4,4,1,240,19.0,True,1440,268.0,True,4320,599.0,True,True
5,5,4,30,6.0,True,180,83.0,True,720,178.0,True,True
6,6,2,120,50.0,True,720,152.0,True,2880,302.0,True,True
7,7,1,240,34.0,True,1440,97.0,True,4320,511.0,True,True
8,8,1,240,46.0,True,1440,124.0,True,4320,556.0,True,True
9,9,2,120,35.0,True,720,68.0,True,2880,232.0,True,True
10,10,3,60,17.0,True,360,576.0,False,1440,884.0,True,False
11,11,3,60,19.0,True,360,122.0,True,1440,655.0,True,True
12,12,1,240,41.0,True,1440,103.0,True,4320,509.0,True,True
13,13,2,120,34.0,True,720,190.0,True,2880,254.0,True,True
14,14,1,240,23.0,True,1440,88.0,True,4320,259.0,True,True
15,15,3,60,18.0,True,360,105.0,True,1440,447.0,True,True
16,16,4,30,18.0,True,180,131.0,True,720,328.0,True,True
17,17,2,120,43.0,True,720,292.0,True,2880,1143.0,True,True
18,18,2,120,31.0,True,720,325.0,True,2880,468.0,True,True
19,19,1,240,5.0,True,1440,306.0,True,4320,694.0,True,True
20,20,1,240,8.0,True,1440,158.0,True,4320,547.0,True,True
21,21,2,120,12.0,True,720,113.0,True,2880,270.0,True,True
22,22,2,120,53.0,True,720,84.0,True,2880,223.0,True,True
23,23,2,120,19.0,True,720,104.0,True,2880,287.0,True,True
24,24,1,240,50.0,True,1440,95.0,True,4320,316.0,True,True
25,25,5,15,9.0,True,60,106.0,False,240,360.0,False,False
26,26,2,120,23.0,True,720,56.0,True,2880,1581.0,True,True
27,27,3,60,18.0,True,360,63.0,True,1440,,False,False
28,28,1,240,180.0,True,1440,237.0,True,4320,332.0,True,True
29,29,2,120,27.0,True,720,108.0,True,2880,279.0,True,True
30,30,4,30,88.0,False,180,200.0,False,720,272.0,True,False
31,31,2,120,23.0,True,720,157.0,True,2880,234.0,True,True
32,32,1,240,71.0,True,1440,232.0,True,4320,439.0,True,True
33,33,1,240,21.0,True,1440,118.0,True,4320,375.0,True,True
34,34,2,120,23.0,True,720,,False,2880,,False,False
35,35,2,120,28.0,True,720,144.0,True,2880,243.0,True,True
36,36,2,120,13.0,True,720,252.0,True,2880,415.0,True,True
37,37,2,120,9.0,True,720,81.0,True,2880,299.0,True,True
38,38,3,60,63.0,False,360,268.0,True,1440,378.0,True,False
39,39,2,120,8.0,True,720,100.0,True,2880,226.0,True,True
40,40,2,120,3.0,True,720,230.0,True,2880,599.0,True,True
41,41,1,240,53.0,True,1440,185.0,True,4320,580.0,True,True
42,42,2,120,43.0,True,720,155.0,True,2880,197.0,True,True
43,43,3,60,38.0,True,360,296.0,True,1440,357.0,True,True
44,44,1,240,24.0,True,1440,73.0,True,4320,141.0,True,True
45,45,5,15,35.0,False,60,93.0,False,240,159.0,True,False
46,46,2,120,15.0,True,720,337.0,True,2880,428.0,True,True
47,47,2,120,15.0,True,720,115.0,True,2880,154.0,True,True
48,48,2,120,35.0,True,720,77.0,True,2880,166.0,True,True
49,49,2,120,7.0,True,720,143.0,True,2880,460.0,True,True
50,50,1,240,9.0,True,1440,195.0,True,4320,251.0,True,True
51,51,1,240,19.0,True,1440,148.0,True,4320,1059.0,True,True
52,52,1,240,9.0,True,1440,,False,4320,,False,False
53,53,5,15,9.0,True,60,139.0,False,240,192.0,True,False
54,54,3,60,3.0,True,360,59.0,True,1440,525.0,True,True
55,55,1,240,29.0,True,1440,149.0,True,4320,359.0,True,True
56,56,3,60,60.0,True,360,,False,1440,,False,False
57,57,1,240,32.0,True,1440,221.0,True,4320,695.0,True,True
58,58,2,120,6.0,True,720,95.0,True,2880,225.0,True,True
59,59,2,120,28.0,True,720,143.0,True,2880,557.0,True,True
60,60,2,120,25.0,True,720,453.0,True,2880,692.0,True,True
61,61,1,240,17.0,True,1440,85.0,True,4320,241.0,True,True
62,62,3,60,2.0,True,360,115.0,True,1440,182.0,True,True
63,63,2,120,15.0,True,720,54.0,True,2880,830.0,True,True
64,64,1,240,21.0,True,1440,196.0,True,4320,449.0,True,True
65,65,1,240,5.0,True,1440,111.0,True,4320,567.0,True,True
66,66,2,120,33.0,True,720,134.0,True,2880,422.0,True,True
67,67,5,15,33.0,False,60,103.0,False,240,258.0,False,False
68,68,1,240,38.0,True,1440,121.0,True,4320,,False,False
69,69,2,120,28.0,True,720,157.0,True,2880,241.0,True,True
70,70,2,120,11.0,True,720,165.0,True,2880,950.0,True,True
71,71,2,120,30.0,True,720,77.0,True,2880,246.0,True,True
72,72,1,240,15.0,True,1440,281.0,True,4320,415.0,True,True
73,73,1,240,20.0,True,1440,169.0,True,4320,313.0,True,True
74,74,1,240,51.0,True,1440,92.0,True,4320,121.0,True,True
75,75,2,120,9.0,True,720,57.0,True,2880,164.0,True,True
76,76,5,15,25.0,False,60,50.0,True,240,136.0,True,False
77,77,1,240,37.0,True,1440,201.0,True,4320,271.0,True,True
78,78,3,60,6.0,True,360,140.0,True,1440,217.0,True,True
79,79,4,30,45.0,False,180,133.0,True,720,469.0,True,False
80,80,2,120,37.0,True,720,82.0,True,2880,443.0,True,True
81,81,1,240,18.0,True,1440,45.0,True,4320,413.0,True,True
82,82,3,60,7.0,True,360,67.0,True,1440,205.0,True,True
83,83,1,240,4.0,True,1440,203.0,True,4320,387.0,True,True
84,84,1,240,24.0,True,1440,144.0,True,4320,309.0,True,True
85,85,2,120,18.0,True,720,,False,2880,,False,False
86,86,2,120,7.0,True,720,329.0,True,2880,922.0,True,True
87,87,1,240,5.0,True,1440,100.0,True,4320,1098.0,True,True
88,88,1,240,67.0,True,1440,292.0,True,4320,723.0,True,True
89,89,1,240,58.0,True,1440,153.0,True,4320,210.0,True,True
90,90,1,240,35.0,True,1440,77.0,True,4320,,False,False
91,91,4,30,15.0,True,180,77.0,True,720,156.0,True,True
92,92,1,240,37.0,True,1440,91.0,True,4320,154.0,True,True
93,93,1,240,56.0,True,1440,230.0,True,4320,519.0,True,True
94,94,2,120,17.0,True,720,140.0,True,2880,374.0,True,True
95,95,4,30,7.0,True,180,101.0,True,720,193.0,True,True
96,96,3,60,7.0,True,360,158.0,True,1440,258.0,True,True
97,97,1,240,28.0,True,1440,345.0,True,4320,542.0,True,True
98,98,3,60,46.0,True,360,263.0,True,1440,382.0,True,True
99,99,4,30,20.0,True,180,113.0,True,720,180.0,True,True
100,100,1,240,5.0,True,1440,466.0,True,4320,792.0,True,True
101,101,2,120,23.0,True,720,108.0,True,2880,294.0,True,True
102,102,3,60,20.0,True,360,143.0,True,1440,295.0,True,True
103,103,2,120,16.0,True,720,100.0,True,2880,117.0,True,True
104,104,1,240,24.0,True,1440,69.0,True,4320,546.0,True,True
105,105,2,120,99.0,True,720,173.0,True,2880,438.0,True,True
106,106,1,240,74.0,True,1440,592.0,True,4320,666.0,True,True
107,107,3,60,25.0,True,360,148.0,True,1440,612.0,True,True
108,108,2,120,5.0,True,720,71.0,True,2880,668.0,True,True
109,109,1,240,24.0,True,1440,,False,4320,,False,False
110,110,4,30,6.0,True,180,89.0,True,720,128.0,True,True
111,111,1,240,39.0,True,1440,140.0,True,4320,548.0,True,True
112,112,2,120,30.0,True,720,127.0,True,2880,308.0,True,True
113,113,2,120,21.0,True,720,83.0,True,2880,167.0,True,True
114,114,1,240,38.0,True,1440,156.0,True,4320,285.0,True,True
115,115,4,30,14.0,True,180,65.0,True,720,216.0,True,True
116,116,2,120,18.0,True,720,106.0,True,2880,276.0,True,True
117,117,1,240,45.0,True,1440,82.0,True,4320,533.0,True,True
118,118,2,120,18.0,True,720,117.0,True,2880,399.0,True,True
119,119,1,240,36.0,True,1440,209.0,True,4320,361.0,True,True
120,120,4,30,48.0,False,180,135.0,True,720,770.0,False,False
121,121,4,30,43.0,False,180,116.0,True,720,189.0,True,False
122,122,1,240,23.0,True,1440,85.0,True,4320,265.0,True,True
123,123,5,15,12.0,True,60,34.0,True,240,133.0,True,True
124,124,1,240,7.0,True,1440,81.0,True,4320,791.0,True,True
125,125,4,30,49.0,False,180,285.0,False,720,402.0,True,False
126,126,2,120,15.0,True,720,117.0,True,2880,366.0,True,True
127,127,2,120,5.0,True,720,58.0,True,2880,,False,False
128,128,1,240,42.0,True,1440,313.0,True,4320,476.0,True,True
129,129,2,120,7.0,True,720,94.0,True,2880,177.0,True,True
130,130,4,30,9.0,True,180,61.0,True,720,195.0,True,True
131,131,2,120,36.0,True,720,105.0,True,2880,234.0,True,True
132,132,2,120,41.0,True,720,81.0,True,2880,357.0,True,True
133,133,2,120,13.0,True,720,60.0,True,2880,299.0,True,True
134,134,2,120,14.0,True,720,324.0,True,2880,393.0,True,True
135,135,1,240,20.0,True,1440,102.0,True,4320,269.0,True,True
136,136,4,30,10.0,True,180,110.0,True,720,138.0,True,True
137,137,1,240,11.0,True,1440,196.0,True,4320,1056.0,True,True
138,138,1,240,47.0,True,1440,155.0,True,4320,331.0,True,True
139,139,3,60,23.0,True,360,74.0,True,1440,508.0,True,True
140,140,2,120,9.0,True,720,34.0,True,2880,226.0,True,True
141,141,2,120,25.0,True,720,208.0,True,2880,251.0,True,True
142,142,1,240,17.0,True,1440,297.0,True,4320,466.0,True,True
143,143,3,60,48.0,True,360,145.0,True,1440,323.0,True,True
144,144,1,240,53.0,True,1440,149.0,True,4320,236.0,True,True
145,145,3,60,39.0,True,360,117.0,True,1440,,False,False
146,146,3,60,61.0,False,360,253.0,True,1440,420.0,True,False
147,147,1,240,26.0,True,1440,210.0,True,4320,970.0,True,True
148,148,2,120,7.0,True,720,122.0,True,2880,185.0,True,True
149,149,2,120,30.0,True,720,111.0,True,2880,153.0,True,True
150,150,4,30,15.0,True,180,83.0,True,720,654.0,True,True
151,151,1,240,114.0,True,1440,215.0,True,4320,331.0,True,True
152,152,1,240,33.0,True,1440,116.0,True,4320,215.0,True,True
153,153,2,120,25.0,True,720,126.0,True,2880,193.0,True,True
154,154,1,240,34.0,True,1440,107.0,True,4320,200.0,True,True
155,155,1,240,35.0,True,1440,110.0,True,4320,510.0,True,True
156,156,3,60,30.0,True,360,108.0,True,1440,559.0,True,True
157,157,3,60,31.0,True,360,49.0,True,1440,110.0,True,True
158,158,5,15,9.0,True,60,105.0,False,240,217.0,True,False
159,159,3,60,19.0,True,360,167.0,True,1440,761.0,True,True
160,160,1,240,27.0,True,1440,191.0,True,4320,1064.0,True,True
161,161,4,30,51.0,False,180,93.0,True,720,192.0,True,False
162,162,2,120,30.0,True,720,217.0,True,2880,256.0,True,True
163,163,4,30,9.0,True,180,44.0,True,720,221.0,True,True
164,164,2,120,27.0,True,720,96.0,True,2880,146.0,True,True
165,165,3,60,48.0,True,360,108.0,True,1440,277.0,True,True
166,166,1,240,24.0,True,1440,112.0,True,4320,447.0,True,True
167,167,3,60,40.0,True,360,,False,1440,,False,False
168,168,1,240,39.0,True,1440,125.0,True,4320,519.0,True,True
169,169,1,240,9.0,True,1440,279.0,True,4320,805.0,True,True
170,170,2,120,17.0,True,720,313.0,True,2880,398.0,True,True
171,171,5,15,19.0,False,60,93.0,False,240,241.0,False,False
172,172,4,30,9.0,True,180,220.0,False,720,645.0,True,False
173,173,1,240,72.0,True,1440,146.0,True,4320,335.0,True,True
174,174,3,60,30.0,True,360,255.0,True,1440,598.0,True,True
175,175,3,60,17.0,True,360,41.0,True,1440,102.0,True,True
176,176,1,240,13.0,True,1440,82.0,True,4320,156.0,True,True
177,177,1,240,15.0,True,1440,91.0,True,4320,224.0,True,True
178,178,2,120,32.0,True,720,140.0,True,2880,444.0,True,True
179,179,4,30,8.0,True,180,167.0,True,720,228.0,True,True
180,180,1,240,23.0,True,1440,62.0,True,4320,265.0,True,True
181,181,3,60,11.0,True,360,84.0,True,1440,210.0,True,True
182,182,1,240,21.0,True,1440,172.0,True,4320,371.0,True,True
183,183,4,30,12.0,True,180,95.0,True,720,190.0,True,True
184,184,1,240,27.0,True,1440,98.0,True,4320,806.0,True,True
185,185,2,120,43.0,True,720,123.0,True,2880,758.0,True,True
186,186,1,240,74.0,True,1440,386.0,True,4320,753.0,True,True
187,187,3,60,85.0,False,360,122.0,True,1440,180.0,True,False
188,188,4,30,37.0,False,180,102.0,True,720,358.0,True,False
189,189,1,240,13.0,True,1440,313.0,True,4320,550.0,True,True
190,190,1,240,25.0,True,1440,120.0,True,4320,393.0,True,True
191,191,3,60,102.0,False,360,184.0,True,1440,212.0,True,False
192,192,1,240,13.0,True,1440,306.0,True,4320,365.0,True,True
193,193,2,120,19.0,True,720,88.0,True,2880,159.0,True,True
194,194,2,120,12.0,True,720,154.0,True,2880,218.0,True,True
195,195,1,240,31.0,True,1440,164.0,True,4320,247.0,True,True
196,196,1,240,15.0,True,1440,134.0,True,4320,317.0,True,True
197,197,2,120,36.0,True,720,154.0,True,2880,234.0,True,True
198,198,3,60,34.0,True,360,60.0,True,1440,299.0,True,True
199,199,1,240,43.0,True,1440,168.0,True,4320,373.0,True,True
200,200,1,240,9.0,True,1440,88.0,True,4320,250.0,True,True
201,201,1,240,29.0,True,1440,237.0,True,4320,377.0,True,True
202,202,2,120,6.0,True,720,174.0,True,2880,1353.0,True,True
203,203,3,60,26.0,True,360,98.0,True,1440,191.0,True,True
204,204,1,240,19.0,True,1440,104.0,True,4320,153.0,True,True
205,205,4,30,18.0,True,180,108.0,True,720,146.0,True,True
206,206,2,120,12.0,True,720,109.0,True,2880,351.0,True,True
207,207,1,240,4.0,True,1440,166.0,True,4320,659.0,True,True
208,208,2,120,8.0,True,720,104.0,True,2880,219.0,True,True
209,209,5,15,7.0,True,60,,False,240,,False,False
210,210,1,240,19.0,True,1440,257.0,True,4320,988.0,True,True
211,211,1,240,24.0,True,1440,122.0,True,4320,357.0,True,True
212,212,2,120,13.0,True,720,109.0,True,2880,213.0,True,True
213,213,3,60,20.0,True,360,170.0,True,1440,231.0,True,True
214,214,3,60,55.0,True,360,112.0,True,1440,419.0,True,True
215,215,2,120,7.0,True,720,78.0,True,2880,299.0,True,True
216,216,2,120,14.0,True,720,121.0,True,2880,242.0,True,True
217,217,4,30,11.0,True,180,68.0,True,720,652.0,True,True
218,218,4,30,4.0,True,180,130.0,True,720,201.0,True,True
219,219,1,240,16.0,True,1440,261.0,True,4320,668.0,True,True
220,220,1,240,57.0,True,1440,500.0,True,4320,1184.0,True,True
221,221,2,120,23.0,True,720,91.0,True,2880,147.0,True,True
222,222,1,240,21.0,True,1440,111.0,True,4320,709.0,True,True
223,223,3,60,17.0,True,360,51.0,True,1440,894.0,True,True
224,224,1,240,10.0,True,1440,311.0,True,4320,413.0,True,True
225,225,2,120,22.0,True,720,180.0,True,2880,364.0,True,True
226,226,2,120,57.0,True,720,117.0,True,2880,180.0,True,True
227,227,3,60,2.0,True,360,140.0,True,1440,244.0,True,True
228,228,3,60,19.0,True,360,75.0,True,1440,1347.0,True,True
229,229,2,120,16.0,True,720,,False,2880,,False,False
230,230,2,120,17.0,True,720,141.0,True,2880,367.0,True,True
231,231,1,240,35.0,True,1440,213.0,True,4320,425.0,True,True
232,232,2,120,10.0,True,720,38.0,True,2880,537.0,True,True
233,233,3,60,6.0,True,360,143.0,True,1440,391.0,True,True
234,234,2,120,20.0,True,720,137.0,True,2880,402.0,True,True
235,235,2,120,17.0,True,720,75.0,True,2880,246.0,True,True
236,236,1,240,30.0,True,1440,201.0,True,4320,597.0,True,True
237,237,1,240,4.0,True,1440,73.0,True,4320,251.0,True,True
238,238,2,120,6.0,True,720,122.0,True,2880,2242.0,True,True
239,239,1,240,21.0,True,1440,216.0,True,4320,338.0,True,True
240,240,2,120,7.0,True,720,125.0,True,2880,169.0,True,True
241,241,1,240,13.0,True,1440,93.0,True,4320,216.0,True,True
242,242,3,60,9.0,True,360,210.0,True,1440,297.0,True,True
243,243,1,240,18.0,True,1440,,False,4320,,False,False
244,244,1,240,113.0,True,1440,164.0,True,4320,3880.0,True,True
245,245,2,120,12.0,True,720,142.0,True,2880,386.0,True,True
246,246,2,120,38.0,True,720,129.0,True,2880,326.0,True,True
247,247,1,240,45.0,True,1440,214.0,True,4320,311.0,True,True
248,248,4,30,47.0,False,180,172.0,True,720,432.0,True,False
249,249,1,240,24.0,True,1440,162.0,True,4320,302.0,True,True
250,250,1,240,22.0,True,1440,185.0,True,4320,469.0,True,True
251,251,1,240,6.0,True,1440,69.0,True,4320,215.0,True,True
252,252,1,240,7.0,True,1440,81.0,True,4320,149.0,True,True
253,253,2,120,52.0,True,720,336.0,True,2880,622.0,True,True
254,254,2,120,6.0,True,720,47.0,True,2880,,False,False
255,255,1,240,40.0,True,1440,116.0,True,4320,218.0,True,True
256,256,1,240,39.0,True,1440,79.0,True,4320,1537.0,True,True
257,257,3,60,28.0,True,360,146.0,True,1440,366.0,True,True
258,258,2,120,76.0,True,720,120.0,True,2880,302.0,True,True
259,259,4,30,39.0,False,180,260.0,False,720,486.0,True,False
260,260,3,60,17.0,True,360,162.0,True,1440,191.0,True,True
261,261,3,60,31.0,True,360,101.0,True,1440,190.0,True,True
262,262,4,30,7.0,True,180,53.0,True,720,90.0,True,True
263,263,1,240,104.0,True,1440,250.0,True,4320,360.0,True,True
264,264,2,120,39.0,True,720,108.0,True,2880,401.0,True,True
265,265,3,60,10.0,True,360,76.0,True,1440,135.0,True,True
266,266,1,240,16.0,True,1440,393.0,True,4320,1139.0,True,True
267,267,2,120,40.0,True,720,237.0,True,2880,297.0,True,True
268,268,1,240,24.0,True,1440,137.0,True,4320,1045.0,True,True
269,269,2,120,9.0,True,720,100.0,True,2880,274.0,True,True
270,270,3,60,12.0,True,360,38.0,True,1440,245.0,True,True
271,271,1,240,14.0,True,1440,251.0,True,4320,390.0,True,True
272,272,3,60,5.0,True,360,208.0,True,1440,594.0,True,True
273,273,1,240,6.0,True,1440,283.0,True,4320,350.0,True,True
274,274,1,240,19.0,True,1440,238.0,True,4320,438.0,True,True
275,275,2,120,14.0,True,720,74.0,True,2880,289.0,True,True
276,276,1,240,15.0,True,1440,64.0,True,4320,808.0,True,True
277,277,1,240,53.0,True,1440,89.0,True,4320,310.0,True,True
278,278,2,120,50.0,True,720,123.0,True,2880,175.0,True,True
279,279,1,240,71.0,True,1440,363.0,True,4320,521.0,True,True
280,280,2,120,48.0,True,720,215.0,True,2880,1322.0,True,True
281,281,1,240,34.0,True,1440,142.0,True,4320,285.0,True,True
282,282,1,240,15.0,True,1440,80.0,True,4320,239.0,True,True
283,283,1,240,14.0,True,1440,157.0,True,4320,369.0,True,True
284,284,1,240,4.0,True,1440,162.0,True,4320,386.0,True,True
285,285,2,120,,False,720,,False,2880,,False,False
286,286,2,120,44.0,True,720,135.0,True,2880,,False,False
287,287,1,240,172.0,True,1440,223.0,True,4320,532.0,True,True
288,288,2,120,15.0,True,720,67.0,True,2880,184.0,True,True
289,289,4,30,33.0,False,180,61.0,True,720,136.0,True,False
290,290,1,240,99.0,True,1440,191.0,True,4320,2300.0,True,True
291,291,3,60,88.0,False,360,228.0,True,1440,345.0,True,False
292,292,4,30,33.0,False,180,111.0,True,720,195.0,True,False
293,293,2,120,9.0,True,720,65.0,True,2880,293.0,True,True
294,294,5,15,18.0,False,60,52.0,True,240,213.0,True,False
295,295,3,60,19.0,True,360,80.0,True,1440,153.0,True,True
296,296,1,240,45.0,True,1440,147.0,True,4320,556.0,True,True
297,297,1,240,20.0,True,1440,363.0,True,4320,504.0,True,True
298,298,2,120,48.0,True,720,99.0,True,2880,264.0,True,True
299,299,3,60,20.0,True,360,111.0,True,1440,210.0,True,True
300,300,2,120,34.0,True,720,178.0,True,2880,288.0,True,True
301,301,3,60,4.0,True,360,84.0,True,1440,324.0,True,True
302,302,1,240,31.0,True,1440,107.0,True,4320,2067.0,True,True
303,303,2,120,47.0,True,720,103.0,True,2880,352.0,True,True
304,304,1,240,38.0,True,1440,147.0,True,4320,253.0,True,True
305,305,1,240,13.0,True,1440,103.0,True,4320,223.0,True,True
306,306,2,120,12.0,True,720,121.0,True,2880,558.0,True,True
307,307,2,120,72.0,True,720,275.0,True,2880,418.0,True,True
308,308,1,240,12.0,True,1440,339.0,True,4320,631.0,True,True
309,309,1,240,91.0,True,1440,157.0,True,4320,411.0,True,True
310,310,1,240,20.0,True,1440,306.0,True,4320,430.0,True,True
311,311,4,30,9.0,True,180,107.0,True,720,185.0,True,True
312,312,2,120,12.0,True,720,95.0,True,2880,165.0,True,True
313,313,1,240,65.0,True,1440,182.0,True,4320,733.0,True,True
314,314,2,120,11.0,True,720,207.0,True,2880,713.0,True,True
315,315,1,240,13.0,True,1440,80.0,True,4320,323.0,True,True
316,316,2,120,44.0,True,720,103.0,True,2880,174.0,True,True
317,317,3,60,17.0,True,360,227.0,True,1440,289.0,True,True
318,318,2,120,15.0,True,720,154.0,True,2880,367.0,True,True
319,319,2,120,42.0,True,720,155.0,True,2880,497.0,True,True
320,320,2,120,7.0,True,720,61.0,True,2880,410.0,True,True
321,321,2,120,21.0,True,720,,False,2880,,False,False
322,322,4,30,2.0,True,180,170.0,True,720,237.0,True,True
323,323,1,240,56.0,True,1440,126.0,True,4320,440.0,True,True
324,324,1,240,68.0,True,1440,130.0,True,4320,195.0,True,True
325,325,3,60,21.0,True,360,146.0,True,1440,243.0,True,True
326,326,3,60,28.0,True,360,113.0,True,1440,261.0,True,True
327,327,5,15,6.0,True,60,59.0,True,240,624.0,False,False
328,328,2,120,34.0,True,720,104.0,True,2880,301.0,True,True
329,329,1,240,47.0,True,1440,345.0,True,4320,549.0,True,True
330,330,1,240,14.0,True,1440,179.0,True,4320,408.0,True,True
331,331,3,60,6.0,True,360,45.0,True,1440,676.0,True,True
332,332,1,240,12.0,True,1440,77.0,True,4320,98.0,True,True
333,333,3,60,8.0,True,360,134.0,True,1440,328.0,True,True
334,334,2,120,36.0,True,720,104.0,True,2880,302.0,True,True
335,335,1,240,116.0,True,1440,281.0,True,4320,679.0,True,True
336,336,2,120,9.0,True,720,125.0,True,2880,,False,False
337,337,1,240,88.0,True,1440,147.0,True,4320,288.0,True,True
338,338,2,120,82.0,True,720,130.0,True,2880,186.0,True,True
339,339,2,120,7.0,True,720,87.0,True,2880,633.0,True,True
340,340,4,30,42.0,False,180,200.0,False,720,405.0,True,False
341,341,2,120,19.0,True,720,263.0,True,2880,351.0,True,True
342,342,1,240,46.0,True,1440,269.0,True,4320,507.0,True,True
343,343,4,30,10.0,True,180,122.0,True,720,288.0,True,True
344,344,2,120,83.0,True,720,260.0,True,2880,324.0,True,True
345,345,4,30,3.0,True,180,51.0,True,720,153.0,True,True
346,346,2,120,10.0,True,720,,False,2880,,False,False
347,347,1,240,70.0,True,1440,105.0,True,4320,129.0,True,True
348,348,3,60,46.0,True,360,158.0,True,1440,217.0,True,True
349,349,4,30,12.0,True,180,57.0,True,720,238.0,True,True
350,350,2,120,46.0,True,720,125.0,True,2880,337.0,True,True
351,351,4,30,13.0,True,180,71.0,True,720,380.0,True,True
352,352,1,240,36.0,True,1440,205.0,True,4320,791.0,True,True
353,353,1,240,38.0,True,1440,151.0,True,4320,223.0,True,True
354,354,1,240,36.0,True,1440,160.0,True,4320,296.0,True,True
355,355,2,120,16.0,True,720,183.0,True,2880,372.0,True,True
356,356,2,120,25.0,True,720,59.0,True,2880,152.0,True,True
357,357,1,240,43.0,True,1440,471.0,True,4320,556.0,True,True
358,358,1,240,,False,1440,,False,4320,,False,False
359,359,2,120,63.0,True,720,,False,2880,,False,False
360,360,1,240,14.0,True,1440,,False,4320,,False,False
361,361,2,120,65.0,True,720,108.0,True,2880,403.0,True,True
362,362,1,240,40.0,True,1440,223.0,True,4320,618.0,True,True
363,363,3,60,22.0,True,360,147.0,True,1440,321.0,True,True
364,364,1,240,25.0,True,1440,,False,4320,,False,False
365,365,1,240,25.0,True,1440,77.0,True,4320,179.0,True,True
366,366,3,60,8.0,True,360,192.0,True,1440,347.0,True,True
367,367,4,30,10.0,True,180,218.0,False,720,277.0,True,False
368,368,4,30,11.0,True,180,,False,720,,False,False
369,369,4,30,29.0,True,180,101.0,True,720,205.0,True,True
370,370,2,120,24.0,True,720,92.0,True,2880,1446.0,True,True
371,371,1,240,34.0,True,1440,108.0,True,4320,344.0,True,True
372,372,2,120,14.0,True,720,78.0,True,2880,183.0,True,True
373,373,2,120,7.0,True,720,216.0,True,2880,340.0,True,True
374,374,4,30,26.0,True,180,92.0,True,720,370.0,True,True
375,375,3,60,14.0,True,360,154.0,True,1440,466.0,True,True
376,376,4,30,30.0,True,180,116.0,True,720,267.0,True,True
377,377,1,240,33.0,True,1440,330.0,True,4320,831.0,True,True
378,378,5,15,6.0,True,60,,False,240,,False,False
379,379,3,60,32.0,True,360,114.0,True,1440,217.0,True,True
380,380,2,120,84.0,True,720,138.0,True,2880,490.0,True,True
381,381,1,240,83.0,True,1440,188.0,True,4320,230.0,True,True
382,382,2,120,21.0,True,720,92.0,True,2880,187.0,True,True
383,383,2,120,13.0,True,720,100.0,True,2880,301.0,True,True
384,384,3,60,3.0,True,360,80.0,True,1440,148.0,True,True
385,385,1,240,51.0,True,1440,223.0,True,4320,762.0,True,True
386,386,1,240,16.0,True,1440,66.0,True,4320,213.0,True,True
387,387,3,60,28.0,True,360,105.0,True,1440,399.0,True,True
388,388,1,240,8.0,True,1440,141.0,True,4320,271.0,True,True
389,389,1,240,35.0,True,1440,238.0,True,4320,875.0,True,True
390,390,1,240,20.0,True,1440,109.0,True,4320,584.0,True,True
391,391,3,60,12.0,True,360,78.0,True,1440,156.0,True,True
392,392,2,120,18.0,True,720,303.0,True,2880,659.0,True,True
393,393,2,120,8.0,True,720,174.0,True,2880,1006.0,True,True
394,394,1,240,16.0,True,1440,247.0,True,4320,594.0,True,True
395,395,5,15,16.0,False,60,98.0,False,240,519.0,False,False
396,396,2,120,16.0,True,720,117.0,True,2880,452.0,True,True
397,397,1,240,30.0,True,1440,339.0,True,4320,1785.0,True,True
398,398,3,60,2.0,True,360,54.0,True,1440,138.0,True,True
399,399,2,120,3.0,True,720,414.0,True,2880,580.0,True,True
400,400,2,120,65.0,True,720,202.0,True,2880,358.0,True,True
401,401,2,120,15.0,True,720,230.0,True,2880,323.0,True,True
402,402,1,240,44.0,True,1440,224.0,True,4320,445.0,True,True
403,403,4,30,32.0,False,180,122.0,True,720,580.0,True,False
404,404,4,30,6.0,True,180,209.0,False,720,348.0,True,False
405,405,2,120,59.0,True,720,227.0,True,2880,465.0,True,True
406,406,4,30,10.0,True,180,38.0,True,720,685.0,True,True
407,407,2,120,5.0,True,720,163.0,True,2880,250.0,True,True
408,408,1,240,51.0,True,1440,228.0,True,4320,387.0,True,True
409,409,2,120,26.0,True,720,247.0,True,2880,452.0,True,True
410,410,1,240,19.0,True,1440,199.0,True,4320,490.0,True,True
411,411,3,60,6.0,True,360,75.0,True,1440,268.0,True,True
412,412,2,120,19.0,True,720,98.0,True,2880,378.0,True,True
413,413,3,60,13.0,True,360,122.0,True,1440,246.0,True,True
414,414,2,120,13.0,True,720,88.0,True,2880,209.0,True,True
415,415,4,30,11.0,True,180,60.0,True,720,109.0,True,True
416,416,1,240,17.0,True,1440,129.0,True,4320,268.0,True,True
417,417,4,30,4.0,True,180,151.0,True,720,403.0,True,True
418,418,3,60,22.0,True,360,105.0,True,1440,265.0,True,True
419,419,1,240,13.0,True,1440,200.0,True,4320,964.0,True,True
420,420,2,120,6.0,True,720,234.0,True,2880,411.0,True,True
421,421,2,120,26.0,True,720,99.0,True,2880,467.0,True,True
422,422,2,120,12.0,True,720,,False,2880,,False,False
423,423,1,240,23.0,True,1440,207.0,True,4320,1561.0,True,True
424,424,3,60,2.0,True,360,71.0,True,1440,103.0,True,True
425,425,1,240,35.0,True,1440,119.0,True,4320,328.0,True,True
426,426,3,60,19.0,True,360,56.0,True,1440,178.0,True,True
427,427,1,240,14.0,True,1440,216.0,True,4320,460.0,True,True
428,428,1,240,11.0,True,1440,78.0,True,4320,628.0,True,True
429,429,2,120,14.0,True,720,50.0,True,2880,286.0,True,True
430,430,4,30,60.0,False,180,374.0,False,720,456.0,True,False
431,431,1,240,29.0,True,1440,131.0,True,4320,166.0,True,True
432,432,2,120,22.0,True,720,186.0,True,2880,618.0,True,True
433,433,1,240,46.0,True,1440,319.0,True,4320,393.0,True,True
434,434,1,240,18.0,True,1440,352.0,True,4320,445.0,True,True
435,435,2,120,18.0,True,720,75.0,True,2880,403.0,True,True
436,436,4,30,16.0,True,180,49.0,True,720,111.0,True,True
437,437,1,240,26.0,True,1440,140.0,True,4320,,False,False
438,438,3,60,10.0,True,360,39.0,True,1440,107.0,True,True
439,439,2,120,16.0,True,720,,False,2880,,False,False
440,440,1,240,18.0,True,1440,237.0,True,4320,314.0,True,True
441,441,2,120,54.0,True,720,382.0,True,2880,770.0,True,True
442,442,1,240,49.0,True,1440,100.0,True,4320,613.0,True,True
443,443,1,240,32.0,True,1440,162.0,True,4320,624.0,True,True
444,444,2,120,11.0,True,720,102.0,True,2880,396.0,True,True
445,445,4,30,6.0,True,180,163.0,True,720,190.0,True,True
446,446,3,60,11.0,True,360,386.0,False,1440,481.0,True,False
447,447,3,60,22.0,True,360,78.0,True,1440,164.0,True,True
448,448,1,240,78.0,True,1440,188.0,True,4320,381.0,True,True
449,449,1,240,28.0,True,1440,103.0,True,4320,186.0,True,True
450,450,3,60,5.0,True,360,171.0,True,1440,383.0,True,True
451,451,1,240,36.0,True,1440,171.0,True,4320,279.0,True,True
452,452,1,240,21.0,True,1440,106.0,True,4320,769.0,True,True
453,453,1,240,20.0,True,1440,81.0,True,4320,130.0,True,True
454,454,2,120,12.0,True,720,294.0,True,2880,501.0,True,True
455,455,2,120,10.0,True,720,121.0,True,2880,236.0,True,True
456,456,3,60,32.0,True,360,162.0,True,1440,282.0,True,True
457,457,2,120,14.0,True,720,141.0,True,2880,365.0,True,True
458,458,1,240,10.0,True,1440,63.0,True,4320,143.0,True,True
459,459,3,60,13.0,True,360,103.0,True,1440,163.0,True,True
460,460,1,240,25.0,True,1440,124.0,True,4320,191.0,True,True
461,461,2,120,10.0,True,720,,False,2880,,False,False
462,462,1,240,90.0,True,1440,190.0,True,4320,443.0,True,True
463,463,4,30,4.0,True,180,323.0,False,720,524.0,True,False
464,464,3,60,13.0,True,360,65.0,True,1440,165.0,True,True
465,465,2,120,14.0,True,720,157.0,True,2880,,False,False
466,466,3,60,16.0,True,360,77.0,True,1440,125.0,True,True
467,467,4,30,10.0,True,180,73.0,True,720,304.0,True,True
468,468,3,60,67.0,False,360,121.0,True,1440,346.0,True,False
469,469,1,240,17.0,True,1440,201.0,True,4320,593.0,True,True
470,470,3,60,22.0,True,360,118.0,True,1440,140.0,True,True
471,471,1,240,31.0,True,1440,98.0,True,4320,248.0,True,True
472,472,4,30,12.0,True,180,38.0,True,720,849.0,False,False
473,473,3,60,44.0,True,360,112.0,True,1440,,False,False
474,474,1,240,14.0,True,1440,69.0,True,4320,,False,False
475,475,5,15,1.0,True,60,51.0,True,240,135.0,True,True
476,476,1,240,10.0,True,1440,52.0,True,4320,1197.0,True,True
477,477,3,60,30.0,True,360,180.0,True,1440,266.0,True,True
478,478,3,60,51.0,True,360,188.0,True,1440,335.0,True,True
479,479,4,30,12.0,True,180,226.0,False,720,465.0,True,False
480,480,3,60,20.0,True,360,142.0,True,1440,183.0,True,True
481,481,3,60,45.0,True,360,166.0,True,1440,207.0,True,True
482,482,5,15,5.0,True,60,32.0,True,240,78.0,True,True
483,483,3,60,5.0,True,360,,False,1440,,False,False
484,484,1,240,54.0,True,1440,150.0,True,4320,297.0,True,True
485,485,1,240,25.0,True,1440,138.0,True,4320,456.0,True,True
486,486,3,60,13.0,True,360,305.0,True,1440,533.0,True,True
487,487,3,60,7.0,True,360,47.0,True,1440,85.0,True,True
488,488,1,240,23.0,True,1440,79.0,True,4320,479.0,True,True
489,489,3,60,9.0,True,360,93.0,True,1440,248.0,True,True
490,490,1,240,46.0,True,1440,114.0,True,4320,271.0,True,True
491,491,2,120,42.0,True,720,71.0,True,2880,243.0,True,True
492,492,3,60,13.0,True,360,98.0,True,1440,,False,False
493,493,3,60,34.0,True,360,83.0,True,1440,,False,False
494,494,2,120,7.0,True,720,40.0,True,2880,100.0,True,True
495,495,2,120,35.0,True,720,87.0,True,2880,205.0,True,True
496,496,2,120,41.0,True,720,134.0,True,2880,711.0,True,True
497,497,1,240,12.0,True,1440,131.0,True,4320,330.0,True,True
498,498,3,60,21.0,True,360,89.0,True,1440,843.0,True,True
499,499,2,120,26.0,True,720,190.0,True,2880,352.0,True,True
500,500,2,120,16.0,True,720,,False,2880,,False,False
501,501,2,120,13.0,True,720,119.0,True,2880,276.0,True,True
502,502,3,60,67.0,False,360,133.0,True,1440,273.0,True,False
503,503,1,240,20.0,True,1440,46.0,True,4320,665.0,True,True
504,504,1,240,26.0,True,1440,124.0,True,4320,714.0,True,True
505,505,2,120,17.0,True,720,90.0,True,2880,293.0,True,True
506,506,1,240,23.0,True,1440,204.0,True,4320,516.0,True,True
507,507,2,120,63.0,True,720,115.0,True,2880,365.0,True,True
508,508,1,240,8.0,True,1440,78.0,True,4320,406.0,True,True
509,509,1,240,38.0,True,1440,125.0,True,4320,372.0,True,True
510,510,4,30,35.0,False,180,182.0,False,720,316.0,True,False
511,511,1,240,15.0,True,1440,112.0,True,4320,154.0,True,True
512,512,2,120,7.0,True,720,103.0,True,2880,515.0,True,True
513,513,1,240,50.0,True,1440,235.0,True,4320,529.0,True,True
514,514,2,120,12.0,True,720,53.0,True,2880,167.0,True,True
515,515,2,120,29.0,True,720,106.0,True,2880,292.0,True,True
516,516,1,240,50.0,True,1440,112.0,True,4320,1285.0,True,True
517,517,1,240,35.0,True,1440,142.0,True,4320,317.0,True,True
518,518,2,120,16.0,True,720,177.0,True,2880,325.0,True,True
519,519,1,240,65.0,True,1440,171.0,True,4320,416.0,True,True
520,520,4,30,24.0,True,180,77.0,True,720,338.0,True,True
521,521,3,60,75.0,False,360,206.0,True,1440,303.0,True,False
522,522,1,240,63.0,True,1440,165.0,True,4320,309.0,True,True
523,523,4,30,11.0,True,180,153.0,True,720,495.0,True,True
524,524,3,60,157.0,False,360,177.0,True,1440,311.0,True,False
525,525,1,240,18.0,True,1440,77.0,True,4320,300.0,True,True
526,526,2,120,51.0,True,720,242.0,True,2880,747.0,True,True
527,527,2,120,25.0,True,720,87.0,True,2880,255.0,True,True
528,528,2,120,7.0,True,720,196.0,True,2880,517.0,True,True
529,529,2,120,15.0,True,720,133.0,True,2880,381.0,True,True
530,530,3,60,7.0,True,360,50.0,True,1440,413.0,True,True
531,531,2,120,31.0,True,720,95.0,True,2880,381.0,True,True
532,532,1,240,54.0,True,1440,231.0,True,4320,399.0,True,True
533,533,2,120,9.0,True,720,52.0,True,2880,543.0,True,True
534,534,1,240,19.0,True,1440,69.0,True,4320,257.0,True,True
535,535,4,30,4.0,True,180,282.0,False,720,364.0,True,False
536,536,2,120,14.0,True,720,125.0,True,2880,,False,False
537,537,4,30,24.0,True,180,43.0,True,720,277.0,True,True
538,538,1,240,19.0,True,1440,182.0,True,4320,218.0,True,True
539,539,3,60,5.0,True,360,62.0,True,1440,137.0,True,True
540,540,2,120,77.0,True,720,401.0,True,2880,,False,False
541,541,2,120,33.0,True,720,96.0,True,2880,160.0,True,True
542,542,2,120,29.0,True,720,110.0,True,2880,180.0,True,True
543,543,4,30,27.0,True,180,104.0,True,720,233.0,True,True
544,544,2,120,,False,720,,False,2880,,False,False
545,545,1,240,21.0,True,1440,142.0,True,4320,1063.0,True,True
546,546,2,120,35.0,True,720,128.0,True,2880,332.0,True,True
547,547,1,240,19.0,True,1440,360.0,True,4320,684.0,True,True
548,548,3,60,20.0,True,360,62.0,True,1440,98.0,True,True
549,549,1,240,8.0,True,1440,113.0,True,4320,429.0,True,True
550,550,1,240,25.0,True,1440,,False,4320,,False,False
551,551,2,120,24.0,True,720,215.0,True,2880,695.0,True,True
552,552,4,30,20.0,True,180,129.0,True,720,159.0,True,True
553,553,1,240,24.0,True,1440,119.0,True,4320,237.0,True,True
554,554,1,240,25.0,True,1440,78.0,True,4320,260.0,True,True
555,555,1,240,15.0,True,1440,198.0,True,4320,294.0,True,True
556,556,1,240,37.0,True,1440,218.0,True,4320,307.0,True,True
557,557,1,240,14.0,True,1440,173.0,True,4320,201.0,True,True
558,558,4,30,14.0,True,180,62.0,True,720,390.0,True,True
559,559,2,120,34.0,True,720,108.0,True,2880,163.0,True,True
560,560,1,240,8.0,True,1440,111.0,True,4320,172.0,True,True
561,561,2,120,8.0,True,720,188.0,True,2880,320.0,True,True
562,562,2,120,58.0,True,720,,False,2880,,False,False
563,563,1,240,69.0,True,1440,144.0,True,4320,,False,False
564,564,3,60,16.0,True,360,,False,1440,,False,False
565,565,2,120,46.0,True,720,74.0,True,2880,100.0,True,True
566,566,2,120,167.0,False,720,414.0,True,2880,620.0,True,False
567,567,1,240,27.0,True,1440,586.0,True,4320,739.0,True,True
568,568,2,120,11.0,True,720,159.0,True,2880,453.0,True,True
569,569,3,60,14.0,True,360,149.0,True,1440,272.0,True,True
570,570,1,240,24.0,True,1440,120.0,True,4320,430.0,True,True
571,571,1,240,74.0,True,1440,181.0,True,4320,316.0,True,True
572,572,4,30,33.0,False,180,65.0,True,720,160.0,True,False
573,573,3,60,46.0,True,360,114.0,True,1440,279.0,True,True
574,574,1,240,19.0,True,1440,259.0,True,4320,820.0,True,True
575,575,1,240,8.0,True,1440,119.0,True,4320,800.0,True,True
576,576,2,120,23.0,True,720,84.0,True,2880,398.0,True,True
577,577,3,60,11.0,True,360,138.0,True,1440,,False,False
578,578,2,120,10.0,True,720,247.0,True,2880,534.0,True,True
579,579,2,120,13.0,True,720,88.0,True,2880,246.0,True,True
580,580,3,60,30.0,True,360,229.0,True,1440,245.0,True,True
581,581,2,120,12.0,True,720,84.0,True,2880,310.0,True,True
582,582,1,240,28.0,True,1440,274.0,True,4320,533.0,True,True
583,583,4,30,17.0,True,180,78.0,True,720,120.0,True,True
584,584,2,120,8.0,True,720,210.0,True,2880,318.0,True,True
585,585,1,240,61.0,True,1440,145.0,True,4320,844.0,True,True
586,586,1,240,14.0,True,1440,165.0,True,4320,422.0,True,True
587,587,1,240,18.0,True,1440,210.0,True,4320,249.0,True,True
588,588,3,60,15.0,True,360,68.0,True,1440,362.0,True,True
589,589,1,240,44.0,True,1440,175.0,True,4320,830.0,True,True
590,590,1,240,10.0,True,1440,141.0,True,4320,308.0,True,True
591,591,1,240,68.0,True,1440,176.0,True,4320,612.0,True,True
592,592,1,240,71.0,True,1440,233.0,True,4320,593.0,True,True
593,593,1,240,38.0,True,1440,94.0,True,4320,414.0,True,True
594,594,5,15,31.0,False,60,98.0,False,240,131.0,True,False
595,595,1,240,,False,1440,,False,4320,,False,False
596,596,3,60,14.0,True,360,81.0,True,1440,245.0,True,True
597,597,1,240,90.0,True,1440,139.0,True,4320,350.0,True,True
598,598,1,240,27.0,True,1440,,False,4320,,False,False
599,599,4,30,22.0,True,180,313.0,False,720,359.0,True,False
600,600,5,15,5.0,True,60,85.0,False,240,240.0,True,False
601,601,4,30,11.0,True,180,31.0,True,720,72.0,True,True
602,602,3,60,45.0,True,360,145.0,True,1440,283.0,True,True
603,603,3,60,12.0,True,360,96.0,True,1440,181.0,True,True
604,604,2,120,19.0,True,720,226.0,True,2880,298.0,True,True
605,605,1,240,30.0,True,1440,81.0,True,4320,348.0,True,True
606,606,2,120,30.0,True,720,102.0,True,2880,1213.0,True,True
607,607,2,120,35.0,True,720,196.0,True,2880,293.0,True,True
608,608,2,120,40.0,True,720,99.0,True,2880,194.0,True,True
609,609,3,60,36.0,True,360,87.0,True,1440,170.0,True,True
610,610,1,240,66.0,True,1440,107.0,True,4320,236.0,True,True
611,611,2,120,52.0,True,720,127.0,True,2880,198.0,True,True
612,612,1,240,16.0,True,1440,82.0,True,4320,288.0,True,True
613,613,3,60,85.0,False,360,138.0,True,1440,203.0,True,False
614,614,1,240,43.0,True,1440,198.0,True,4320,433.0,True,True
615,615,1,240,42.0,True,1440,237.0,True,4320,431.0,True,True
616,616,1,240,22.0,True,1440,85.0,True,4320,356.0,True,True
617,617,3,60,15.0,True,360,201.0,True,1440,611.0,True,True
618,618,1,240,10.0,True,1440,195.0,True,4320,826.0,True,True
619,619,4,30,14.0,True,180,126.0,True,720,187.0,True,True
620,620,1,240,13.0,True,1440,134.0,True,4320,328.0,True,True
621,621,2,120,10.0,True,720,62.0,True,2880,411.0,True,True
622,622,2,120,24.0,True,720,134.0,True,2880,346.0,True,True
623,623,1,240,10.0,True,1440,176.0,True,4320,797.0,True,True
624,624,3,60,7.0,True,360,108.0,True,1440,321.0,True,True
625,625,1,240,29.0,True,1440,316.0,True,4320,551.0,True,True
626,626,1,240,20.0,True,1440,105.0,True,4320,233.0,True,True
627,627,2,120,56.0,True,720,132.0,True,2880,269.0,True,True
628,628,2,120,53.0,True,720,144.0,True,2880,220.0,True,True
629,629,1,240,40.0,True,1440,249.0,True,4320,560.0,True,True
630,630,1,240,55.0,True,1440,184.0,True,4320,254.0,True,True
631,631,3,60,14.0,True,360,170.0,True,1440,227.0,True,True
632,632,2,120,8.0,True,720,415.0,True,2880,516.0,True,True
633,633,3,60,8.0,True,360,121.0,True,1440,327.0,True,True
634,634,2,120,66.0,True,720,117.0,True,2880,199.0,True,True
635,635,2,120,20.0,True,720,65.0,True,2880,129.0,True,True
636,636,2,120,56.0,True,720,204.0,True,2880,289.0,True,True
637,637,1,240,4.0,True,1440,,False,4320,,False,False
638,638,3,60,14.0,True,360,90.0,True,1440,172.0,True,True
639,639,2,120,14.0,True,720,147.0,True,2880,292.0,True,True
640,640,1,240,14.0,True,1440,337.0,True,4320,452.0,True,True
641,641,1,240,12.0,True,1440,181.0,True,4320,409.0,True,True
642,642,2,120,25.0,True,720,115.0,True,2880,162.0,True,True
643,643,2,120,7.0,True,720,103.0,True,2880,221.0,True,True
644,644,2,120,54.0,True,720,152.0,True,2880,232.0,True,True
645,645,3,60,42.0,True,360,216.0,True,1440,301.0,True,True
646,646,2,120,21.0,True,720,124.0,True,2880,372.0,True,True
647,647,1,240,13.0,True,1440,132.0,True,4320,195.0,True,True
648,648,1,240,17.0,True,1440,261.0,True,4320,677.0,True,True
649,649,3,60,11.0,True,360,181.0,True,1440,256.0,True,True
650,650,1,240,7.0,True,1440,509.0,True,4320,623.0,True,True
651,651,4,30,22.0,True,180,52.0,True,720,100.0,True,True
652,652,1,240,39.0,True,1440,100.0,True,4320,215.0,True,True
653,653,1,240,58.0,True,1440,200.0,True,4320,263.0,True,True
654,654,1,240,14.0,True,1440,437.0,True,4320,,False,False
655,655,4,30,23.0,True,180,372.0,False,720,580.0,True,False
656,656,2,120,14.0,True,720,84.0,True,2880,238.0,True,True
657,657,1,240,25.0,True,1440,65.0,True,4320,225.0,True,True
658,658,3,60,36.0,True,360,152.0,True,1440,329.0,True,True
659,659,1,240,4.0,True,1440,190.0,True,4320,,False,False
660,660,2,120,7.0,True,720,102.0,True,2880,673.0,True,True
661,661,1,240,80.0,True,1440,182.0,True,4320,286.0,True,True
662,662,2,120,3.0,True,720,36.0,True,2880,997.0,True,True
663,663,1,240,7.0,True,1440,65.0,True,4320,136.0,True,True
664,664,2,120,38.0,True,720,79.0,True,2880,254.0,True,True
665,665,1,240,74.0,True,1440,345.0,True,4320,1636.0,True,True
666,666,2,120,30.0,True,720,70.0,True,2880,270.0,True,True
667,667,3,60,21.0,True,360,,False,1440,,False,False
668,668,1,240,11.0,True,1440,151.0,True,4320,249.0,True,True
669,669,3,60,8.0,True,360,103.0,True,1440,347.0,True,True
670,670,1,240,92.0,True,1440,563.0,True,4320,866.0,True,True
671,671,1,240,44.0,True,1440,118.0,True,4320,262.0,True,True
672,672,4,30,10.0,True,180,88.0,True,720,754.0,False,False
673,673,1,240,36.0,True,1440,123.0,True,4320,739.0,True,True
674,674,2,120,20.0,True,720,138.0,True,2880,227.0,True,True
675,675,1,240,12.0,True,1440,33.0,True,4320,133.0,True,True
676,676,4,30,50.0,False,180,193.0,False,720,270.0,True,False
677,677,2,120,19.0,True,720,133.0,True,2880,624.0,True,True
678,678,2,120,7.0,True,720,31.0,True,2880,122.0,True,True
679,679,1,240,24.0,True,1440,221.0,True,4320,887.0,True,True
680,680,3,60,38.0,True,360,103.0,True,1440,194.0,True,True
681,681,1,240,9.0,True,1440,61.0,True,4320,223.0,True,True
682,682,2,120,13.0,True,720,147.0,True,2880,276.0,True,True
683,683,1,240,62.0,True,1440,,False,4320,,False,False
684,684,1,240,10.0,True,1440,,False,4320,,False,False
685,685,1,240,67.0,True,1440,408.0,True,4320,823.0,True,True
686,686,2,120,12.0,True,720,99.0,True,2880,310.0,True,True
687,687,1,240,13.0,True,1440,130.0,True,4320,1146.0,True,True
688,688,1,240,46.0,True,1440,167.0,True,4320,315.0,True,True
689,689,4,30,16.0,True,180,49.0,True,720,97.0,True,True
690,690,2,120,12.0,True,720,,False,2880,,False,False
691,691,1,240,23.0,True,1440,,False,4320,,False,False
692,692,1,240,60.0,True,1440,435.0,True,4320,1441.0,True,True
693,693,1,240,64.0,True,1440,169.0,True,4320,721.0,True,True
694,694,2,120,23.0,True,720,186.0,True,2880,336.0,True,True
695,695,1,240,34.0,True,1440,366.0,True,4320,471.0,True,True
696,696,3,60,13.0,True,360,126.0,True,1440,166.0,True,True
697,697,3,60,13.0,True,360,75.0,True,1440,373.0,True,True
698,698,2,120,29.0,True,720,354.0,True,2880,691.0,True,True
699,699,3,60,13.0,True,360,137.0,True,1440,196.0,True,True
700,700,5,15,4.0,True,60,67.0,False,240,194.0,True,False
701,701,1,240,24.0,True,1440,123.0,True,4320,230.0,True,True
702,702,3,60,42.0,True,360,299.0,True,1440,546.0,True,True
703,703,3,60,18.0,True,360,180.0,True,1440,651.0,True,True
704,704,2,120,27.0,True,720,82.0,True,2880,210.0,True,True
705,705,5,15,1.0,True,60,22.0,True,240,362.0,False,False
706,706,3,60,24.0,True,360,193.0,True,1440,225.0,True,True
707,707,2,120,24.0,True,720,136.0,True,2880,267.0,True,True
708,708,4,30,1.0,True,180,45.0,True,720,136.0,True,True
709,709,1,240,29.0,True,1440,142.0,True,4320,282.0,True,True
710,710,1,240,43.0,True,1440,121.0,True,4320,227.0,True,True
711,711,2,120,37.0,True,720,291.0,True,2880,415.0,True,True
712,712,1,240,22.0,True,1440,180.0,True,4320,251.0,True,True
713,713,1,240,44.0,True,1440,226.0,True,4320,808.0,True,True
714,714,1,240,98.0,True,1440,339.0,True,4320,877.0,True,True
715,715,5,15,2.0,True,60,120.0,False,240,240.0,True,False
716,716,4,30,16.0,True,180,336.0,False,720,401.0,True,False
717,717,2,120,9.0,True,720,58.0,True,2880,141.0,True,True
718,718,4,30,15.0,True,180,130.0,True,720,178.0,True,True
719,719,3,60,29.0,True,360,80.0,True,1440,268.0,True,True
720,720,3,60,6.0,True,360,144.0,True,1440,602.0,True,True
721,721,3,60,21.0,True,360,145.0,True,1440,269.0,True,True
722,722,2,120,19.0,True,720,243.0,True,2880,406.0,True,True
723,723,1,240,22.0,True,1440,208.0,True,4320,673.0,True,True
724,724,1,240,17.0,True,1440,175.0,True,4320,389.0,True,True
725,725,2,120,19.0,True,720,86.0,True,2880,124.0,True,True
726,726,2,120,20.0,True,720,213.0,True,2880,456.0,True,True
727,727,2,120,18.0,True,720,124.0,True,2880,292.0,True,True
728,728,2,120,16.0,True,720,56.0,True,2880,226.0,True,True
729,729,1,240,40.0,True,1440,91.0,True,4320,313.0,True,True
730,730,2,120,6.0,True,720,115.0,True,2880,453.0,True,True
731,731,1,240,41.0,True,1440,94.0,True,4320,321.0,True,True
732,732,1,240,43.0,True,1440,172.0,True,4320,630.0,True,True
733,733,2,120,19.0,True,720,100.0,True,2880,172.0,True,True
734,734,1,240,11.0,True,1440,153.0,True,4320,464.0,True,True
735,735,3,60,4.0,True,360,148.0,True,1440,196.0,True,True
736,736,2,120,10.0,True,720,540.0,True,2880,566.0,True,True
737,737,1,240,36.0,True,1440,78.0,True,4320,394.0,True,True
738,738,1,240,33.0,True,1440,107.0,True,4320,492.0,True,True
739,739,1,240,11.0,True,1440,125.0,True,4320,1172.0,True,True
740,740,2,120,22.0,True,720,200.0,True,2880,661.0,True,True
741,741,1,240,34.0,True,1440,87.0,True,4320,197.0,True,True
742,742,1,240,27.0,True,1440,124.0,True,4320,481.0,True,True
743,743,5,15,30.0,False,60,80.0,False,240,123.0,True,False
744,744,4,30,25.0,True,180,65.0,True,720,198.0,True,True
745,745,2,120,11.0,True,720,89.0,True,2880,233.0,True,True
746,746,1,240,18.0,True,1440,130.0,True,4320,202.0,True,True
747,747,5,15,13.0,True,60,80.0,False,240,156.0,True,False
748,748,2,120,61.0,True,720,103.0,True,2880,191.0,True,True
749,749,3,60,13.0,True,360,200.0,True,1440,550.0,True,True
750,750,5,15,11.0,True,60,114.0,False,240,140.0,True,False
751,751,5,15,6.0,True,60,42.0,True,240,57.0,True,True
752,752,2,120,21.0,True,720,490.0,True,2880,1301.0,True,True
753,753,1,240,15.0,True,1440,294.0,True,4320,381.0,True,True
754,754,1,240,76.0,True,1440,474.0,True,4320,685.0,True,True
755,755,1,240,108.0,True,1440,187.0,True,4320,1078.0,True,True
756,756,1,240,11.0,True,1440,48.0,True,4320,159.0,True,True
757,757,1,240,62.0,True,1440,322.0,True,4320,415.0,True,True
758,758,2,120,26.0,True,720,114.0,True,2880,260.0,True,True
759,759,4,30,28.0,True,180,138.0,True,720,248.0,True,True
760,760,2,120,22.0,True,720,117.0,True,2880,328.0,True,True
761,761,3,60,13.0,True,360,199.0,True,1440,320.0,True,True
762,762,2,120,7.0,True,720,73.0,True,2880,226.0,True,True
763,763,4,30,13.0,True,180,59.0,True,720,204.0,True,True
764,764,1,240,24.0,True,1440,,False,4320,,False,False
765,765,1,240,29.0,True,1440,194.0,True,4320,335.0,True,True
766,766,1,240,22.0,True,1440,70.0,True,4320,338.0,True,True
767,767,1,240,56.0,True,1440,124.0,True,4320,740.0,True,True
768,768,3,60,3.0,True,360,217.0,True,1440,759.0,True,True
769,769,1,240,30.0,True,1440,79.0,True,4320,256.0,True,True
770,770,4,30,58.0,False,180,193.0,False,720,221.0,True,False
771,771,1,240,60.0,True,1440,277.0,True,4320,717.0,True,True
772,772,3,60,21.0,True,360,59.0,True,1440,94.0,True,True
773,773,1,240,7.0,True,1440,186.0,True,4320,646.0,True,True
774,774,1,240,28.0,True,1440,163.0,True,4320,,False,False
775,775,1,240,16.0,True,1440,404.0,True,4320,859.0,True,True
776,776,2,120,64.0,True,720,343.0,True,2880,517.0,True,True
777,777,1,240,8.0,True,1440,50.0,True,4320,379.0,True,True
778,778,2,120,94.0,True,720,196.0,True,2880,466.0,True,True
779,779,1,240,55.0,True,1440,136.0,True,4320,443.0,True,True
780,780,1,240,33.0,True,1440,245.0,True,4320,511.0,True,True
781,781,3,60,18.0,True,360,99.0,True,1440,323.0,True,True
782,782,3,60,14.0,True,360,76.0,True,1440,123.0,True,True
783,783,1,240,11.0,True,1440,63.0,True,4320,165.0,True,True
784,784,3,60,9.0,True,360,71.0,True,1440,459.0,True,True
785,785,3,60,7.0,True,360,410.0,False,1440,503.0,True,False
786,786,2,120,22.0,True,720,128.0,True,2880,231.0,True,True
787,787,2,120,15.0,True,720,322.0,True,2880,353.0,True,True
788,788,2,120,17.0,True,720,249.0,True,2880,296.0,True,True
789,789,1,240,48.0,True,1440,270.0,True,4320,459.0,True,True
790,790,1,240,28.0,True,1440,147.0,True,4320,734.0,True,True
791,791,1,240,26.0,True,1440,150.0,True,4320,1197.0,True,True
792,792,3,60,4.0,True,360,195.0,True,1440,231.0,True,True
793,793,1,240,6.0,True,1440,250.0,True,4320,414.0,True,True
794,794,1,240,13.0,True,1440,117.0,True,4320,164.0,True,True
795,795,3,60,15.0,True,360,164.0,True,1440,679.0,True,True
796,796,2,120,16.0,True,720,114.0,True,2880,232.0,True,True
797,797,1,240,40.0,True,1440,90.0,True,4320,210.0,True,True
798,798,2,120,8.0,True,720,54.0,True,2880,702.0,True,True
799,799,2,120,29.0,True,720,174.0,True,2880,262.0,True,True
800,800,3,60,21.0,True,360,1516.0,False,1440,,False,False
801,801,1,240,27.0,True,1440,180.0,True,4320,250.0,True,True
802,802,1,240,23.0,True,1440,84.0,True,4320,338.0,True,True
803,803,1,240,34.0,True,1440,431.0,True,4320,1420.0,True,True
804,804,2,120,30.0,True,720,206.0,True,2880,265.0,True,True
805,805,1,240,8.0,True,1440,54.0,True,4320,209.0,True,True
806,806,2,120,27.0,True,720,77.0,True,2880,273.0,True,True
807,807,1,240,40.0,True,1440,75.0,True,4320,271.0,True,True
808,808,1,240,30.0,True,1440,144.0,True,4320,315.0,True,True
809,809,2,120,9.0,True,720,81.0,True,2880,236.0,True,True
810,810,4,30,29.0,True,180,143.0,True,720,333.0,True,True
811,811,2,120,13.0,True,720,60.0,True,2880,260.0,True,True
812,812,2,120,30.0,True,720,96.0,True,2880,449.0,True,True
813,813,1,240,69.0,True,1440,136.0,True,4320,417.0,True,True
814,814,1,240,8.0,True,1440,95.0,True,4320,474.0,True,True
815,815,1,240,10.0,True,1440,248.0,True,4320,585.0,True,True
816,816,3,60,24.0,True,360,71.0,True,1440,107.0,True,True
817,817,1,240,35.0,True,1440,90.0,True,4320,449.0,True,True
818,818,1,240,12.0,True,1440,115.0,True,4320,152.0,True,True
819,819,3,60,20.0,True,360,97.0,True,1440,227.0,True,True
820,820,4,30,6.0,True,180,,False,720,,False,False
821,821,3,60,26.0,True,360,119.0,True,1440,276.0,True,True
822,822,2,120,90.0,True,720,184.0,True,2880,411.0,True,True
823,823,3,60,30.0,True,360,60.0,True,1440,311.0,True,True
824,824,1,240,14.0,True,1440,194.0,True,4320,775.0,True,True
825,825,1,240,14.0,True,1440,194.0,True,4320,365.0,True,True
826,826,1,240,25.0,True,1440,151.0,True,4320,239.0,True,True
827,827,2,120,27.0,True,720,141.0,True,2880,562.0,True,True
828,828,1,240,39.0,True,1440,167.0,True,4320,238.0,True,True
829,829,1,240,25.0,True,1440,413.0,True,4320,1447.0,True,True
830,830,3,60,17.0,True,360,191.0,True,1440,232.0,True,True
831,831,1,240,17.0,True,1440,200.0,True,4320,391.0,True,True
832,832,3,60,5.0,True,360,81.0,True,1440,392.0,True,True
833,833,2,120,48.0,True,720,94.0,True,2880,429.0,True,True
834,834,2,120,9.0,True,720,69.0,True,2880,178.0,True,True
835,835,3,60,4.0,True,360,134.0,True,1440,248.0,True,True
836,836,2,120,5.0,True,720,144.0,True,2880,466.0,True,True
837,837,3,60,63.0,False,360,158.0,True,1440,258.0,True,False
838,838,1,240,21.0,True,1440,148.0,True,4320,288.0,True,True
839,839,3,60,9.0,True,360,80.0,True,1440,219.0,True,True
840,840,1,240,11.0,True,1440,133.0,True,4320,236.0,True,True
841,841,2,120,12.0,True,720,96.0,True,2880,1459.0,True,True
842,842,1,240,44.0,True,1440,,False,4320,,False,False
843,843,1,240,21.0,True,1440,329.0,True,4320,803.0,True,True
844,844,2,120,6.0,True,720,109.0,True,2880,618.0,True,True
845,845,1,240,13.0,True,1440,84.0,True,4320,181.0,True,True
846,846,2,120,29.0,True,720,194.0,True,2880,285.0,True,True
847,847,1,240,17.0,True,1440,75.0,True,4320,342.0,True,True
848,848,3,60,30.0,True,360,87.0,True,1440,204.0,True,True
849,849,2,120,11.0,True,720,67.0,True,2880,178.0,True,True
850,850,3,60,11.0,True,360,114.0,True,1440,209.0,True,True
851,851,2,120,7.0,True,720,89.0,True,2880,279.0,True,True
852,852,2,120,23.0,True,720,288.0,True,2880,359.0,True,True
853,853,4,30,8.0,True,180,206.0,False,720,426.0,True,False
854,854,2,120,34.0,True,720,83.0,True,2880,154.0,True,True
855,855,2,120,10.0,True,720,128.0,True,2880,180.0,True,True
856,856,1,240,33.0,True,1440,148.0,True,4320,360.0,True,True
857,857,2,120,21.0,True,720,790.0,False,2880,885.0,True,False
858,858,3,60,77.0,False,360,199.0,True,1440,258.0,True,False
859,859,2,120,7.0,True,720,130.0,True,2880,173.0,True,True
860,860,1,240,10.0,True,1440,81.0,True,4320,136.0,True,True
861,861,1,240,35.0,True,1440,127.0,True,4320,539.0,True,True
862,862,3,60,9.0,True,360,,False,1440,,False,False
863,863,1,240,20.0,True,1440,113.0,True,4320,332.0,True,True
864,864,1,240,13.0,True,1440,636.0,True,4320,,False,False
865,865,2,120,15.0,True,720,52.0,True,2880,211.0,True,True
866,866,1,240,29.0,True,1440,117.0,True,4320,333.0,True,True
867,867,2,120,17.0,True,720,173.0,True,2880,285.0,True,True
868,868,2,120,9.0,True,720,195.0,True,2880,396.0,True,True
869,869,1,240,26.0,True,1440,115.0,True,4320,625.0,True,True
870,870,1,240,127.0,True,1440,372.0,True,4320,958.0,True,True
871,871,1,240,9.0,True,1440,68.0,True,4320,142.0,True,True
872,872,2,120,77.0,True,720,163.0,True,2880,577.0,True,True
873,873,3,60,26.0,True,360,86.0,True,1440,151.0,True,True
874,874,2,120,8.0,True,720,43.0,True,2880,174.0,True,True
875,875,1,240,20.0,True,1440,137.0,True,4320,222.0,True,True
876,876,3,60,12.0,True,360,173.0,True,1440,330.0,True,True
877,877,2,120,35.0,True,720,118.0,True,2880,284.0,True,True
878,878,2,120,12.0,True,720,201.0,True,2880,640.0,True,True
879,879,2,120,62.0,True,720,239.0,True,2880,1000.0,True,True
880,880,3,60,32.0,True,360,135.0,True,1440,219.0,True,True
881,881,2,120,18.0,True,720,124.0,True,2880,1132.0,True,True
882,882,3,60,125.0,False,360,236.0,True,1440,317.0,True,False
883,883,2,120,15.0,True,720,219.0,True,2880,352.0,True,True
884,884,2,120,22.0,True,720,104.0,True,2880,256.0,True,True
885,885,1,240,46.0,True,1440,303.0,True,4320,393.0,True,True
886,886,4,30,3.0,True,180,80.0,True,720,111.0,True,True
887,887,1,240,12.0,True,1440,58.0,True,4320,948.0,True,True
888,888,5,15,2.0,True,60,122.0,False,240,362.0,False,False
889,889,4,30,22.0,True,180,107.0,True,720,465.0,True,True
890,890,2,120,21.0,True,720,143.0,True,2880,212.0,True,True
891,891,2,120,4.0,True,720,152.0,True,2880,329.0,True,True
892,892,1,240,8.0,True,1440,358.0,True,4320,518.0,True,True
893,893,3,60,23.0,True,360,324.0,True,1440,747.0,True,True
894,894,1,240,11.0,True,1440,108.0,True,4320,442.0,True,True
895,895,2,120,9.0,True,720,,False,2880,,False,False
896,896,1,240,18.0,True,1440,487.0,True,4320,559.0,True,True
897,897,3,60,51.0,True,360,149.0,True,1440,521.0,True,True
898,898,2,120,2.0,True,720,60.0,True,2880,1016.0,True,True
899,899,3,60,10.0,True,360,85.0,True,1440,165.0,True,True
900,900,3,60,23.0,True,360,179.0,True,1440,636.0,True,True
901,901,4,30,25.0,True,180,125.0,True,720,212.0,True,True
902,902,2,120,13.0,True,720,,False,2880,,False,False
903,903,2,120,12.0,True,720,106.0,True,2880,313.0,True,True
904,904,4,30,54.0,False,180,94.0,True,720,544.0,True,False
905,905,2,120,11.0,True,720,137.0,True,2880,478.0,True,True
906,906,3,60,28.0,True,360,,False,1440,,False,False
907,907,1,240,17.0,True,1440,92.0,True,4320,603.0,True,True
908,908,2,120,24.0,True,720,170.0,True,2880,193.0,True,True
909,909,3,60,9.0,True,360,74.0,True,1440,115.0,True,True
910,910,1,240,45.0,True,1440,86.0,True,4320,198.0,True,True
911,911,2,120,14.0,True,720,87.0,True,2880,763.0,True,True
912,912,5,15,3.0,True,60,88.0,False,240,178.0,True,False
913,913,2,120,56.0,True,720,279.0,True,2880,690.0,True,True
914,914,1,240,22.0,True,1440,126.0,True,4320,793.0,True,True
915,915,1,240,49.0,True,1440,88.0,True,4320,143.0,True,True
916,916,1,240,13.0,True,1440,212.0,True,4320,437.0,True,True
917,917,4,30,25.0,True,180,97.0,True,720,225.0,True,True
918,918,1,240,,False,1440,,False,4320,,False,False
919,919,1,240,13.0,True,1440,234.0,True,4320,589.0,True,True
920,920,2,120,22.0,True,720,369.0,True,2880,554.0,True,True
921,921,2,120,12.0,True,720,134.0,True,2880,1241.0,True,True
922,922,3,60,37.0,True,360,125.0,True,1440,209.0,True,True
923,923,1,240,8.0,True,1440,97.0,True,4320,173.0,True,True
924,924,2,120,52.0,True,720,207.0,True,2880,298.0,True,True
925,925,3,60,15.0,True,360,66.0,True,1440,85.0,True,True
926,926,2,120,17.0,True,720,82.0,True,2880,204.0,True,True
927,927,1,240,35.0,True,1440,75.0,True,4320,140.0,True,True
928,928,5,15,6.0,True,60,90.0,False,240,122.0,True,False
929,929,3,60,25.0,True,360,219.0,True,1440,358.0,True,True
930,930,2,120,8.0,True,720,46.0,True,2880,992.0,True,True
931,931,1,240,19.0,True,1440,293.0,True,4320,915.0,True,True
932,932,2,120,11.0,True,720,94.0,True,2880,437.0,True,True
933,933,1,240,25.0,True,1440,142.0,True,4320,693.0,True,True
934,934,1,240,32.0,True,1440,143.0,True,4320,211.0,True,True
935,935,3,60,28.0,True,360,149.0,True,1440,,False,False
936,936,1,240,36.0,True,1440,227.0,True,4320,633.0,True,True
937,937,1,240,14.0,True,1440,285.0,True,4320,1119.0,True,True
938,938,1,240,66.0,True,1440,179.0,True,4320,324.0,True,True
939,939,1,240,45.0,True,1440,112.0,True,4320,414.0,True,True
940,940,2,120,7.0,True,720,83.0,True,2880,106.0,True,True
941,941,3,60,20.0,True,360,198.0,True,1440,287.0,True,True
942,942,1,240,24.0,True,1440,188.0,True,4320,580.0,True,True
943,943,5,15,9.0,True,60,101.0,False,240,122.0,True,False
944,944,2,120,5.0,True,720,78.0,True,2880,543.0,True,True
945,945,2,120,27.0,True,720,136.0,True,2880,329.0,True,True
946,946,2,120,62.0,True,720,171.0,True,2880,570.0,True,True
947,947,1,240,16.0,True,1440,106.0,True,4320,332.0,True,True
948,948,3,60,67.0,False,360,160.0,True,1440,373.0,True,False
949,949,2,120,20.0,True,720,85.0,True,2880,254.0,True,True
950,950,2,120,30.0,True,720,539.0,True,2880,679.0,True,True
951,951,2,120,21.0,True,720,,False,2880,,False,False
952,952,1,240,56.0,True,1440,257.0,True,4320,846.0,True,True
953,953,3,60,19.0,True,360,260.0,True,1440,658.0,True,True
954,954,3,60,20.0,True,360,220.0,True,1440,275.0,True,True
955,955,4,30,3.0,True,180,125.0,True,720,208.0,True,True
956,956,2,120,19.0,True,720,105.0,True,2880,298.0,True,True
957,957,1,240,15.0,True,1440,71.0,True,4320,330.0,True,True
958,958,1,240,5.0,True,1440,34.0,True,4320,1199.0,True,True
959,959,1,240,11.0,True,1440,204.0,True,4320,698.0,True,True
960,960,1,240,12.0,True,1440,417.0,True,4320,926.0,True,True
961,961,1,240,60.0,True,1440,114.0,True,4320,661.0,True,True
962,962,1,240,13.0,True,1440,276.0,True,4320,344.0,True,True
963,963,1,240,36.0,True,1440,272.0,True,4320,743.0,True,True
964,964,1,240,15.0,True,1440,231.0,True,4320,1389.0,True,True
965,965,3,60,,False,360,,False,1440,,False,False
966,966,2,120,24.0,True,720,77.0,True,2880,210.0,True,True
967,967,1,240,20.0,True,1440,278.0,True,4320,608.0,True,True
968,968,1,240,6.0,True,1440,170.0,True,4320,300.0,True,True
969,969,2,120,,False,720,,False,2880,,False,False
970,970,1,240,40.0,True,1440,338.0,True,4320,941.0,True,True
971,971,3,60,18.0,True,360,332.0,True,1440,624.0,True,True
972,972,4,30,18.0,True,180,52.0,True,720,126.0,True,True
973,973,1,240,28.0,True,1440,235.0,True,4320,327.0,True,True
974,974,2,120,35.0,True,720,210.0,True,2880,357.0,True,True
975,975,1,240,,False,1440,,False,4320,,False,False
976,976,1,240,17.0,True,1440,158.0,True,4320,397.0,True,True
977,977,1,240,29.0,True,1440,428.0,True,4320,568.0,True,True
978,978,1,240,59.0,True,1440,333.0,True,4320,1135.0,True,True
979,979,3,60,57.0,True,360,141.0,True,1440,445.0,True,True
980,980,4,30,6.0,True,180,52.0,True,720,222.0,True,True
981,981,3,60,4.0,True,360,103.0,True,1440,220.0,True,True
982,982,1,240,5.0,True,1440,79.0,True,4320,107.0,True,True
983,983,3,60,3.0,True,360,34.0,True,1440,104.0,True,True
984,984,1,240,7.0,True,1440,454.0,True,4320,,False,False
985,985,1,240,36.0,True,1440,344.0,True,4320,848.0,True,True
986,986,1,240,5.0,True,1440,535.0,True,4320,810.0,True,True
987,987,1,240,18.0,True,1440,268.0,True,4320,476.0,True,True
988,988,1,240,7.0,True,1440,211.0,True,4320,273.0,True,True
989,989,3,60,12.0,True,360,142.0,True,1440,207.0,True,True
990,990,1,240,22.0,True,1440,154.0,True,4320,586.0,True,True
991,991,1,240,31.0,True,1440,56.0,True,4320,308.0,True,True
992,992,1,240,87.0,True,1440,,False,4320,,False,False
993,993,1,240,20.0,True,1440,59.0,True,4320,99.0,True,True
994,994,2,120,4.0,True,720,131.0,True,2880,192.0,True,True
995,995,1,240,35.0,True,1440,204.0,True,4320,448.0,True,True
996,996,2,120,62.0,True,720,109.0,True,2880,,False,False
997,997,1,240,73.0,True,1440,457.0,True,4320,721.0,True,True
998,998,1,240,38.0,True,1440,120.0,True,4320,,False,False
999,999,1,240,11.0,True,1440,222.0,True,4320,380.0,True,True
1000,1000,1,240,80.0,True,1440,223.0,True,4320,353.0,True,True
1001,1001,2,120,23.0,True,720,136.0,True,2880,240.0,True,True
1002,1002,2,120,20.0,True,720,212.0,True,2880,419.0,True,True
1003,1003,5,15,23.0,False,60,49.0,True,240,104.0,True,False
1004,1004,2,120,14.0,True,720,200.0,True,2880,262.0,True,True
1005,1005,3,60,23.0,True,360,184.0,True,1440,782.0,True,True
1006,1006,1,240,13.0,True,1440,198.0,True,4320,259.0,True,True
1007,1007,1,240,14.0,True,1440,195.0,True,4320,1385.0,True,True
1008,1008,1,240,13.0,True,1440,232.0,True,4320,1213.0,True,True
1009,1009,2,120,24.0,True,720,135.0,True,2880,230.0,True,True
1010,1010,1,240,35.0,True,1440,88.0,True,4320,1747.0,True,True
1011,1011,1,240,32.0,True,1440,164.0,True,4320,,False,False
1012,1012,4,30,22.0,True,180,96.0,True,720,198.0,True,True
1013,1013,2,120,37.0,True,720,67.0,True,2880,229.0,True,True
1014,1014,3,60,61.0,False,360,176.0,True,1440,207.0,True,False
1015,1015,1,240,5.0,True,1440,184.0,True,4320,491.0,True,True
1016,1016,3,60,2.0,True,360,386.0,False,1440,407.0,True,False
1017,1017,2,120,10.0,True,720,179.0,True,2880,279.0,True,True
1018,1018,2,120,27.0,True,720,301.0,True,2880,453.0,True,True
1019,1019,4,30,11.0,True,180,96.0,True,720,318.0,True,True
1020,1020,3,60,12.0,True,360,145.0,True,1440,319.0,True,True
1021,1021,4,30,6.0,True,180,120.0,True,720,138.0,True,True
1022,1022,1,240,105.0,True,1440,,False,4320,,False,False
1023,1023,1,240,22.0,True,1440,105.0,True,4320,303.0,True,True
1024,1024,3,60,27.0,True,360,122.0,True,1440,538.0,True,True
1025,1025,1,240,74.0,True,1440,185.0,True,4320,392.0,True,True
1026,1026,1,240,28.0,True,1440,352.0,True,4320,440.0,True,True
1027,1027,4,30,40.0,False,180,70.0,True,720,103.0,True,False
1028,1028,1,240,15.0,True,1440,254.0,True,4320,561.0,True,True
1029,1029,1,240,117.0,True,1440,206.0,True,4320,942.0,True,True
1030,1030,3,60,25.0,True,360,117.0,True,1440,399.0,True,True
1031,1031,3,60,57.0,True,360,153.0,True,1440,251.0,True,True
1032,1032,3,60,28.0,True,360,77.0,True,1440,144.0,True,True
1033,1033,2,120,34.0,True,720,121.0,True,2880,1034.0,True,True
1034,1034,1,240,15.0,True,1440,531.0,True,4320,609.0,True,True
1035,1035,1,240,13.0,True,1440,127.0,True,4320,162.0,True,True
1036,1036,1,240,30.0,True,1440,99.0,True,4320,271.0,True,True
1037,1037,1,240,82.0,True,1440,206.0,True,4320,309.0,True,True
1038,1038,2,120,23.0,True,720,309.0,True,2880,588.0,True,True
1039,1039,3,60,20.0,True,360,49.0,True,1440,228.0,True,True
1040,1040,2,120,19.0,True,720,154.0,True,2880,241.0,True,True
1041,1041,2,120,27.0,True,720,96.0,True,2880,195.0,True,True
1042,1042,2,120,73.0,True,720,276.0,True,2880,469.0,True,True
1043,1043,2,120,13.0,True,720,310.0,True,2880,797.0,True,True
1044,1044,3,60,51.0,True,360,133.0,True,1440,324.0,True,True
1045,1045,1,240,23.0,True,1440,374.0,True,4320,490.0,True,True
1046,1046,1,240,24.0,True,1440,302.0,True,4320,418.0,True,True
1047,1047,2,120,14.0,True,720,72.0,True,2880,,False,False
1048,1048,1,240,30.0,True,1440,349.0,True,4320,485.0,True,True
1049,1049,1,240,31.0,True,1440,719.0,True,4320,1105.0,True,True
1050,1050,4,30,4.0,True,180,165.0,True,720,277.0,True,True
1051,1051,1,240,45.0,True,1440,244.0,True,4320,1796.0,True,True
1052,1052,2,120,19.0,True,720,52.0,True,2880,553.0,True,True
1053,1053,1,240,45.0,True,1440,450.0,True,4320,1260.0,True,True
1054,1054,4,30,19.0,True,180,386.0,False,720,,False,False
1055,1055,2,120,,False,720,,False,2880,,False,False
1056,1056,2,120,16.0,True,720,117.0,True,2880,163.0,True,True
1057,1057,2,120,15.0,True,720,107.0,True,2880,416.0,True,True
1058,1058,2,120,119.0,True,720,,False,2880,,False,False
1059,1059,1,240,47.0,True,1440,153.0,True,4320,296.0,True,True
1060,1060,2,120,43.0,True,720,125.0,True,2880,635.0,True,True
1061,1061,2,120,28.0,True,720,73.0,True,2880,626.0,True,True
1062,1062,3,60,8.0,True,360,124.0,True,1440,416.0,True,True
1063,1063,3,60,21.0,True,360,66.0,True,1440,202.0,True,True
1064,1064,2,120,32.0,True,720,82.0,True,2880,178.0,True,True
1065,1065,1,240,52.0,True,1440,205.0,True,4320,309.0,True,True
1066,1066,1,240,133.0,True,1440,236.0,True,4320,343.0,True,True
1067,1067,1,240,11.0,True,1440,86.0,True,4320,224.0,True,True
1068,1068,4,30,11.0,True,180,50.0,True,720,154.0,True,True
1069,1069,1,240,93.0,True,1440,437.0,True,4320,523.0,True,True
1070,1070,1,240,31.0,True,1440,346.0,True,4320,497.0,True,True
1071,1071,2,120,42.0,True,720,122.0,True,2880,346.0,True,True
1072,1072,2,120,13.0,True,720,88.0,True,2880,299.0,True,True
1073,1073,4,30,12.0,True,180,76.0,True,720,384.0,True,True
1074,1074,2,120,33.0,True,720,63.0,True,2880,196.0,True,True
1075,1075,3,60,21.0,True,360,165.0,True,1440,306.0,True,True
1076,1076,4,30,14.0,True,180,353.0,False,720,439.0,True,False
1077,1077,3,60,12.0,True,360,138.0,True,1440,371.0,True,True
1078,1078,2,120,19.0,True,720,81.0,True,2880,216.0,True,True
1079,1079,4,30,13.0,True,180,53.0,True,720,121.0,True,True
1080,1080,1,240,41.0,True,1440,177.0,True,4320,444.0,True,True
1081,1081,1,240,14.0,True,1440,39.0,True,4320,2175.0,True,True
1082,1082,2,120,24.0,True,720,92.0,True,2880,563.0,True,True
1083,1083,1,240,15.0,True,1440,129.0,True,4320,307.0,True,True
1084,1084,1,240,19.0,True,1440,56.0,True,4320,290.0,True,True
1085,1085,2,120,15.0,True,720,100.0,True,2880,149.0,True,True
1086,1086,1,240,43.0,True,1440,249.0,True,4320,408.0,True,True
1087,1087,3,60,4.0,True,360,513.0,False,1440,590.0,True,False
1088,1088,1,240,83.0,True,1440,141.0,True,4320,943.0,True,True
1089,1089,1,240,24.0,True,1440,76.0,True,4320,650.0,True,True
1090,1090,3,60,10.0,True,360,,False,1440,,False,False
1091,1091,3,60,18.0,True,360,104.0,True,1440,140.0,True,True
1092,1092,1,240,103.0,True,1440,170.0,True,4320,738.0,True,True
1093,1093,1,240,59.0,True,1440,279.0,True,4320,637.0,True,True
1094,1094,1,240,23.0,True,1440,156.0,True,4320,491.0,True,True
1095,1095,2,120,28.0,True,720,,False,2880,,False,False
1096,1096,3,60,7.0,True,360,65.0,True,1440,202.0,True,True
1097,1097,1,240,33.0,True,1440,337.0,True,4320,757.0,True,True
1098,1098,4,30,33.0,False,180,107.0,True,720,214.0,True,False
1099,1099,3,60,17.0,True,360,112.0,True,1440,309.0,True,True
1100,1100,1,240,36.0,True,1440,128.0,True,4320,474.0,True,True
1101,1101,2,120,17.0,True,720,86.0,True,2880,116.0,True,True
1102,1102,1,240,52.0,True,1440,210.0,True,4320,1213.0,True,True
1103,1103,4,30,13.0,True,180,59.0,True,720,108.0,True,True
1104,1104,1,240,12.0,True,1440,136.0,True,4320,1047.0,True,True
1105,1105,3,60,41.0,True,360,307.0,True,1440,330.0,True,True
1106,1106,1,240,74.0,True,1440,133.0,True,4320,522.0,True,True
1107,1107,4,30,17.0,True,180,144.0,True,720,337.0,True,True
1108,1108,2,120,5.0,True,720,254.0,True,2880,431.0,True,True
1109,1109,1,240,39.0,True,1440,267.0,True,4320,1028.0,True,True
1110,1110,2,120,38.0,True,720,70.0,True,2880,166.0,True,True
1111,1111,1,240,43.0,True,1440,207.0,True,4320,327.0,True,True
1112,1112,3,60,19.0,True,360,127.0,True,1440,175.0,True,True
1113,1113,2,120,35.0,True,720,133.0,True,2880,214.0,True,True
1114,1114,3,60,19.0,True,360,195.0,True,1440,282.0,True,True
1115,1115,1,240,24.0,True,1440,52.0,True,4320,293.0,True,True
1116,1116,2,120,14.0,True,720,225.0,True,2880,390.0,True,True
1117,1117,4,30,10.0,True,180,110.0,True,720,419.0,True,True
1118,1118,3,60,48.0,True,360,64.0,True,1440,157.0,True,True
1119,1119,3,60,13.0,True,360,,False,1440,,False,False
1120,1120,2,120,15.0,True,720,221.0,True,2880,311.0,True,True
1121,1121,4,30,49.0,False,180,115.0,True,720,195.0,True,False
1122,1122,1,240,8.0,True,1440,106.0,True,4320,211.0,True,True
1123,1123,1,240,18.0,True,1440,202.0,True,4320,1555.0,True,True
1124,1124,2,120,53.0,True,720,124.0,True,2880,177.0,True,True
1125,1125,2,120,31.0,True,720,98.0,True,2880,163.0,True,True
1126,1126,3,60,6.0,True,360,59.0,True,1440,415.0,True,True
1127,1127,3,60,15.0,True,360,139.0,True,1440,256.0,True,True
1128,1128,1,240,3.0,True,1440,96.0,True,4320,451.0,True,True
1129,1129,3,60,66.0,False,360,127.0,True,1440,194.0,True,False
1130,1130,1,240,8.0,True,1440,,False,4320,,False,False
1131,1131,4,30,11.0,True,180,67.0,True,720,161.0,True,True
1132,1132,3,60,31.0,True,360,145.0,True,1440,402.0,True,True
1133,1133,1,240,22.0,True,1440,145.0,True,4320,200.0,True,True
1134,1134,4,30,14.0,True,180,116.0,True,720,248.0,True,True
1135,1135,4,30,10.0,True,180,69.0,True,720,364.0,True,True
1136,1136,1,240,12.0,True,1440,112.0,True,4320,319.0,True,True
1137,1137,1,240,25.0,True,1440,94.0,True,4320,471.0,True,True
1138,1138,4,30,9.0,True,180,88.0,True,720,172.0,True,True
1139,1139,3,60,8.0,True,360,62.0,True,1440,283.0,True,True
1140,1140,1,240,35.0,True,1440,145.0,True,4320,349.0,True,True
1141,1141,1,240,9.0,True,1440,64.0,True,4320,651.0,True,True
1142,1142,3,60,21.0,True,360,110.0,True,1440,212.0,True,True
1143,1143,1,240,23.0,True,1440,60.0,True,4320,127.0,True,True
1144,1144,2,120,15.0,True,720,107.0,True,2880,372.0,True,True
1145,1145,3,60,29.0,True,360,131.0,True,1440,276.0,True,True
1146,1146,2,120,2.0,True,720,47.0,True,2880,262.0,True,True
1147,1147,1,240,26.0,True,1440,90.0,True,4320,425.0,True,True
1148,1148,3,60,11.0,True,360,204.0,True,1440,235.0,True,True
1149,1149,2,120,31.0,True,720,75.0,True,2880,422.0,True,True
1150,1150,3,60,26.0,True,360,189.0,True,1440,220.0,True,True
1151,1151,3,60,8.0,True,360,192.0,True,1440,206.0,True,True
1152,1152,3,60,8.0,True,360,187.0,True,1440,233.0,True,True
1153,1153,1,240,17.0,True,1440,218.0,True,4320,382.0,True,True
1154,1154,3,60,43.0,True,360,106.0,True,1440,526.0,True,True
1155,1155,4,30,26.0,True,180,180.0,True,720,492.0,True,True
1156,1156,2,120,27.0,True,720,274.0,True,2880,319.0,True,True
1157,1157,3,60,9.0,True,360,93.0,True,1440,283.0,True,True
1158,1158,2,120,31.0,True,720,135.0,True,2880,204.0,True,True
1159,1159,3,60,5.0,True,360,211.0,True,1440,317.0,True,True
1160,1160,2,120,9.0,True,720,117.0,True,2880,248.0,True,True
1161,1161,2,120,5.0,True,720,145.0,True,2880,440.0,True,True
1162,1162,3,60,37.0,True,360,77.0,True,1440,116.0,True,True
1163,1163,3,60,22.0,True,360,165.0,True,1440,428.0,True,True
1164,1164,1,240,13.0,True,1440,173.0,True,4320,392.0,True,True
1165,1165,1,240,23.0,True,1440,,False,4320,,False,False
1166,1166,5,15,6.0,True,60,167.0,False,240,1192.0,False,False
1167,1167,1,240,4.0,True,1440,,False,4320,,False,False
1168,1168,1,240,42.0,True,1440,158.0,True,4320,285.0,True,True
1169,1169,1,240,15.0,True,1440,169.0,True,4320,2910.0,True,True
1170,1170,2,120,11.0,True,720,564.0,True,2880,799.0,True,True
1171,1171,3,60,35.0,True,360,245.0,True,1440,699.0,True,True
1172,1172,1,240,12.0,True,1440,69.0,True,4320,305.0,True,True
1173,1173,3,60,37.0,True,360,88.0,True,1440,313.0,True,True
1174,1174,3,60,15.0,True,360,80.0,True,1440,285.0,True,True
1175,1175,3,60,42.0,True,360,216.0,True,1440,407.0,True,True
1176,1176,1,240,15.0,True,1440,126.0,True,4320,324.0,True,True
1177,1177,3,60,18.0,True,360,221.0,True,1440,462.0,True,True
1178,1178,1,240,33.0,True,1440,193.0,True,4320,348.0,True,True
1179,1179,2,120,16.0,True,720,146.0,True,2880,197.0,True,True
1180,1180,1,240,17.0,True,1440,41.0,True,4320,334.0,True,True
1181,1181,3,60,14.0,True,360,165.0,True,1440,251.0,True,True
1182,1182,2,120,114.0,True,720,213.0,True,2880,385.0,True,True
1183,1183,1,240,37.0,True,1440,344.0,True,4320,836.0,True,True
1184,1184,1,240,42.0,True,1440,206.0,True,4320,273.0,True,True
1185,1185,1,240,23.0,True,1440,82.0,True,4320,269.0,True,True
1186,1186,2,120,8.0,True,720,180.0,True,2880,359.0,True,True
1187,1187,1,240,32.0,True,1440,132.0,True,4320,877.0,True,True
1188,1188,1,240,38.0,True,1440,76.0,True,4320,287.0,True,True
1189,1189,3,60,24.0,True,360,347.0,True,1440,482.0,True,True
1190,1190,4,30,16.0,True,180,96.0,True,720,160.0,True,True
1191,1191,2,120,14.0,True,720,81.0,True,2880,261.0,True,True
1192,1192,3,60,,False,360,,False,1440,,False,False
1193,1193,3,60,11.0,True,360,87.0,True,1440,140.0,True,True
1194,1194,1,240,35.0,True,1440,189.0,True,4320,362.0,True,True
1195,1195,2,120,9.0,True,720,168.0,True,2880,349.0,True,True
1196,1196,3,60,8.0,True,360,62.0,True,1440,87.0,True,True
1197,1197,2,120,16.0,True,720,72.0,True,2880,140.0,True,True
1198,1198,2,120,13.0,True,720,69.0,True,2880,338.0,True,True
1199,1199,2,120,17.0,True,720,98.0,True,2880,188.0,True,True
1200,1200,3,60,31.0,True,360,67.0,True,1440,907.0,True,True
1201,1201,1,240,26.0,True,1440,86.0,True,4320,627.0,True,True
1202,1202,3,60,11.0,True,360,124.0,True,1440,237.0,True,True
1203,1203,1,240,22.0,True,1440,100.0,True,4320,389.0,True,True
1204,1204,1,240,80.0,True,1440,220.0,True,4320,611.0,True,True
1205,1205,3,60,60.0,True,360,193.0,True,1440,633.0,True,True
1206,1206,3,60,24.0,True,360,89.0,True,1440,443.0,True,True
1207,1207,4,30,10.0,True,180,77.0,True,720,208.0,True,True
1208,1208,3,60,32.0,True,360,240.0,True,1440,451.0,True,True
1209,1209,3,60,82.0,False,360,166.0,True,1440,238.0,True,False
1210,1210,1,240,33.0,True,1440,116.0,True,4320,546.0,True,True
1211,1211,3,60,19.0,True,360,95.0,True,1440,141.0,True,True
1212,1212,2,120,,False,720,,False,2880,,False,False
1213,1213,4,30,4.0,True,180,44.0,True,720,146.0,True,True
1214,1214,1,240,74.0,True,1440,221.0,True,4320,654.0,True,True
1215,1215,1,240,31.0,True,1440,241.0,True,4320,395.0,True,True
1216,1216,1,240,15.0,True,1440,81.0,True,4320,171.0,True,True
1217,1217,2,120,23.0,True,720,86.0,True,2880,172.0,True,True
1218,1218,3,60,22.0,True,360,84.0,True,1440,215.0,True,True
1219,1219,1,240,56.0,True,1440,118.0,True,4320,203.0,True,True
1220,1220,1,240,11.0,True,1440,72.0,True,4320,577.0,True,True
1221,1221,1,240,22.0,True,1440,194.0,True,4320,439.0,True,True
1222,1222,2,120,44.0,True,720,268.0,True,2880,459.0,True,True
1223,1223,1,240,35.0,True,1440,277.0,True,4320,387.0,True,True
1224,1224,4,30,9.0,True,180,105.0,True,720,189.0,True,True
1225,1225,3,60,14.0,True,360,106.0,True,1440,426.0,True,True
1226,1226,3,60,69.0,False,360,287.0,True,1440,424.0,True,False
1227,1227,3,60,6.0,True,360,167.0,True,1440,507.0,True,True
1228,1228,1,240,57.0,True,1440,182.0,True,4320,363.0,True,True
1229,1229,3,60,9.0,True,360,86.0,True,1440,105.0,True,True
1230,1230,1,240,33.0,True,1440,145.0,True,4320,210.0,True,True
1231,1231,2,120,22.0,True,720,103.0,True,2880,137.0,True,True
1232,1232,1,240,4.0,True,1440,117.0,True,4320,302.0,True,True
1233,1233,3,60,20.0,True,360,68.0,True,1440,192.0,True,True
1234,1234,4,30,21.0,True,180,121.0,True,720,182.0,True,True
1235,1235,1,240,8.0,True,1440,141.0,True,4320,532.0,True,True
1236,1236,1,240,38.0,True,1440,,False,4320,,False,False
1237,1237,2,120,30.0,True,720,,False,2880,,False,False
1238,1238,3,60,4.0,True,360,181.0,True,1440,244.0,True,True
1239,1239,1,240,10.0,True,1440,161.0,True,4320,610.0,True,True
1240,1240,1,240,20.0,True,1440,98.0,True,4320,787.0,True,True
1241,1241,2,120,14.0,True,720,135.0,True,2880,392.0,True,True
1242,1242,1,240,13.0,True,1440,,False,4320,,False,False
1243,1243,2,120,53.0,True,720,137.0,True,2880,203.0,True,True
1244,1244,2,120,11.0,True,720,62.0,True,2880,333.0,True,True
1245,1245,1,240,74.0,True,1440,150.0,True,4320,478.0,True,True
1246,1246,4,30,12.0,True,180,43.0,True,720,231.0,True,True
1247,1247,1,240,64.0,True,1440,,False,4320,,False,False
1248,1248,2,120,11.0,True,720,70.0,True,2880,189.0,True,True
1249,1249,1,240,20.0,True,1440,597.0,True,4320,3349.0,True,True
1250,1250,1,240,10.0,True,1440,229.0,True,4320,375.0,True,True
1251,1251,2,120,26.0,True,720,88.0,True,2880,468.0,True,True
1252,1252,1,240,3.0,True,1440,40.0,True,4320,385.0,True,True
1253,1253,3,60,14.0,True,360,86.0,True,1440,143.0,True,True
1254,1254,2,120,22.0,True,720,134.0,True,2880,387.0,True,True
1255,1255,1,240,11.0,True,1440,85.0,True,4320,342.0,True,True
1256,1256,1,240,59.0,True,1440,109.0,True,4320,218.0,True,True
1257,1257,2,120,21.0,True,720,350.0,True,2880,437.0,True,True
1258,1258,2,120,21.0,True,720,143.0,True,2880,1520.0,True,True
1259,1259,2,120,28.0,True,720,162.0,True,2880,314.0,True,True
1260,1260,2,120,9.0,True,720,76.0,True,2880,107.0,True,True
1261,1261,5,15,37.0,False,60,96.0,False,240,431.0,False,False
1262,1262,1,240,7.0,True,1440,84.0,True,4320,185.0,True,True
1263,1263,2,120,41.0,True,720,172.0,True,2880,591.0,True,True
1264,1264,2,120,27.0,True,720,91.0,True,2880,198.0,True,True
1265,1265,1,240,87.0,True,1440,267.0,True,4320,576.0,True,True
1266,1266,2,120,30.0,True,720,73.0,True,2880,249.0,True,True
1267,1267,2,120,,False,720,,False,2880,,False,False
1268,1268,3,60,40.0,True,360,81.0,True,1440,257.0,True,True
1269,1269,5,15,4.0,True,60,62.0,False,240,218.0,True,False
1270,1270,3,60,18.0,True,360,185.0,True,1440,316.0,True,True
1271,1271,2,120,30.0,True,720,300.0,True,2880,486.0,True,True
1272,1272,3,60,25.0,True,360,84.0,True,1440,182.0,True,True
1273,1273,1,240,22.0,True,1440,96.0,True,4320,500.0,True,True
1274,1274,2,120,14.0,True,720,152.0,True,2880,257.0,True,True
1275,1275,2,120,21.0,True,720,,False,2880,,False,False
1276,1276,4,30,,False,180,,False,720,,False,False
1277,1277,1,240,14.0,True,1440,109.0,True,4320,235.0,True,True
1278,1278,1,240,19.0,True,1440,97.0,True,4320,383.0,True,True
1279,1279,3,60,19.0,True,360,,False,1440,,False,False
1280,1280,3,60,13.0,True,360,63.0,True,1440,241.0,True,True
1281,1281,1,240,55.0,True,1440,160.0,True,4320,,False,False
1282,1282,4,30,22.0,True,180,52.0,True,720,99.0,True,True
1283,1283,3,60,26.0,True,360,217.0,True,1440,269.0,True,True
1284,1284,3,60,57.0,True,360,123.0,True,1440,256.0,True,True
1285,1285,1,240,58.0,True,1440,210.0,True,4320,284.0,True,True
1286,1286,2,120,29.0,True,720,180.0,True,2880,,False,False
1287,1287,4,30,25.0,True,180,61.0,True,720,278.0,True,True
1288,1288,3,60,45.0,True,360,111.0,True,1440,448.0,True,True
1289,1289,2,120,18.0,True,720,75.0,True,2880,197.0,True,True
1290,1290,1,240,10.0,True,1440,84.0,True,4320,315.0,True,True
1291,1291,1,240,16.0,True,1440,55.0,True,4320,314.0,True,True
1292,1292,3,60,51.0,True,360,129.0,True,1440,934.0,True,True
1293,1293,1,240,34.0,True,1440,98.0,True,4320,372.0,True,True
1294,1294,4,30,6.0,True,180,106.0,True,720,304.0,True,True
1295,1295,2,120,4.0,True,720,68.0,True,2880,401.0,True,True
1296,1296,2,120,16.0,True,720,368.0,True,2880,828.0,True,True
1297,1297,3,60,23.0,True,360,111.0,True,1440,462.0,True,True
1298,1298,2,120,50.0,True,720,97.0,True,2880,1101.0,True,True
1299,1299,1,240,25.0,True,1440,98.0,True,4320,212.0,True,True
1300,1300,1,240,67.0,True,1440,195.0,True,4320,574.0,True,True
1301,1301,5,15,35.0,False,60,93.0,False,240,154.0,True,False
1302,1302,3,60,16.0,True,360,78.0,True,1440,120.0,True,True
1303,1303,3,60,,False,360,,False,1440,,False,False
1304,1304,1,240,63.0,True,1440,561.0,True,4320,669.0,True,True
1305,1305,1,240,28.0,True,1440,259.0,True,4320,1008.0,True,True
1306,1306,3,60,14.0,True,360,115.0,True,1440,170.0,True,True
1307,1307,3,60,22.0,True,360,99.0,True,1440,290.0,True,True
1308,1308,1,240,36.0,True,1440,190.0,True,4320,388.0,True,True
1309,1309,2,120,11.0,True,720,63.0,True,2880,346.0,True,True
1310,1310,2,120,84.0,True,720,,False,2880,,False,False
1311,1311,3,60,35.0,True,360,123.0,True,1440,236.0,True,True
1312,1312,1,240,7.0,True,1440,82.0,True,4320,282.0,True,True
1313,1313,2,120,41.0,True,720,147.0,True,2880,227.0,True,True
1314,1314,2,120,41.0,True,720,762.0,False,2880,826.0,True,False
1315,1315,2,120,48.0,True,720,121.0,True,2880,652.0,True,True
1316,1316,4,30,15.0,True,180,75.0,True,720,155.0,True,True
1317,1317,3,60,44.0,True,360,94.0,True,1440,250.0,True,True
1318,1318,3,60,27.0,True,360,193.0,True,1440,901.0,True,True
1319,1319,2,120,86.0,True,720,140.0,True,2880,296.0,True,True
1320,1320,1,240,32.0,True,1440,74.0,True,4320,719.0,True,True
1321,1321,1,240,36.0,True,1440,97.0,True,4320,411.0,True,True
1322,1322,1,240,24.0,True,1440,189.0,True,4320,528.0,True,True
1323,1323,2,120,23.0,True,720,94.0,True,2880,274.0,True,True
1324,1324,3,60,5.0,True,360,47.0,True,1440,383.0,True,True
1325,1325,1,240,19.0,True,1440,138.0,True,4320,393.0,True,True
1326,1326,2,120,13.0,True,720,98.0,True,2880,163.0,True,True
1327,1327,1,240,16.0,True,1440,102.0,True,4320,562.0,True,True
1328,1328,4,30,41.0,False,180,155.0,True,720,274.0,True,False
1329,1329,1,240,33.0,True,1440,303.0,True,4320,553.0,True,True
1330,1330,2,120,28.0,True,720,91.0,True,2880,1083.0,True,True
1331,1331,1,240,33.0,True,1440,347.0,True,4320,855.0,True,True
1332,1332,1,240,16.0,True,1440,354.0,True,4320,855.0,True,True
1333,1333,1,240,17.0,True,1440,160.0,True,4320,341.0,True,True
1334,1334,1,240,21.0,True,1440,235.0,True,4320,734.0,True,True
1335,1335,2,120,37.0,True,720,151.0,True,2880,183.0,True,True
1336,1336,1,240,10.0,True,1440,101.0,True,4320,252.0,True,True
1337,1337,3,60,36.0,True,360,123.0,True,1440,283.0,True,True
1338,1338,3,60,7.0,True,360,56.0,True,1440,194.0,True,True
1339,1339,4,30,14.0,True,180,142.0,True,720,216.0,True,True
1340,1340,2,120,41.0,True,720,106.0,True,2880,140.0,True,True
1341,1341,1,240,82.0,True,1440,188.0,True,4320,285.0,True,True
1342,1342,2,120,24.0,True,720,,False,2880,,False,False
1343,1343,3,60,17.0,True,360,144.0,True,1440,249.0,True,True
1344,1344,2,120,25.0,True,720,70.0,True,2880,700.0,True,True
1345,1345,2,120,49.0,True,720,147.0,True,2880,228.0,True,True
1346,1346,2,120,14.0,True,720,86.0,True,2880,200.0,True,True
1347,1347,2,120,9.0,True,720,98.0,True,2880,455.0,True,True
1348,1348,2,120,15.0,True,720,96.0,True,2880,467.0,True,True
1349,1349,2,120,57.0,True,720,162.0,True,2880,634.0,True,True
1350,1350,1,240,32.0,True,1440,145.0,True,4320,942.0,True,True
1351,1351,2,120,25.0,True,720,183.0,True,2880,540.0,True,True
1352,1352,2,120,5.0,True,720,129.0,True,2880,547.0,True,True
1353,1353,1,240,27.0,True,1440,114.0,True,4320,279.0,True,True
1354,1354,2,120,9.0,True,720,75.0,True,2880,377.0,True,True
1355,1355,2,120,32.0,True,720,106.0,True,2880,275.0,True,True
1356,1356,3,60,23.0,True,360,169.0,True,1440,382.0,True,True
1357,1357,3,60,15.0,True,360,99.0,True,1440,,False,False
1358,1358,2,120,59.0,True,720,238.0,True,2880,512.0,True,True
1359,1359,1,240,47.0,True,1440,149.0,True,4320,674.0,True,True
1360,1360,5,15,10.0,True,60,62.0,False,240,162.0,True,False
1361,1361,2,120,7.0,True,720,152.0,True,2880,745.0,True,True
1362,1362,2,120,13.0,True,720,71.0,True,2880,155.0,True,True
1363,1363,1,240,26.0,True,1440,127.0,True,4320,218.0,True,True
1364,1364,1,240,26.0,True,1440,83.0,True,4320,171.0,True,True
1365,1365,1,240,45.0,True,1440,181.0,True,4320,269.0,True,True
1366,1366,2,120,18.0,True,720,128.0,True,2880,344.0,True,True
1367,1367,1,240,26.0,True,1440,198.0,True,4320,,False,False
1368,1368,1,240,98.0,True,1440,124.0,True,4320,164.0,True,True
1369,1369,2,120,17.0,True,720,163.0,True,2880,431.0,True,True
1370,1370,3,60,5.0,True,360,34.0,True,1440,533.0,True,True
1371,1371,2,120,18.0,True,720,129.0,True,2880,352.0,True,True
1372,1372,4,30,30.0,True,180,99.0,True,720,134.0,True,True
1373,1373,1,240,25.0,True,1440,158.0,True,4320,411.0,True,True
1374,1374,3,60,7.0,True,360,,False,1440,,False,False
1375,1375,3,60,12.0,True,360,76.0,True,1440,208.0,True,True
1376,1376,1,240,25.0,True,1440,83.0,True,4320,220.0,True,True
1377,1377,3,60,19.0,True,360,73.0,True,1440,438.0,True,True
1378,1378,2,120,18.0,True,720,97.0,True,2880,334.0,True,True
1379,1379,1,240,6.0,True,1440,236.0,True,4320,572.0,True,True
1380,1380,1,240,46.0,True,1440,115.0,True,4320,283.0,True,True
1381,1381,3,60,26.0,True,360,173.0,True,1440,225.0,True,True
1382,1382,1,240,36.0,True,1440,284.0,True,4320,383.0,True,True
1383,1383,2,120,23.0,True,720,132.0,True,2880,219.0,True,True
1384,1384,3,60,38.0,True,360,122.0,True,1440,180.0,True,True
1385,1385,1,240,7.0,True,1440,78.0,True,4320,101.0,True,True
1386,1386,3,60,19.0,True,360,151.0,True,1440,221.0,True,True
1387,1387,2,120,26.0,True,720,174.0,True,2880,368.0,True,True
1388,1388,1,240,26.0,True,1440,183.0,True,4320,359.0,True,True
1389,1389,2,120,5.0,True,720,337.0,True,2880,835.0,True,True
1390,1390,3,60,11.0,True,360,103.0,True,1440,196.0,True,True
1391,1391,2,120,27.0,True,720,71.0,True,2880,503.0,True,True
1392,1392,3,60,14.0,True,360,94.0,True,1440,155.0,True,True
1393,1393,2,120,11.0,True,720,209.0,True,2880,811.0,True,True
1394,1394,5,15,29.0,False,60,85.0,False,240,219.0,True,False
1395,1395,1,240,29.0,True,1440,135.0,True,4320,234.0,True,True
1396,1396,2,120,12.0,True,720,111.0,True,2880,1010.0,True,True
1397,1397,2,120,26.0,True,720,228.0,True,2880,434.0,True,True
1398,1398,1,240,20.0,True,1440,132.0,True,4320,306.0,True,True
1399,1399,2,120,27.0,True,720,268.0,True,2880,511.0,True,True
1400,1400,3,60,65.0,False,360,147.0,True,1440,242.0,True,False
1401,1401,3,60,19.0,True,360,95.0,True,1440,243.0,True,True
1402,1402,1,240,16.0,True,1440,61.0,True,4320,175.0,True,True
1403,1403,1,240,12.0,True,1440,68.0,True,4320,651.0,True,True
1404,1404,3,60,8.0,True,360,112.0,True,1440,510.0,True,True
1405,1405,2,120,21.0,True,720,108.0,True,2880,147.0,True,True
1406,1406,1,240,14.0,True,1440,305.0,True,4320,563.0,True,True
1407,1407,2,120,11.0,True,720,112.0,True,2880,199.0,True,True
1408,1408,1,240,61.0,True,1440,259.0,True,4320,772.0,True,True
1409,1409,3,60,51.0,True,360,263.0,True,1440,410.0,True,True
1410,1410,2,120,14.0,True,720,194.0,True,2880,353.0,True,True
1411,1411,1,240,15.0,True,1440,173.0,True,4320,201.0,True,True
1412,1412,1,240,7.0,True,1440,84.0,True,4320,429.0,True,True
1413,1413,3,60,13.0,True,360,53.0,True,1440,296.0,True,True
1414,1414,2,120,36.0,True,720,92.0,True,2880,281.0,True,True
1415,1415,1,240,155.0,True,1440,482.0,True,4320,656.0,True,True
1416,1416,4,30,48.0,False,180,267.0,False,720,297.0,True,False
1417,1417,1,240,24.0,True,1440,261.0,True,4320,343.0,True,True
1418,1418,2,120,34.0,True,720,177.0,True,2880,266.0,True,True
1419,1419,2,120,17.0,True,720,54.0,True,2880,167.0,True,True
1420,1420,2,120,16.0,True,720,122.0,True,2880,196.0,True,True
1421,1421,3,60,42.0,True,360,91.0,True,1440,214.0,True,True
1422,1422,4,30,4.0,True,180,,False,720,,False,False
1423,1423,1,240,11.0,True,1440,64.0,True,4320,169.0,True,True
1424,1424,3,60,102.0,False,360,,False,1440,,False,False
1425,1425,1,240,10.0,True,1440,171.0,True,4320,253.0,True,True
1426,1426,4,30,,False,180,,False,720,,False,False
1427,1427,1,240,18.0,True,1440,235.0,True,4320,374.0,True,True
1428,1428,1,240,55.0,True,1440,154.0,True,4320,181.0,True,True
1429,1429,5,15,17.0,False,60,85.0,False,240,162.0,True,False
1430,1430,2,120,66.0,True,720,286.0,True,2880,711.0,True,True
1431,1431,2,120,7.0,True,720,64.0,True,2880,124.0,True,True
1432,1432,1,240,13.0,True,1440,117.0,True,4320,188.0,True,True
1433,1433,2,120,65.0,True,720,218.0,True,2880,597.0,True,True
1434,1434,1,240,12.0,True,1440,82.0,True,4320,917.0,True,True
1435,1435,1,240,5.0,True,1440,714.0,True,4320,1773.0,True,True
1436,1436,4,30,30.0,True,180,127.0,True,720,229.0,True,True
1437,1437,4,30,19.0,True,180,,False,720,,False,False
1438,1438,2,120,31.0,True,720,428.0,True,2880,689.0,True,True
1439,1439,2,120,6.0,True,720,197.0,True,2880,318.0,True,True
1440,1440,2,120,31.0,True,720,126.0,True,2880,229.0,True,True
1441,1441,1,240,13.0,True,1440,87.0,True,4320,368.0,True,True
1442,1442,3,60,4.0,True,360,228.0,True,1440,499.0,True,True
1443,1443,2,120,22.0,True,720,208.0,True,2880,330.0,True,True
1444,1444,2,120,23.0,True,720,110.0,True,2880,571.0,True,True
1445,1445,2,120,18.0,True,720,82.0,True,2880,276.0,True,True
1446,1446,1,240,11.0,True,1440,125.0,True,4320,279.0,True,True
1447,1447,1,240,14.0,True,1440,52.0,True,4320,148.0,True,True
1448,1448,1,240,28.0,True,1440,69.0,True,4320,211.0,True,True
1449,1449,3,60,20.0,True,360,81.0,True,1440,104.0,True,True
1450,1450,1,240,34.0,True,1440,341.0,True,4320,597.0,True,True
1451,1451,1,240,31.0,True,1440,162.0,True,4320,624.0,True,True
1452,1452,3,60,7.0,True,360,,False,1440,,False,False
1453,1453,2,120,9.0,True,720,200.0,True,2880,784.0,True,True
1454,1454,1,240,28.0,True,1440,208.0,True,4320,257.0,True,True
1455,1455,1,240,44.0,True,1440,,False,4320,,False,False
1456,1456,5,15,12.0,True,60,84.0,False,240,132.0,True,False
1457,1457,2,120,16.0,True,720,79.0,True,2880,241.0,True,True
1458,1458,1,240,19.0,True,1440,118.0,True,4320,286.0,True,True
1459,1459,2,120,32.0,True,720,123.0,True,2880,174.0,True,True
1460,1460,3,60,77.0,False,360,127.0,True,1440,480.0,True,False
1461,1461,5,15,7.0,True,60,37.0,True,240,362.0,False,False
1462,1462,1,240,20.0,True,1440,233.0,True,4320,688.0,True,True
1463,1463,1,240,31.0,True,1440,209.0,True,4320,517.0,True,True
1464,1464,3,60,10.0,True,360,225.0,True,1440,,False,False
1465,1465,1,240,31.0,True,1440,182.0,True,4320,478.0,True,True
1466,1466,2,120,15.0,True,720,59.0,True,2880,76.0,True,True
1467,1467,2,120,16.0,True,720,83.0,True,2880,707.0,True,True
1468,1468,2,120,14.0,True,720,163.0,True,2880,232.0,True,True
1469,1469,3,60,9.0,True,360,202.0,True,1440,256.0,True,True
1470,1470,1,240,143.0,True,1440,484.0,True,4320,591.0,True,True
1471,1471,1,240,13.0,True,1440,85.0,True,4320,156.0,True,True
1472,1472,1,240,18.0,True,1440,237.0,True,4320,413.0,True,True
1473,1473,1,240,23.0,True,1440,234.0,True,4320,498.0,True,True
1474,1474,3,60,37.0,True,360,100.0,True,1440,239.0,True,True
1475,1475,3,60,64.0,False,360,157.0,True,1440,303.0,True,False
1476,1476,3,60,12.0,True,360,199.0,True,1440,439.0,True,True
1477,1477,2,120,34.0,True,720,252.0,True,2880,729.0,True,True
1478,1478,4,30,7.0,True,180,55.0,True,720,154.0,True,True
1479,1479,2,120,29.0,True,720,139.0,True,2880,423.0,True,True
1480,1480,1,240,11.0,True,1440,60.0,True,4320,498.0,True,True
1481,1481,1,240,7.0,True,1440,82.0,True,4320,432.0,True,True
1482,1482,1,240,21.0,True,1440,165.0,True,4320,392.0,True,True
1483,1483,1,240,15.0,True,1440,219.0,True,4320,369.0,True,True
1484,1484,2,120,35.0,True,720,92.0,True,2880,612.0,True,True
1485,1485,2,120,21.0,True,720,94.0,True,2880,382.0,True,True
1486,1486,1,240,36.0,True,1440,146.0,True,4320,443.0,True,True
1487,1487,1,240,18.0,True,1440,234.0,True,4320,443.0,True,True
1488,1488,2,120,52.0,True,720,110.0,True,2880,433.0,True,True
1489,1489,1,240,8.0,True,1440,90.0,True,4320,227.0,True,True
1490,1490,2,120,29.0,True,720,109.0,True,2880,429.0,True,True
1491,1491,1,240,25.0,True,1440,281.0,True,4320,525.0,True,True
1492,1492,1,240,22.0,True,1440,56.0,True,4320,943.0,True,True
1493,1493,2,120,39.0,True,720,148.0,True,2880,216.0,True,True
1494,1494,3,60,38.0,True,360,290.0,True,1440,429.0,True,True
1495,1495,1,240,9.0,True,1440,60.0,True,4320,1723.0,True,True
1496,1496,1,240,27.0,True,1440,204.0,True,4320,382.0,True,True
1497,1497,1,240,8.0,True,1440,108.0,True,4320,712.0,True,True
1498,1498,1,240,168.0,True,1440,313.0,True,4320,437.0,True,True
1499,1499,2,120,26.0,True,720,150.0,True,2880,463.0,True,True
1500,1500,5,15,15.0,True,60,83.0,False,240,153.0,True,False
1501,1501,2,120,16.0,True,720,176.0,True,2880,250.0,True,True
1502,1502,2,120,8.0,True,720,43.0,True,2880,1028.0,True,True
1503,1503,1,240,19.0,True,1440,115.0,True,4320,759.0,True,True
1504,1504,2,120,17.0,True,720,73.0,True,2880,617.0,True,True
1505,1505,4,30,20.0,True,180,85.0,True,720,524.0,True,True
1506,1506,2,120,16.0,True,720,165.0,True,2880,235.0,True,True
1507,1507,2,120,7.0,True,720,153.0,True,2880,424.0,True,True
1508,1508,2,120,11.0,True,720,165.0,True,2880,201.0,True,True
1509,1509,4,30,15.0,True,180,131.0,True,720,634.0,True,True
1510,1510,4,30,12.0,True,180,96.0,True,720,166.0,True,True
1511,1511,1,240,71.0,True,1440,137.0,True,4320,334.0,True,True
1512,1512,1,240,22.0,True,1440,189.0,True,4320,546.0,True,True
1513,1513,1,240,53.0,True,1440,178.0,True,4320,,False,False
1514,1514,2,120,7.0,True,720,278.0,True,2880,400.0,True,True
1515,1515,3,60,25.0,True,360,97.0,True,1440,159.0,True,True
1516,1516,1,240,46.0,True,1440,227.0,True,4320,267.0,True,True
1517,1517,1,240,23.0,True,1440,197.0,True,4320,351.0,True,True
1518,1518,1,240,9.0,True,1440,101.0,True,4320,217.0,True,True
1519,1519,2,120,31.0,True,720,272.0,True,2880,403.0,True,True
1520,1520,2,120,9.0,True,720,108.0,True,2880,756.0,True,True
1521,1521,4,30,5.0,True,180,43.0,True,720,174.0,True,True
1522,1522,2,120,16.0,True,720,218.0,True,2880,328.0,True,True
1523,1523,3,60,15.0,True,360,266.0,True,1440,397.0,True,True
1524,1524,2,120,36.0,True,720,227.0,True,2880,292.0,True,True
1525,1525,1,240,19.0,True,1440,123.0,True,4320,411.0,True,True
1526,1526,1,240,4.0,True,1440,59.0,True,4320,402.0,True,True
1527,1527,1,240,37.0,True,1440,233.0,True,4320,304.0,True,True
1528,1528,1,240,17.0,True,1440,162.0,True,4320,330.0,True,True
1529,1529,1,240,41.0,True,1440,183.0,True,4320,1446.0,True,True
1530,1530,3,60,16.0,True,360,69.0,True,1440,213.0,True,True
1531,1531,3,60,6.0,True,360,301.0,True,1440,489.0,True,True
1532,1532,1,240,46.0,True,1440,546.0,True,4320,762.0,True,True
1533,1533,1,240,33.0,True,1440,248.0,True,4320,354.0,True,True
1534,1534,2,120,10.0,True,720,63.0,True,2880,239.0,True,True
1535,1535,1,240,5.0,True,1440,78.0,True,4320,299.0,True,True
1536,1536,2,120,14.0,True,720,221.0,True,2880,1063.0,True,True
1537,1537,3,60,11.0,True,360,45.0,True,1440,301.0,True,True
1538,1538,2,120,26.0,True,720,142.0,True,2880,379.0,True,True
1539,1539,4,30,51.0,False,180,175.0,True,720,188.0,True,False
1540,1540,3,60,57.0,True,360,163.0,True,1440,574.0,True,True
1541,1541,1,240,56.0,True,1440,151.0,True,4320,320.0,True,True
1542,1542,1,240,38.0,True,1440,,False,4320,,False,False
1543,1543,2,120,17.0,True,720,94.0,True,2880,186.0,True,True
1544,1544,2,120,19.0,True,720,135.0,True,2880,848.0,True,True
1545,1545,1,240,108.0,True,1440,328.0,True,4320,445.0,True,True
1546,1546,1,240,31.0,True,1440,102.0,True,4320,206.0,True,True
1547,1547,3,60,29.0,True,360,226.0,True,1440,252.0,True,True
1548,1548,2,120,51.0,True,720,649.0,True,2880,676.0,True,True
1549,1549,2,120,9.0,True,720,226.0,True,2880,375.0,True,True
1550,1550,1,240,38.0,True,1440,635.0,True,4320,1125.0,True,True
1551,1551,2,120,52.0,True,720,213.0,True,2880,385.0,True,True
1552,1552,2,120,20.0,True,720,59.0,True,2880,235.0,True,True
1553,1553,3,60,11.0,True,360,68.0,True,1440,182.0,True,True
1554,1554,1,240,12.0,True,1440,128.0,True,4320,449.0,True,True
1555,1555,2,120,14.0,True,720,92.0,True,2880,,False,False
1556,1556,3,60,15.0,True,360,116.0,True,1440,213.0,True,True
1557,1557,2,120,30.0,True,720,325.0,True,2880,370.0,True,True
1558,1558,3,60,14.0,True,360,105.0,True,1440,411.0,True,True
1559,1559,2,120,20.0,True,720,97.0,True,2880,198.0,True,True
1560,1560,2,120,51.0,True,720,164.0,True,2880,685.0,True,True
1561,1561,5,15,5.0,True,60,123.0,False,240,,False,False
1562,1562,2,120,13.0,True,720,59.0,True,2880,213.0,True,True
1563,1563,3,60,6.0,True,360,80.0,True,1440,117.0,True,True
1564,1564,1,240,16.0,True,1440,97.0,True,4320,753.0,True,True
1565,1565,4,30,13.0,True,180,69.0,True,720,268.0,True,True
1566,1566,1,240,60.0,True,1440,147.0,True,4320,168.0,True,True
1567,1567,1,240,16.0,True,1440,113.0,True,4320,150.0,True,True
1568,1568,4,30,16.0,True,180,58.0,True,720,78.0,True,True
1569,1569,2,120,33.0,True,720,601.0,True,2880,733.0,True,True
1570,1570,1,240,33.0,True,1440,189.0,True,4320,276.0,True,True
1571,1571,3,60,14.0,True,360,50.0,True,1440,111.0,True,True
1572,1572,1,240,12.0,True,1440,150.0,True,4320,272.0,True,True
1573,1573,2,120,6.0,True,720,120.0,True,2880,186.0,True,True
1574,1574,1,240,31.0,True,1440,92.0,True,4320,759.0,True,True
1575,1575,2,120,28.0,True,720,174.0,True,2880,915.0,True,True
1576,1576,2,120,13.0,True,720,129.0,True,2880,317.0,True,True
1577,1577,1,240,11.0,True,1440,249.0,True,4320,410.0,True,True
1578,1578,4,30,23.0,True,180,,False,720,,False,False
1579,1579,3,60,4.0,True,360,116.0,True,1440,143.0,True,True
1580,1580,2,120,7.0,True,720,83.0,True,2880,128.0,True,True
1581,1581,1,240,12.0,True,1440,276.0,True,4320,447.0,True,True
1582,1582,3,60,5.0,True,360,82.0,True,1440,118.0,True,True
1583,1583,3,60,15.0,True,360,70.0,True,1440,305.0,True,True
1584,1584,2,120,6.0,True,720,259.0,True,2880,837.0,True,True
1585,1585,3,60,20.0,True,360,93.0,True,1440,270.0,True,True
1586,1586,1,240,21.0,True,1440,176.0,True,4320,334.0,True,True
1587,1587,4,30,8.0,True,180,46.0,True,720,109.0,True,True
1588,1588,1,240,6.0,True,1440,,False,4320,,False,False
1589,1589,1,240,32.0,True,1440,305.0,True,4320,392.0,True,True
1590,1590,2,120,11.0,True,720,37.0,True,2880,209.0,True,True
1591,1591,1,240,43.0,True,1440,216.0,True,4320,330.0,True,True
1592,1592,2,120,43.0,True,720,96.0,True,2880,871.0,True,True
1593,1593,2,120,94.0,True,720,170.0,True,2880,552.0,True,True
1594,1594,2,120,74.0,True,720,,False,2880,,False,False
1595,1595,2,120,15.0,True,720,324.0,True,2880,1150.0,True,True
1596,1596,5,15,20.0,False,60,52.0,True,240,157.0,True,False
1597,1597,4,30,33.0,False,180,140.0,True,720,177.0,True,False
1598,1598,2,120,184.0,False,720,273.0,True,2880,523.0,True,False
1599,1599,1,240,21.0,True,1440,,False,4320,,False,False
1600,1600,2,120,20.0,True,720,77.0,True,2880,610.0,True,True
1601,1601,2,120,30.0,True,720,147.0,True,2880,301.0,True,True
1602,1602,2,120,9.0,True,720,87.0,True,2880,418.0,True,True
1603,1603,2,120,12.0,True,720,143.0,True,2880,440.0,True,True
1604,1604,3,60,25.0,True,360,118.0,True,1440,249.0,True,True
1605,1605,1,240,36.0,True,1440,251.0,True,4320,699.0,True,True
1606,1606,4,30,32.0,False,180,81.0,True,720,342.0,True,False
1607,1607,2,120,8.0,True,720,183.0,True,2880,335.0,True,True
1608,1608,1,240,86.0,True,1440,275.0,True,4320,541.0,True,True
1609,1609,2,120,29.0,True,720,80.0,True,2880,278.0,True,True
1610,1610,1,240,125.0,True,1440,223.0,True,4320,1758.0,True,True
1611,1611,5,15,12.0,True,60,63.0,False,240,687.0,False,False
1612,1612,3,60,22.0,True,360,109.0,True,1440,246.0,True,True
1613,1613,1,240,,False,1440,,False,4320,,False,False
1614,1614,2,120,20.0,True,720,323.0,True,2880,378.0,True,True
1615,1615,1,240,72.0,True,1440,234.0,True,4320,554.0,True,True
1616,1616,3,60,57.0,True,360,111.0,True,1440,273.0,True,True
1617,1617,1,240,48.0,True,1440,299.0,True,4320,497.0,True,True
1618,1618,1,240,44.0,True,1440,149.0,True,4320,326.0,True,True
1619,1619,1,240,26.0,True,1440,147.0,True,4320,575.0,True,True
1620,1620,1,240,13.0,True,1440,71.0,True,4320,224.0,True,True
1621,1621,1,240,24.0,True,1440,376.0,True,4320,653.0,True,True
1622,1622,3,60,37.0,True,360,117.0,True,1440,246.0,True,True
1623,1623,1,240,28.0,True,1440,,False,4320,,False,False
1624,1624,2,120,13.0,True,720,71.0,True,2880,,False,False
1625,1625,5,15,6.0,True,60,147.0,False,240,275.0,False,False
1626,1626,4,30,58.0,False,180,115.0,True,720,192.0,True,False
1627,1627,2,120,38.0,True,720,241.0,True,2880,466.0,True,True
1628,1628,4,30,20.0,True,180,122.0,True,720,601.0,True,True
1629,1629,4,30,11.0,True,180,222.0,False,720,379.0,True,False
1630,1630,4,30,13.0,True,180,45.0,True,720,281.0,True,True
1631,1631,2,120,35.0,True,720,120.0,True,2880,361.0,True,True
1632,1632,2,120,16.0,True,720,190.0,True,2880,658.0,True,True
1633,1633,2,120,25.0,True,720,91.0,True,2880,155.0,True,True
1634,1634,2,120,36.0,True,720,232.0,True,2880,333.0,True,True
1635,1635,2,120,38.0,True,720,71.0,True,2880,107.0,True,True
1636,1636,2,120,15.0,True,720,104.0,True,2880,807.0,True,True
1637,1637,4,30,8.0,True,180,70.0,True,720,170.0,True,True
1638,1638,1,240,8.0,True,1440,226.0,True,4320,388.0,True,True
1639,1639,2,120,33.0,True,720,186.0,True,2880,259.0,True,True
1640,1640,3,60,12.0,True,360,95.0,True,1440,203.0,True,True
1641,1641,2,120,33.0,True,720,80.0,True,2880,240.0,True,True
1642,1642,2,120,10.0,True,720,110.0,True,2880,189.0,True,True
1643,1643,2,120,12.0,True,720,120.0,True,2880,,False,False
1644,1644,2,120,81.0,True,720,135.0,True,2880,,False,False
1645,1645,1,240,58.0,True,1440,110.0,True,4320,293.0,True,True
1646,1646,1,240,16.0,True,1440,137.0,True,4320,580.0,True,True
1647,1647,2,120,27.0,True,720,377.0,True,2880,526.0,True,True
1648,1648,2,120,6.0,True,720,182.0,True,2880,216.0,True,True
1649,1649,1,240,37.0,True,1440,122.0,True,4320,708.0,True,True
1650,1650,2,120,25.0,True,720,200.0,True,2880,766.0,True,True
1651,1651,2,120,15.0,True,720,124.0,True,2880,225.0,True,True
1652,1652,1,240,38.0,True,1440,130.0,True,4320,202.0,True,True
1653,1653,2,120,,False,720,,False,2880,,False,False
1654,1654,2,120,14.0,True,720,113.0,True,2880,281.0,True,True
1655,1655,1,240,27.0,True,1440,114.0,True,4320,802.0,True,True
1656,1656,5,15,7.0,True,60,25.0,True,240,109.0,True,True
1657,1657,2,120,27.0,True,720,78.0,True,2880,326.0,True,True
1658,1658,1,240,15.0,True,1440,135.0,True,4320,413.0,True,True
1659,1659,1,240,43.0,True,1440,80.0,True,4320,172.0,True,True
1660,1660,2,120,27.0,True,720,104.0,True,2880,358.0,True,True
1661,1661,1,240,20.0,True,1440,94.0,True,4320,280.0,True,True
1662,1662,1,240,44.0,True,1440,429.0,True,4320,702.0,True,True
1663,1663,2,120,51.0,True,720,110.0,True,2880,482.0,True,True
1664,1664,3,60,7.0,True,360,69.0,True,1440,371.0,True,True
1665,1665,3,60,16.0,True,360,136.0,True,1440,158.0,True,True
1666,1666,2,120,37.0,True,720,104.0,True,2880,175.0,True,True
1667,1667,3,60,49.0,True,360,180.0,True,1440,376.0,True,True
1668,1668,1,240,10.0,True,1440,292.0,True,4320,1248.0,True,True
1669,1669,2,120,15.0,True,720,131.0,True,2880,381.0,True,True
1670,1670,1,240,4.0,True,1440,108.0,True,4320,401.0,True,True
1671,1671,2,120,14.0,True,720,95.0,True,2880,625.0,True,True
1672,1672,1,240,29.0,True,1440,261.0,True,4320,857.0,True,True
1673,1673,1,240,28.0,True,1440,64.0,True,4320,346.0,True,True
1674,1674,3,60,6.0,True,360,143.0,True,1440,242.0,True,True
1675,1675,2,120,17.0,True,720,112.0,True,2880,226.0,True,True
1676,1676,3,60,9.0,True,360,167.0,True,1440,363.0,True,True
1677,1677,1,240,7.0,True,1440,,False,4320,,False,False
1678,1678,2,120,2.0,True,720,162.0,True,2880,208.0,True,True
1679,1679,3,60,36.0,True,360,123.0,True,1440,214.0,True,True
1680,1680,2,120,28.0,True,720,193.0,True,2880,405.0,True,True
1681,1681,1,240,59.0,True,1440,120.0,True,4320,785.0,True,True
1682,1682,3,60,45.0,True,360,154.0,True,1440,389.0,True,True
1683,1683,2,120,18.0,True,720,132.0,True,2880,650.0,True,True
1684,1684,1,240,22.0,True,1440,214.0,True,4320,498.0,True,True
1685,1685,4,30,,False,180,,False,720,,False,False
1686,1686,2,120,28.0,True,720,176.0,True,2880,347.0,True,True
1687,1687,1,240,43.0,True,1440,173.0,True,4320,320.0,True,True
1688,1688,3,60,47.0,True,360,138.0,True,1440,192.0,True,True
1689,1689,2,120,12.0,True,720,111.0,True,2880,228.0,True,True
1690,1690,1,240,15.0,True,1440,464.0,True,4320,568.0,True,True
1691,1691,3,60,9.0,True,360,86.0,True,1440,199.0,True,True
1692,1692,4,30,18.0,True,180,62.0,True,720,180.0,True,True
1693,1693,2,120,35.0,True,720,63.0,True,2880,,False,False
1694,1694,4,30,18.0,True,180,179.0,True,720,442.0,True,True
1695,1695,2,120,63.0,True,720,374.0,True,2880,481.0,True,True
1696,1696,1,240,13.0,True,1440,119.0,True,4320,633.0,True,True
1697,1697,2,120,92.0,True,720,254.0,True,2880,552.0,True,True
1698,1698,2,120,14.0,True,720,119.0,True,2880,725.0,True,True
1699,1699,1,240,10.0,True,1440,,False,4320,,False,False
1700,1700,2,120,33.0,True,720,127.0,True,2880,481.0,True,True
1701,1701,2,120,16.0,True,720,152.0,True,2880,285.0,True,True
1702,1702,1,240,26.0,True,1440,183.0,True,4320,296.0,True,True
1703,1703,1,240,15.0,True,1440,308.0,True,4320,520.0,True,True
1704,1704,4,30,12.0,True,180,111.0,True,720,166.0,True,True
1705,1705,1,240,11.0,True,1440,375.0,True,4320,494.0,True,True
1706,1706,3,60,43.0,True,360,169.0,True,1440,381.0,True,True
1707,1707,2,120,37.0,True,720,192.0,True,2880,339.0,True,True
1708,1708,2,120,27.0,True,720,119.0,True,2880,534.0,True,True
1709,1709,1,240,65.0,True,1440,185.0,True,4320,622.0,True,True
1710,1710,2,120,31.0,True,720,110.0,True,2880,387.0,True,True
1711,1711,2,120,18.0,True,720,107.0,True,2880,361.0,True,True
1712,1712,2,120,18.0,True,720,42.0,True,2880,232.0,True,True
1713,1713,2,120,30.0,True,720,114.0,True,2880,163.0,True,True
1714,1714,3,60,22.0,True,360,107.0,True,1440,158.0,True,True
1715,1715,1,240,17.0,True,1440,82.0,True,4320,639.0,True,True
1716,1716,1,240,36.0,True,1440,109.0,True,4320,1846.0,True,True
1717,1717,1,240,14.0,True,1440,77.0,True,4320,332.0,True,True
1718,1718,2,120,20.0,True,720,83.0,True,2880,294.0,True,True
1719,1719,2,120,6.0,True,720,190.0,True,2880,1119.0,True,True
1720,1720,3,60,33.0,True,360,81.0,True,1440,617.0,True,True
1721,1721,2,120,17.0,True,720,76.0,True,2880,157.0,True,True
1722,1722,1,240,16.0,True,1440,72.0,True,4320,97.0,True,True
1723,1723,1,240,21.0,True,1440,110.0,True,4320,1678.0,True,True
1724,1724,1,240,9.0,True,1440,282.0,True,4320,542.0,True,True
1725,1725,2,120,7.0,True,720,110.0,True,2880,287.0,True,True
1726,1726,1,240,25.0,True,1440,119.0,True,4320,579.0,True,True
1727,1727,5,15,5.0,True,60,100.0,False,240,753.0,False,False
1728,1728,1,240,22.0,True,1440,108.0,True,4320,333.0,True,True
1729,1729,1,240,22.0,True,1440,111.0,True,4320,,False,False
1730,1730,1,240,10.0,True,1440,172.0,True,4320,323.0,True,True
1731,1731,1,240,27.0,True,1440,167.0,True,4320,570.0,True,True
1732,1732,2,120,23.0,True,720,104.0,True,2880,213.0,True,True
1733,1733,5,15,26.0,False,60,104.0,False,240,431.0,False,False
1734,1734,2,120,24.0,True,720,98.0,True,2880,282.0,True,True
1735,1735,4,30,,False,180,,False,720,,False,False
1736,1736,2,120,89.0,True,720,373.0,True,2880,651.0,True,True
1737,1737,3,60,17.0,True,360,,False,1440,,False,False
1738,1738,3,60,75.0,False,360,226.0,True,1440,435.0,True,False
1739,1739,1,240,19.0,True,1440,69.0,True,4320,396.0,True,True
1740,1740,1,240,10.0,True,1440,121.0,True,4320,481.0,True,True
1741,1741,2,120,14.0,True,720,46.0,True,2880,317.0,True,True
1742,1742,2,120,39.0,True,720,90.0,True,2880,472.0,True,True
1743,1743,2,120,22.0,True,720,77.0,True,2880,526.0,True,True
1744,1744,2,120,27.0,True,720,117.0,True,2880,574.0,True,True
1745,1745,3,60,46.0,True,360,166.0,True,1440,300.0,True,True
1746,1746,1,240,20.0,True,1440,108.0,True,4320,252.0,True,True
1747,1747,3,60,19.0,True,360,318.0,True,1440,598.0,True,True
1748,1748,1,240,,False,1440,,False,4320,,False,False
1749,1749,2,120,2.0,True,720,84.0,True,2880,594.0,True,True
1750,1750,1,240,69.0,True,1440,173.0,True,4320,332.0,True,True
1751,1751,1,240,12.0,True,1440,73.0,True,4320,405.0,True,True
1752,1752,3,60,11.0,True,360,38.0,True,1440,84.0,True,True
1753,1753,2,120,29.0,True,720,176.0,True,2880,626.0,True,True
1754,1754,3,60,7.0,True,360,77.0,True,1440,198.0,True,True
1755,1755,1,240,7.0,True,1440,46.0,True,4320,111.0,True,True
1756,1756,1,240,10.0,True,1440,141.0,True,4320,189.0,True,True
1757,1757,2,120,11.0,True,720,70.0,True,2880,311.0,True,True
1758,1758,1,240,37.0,True,1440,167.0,True,4320,313.0,True,True
1759,1759,2,120,19.0,True,720,131.0,True,2880,300.0,True,True
1760,1760,2,120,8.0,True,720,129.0,True,2880,239.0,True,True
1761,1761,1,240,14.0,True,1440,124.0,True,4320,776.0,True,True
1762,1762,1,240,38.0,True,1440,114.0,True,4320,373.0,True,True
1763,1763,4,30,7.0,True,180,44.0,True,720,85.0,True,True
1764,1764,5,15,6.0,True,60,94.0,False,240,152.0,True,False
1765,1765,1,240,3.0,True,1440,274.0,True,4320,366.0,True,True
1766,1766,1,240,20.0,True,1440,84.0,True,4320,320.0,True,True
1767,1767,1,240,2.0,True,1440,102.0,True,4320,247.0,True,True
1768,1768,2,120,10.0,True,720,243.0,True,2880,489.0,True,True
1769,1769,3,60,4.0,True,360,87.0,True,1440,383.0,True,True
1770,1770,3,60,36.0,True,360,95.0,True,1440,206.0,True,True
1771,1771,1,240,9.0,True,1440,74.0,True,4320,196.0,True,True
1772,1772,2,120,22.0,True,720,63.0,True,2880,1011.0,True,True
1773,1773,1,240,9.0,True,1440,97.0,True,4320,575.0,True,True
1774,1774,2,120,25.0,True,720,169.0,True,2880,407.0,True,True
1775,1775,1,240,12.0,True,1440,130.0,True,4320,410.0,True,True
1776,1776,3,60,12.0,True,360,,False,1440,,False,False
1777,1777,3,60,13.0,True,360,94.0,True,1440,235.0,True,True
1778,1778,1,240,18.0,True,1440,434.0,True,4320,945.0,True,True
1779,1779,1,240,18.0,True,1440,284.0,True,4320,320.0,True,True
1780,1780,3,60,12.0,True,360,151.0,True,1440,297.0,True,True
1781,1781,1,240,30.0,True,1440,160.0,True,4320,387.0,True,True
1782,1782,2,120,12.0,True,720,427.0,True,2880,610.0,True,True
1783,1783,3,60,11.0,True,360,94.0,True,1440,487.0,True,True
1784,1784,5,15,16.0,False,60,140.0,False,240,564.0,False,False
1785,1785,2,120,21.0,True,720,229.0,True,2880,269.0,True,True
1786,1786,2,120,42.0,True,720,210.0,True,2880,377.0,True,True
1787,1787,2,120,49.0,True,720,178.0,True,2880,283.0,True,True
1788,1788,1,240,77.0,True,1440,186.0,True,4320,705.0,True,True
1789,1789,1,240,11.0,True,1440,393.0,True,4320,482.0,True,True
1790,1790,4,30,21.0,True,180,186.0,False,720,995.0,False,False
1791,1791,1,240,54.0,True,1440,192.0,True,4320,429.0,True,True
1792,1792,2,120,17.0,True,720,172.0,True,2880,451.0,True,True
1793,1793,2,120,18.0,True,720,113.0,True,2880,144.0,True,True
1794,1794,4,30,3.0,True,180,47.0,True,720,89.0,True,True
1795,1795,1,240,32.0,True,1440,194.0,True,4320,1168.0,True,True
1796,1796,2,120,74.0,True,720,121.0,True,2880,203.0,True,True
1797,1797,1,240,14.0,True,1440,286.0,True,4320,1274.0,True,True
1798,1798,1,240,63.0,True,1440,143.0,True,4320,225.0,True,True
1799,1799,1,240,71.0,True,1440,907.0,True,4320,1638.0,True,True
1800,1800,1,240,36.0,True,1440,212.0,True,4320,370.0,True,True
1801,1801,3,60,6.0,True,360,134.0,True,1440,292.0,True,True
1802,1802,1,240,10.0,True,1440,,False,4320,,False,False
1803,1803,1,240,23.0,True,1440,119.0,True,4320,436.0,True,True
1804,1804,3,60,12.0,True,360,61.0,True,1440,109.0,True,True
1805,1805,1,240,34.0,True,1440,141.0,True,4320,363.0,True,True
1806,1806,2,120,14.0,True,720,154.0,True,2880,704.0,True,True
1807,1807,2,120,10.0,True,720,448.0,True,2880,750.0,True,True
1808,1808,1,240,27.0,True,1440,,False,4320,,False,False
1809,1809,3,60,28.0,True,360,81.0,True,1440,312.0,True,True
1810,1810,1,240,16.0,True,1440,151.0,True,4320,279.0,True,True
1811,1811,1,240,38.0,True,1440,157.0,True,4320,198.0,True,True
1812,1812,2,120,5.0,True,720,,False,2880,,False,False
1813,1813,2,120,25.0,True,720,88.0,True,2880,377.0,True,True
1814,1814,1,240,9.0,True,1440,87.0,True,4320,360.0,True,True
1815,1815,1,240,9.0,True,1440,36.0,True,4320,201.0,True,True
1816,1816,4,30,40.0,False,180,78.0,True,720,155.0,True,False
1817,1817,1,240,7.0,True,1440,97.0,True,4320,592.0,True,True
1818,1818,1,240,85.0,True,1440,339.0,True,4320,754.0,True,True
1819,1819,2,120,16.0,True,720,81.0,True,2880,317.0,True,True
1820,1820,4,30,20.0,True,180,,False,720,,False,False
1821,1821,1,240,35.0,True,1440,84.0,True,4320,873.0,True,True
1822,1822,1,240,44.0,True,1440,156.0,True,4320,289.0,True,True
1823,1823,4,30,8.0,True,180,,False,720,,False,False
1824,1824,3,60,9.0,True,360,166.0,True,1440,320.0,True,True
1825,1825,1,240,134.0,True,1440,342.0,True,4320,431.0,True,True
1826,1826,3,60,34.0,True,360,65.0,True,1440,191.0,True,True
1827,1827,1,240,35.0,True,1440,211.0,True,4320,277.0,True,True
1828,1828,4,30,5.0,True,180,59.0,True,720,144.0,True,True
1829,1829,2,120,11.0,True,720,97.0,True,2880,456.0,True,True
1830,1830,1,240,5.0,True,1440,348.0,True,4320,4051.0,True,True
1831,1831,2,120,90.0,True,720,348.0,True,2880,410.0,True,True
1832,1832,2,120,13.0,True,720,146.0,True,2880,631.0,True,True
1833,1833,3,60,41.0,True,360,127.0,True,1440,617.0,True,True
1834,1834,2,120,15.0,True,720,134.0,True,2880,263.0,True,True
1835,1835,1,240,27.0,True,1440,195.0,True,4320,532.0,True,True
1836,1836,3,60,22.0,True,360,56.0,True,1440,91.0,True,True
1837,1837,1,240,11.0,True,1440,128.0,True,4320,248.0,True,True
1838,1838,3,60,7.0,True,360,,False,1440,,False,False
1839,1839,2,120,12.0,True,720,80.0,True,2880,373.0,True,True
1840,1840,2,120,13.0,True,720,169.0,True,2880,335.0,True,True
1841,1841,4,30,6.0,True,180,37.0,True,720,64.0,True,True
1842,1842,2,120,43.0,True,720,146.0,True,2880,251.0,True,True
1843,1843,1,240,6.0,True,1440,128.0,True,4320,204.0,True,True
1844,1844,1,240,22.0,True,1440,106.0,True,4320,1301.0,True,True
1845,1845,1,240,64.0,True,1440,,False,4320,,False,False
1846,1846,5,15,15.0,True,60,277.0,False,240,338.0,False,False
1847,1847,3,60,15.0,True,360,37.0,True,1440,135.0,True,True
1848,1848,4,30,18.0,True,180,80.0,True,720,109.0,True,True
1849,1849,1,240,32.0,True,1440,360.0,True,4320,440.0,True,True
1850,1850,1,240,50.0,True,1440,148.0,True,4320,258.0,True,True
1851,1851,2,120,28.0,True,720,150.0,True,2880,484.0,True,True
1852,1852,4,30,14.0,True,180,65.0,True,720,107.0,True,True
1853,1853,1,240,38.0,True,1440,85.0,True,4320,198.0,True,True
1854,1854,1,240,,False,1440,,False,4320,,False,False
1855,1855,2,120,21.0,True,720,528.0,True,2880,858.0,True,True
1856,1856,1,240,4.0,True,1440,129.0,True,4320,572.0,True,True
1857,1857,2,120,7.0,True,720,,False,2880,,False,False
1858,1858,1,240,22.0,True,1440,,False,4320,,False,False
1859,1859,2,120,57.0,True,720,171.0,True,2880,284.0,True,True
1860,1860,3,60,61.0,False,360,107.0,True,1440,198.0,True,False
1861,1861,2,120,27.0,True,720,51.0,True,2880,413.0,True,True
1862,1862,3,60,18.0,True,360,112.0,True,1440,180.0,True,True
1863,1863,1,240,40.0,True,1440,554.0,True,4320,883.0,True,True
1864,1864,1,240,22.0,True,1440,254.0,True,4320,525.0,True,True
1865,1865,4,30,4.0,True,180,59.0,True,720,84.0,True,True
1866,1866,4,30,32.0,False,180,180.0,True,720,274.0,True,False
1867,1867,2,120,4.0,True,720,87.0,True,2880,263.0,True,True
1868,1868,3,60,39.0,True,360,452.0,False,1440,794.0,True,False
1869,1869,1,240,35.0,True,1440,213.0,True,4320,328.0,True,True
1870,1870,2,120,11.0,True,720,88.0,True,2880,275.0,True,True
1871,1871,1,240,54.0,True,1440,398.0,True,4320,659.0,True,True
1872,1872,1,240,52.0,True,1440,197.0,True,4320,315.0,True,True
1873,1873,4,30,19.0,True,180,134.0,True,720,149.0,True,True
1874,1874,1,240,81.0,True,1440,204.0,True,4320,371.0,True,True
1875,1875,1,240,26.0,True,1440,308.0,True,4320,586.0,True,True
1876,1876,1,240,41.0,True,1440,141.0,True,4320,699.0,True,True
1877,1877,1,240,14.0,True,1440,66.0,True,4320,236.0,True,True
1878,1878,2,120,25.0,True,720,117.0,True,2880,245.0,True,True
1879,1879,3,60,29.0,True,360,86.0,True,1440,179.0,True,True
1880,1880,1,240,40.0,True,1440,148.0,True,4320,175.0,True,True
1881,1881,3,60,31.0,True,360,211.0,True,1440,546.0,True,True
1882,1882,1,240,29.0,True,1440,83.0,True,4320,421.0,True,True
1883,1883,4,30,19.0,True,180,82.0,True,720,238.0,True,True
1884,1884,1,240,21.0,True,1440,232.0,True,4320,276.0,True,True
1885,1885,3,60,22.0,True,360,183.0,True,1440,221.0,True,True
1886,1886,2,120,14.0,True,720,171.0,True,2880,420.0,True,True
1887,1887,1,240,16.0,True,1440,172.0,True,4320,1040.0,True,True
1888,1888,4,30,11.0,True,180,154.0,True,720,279.0,True,True
1889,1889,1,240,37.0,True,1440,178.0,True,4320,636.0,True,True
1890,1890,3,60,129.0,False,360,360.0,True,1440,1042.0,True,False
1891,1891,4,30,6.0,True,180,50.0,True,720,143.0,True,True
1892,1892,4,30,18.0,True,180,84.0,True,720,182.0,True,True
1893,1893,2,120,29.0,True,720,274.0,True,2880,400.0,True,True
1894,1894,2,120,11.0,True,720,56.0,True,2880,99.0,True,True
1895,1895,1,240,14.0,True,1440,186.0,True,4320,287.0,True,True
1896,1896,1,240,107.0,True,1440,247.0,True,4320,468.0,True,True
1897,1897,3,60,8.0,True,360,114.0,True,1440,541.0,True,True
1898,1898,2,120,34.0,True,720,84.0,True,2880,326.0,True,True
1899,1899,4,30,8.0,True,180,60.0,True,720,91.0,True,True
1900,1900,4,30,12.0,True,180,37.0,True,720,131.0,True,True
1901,1901,3,60,5.0,True,360,58.0,True,1440,253.0,True,True
1902,1902,3,60,11.0,True,360,239.0,True,1440,435.0,True,True
1903,1903,1,240,19.0,True,1440,70.0,True,4320,823.0,True,True
1904,1904,1,240,20.0,True,1440,60.0,True,4320,148.0,True,True
1905,1905,2,120,40.0,True,720,113.0,True,2880,223.0,True,True
1906,1906,1,240,46.0,True,1440,111.0,True,4320,326.0,True,True
1907,1907,1,240,24.0,True,1440,161.0,True,4320,,False,False
1908,1908,2,120,47.0,True,720,191.0,True,2880,422.0,True,True
1909,1909,1,240,15.0,True,1440,124.0,True,4320,412.0,True,True
1910,1910,2,120,18.0,True,720,233.0,True,2880,397.0,True,True
1911,1911,1,240,26.0,True,1440,185.0,True,4320,277.0,True,True
1912,1912,2,120,21.0,True,720,234.0,True,2880,428.0,True,True
1913,1913,3,60,4.0,True,360,237.0,True,1440,734.0,True,True
1914,1914,2,120,55.0,True,720,346.0,True,2880,450.0,True,True
1915,1915,3,60,42.0,True,360,93.0,True,1440,119.0,True,True
1916,1916,2,120,17.0,True,720,103.0,True,2880,376.0,True,True
1917,1917,2,120,1.0,True,720,165.0,True,2880,1077.0,True,True
1918,1918,1,240,43.0,True,1440,534.0,True,4320,1059.0,True,True
1919,1919,3,60,7.0,True,360,,False,1440,,False,False
1920,1920,1,240,23.0,True,1440,80.0,True,4320,481.0,True,True
1921,1921,4,30,9.0,True,180,63.0,True,720,114.0,True,True
1922,1922,2,120,49.0,True,720,232.0,True,2880,377.0,True,True
1923,1923,1,240,6.0,True,1440,116.0,True,4320,201.0,True,True
1924,1924,1,240,7.0,True,1440,81.0,True,4320,222.0,True,True
1925,1925,1,240,15.0,True,1440,58.0,True,4320,368.0,True,True
1926,1926,2,120,32.0,True,720,,False,2880,,False,False
1927,1927,1,240,44.0,True,1440,152.0,True,4320,502.0,True,True
1928,1928,2,120,22.0,True,720,289.0,True,2880,390.0,True,True
1929,1929,1,240,7.0,True,1440,104.0,True,4320,814.0,True,True
1930,1930,2,120,12.0,True,720,60.0,True,2880,138.0,True,True
1931,1931,1,240,45.0,True,1440,169.0,True,4320,402.0,True,True
1932,1932,4,30,7.0,True,180,188.0,False,720,239.0,True,False
1933,1933,1,240,12.0,True,1440,327.0,True,4320,437.0,True,True
1934,1934,1,240,17.0,True,1440,110.0,True,4320,211.0,True,True
1935,1935,2,120,18.0,True,720,170.0,True,2880,821.0,True,True
1936,1936,3,60,20.0,True,360,140.0,True,1440,198.0,True,True
1937,1937,1,240,24.0,True,1440,126.0,True,4320,501.0,True,True
1938,1938,1,240,45.0,True,1440,197.0,True,4320,622.0,True,True
1939,1939,4,30,7.0,True,180,119.0,True,720,235.0,True,True
1940,1940,2,120,170.0,False,720,297.0,True,2880,893.0,True,False
1941,1941,5,15,54.0,False,60,113.0,False,240,156.0,True,False
1942,1942,4,30,8.0,True,180,63.0,True,720,255.0,True,True
1943,1943,1,240,11.0,True,1440,114.0,True,4320,248.0,True,True
1944,1944,2,120,13.0,True,720,134.0,True,2880,274.0,True,True
1945,1945,2,120,26.0,True,720,84.0,True,2880,405.0,True,True
1946,1946,1,240,21.0,True,1440,201.0,True,4320,304.0,True,True
1947,1947,2,120,15.0,True,720,125.0,True,2880,396.0,True,True
1948,1948,1,240,53.0,True,1440,140.0,True,4320,271.0,True,True
1949,1949,2,120,25.0,True,720,57.0,True,2880,165.0,True,True
1950,1950,2,120,41.0,True,720,74.0,True,2880,118.0,True,True
1951,1951,2,120,21.0,True,720,184.0,True,2880,233.0,True,True
1952,1952,2,120,12.0,True,720,449.0,True,2880,693.0,True,True
1953,1953,1,240,12.0,True,1440,106.0,True,4320,205.0,True,True
1954,1954,2,120,12.0,True,720,42.0,True,2880,210.0,True,True
1955,1955,3,60,22.0,True,360,65.0,True,1440,157.0,True,True
1956,1956,3,60,12.0,True,360,,False,1440,,False,False
1957,1957,3,60,46.0,True,360,99.0,True,1440,277.0,True,True
1958,1958,1,240,67.0,True,1440,85.0,True,4320,1050.0,True,True
1959,1959,3,60,25.0,True,360,59.0,True,1440,281.0,True,True
1960,1960,1,240,34.0,True,1440,110.0,True,4320,310.0,True,True
1961,1961,1,240,34.0,True,1440,177.0,True,4320,1172.0,True,True
1962,1962,2,120,10.0,True,720,71.0,True,2880,269.0,True,True
1963,1963,3,60,43.0,True,360,95.0,True,1440,115.0,True,True
1964,1964,3,60,7.0,True,360,58.0,True,1440,127.0,True,True
1965,1965,2,120,13.0,True,720,85.0,True,2880,117.0,True,True
1966,1966,1,240,36.0,True,1440,98.0,True,4320,336.0,True,True
1967,1967,1,240,21.0,True,1440,78.0,True,4320,448.0,True,True
1968,1968,1,240,70.0,True,1440,362.0,True,4320,729.0,True,True
1969,1969,2,120,16.0,True,720,94.0,True,2880,292.0,True,True
1970,1970,2,120,29.0,True,720,105.0,True,2880,232.0,True,True
1971,1971,2,120,14.0,True,720,94.0,True,2880,230.0,True,True
1972,1972,5,15,34.0,False,60,227.0,False,240,485.0,False,False
1973,1973,1,240,20.0,True,1440,194.0,True,4320,410.0,True,True
1974,1974,2,120,28.0,True,720,119.0,True,2880,180.0,True,True
1975,1975,3,60,11.0,True,360,309.0,True,1440,494.0,True,True
1976,1976,1,240,88.0,True,1440,127.0,True,4320,486.0,True,True
1977,1977,4,30,16.0,True,180,247.0,False,720,408.0,True,False
1978,1978,1,240,37.0,True,1440,229.0,True,4320,400.0,True,True
1979,1979,3,60,55.0,True,360,157.0,True,1440,451.0,True,True
1980,1980,1,240,46.0,True,1440,141.0,True,4320,324.0,True,True
1981,1981,2,120,8.0,True,720,230.0,True,2880,296.0,True,True
1982,1982,1,240,51.0,True,1440,479.0,True,4320,592.0,True,True
1983,1983,1,240,10.0,True,1440,233.0,True,4320,386.0,True,True
1984,1984,3,60,24.0,True,360,78.0,True,1440,93.0,True,True
1985,1985,2,120,27.0,True,720,140.0,True,2880,383.0,True,True
1986,1986,2,120,7.0,True,720,108.0,True,2880,294.0,True,True
1987,1987,3,60,19.0,True,360,59.0,True,1440,116.0,True,True
1988,1988,2,120,11.0,True,720,387.0,True,2880,605.0,True,True
1989,1989,2,120,34.0,True,720,134.0,True,2880,1581.0,True,True
1990,1990,4,30,18.0,True,180,,False,720,,False,False
1991,1991,2,120,8.0,True,720,239.0,True,2880,311.0,True,True
1992,1992,5,15,17.0,False,60,,False,240,,False,False
1993,1993,1,240,14.0,True,1440,146.0,True,4320,244.0,True,True
1994,1994,3,60,38.0,True,360,127.0,True,1440,162.0,True,True
1995,1995,1,240,10.0,True,1440,134.0,True,4320,850.0,True,True
1996,1996,3,60,15.0,True,360,146.0,True,1440,414.0,True,True
1997,1997,2,120,8.0,True,720,58.0,True,2880,242.0,True,True
1998,1998,2,120,24.0,True,720,181.0,True,2880,,False,False
1999,1999,2,120,17.0,True,720,181.0,True,2880,227.0,True,True
2000,2000,3,60,12.0,True,360,110.0,True,1440,332.0,True,True
2001,2001,5,15,15.0,True,60,75.0,False,240,253.0,False,False
2002,2002,2,120,25.0,True,720,,False,2880,,False,False
2003,2003,4,30,5.0,True,180,30.0,True,720,100.0,True,True
2004,2004,2,120,10.0,True,720,175.0,True,2880,251.0,True,True
2005,2005,1,240,32.0,True,1440,123.0,True,4320,349.0,True,True
2006,2006,3,60,19.0,True,360,72.0,True,1440,155.0,True,True
2007,2007,1,240,,False,1440,,False,4320,,False,False
2008,2008,3,60,19.0,True,360,98.0,True,1440,454.0,True,True
2009,2009,1,240,8.0,True,1440,108.0,True,4320,273.0,True,True
2010,2010,2,120,22.0,True,720,271.0,True,2880,560.0,True,True
2011,2011,4,30,13.0,True,180,132.0,True,720,424.0,True,True
2012,2012,2,120,21.0,True,720,180.0,True,2880,356.0,True,True
2013,2013,1,240,6.0,True,1440,119.0,True,4320,302.0,True,True
2014,2014,3,60,16.0,True,360,76.0,True,1440,142.0,True,True
2015,2015,3,60,7.0,True,360,109.0,True,1440,244.0,True,True
2016,2016,1,240,13.0,True,1440,106.0,True,4320,250.0,True,True
2017,2017,2,120,32.0,True,720,98.0,True,2880,245.0,True,True
2018,2018,3,60,8.0,True,360,61.0,True,1440,95.0,True,True
2019,2019,1,240,12.0,True,1440,357.0,True,4320,740.0,True,True
2020,2020,1,240,99.0,True,1440,147.0,True,4320,233.0,True,True
2021,2021,1,240,38.0,True,1440,178.0,True,4320,350.0,True,True
2022,2022,1,240,34.0,True,1440,112.0,True,4320,213.0,True,True
2023,2023,1,240,,False,1440,,False,4320,,False,False
2024,2024,5,15,4.0,True,60,46.0,True,240,185.0,True,True
2025,2025,3,60,16.0,True,360,76.0,True,1440,167.0,True,True
2026,2026,1,240,16.0,True,1440,87.0,True,4320,505.0,True,True
2027,2027,1,240,14.0,True,1440,217.0,True,4320,,False,False
2028,2028,2,120,20.0,True,720,181.0,True,2880,995.0,True,True
2029,2029,1,240,15.0,True,1440,86.0,True,4320,344.0,True,True
2030,2030,2,120,28.0,True,720,220.0,True,2880,386.0,True,True
2031,2031,2,120,17.0,True,720,443.0,True,2880,498.0,True,True
2032,2032,5,15,4.0,True,60,37.0,True,240,79.0,True,True
2033,2033,3,60,9.0,True,360,478.0,False,1440,557.0,True,False
2034,2034,2,120,10.0,True,720,223.0,True,2880,,False,False
2035,2035,1,240,11.0,True,1440,154.0,True,4320,320.0,True,True
2036,2036,4,30,17.0,True,180,114.0,True,720,166.0,True,True
2037,2037,2,120,16.0,True,720,141.0,True,2880,924.0,True,True
2038,2038,1,240,18.0,True,1440,75.0,True,4320,287.0,True,True
2039,2039,1,240,29.0,True,1440,164.0,True,4320,729.0,True,True
2040,2040,2,120,18.0,True,720,181.0,True,2880,226.0,True,True
2041,2041,3,60,12.0,True,360,202.0,True,1440,307.0,True,True
2042,2042,3,60,8.0,True,360,190.0,True,1440,252.0,True,True
2043,2043,1,240,66.0,True,1440,254.0,True,4320,1063.0,True,True
2044,2044,2,120,39.0,True,720,142.0,True,2880,538.0,True,True
2045,2045,1,240,48.0,True,1440,347.0,True,4320,1036.0,True,True
2046,2046,4,30,21.0,True,180,178.0,True,720,330.0,True,True
2047,2047,1,240,65.0,True,1440,176.0,True,4320,259.0,True,True
2048,2048,1,240,22.0,True,1440,97.0,True,4320,318.0,True,True
2049,2049,2,120,10.0,True,720,211.0,True,2880,290.0,True,True
2050,2050,1,240,16.0,True,1440,182.0,True,4320,249.0,True,True
2051,2051,4,30,6.0,True,180,75.0,True,720,92.0,True,True
2052,2052,1,240,33.0,True,1440,,False,4320,,False,False
2053,2053,4,30,4.0,True,180,120.0,True,720,614.0,True,True
2054,2054,1,240,17.0,True,1440,84.0,True,4320,192.0,True,True
2055,2055,1,240,20.0,True,1440,392.0,True,4320,709.0,True,True
2056,2056,2,120,7.0,True,720,198.0,True,2880,340.0,True,True
2057,2057,3,60,48.0,True,360,349.0,True,1440,585.0,True,True
2058,2058,2,120,5.0,True,720,68.0,True,2880,216.0,True,True
2059,2059,2,120,61.0,True,720,435.0,True,2880,672.0,True,True
2060,2060,1,240,33.0,True,1440,135.0,True,4320,268.0,True,True
2061,2061,1,240,16.0,True,1440,213.0,True,4320,867.0,True,True
2062,2062,1,240,31.0,True,1440,102.0,True,4320,496.0,True,True
2063,2063,1,240,76.0,True,1440,136.0,True,4320,249.0,True,True
2064,2064,3,60,16.0,True,360,55.0,True,1440,69.0,True,True
2065,2065,5,15,55.0,False,60,89.0,False,240,218.0,True,False
2066,2066,2,120,30.0,True,720,129.0,True,2880,580.0,True,True
2067,2067,1,240,23.0,True,1440,84.0,True,4320,145.0,True,True
2068,2068,1,240,34.0,True,1440,439.0,True,4320,537.0,True,True
2069,2069,2,120,14.0,True,720,282.0,True,2880,575.0,True,True
2070,2070,4,30,40.0,False,180,82.0,True,720,134.0,True,False
2071,2071,1,240,81.0,True,1440,136.0,True,4320,333.0,True,True
2072,2072,2,120,2.0,True,720,65.0,True,2880,205.0,True,True
2073,2073,1,240,30.0,True,1440,111.0,True,4320,210.0,True,True
2074,2074,2,120,8.0,True,720,182.0,True,2880,906.0,True,True
2075,2075,5,15,18.0,False,60,98.0,False,240,128.0,True,False
2076,2076,1,240,15.0,True,1440,137.0,True,4320,156.0,True,True
2077,2077,1,240,31.0,True,1440,156.0,True,4320,738.0,True,True
2078,2078,1,240,11.0,True,1440,210.0,True,4320,711.0,True,True
2079,2079,3,60,6.0,True,360,126.0,True,1440,251.0,True,True
2080,2080,2,120,13.0,True,720,107.0,True,2880,312.0,True,True
2081,2081,1,240,10.0,True,1440,37.0,True,4320,159.0,True,True
2082,2082,4,30,10.0,True,180,84.0,True,720,153.0,True,True
2083,2083,4,30,15.0,True,180,103.0,True,720,255.0,True,True
2084,2084,1,240,5.0,True,1440,142.0,True,4320,481.0,True,True
2085,2085,2,120,11.0,True,720,75.0,True,2880,425.0,True,True
2086,2086,1,240,7.0,True,1440,99.0,True,4320,505.0,True,True
2087,2087,3,60,16.0,True,360,82.0,True,1440,157.0,True,True
2088,2088,2,120,28.0,True,720,64.0,True,2880,219.0,True,True
2089,2089,1,240,63.0,True,1440,178.0,True,4320,582.0,True,True
2090,2090,1,240,24.0,True,1440,111.0,True,4320,417.0,True,True
2091,2091,1,240,57.0,True,1440,266.0,True,4320,421.0,True,True
2092,2092,1,240,30.0,True,1440,348.0,True,4320,382.0,True,True
2093,2093,3,60,17.0,True,360,138.0,True,1440,220.0,True,True
2094,2094,3,60,45.0,True,360,274.0,True,1440,465.0,True,True
2095,2095,2,120,14.0,True,720,261.0,True,2880,940.0,True,True
2096,2096,3,60,58.0,True,360,189.0,True,1440,313.0,True,True
2097,2097,2,120,201.0,False,720,330.0,True,2880,407.0,True,False
2098,2098,4,30,4.0,True,180,154.0,True,720,237.0,True,True
2099,2099,3,60,4.0,True,360,256.0,True,1440,414.0,True,True
2100,2100,1,240,56.0,True,1440,265.0,True,4320,346.0,True,True
2101,2101,2,120,52.0,True,720,168.0,True,2880,290.0,True,True
2102,2102,2,120,27.0,True,720,490.0,True,2880,546.0,True,True
2103,2103,4,30,25.0,True,180,171.0,True,720,226.0,True,True
2104,2104,2,120,9.0,True,720,45.0,True,2880,457.0,True,True
2105,2105,1,240,27.0,True,1440,297.0,True,4320,372.0,True,True
2106,2106,2,120,9.0,True,720,88.0,True,2880,167.0,True,True
2107,2107,5,15,13.0,True,60,28.0,True,240,170.0,True,True
2108,2108,1,240,13.0,True,1440,159.0,True,4320,622.0,True,True
2109,2109,3,60,13.0,True,360,,False,1440,,False,False
2110,2110,3,60,16.0,True,360,101.0,True,1440,187.0,True,True
2111,2111,5,15,50.0,False,60,209.0,False,240,275.0,False,False
2112,2112,1,240,20.0,True,1440,138.0,True,4320,485.0,True,True
2113,2113,1,240,,False,1440,,False,4320,,False,False
2114,2114,2,120,14.0,True,720,92.0,True,2880,203.0,True,True
2115,2115,1,240,15.0,True,1440,79.0,True,4320,290.0,True,True
2116,2116,1,240,31.0,True,1440,107.0,True,4320,370.0,True,True
2117,2117,1,240,28.0,True,1440,129.0,True,4320,461.0,True,True
2118,2118,4,30,17.0,True,180,98.0,True,720,537.0,True,True
2119,2119,4,30,,False,180,,False,720,,False,False
2120,2120,2,120,12.0,True,720,93.0,True,2880,324.0,True,True
2121,2121,2,120,15.0,True,720,99.0,True,2880,526.0,True,True
2122,2122,2,120,9.0,True,720,122.0,True,2880,142.0,True,True
2123,2123,1,240,18.0,True,1440,180.0,True,4320,614.0,True,True
2124,2124,3,60,18.0,True,360,,False,1440,,False,False
2125,2125,4,30,19.0,True,180,144.0,True,720,263.0,True,True
2126,2126,2,120,41.0,True,720,129.0,True,2880,323.0,True,True
2127,2127,1,240,18.0,True,1440,367.0,True,4320,669.0,True,True
2128,2128,1,240,29.0,True,1440,251.0,True,4320,431.0,True,True
2129,2129,1,240,91.0,True,1440,181.0,True,4320,1095.0,True,True
2130,2130,2,120,40.0,True,720,187.0,True,2880,305.0,True,True
2131,2131,3,60,8.0,True,360,126.0,True,1440,171.0,True,True
2132,2132,2,120,13.0,True,720,56.0,True,2880,172.0,True,True
2133,2133,1,240,17.0,True,1440,239.0,True,4320,533.0,True,True
2134,2134,3,60,21.0,True,360,94.0,True,1440,199.0,True,True
2135,2135,4,30,9.0,True,180,53.0,True,720,215.0,True,True
2136,2136,3,60,8.0,True,360,84.0,True,1440,135.0,True,True
2137,2137,2,120,28.0,True,720,124.0,True,2880,150.0,True,True
2138,2138,1,240,12.0,True,1440,47.0,True,4320,557.0,True,True
2139,2139,4,30,6.0,True,180,141.0,True,720,276.0,True,True
2140,2140,1,240,27.0,True,1440,54.0,True,4320,142.0,True,True
2141,2141,2,120,22.0,True,720,91.0,True,2880,162.0,True,True
2142,2142,1,240,12.0,True,1440,74.0,True,4320,647.0,True,True
2143,2143,1,240,188.0,True,1440,574.0,True,4320,672.0,True,True
2144,2144,2,120,50.0,True,720,153.0,True,2880,744.0,True,True
2145,2145,1,240,29.0,True,1440,108.0,True,4320,261.0,True,True
2146,2146,1,240,26.0,True,1440,97.0,True,4320,200.0,True,True
2147,2147,1,240,50.0,True,1440,173.0,True,4320,1018.0,True,True
2148,2148,1,240,46.0,True,1440,217.0,True,4320,237.0,True,True
2149,2149,4,30,23.0,True,180,146.0,True,720,194.0,True,True
2150,2150,2,120,27.0,True,720,270.0,True,2880,554.0,True,True
2151,2151,2,120,9.0,True,720,269.0,True,2880,417.0,True,True
2152,2152,3,60,,False,360,,False,1440,,False,False
2153,2153,2,120,24.0,True,720,123.0,True,2880,223.0,True,True
2154,2154,2,120,8.0,True,720,143.0,True,2880,376.0,True,True
2155,2155,2,120,11.0,True,720,128.0,True,2880,702.0,True,True
2156,2156,1,240,35.0,True,1440,122.0,True,4320,1115.0,True,True
2157,2157,2,120,10.0,True,720,185.0,True,2880,212.0,True,True
2158,2158,2,120,21.0,True,720,81.0,True,2880,413.0,True,True
2159,2159,2,120,15.0,True,720,136.0,True,2880,211.0,True,True
2160,2160,3,60,31.0,True,360,83.0,True,1440,202.0,True,True
2161,2161,3,60,48.0,True,360,97.0,True,1440,177.0,True,True
2162,2162,1,240,27.0,True,1440,94.0,True,4320,189.0,True,True
2163,2163,2,120,15.0,True,720,270.0,True,2880,315.0,True,True
2164,2164,1,240,32.0,True,1440,127.0,True,4320,279.0,True,True
2165,2165,1,240,18.0,True,1440,654.0,True,4320,828.0,True,True
2166,2166,3,60,12.0,True,360,,False,1440,,False,False
2167,2167,3,60,17.0,True,360,94.0,True,1440,549.0,True,True
2168,2168,2,120,15.0,True,720,284.0,True,2880,335.0,True,True
2169,2169,5,15,6.0,True,60,63.0,False,240,131.0,True,False
2170,2170,2,120,18.0,True,720,175.0,True,2880,1285.0,True,True
2171,2171,2,120,11.0,True,720,154.0,True,2880,304.0,True,True
2172,2172,1,240,54.0,True,1440,105.0,True,4320,365.0,True,True
2173,2173,1,240,42.0,True,1440,86.0,True,4320,194.0,True,True
2174,2174,2,120,37.0,True,720,119.0,True,2880,360.0,True,True
2175,2175,2,120,32.0,True,720,127.0,True,2880,212.0,True,True
2176,2176,5,15,15.0,True,60,62.0,False,240,239.0,True,False
2177,2177,1,240,80.0,True,1440,123.0,True,4320,196.0,True,True
2178,2178,2,120,38.0,True,720,132.0,True,2880,274.0,True,True
2179,2179,3,60,8.0,True,360,132.0,True,1440,342.0,True,True
2180,2180,4,30,23.0,True,180,222.0,False,720,347.0,True,False
2181,2181,1,240,3.0,True,1440,164.0,True,4320,1126.0,True,True
2182,2182,4,30,8.0,True,180,36.0,True,720,63.0,True,True
2183,2183,4,30,4.0,True,180,63.0,True,720,111.0,True,True
2184,2184,5,15,18.0,False,60,57.0,True,240,170.0,True,False
2185,2185,3,60,23.0,True,360,96.0,True,1440,141.0,True,True
2186,2186,1,240,9.0,True,1440,191.0,True,4320,297.0,True,True
2187,2187,2,120,10.0,True,720,134.0,True,2880,383.0,True,True
2188,2188,3,60,44.0,True,360,95.0,True,1440,274.0,True,True
2189,2189,1,240,43.0,True,1440,204.0,True,4320,612.0,True,True
2190,2190,1,240,17.0,True,1440,130.0,True,4320,270.0,True,True
2191,2191,1,240,32.0,True,1440,,False,4320,,False,False
2192,2192,3,60,22.0,True,360,71.0,True,1440,121.0,True,True
2193,2193,2,120,38.0,True,720,89.0,True,2880,282.0,True,True
2194,2194,3,60,10.0,True,360,293.0,True,1440,557.0,True,True
2195,2195,1,240,21.0,True,1440,100.0,True,4320,192.0,True,True
2196,2196,5,15,10.0,True,60,97.0,False,240,229.0,True,False
2197,2197,1,240,77.0,True,1440,136.0,True,4320,279.0,True,True
2198,2198,1,240,25.0,True,1440,112.0,True,4320,207.0,True,True
2199,2199,1,240,119.0,True,1440,189.0,True,4320,625.0,True,True
2200,2200,2,120,119.0,True,720,162.0,True,2880,271.0,True,True
2201,2201,1,240,9.0,True,1440,83.0,True,4320,417.0,True,True
2202,2202,1,240,52.0,True,1440,202.0,True,4320,1088.0,True,True
2203,2203,3,60,10.0,True,360,95.0,True,1440,324.0,True,True
2204,2204,1,240,78.0,True,1440,112.0,True,4320,124.0,True,True
2205,2205,2,120,33.0,True,720,130.0,True,2880,432.0,True,True
2206,2206,1,240,22.0,True,1440,341.0,True,4320,805.0,True,True
2207,2207,1,240,12.0,True,1440,132.0,True,4320,346.0,True,True
2208,2208,1,240,15.0,True,1440,105.0,True,4320,222.0,True,True
2209,2209,4,30,16.0,True,180,85.0,True,720,160.0,True,True
2210,2210,4,30,24.0,True,180,60.0,True,720,162.0,True,True
2211,2211,1,240,33.0,True,1440,164.0,True,4320,283.0,True,True
2212,2212,1,240,39.0,True,1440,97.0,True,4320,161.0,True,True
2213,2213,2,120,21.0,True,720,853.0,False,2880,1008.0,True,False
2214,2214,2,120,20.0,True,720,66.0,True,2880,571.0,True,True
2215,2215,1,240,9.0,True,1440,266.0,True,4320,804.0,True,True
2216,2216,1,240,17.0,True,1440,,False,4320,,False,False
2217,2217,2,120,32.0,True,720,88.0,True,2880,365.0,True,True
2218,2218,1,240,22.0,True,1440,100.0,True,4320,483.0,True,True
2219,2219,1,240,13.0,True,1440,140.0,True,4320,445.0,True,True
2220,2220,1,240,71.0,True,1440,196.0,True,4320,407.0,True,True
2221,2221,2,120,23.0,True,720,175.0,True,2880,644.0,True,True
2222,2222,2,120,19.0,True,720,159.0,True,2880,245.0,True,True
2223,2223,1,240,7.0,True,1440,115.0,True,4320,214.0,True,True
2224,2224,1,240,32.0,True,1440,230.0,True,4320,427.0,True,True
2225,2225,3,60,12.0,True,360,66.0,True,1440,338.0,True,True
2226,2226,1,240,30.0,True,1440,112.0,True,4320,173.0,True,True
2227,2227,5,15,5.0,True,60,96.0,False,240,117.0,True,False
2228,2228,1,240,25.0,True,1440,64.0,True,4320,402.0,True,True
2229,2229,3,60,22.0,True,360,63.0,True,1440,279.0,True,True
2230,2230,1,240,15.0,True,1440,96.0,True,4320,175.0,True,True
2231,2231,1,240,20.0,True,1440,396.0,True,4320,508.0,True,True
2232,2232,1,240,102.0,True,1440,259.0,True,4320,549.0,True,True
2233,2233,2,120,9.0,True,720,60.0,True,2880,99.0,True,True
2234,2234,1,240,20.0,True,1440,,False,4320,,False,False
2235,2235,2,120,34.0,True,720,,False,2880,,False,False
2236,2236,1,240,25.0,True,1440,146.0,True,4320,1313.0,True,True
2237,2237,3,60,11.0,True,360,159.0,True,1440,464.0,True,True
2238,2238,5,15,33.0,False,60,100.0,False,240,128.0,True,False
2239,2239,2,120,38.0,True,720,,False,2880,,False,False
2240,2240,4,30,17.0,True,180,53.0,True,720,206.0,True,True
2241,2241,2,120,77.0,True,720,168.0,True,2880,238.0,True,True
2242,2242,1,240,14.0,True,1440,50.0,True,4320,128.0,True,True
2243,2243,3,60,4.0,True,360,,False,1440,,False,False
2244,2244,4,30,10.0,True,180,,False,720,,False,False
2245,2245,1,240,81.0,True,1440,504.0,True,4320,693.0,True,True
2246,2246,1,240,27.0,True,1440,184.0,True,4320,601.0,True,True
2247,2247,3,60,,False,360,,False,1440,,False,False
2248,2248,1,240,21.0,True,1440,,False,4320,,False,False
2249,2249,2,120,20.0,True,720,94.0,True,2880,395.0,True,True
2250,2250,2,120,36.0,True,720,289.0,True,2880,385.0,True,True
2251,2251,1,240,27.0,True,1440,,False,4320,,False,False
2252,2252,2,120,60.0,True,720,253.0,True,2880,658.0,True,True
2253,2253,4,30,26.0,True,180,91.0,True,720,151.0,True,True
2254,2254,2,120,8.0,True,720,76.0,True,2880,1096.0,True,True
2255,2255,1,240,60.0,True,1440,248.0,True,4320,433.0,True,True
2256,2256,1,240,29.0,True,1440,197.0,True,4320,344.0,True,True
2257,2257,1,240,33.0,True,1440,261.0,True,4320,518.0,True,True
2258,2258,2,120,36.0,True,720,123.0,True,2880,145.0,True,True
2259,2259,5,15,12.0,True,60,100.0,False,240,169.0,True,False
2260,2260,1,240,21.0,True,1440,305.0,True,4320,408.0,True,True
2261,2261,1,240,14.0,True,1440,208.0,True,4320,904.0,True,True
2262,2262,2,120,13.0,True,720,235.0,True,2880,414.0,True,True
2263,2263,2,120,17.0,True,720,,False,2880,,False,False
2264,2264,3,60,48.0,True,360,198.0,True,1440,466.0,True,True
2265,2265,1,240,19.0,True,1440,148.0,True,4320,859.0,True,True
2266,2266,2,120,27.0,True,720,112.0,True,2880,165.0,True,True
2267,2267,1,240,26.0,True,1440,115.0,True,4320,421.0,True,True
2268,2268,3,60,22.0,True,360,109.0,True,1440,202.0,True,True
2269,2269,1,240,26.0,True,1440,190.0,True,4320,313.0,True,True
2270,2270,3,60,24.0,True,360,147.0,True,1440,456.0,True,True
2271,2271,1,240,59.0,True,1440,208.0,True,4320,559.0,True,True
2272,2272,3,60,5.0,True,360,80.0,True,1440,244.0,True,True
2273,2273,4,30,11.0,True,180,138.0,True,720,233.0,True,True
2274,2274,2,120,19.0,True,720,,False,2880,,False,False
2275,2275,3,60,3.0,True,360,107.0,True,1440,333.0,True,True
2276,2276,1,240,13.0,True,1440,332.0,True,4320,916.0,True,True
2277,2277,4,30,7.0,True,180,112.0,True,720,185.0,True,True
2278,2278,3,60,26.0,True,360,46.0,True,1440,1529.0,False,False
2279,2279,1,240,32.0,True,1440,208.0,True,4320,368.0,True,True
2280,2280,1,240,40.0,True,1440,248.0,True,4320,491.0,True,True
2281,2281,2,120,9.0,True,720,54.0,True,2880,128.0,True,True
2282,2282,2,120,12.0,True,720,242.0,True,2880,321.0,True,True
2283,2283,1,240,31.0,True,1440,76.0,True,4320,173.0,True,True
2284,2284,2,120,37.0,True,720,312.0,True,2880,575.0,True,True
2285,2285,1,240,36.0,True,1440,178.0,True,4320,1235.0,True,True
2286,2286,3,60,16.0,True,360,148.0,True,1440,392.0,True,True
2287,2287,5,15,18.0,False,60,78.0,False,240,252.0,False,False
2288,2288,1,240,50.0,True,1440,176.0,True,4320,297.0,True,True
2289,2289,3,60,31.0,True,360,108.0,True,1440,321.0,True,True
2290,2290,1,240,15.0,True,1440,355.0,True,4320,871.0,True,True
2291,2291,4,30,13.0,True,180,74.0,True,720,215.0,True,True
2292,2292,1,240,13.0,True,1440,77.0,True,4320,382.0,True,True
2293,2293,2,120,21.0,True,720,269.0,True,2880,909.0,True,True
2294,2294,3,60,22.0,True,360,106.0,True,1440,228.0,True,True
2295,2295,2,120,29.0,True,720,185.0,True,2880,316.0,True,True
2296,2296,3,60,14.0,True,360,81.0,True,1440,189.0,True,True
2297,2297,3,60,9.0,True,360,129.0,True,1440,417.0,True,True
2298,2298,1,240,36.0,True,1440,505.0,True,4320,596.0,True,True
2299,2299,3,60,45.0,True,360,168.0,True,1440,382.0,True,True
2300,2300,3,60,36.0,True,360,67.0,True,1440,196.0,True,True
2301,2301,1,240,27.0,True,1440,,False,4320,,False,False
2302,2302,2,120,9.0,True,720,72.0,True,2880,372.0,True,True
2303,2303,2,120,2.0,True,720,118.0,True,2880,409.0,True,True
2304,2304,3,60,33.0,True,360,346.0,True,1440,,False,False
2305,2305,4,30,15.0,True,180,83.0,True,720,177.0,True,True
2306,2306,1,240,36.0,True,1440,88.0,True,4320,247.0,True,True
2307,2307,4,30,28.0,True,180,108.0,True,720,187.0,True,True
2308,2308,1,240,10.0,True,1440,203.0,True,4320,453.0,True,True
2309,2309,2,120,32.0,True,720,493.0,True,2880,983.0,True,True
2310,2310,2,120,5.0,True,720,141.0,True,2880,247.0,True,True
2311,2311,5,15,3.0,True,60,,False,240,,False,False
2312,2312,1,240,24.0,True,1440,211.0,True,4320,825.0,True,True
2313,2313,1,240,31.0,True,1440,517.0,True,4320,614.0,True,True
2314,2314,1,240,14.0,True,1440,149.0,True,4320,,False,False
2315,2315,1,240,35.0,True,1440,101.0,True,4320,289.0,True,True
2316,2316,3,60,7.0,True,360,,False,1440,,False,False
2317,2317,2,120,40.0,True,720,65.0,True,2880,112.0,True,True
2318,2318,3,60,43.0,True,360,182.0,True,1440,375.0,True,True
2319,2319,3,60,71.0,False,360,139.0,True,1440,349.0,True,False
2320,2320,1,240,26.0,True,1440,221.0,True,4320,481.0,True,True
2321,2321,3,60,10.0,True,360,,False,1440,,False,False
2322,2322,2,120,157.0,False,720,213.0,True,2880,1064.0,True,False
2323,2323,2,120,34.0,True,720,85.0,True,2880,289.0,True,True
2324,2324,2,120,17.0,True,720,,False,2880,,False,False
2325,2325,5,15,2.0,True,60,322.0,False,240,377.0,False,False
2326,2326,3,60,29.0,True,360,140.0,True,1440,283.0,True,True
2327,2327,2,120,38.0,True,720,,False,2880,,False,False
2328,2328,5,15,8.0,True,60,117.0,False,240,374.0,False,False
2329,2329,1,240,12.0,True,1440,266.0,True,4320,478.0,True,True
2330,2330,2,120,50.0,True,720,,False,2880,,False,False
2331,2331,2,120,40.0,True,720,128.0,True,2880,210.0,True,True
2332,2332,1,240,3.0,True,1440,85.0,True,4320,585.0,True,True
2333,2333,2,120,15.0,True,720,92.0,True,2880,130.0,True,True
2334,2334,2,120,13.0,True,720,161.0,True,2880,408.0,True,True
2335,2335,1,240,19.0,True,1440,177.0,True,4320,728.0,True,True
2336,2336,2,120,21.0,True,720,482.0,True,2880,541.0,True,True
2337,2337,1,240,53.0,True,1440,217.0,True,4320,306.0,True,True
2338,2338,2,120,14.0,True,720,116.0,True,2880,401.0,True,True
2339,2339,1,240,17.0,True,1440,100.0,True,4320,226.0,True,True
2340,2340,1,240,15.0,True,1440,130.0,True,4320,268.0,True,True
2341,2341,1,240,8.0,True,1440,231.0,True,4320,409.0,True,True
2342,2342,1,240,50.0,True,1440,175.0,True,4320,563.0,True,True
2343,2343,2,120,74.0,True,720,333.0,True,2880,475.0,True,True
2344,2344,1,240,53.0,True,1440,155.0,True,4320,437.0,True,True
2345,2345,1,240,33.0,True,1440,144.0,True,4320,361.0,True,True
2346,2346,4,30,19.0,True,180,107.0,True,720,173.0,True,True
2347,2347,3,60,32.0,True,360,139.0,True,1440,198.0,True,True
2348,2348,2,120,78.0,True,720,144.0,True,2880,897.0,True,True
2349,2349,1,240,10.0,True,1440,203.0,True,4320,524.0,True,True
2350,2350,3,60,11.0,True,360,67.0,True,1440,264.0,True,True
2351,2351,1,240,61.0,True,1440,,False,4320,,False,False
2352,2352,3,60,1.0,True,360,91.0,True,1440,383.0,True,True
2353,2353,2,120,55.0,True,720,127.0,True,2880,1225.0,True,True
2354,2354,1,240,74.0,True,1440,251.0,True,4320,513.0,True,True
2355,2355,3,60,5.0,True,360,44.0,True,1440,313.0,True,True
2356,2356,1,240,40.0,True,1440,188.0,True,4320,492.0,True,True
2357,2357,3,60,5.0,True,360,154.0,True,1440,282.0,True,True
2358,2358,1,240,17.0,True,1440,84.0,True,4320,195.0,True,True
2359,2359,1,240,28.0,True,1440,122.0,True,4320,167.0,True,True
2360,2360,1,240,119.0,True,1440,225.0,True,4320,307.0,True,True
2361,2361,2,120,16.0,True,720,186.0,True,2880,248.0,True,True
2362,2362,2,120,9.0,True,720,39.0,True,2880,146.0,True,True
2363,2363,3,60,30.0,True,360,,False,1440,,False,False
2364,2364,3,60,24.0,True,360,106.0,True,1440,739.0,True,True
2365,2365,5,15,13.0,True,60,80.0,False,240,316.0,False,False
2366,2366,4,30,10.0,True,180,189.0,False,720,352.0,True,False
2367,2367,5,15,10.0,True,60,106.0,False,240,146.0,True,False
2368,2368,4,30,4.0,True,180,84.0,True,720,242.0,True,True
2369,2369,4,30,5.0,True,180,159.0,True,720,256.0,True,True
2370,2370,1,240,15.0,True,1440,146.0,True,4320,345.0,True,True
2371,2371,3,60,11.0,True,360,161.0,True,1440,202.0,True,True
2372,2372,1,240,24.0,True,1440,129.0,True,4320,566.0,True,True
2373,2373,2,120,34.0,True,720,325.0,True,2880,384.0,True,True
2374,2374,1,240,22.0,True,1440,43.0,True,4320,137.0,True,True
2375,2375,2,120,31.0,True,720,75.0,True,2880,534.0,True,True
2376,2376,3,60,50.0,True,360,229.0,True,1440,412.0,True,True
2377,2377,2,120,15.0,True,720,,False,2880,,False,False
2378,2378,1,240,13.0,True,1440,224.0,True,4320,419.0,True,True
2379,2379,3,60,11.0,True,360,128.0,True,1440,244.0,True,True
2380,2380,4,30,36.0,False,180,140.0,True,720,201.0,True,False
2381,2381,3,60,11.0,True,360,148.0,True,1440,846.0,True,True
2382,2382,3,60,5.0,True,360,67.0,True,1440,150.0,True,True
2383,2383,2,120,13.0,True,720,134.0,True,2880,298.0,True,True
2384,2384,3,60,20.0,True,360,,False,1440,,False,False
2385,2385,5,15,6.0,True,60,85.0,False,240,166.0,True,False
2386,2386,1,240,27.0,True,1440,248.0,True,4320,474.0,True,True
2387,2387,2,120,24.0,True,720,74.0,True,2880,166.0,True,True
2388,2388,3,60,18.0,True,360,106.0,True,1440,133.0,True,True
2389,2389,2,120,34.0,True,720,130.0,True,2880,219.0,True,True
2390,2390,1,240,86.0,True,1440,159.0,True,4320,218.0,True,True
2391,2391,4,30,7.0,True,180,166.0,True,720,292.0,True,True
2392,2392,1,240,20.0,True,1440,338.0,True,4320,682.0,True,True
2393,2393,1,240,8.0,True,1440,118.0,True,4320,875.0,True,True
2394,2394,1,240,47.0,True,1440,89.0,True,4320,179.0,True,True
2395,2395,2,120,18.0,True,720,112.0,True,2880,340.0,True,True
2396,2396,2,120,116.0,True,720,229.0,True,2880,453.0,True,True
2397,2397,1,240,17.0,True,1440,158.0,True,4320,308.0,True,True
2398,2398,1,240,30.0,True,1440,,False,4320,,False,False
2399,2399,2,120,35.0,True,720,99.0,True,2880,155.0,True,True
2400,2400,1,240,47.0,True,1440,173.0,True,4320,191.0,True,True
2401,2401,3,60,17.0,True,360,95.0,True,1440,171.0,True,True
2402,2402,4,30,15.0,True,180,87.0,True,720,206.0,True,True
2403,2403,2,120,145.0,False,720,290.0,True,2880,533.0,True,False
2404,2404,2,120,64.0,True,720,142.0,True,2880,268.0,True,True
2405,2405,3,60,13.0,True,360,42.0,True,1440,70.0,True,True
2406,2406,1,240,10.0,True,1440,177.0,True,4320,442.0,True,True
2407,2407,3,60,29.0,True,360,95.0,True,1440,600.0,True,True
2408,2408,1,240,10.0,True,1440,151.0,True,4320,382.0,True,True
2409,2409,3,60,12.0,True,360,43.0,True,1440,144.0,True,True
2410,2410,1,240,6.0,True,1440,82.0,True,4320,983.0,True,True
2411,2411,1,240,30.0,True,1440,65.0,True,4320,107.0,True,True
2412,2412,1,240,147.0,True,1440,190.0,True,4320,351.0,True,True
2413,2413,1,240,26.0,True,1440,243.0,True,4320,282.0,True,True
2414,2414,2,120,6.0,True,720,49.0,True,2880,108.0,True,True
2415,2415,3,60,18.0,True,360,96.0,True,1440,178.0,True,True
2416,2416,3,60,24.0,True,360,91.0,True,1440,171.0,True,True
2417,2417,1,240,19.0,True,1440,162.0,True,4320,471.0,True,True
2418,2418,3,60,34.0,True,360,132.0,True,1440,235.0,True,True
2419,2419,3,60,15.0,True,360,68.0,True,1440,684.0,True,True
2420,2420,3,60,23.0,True,360,85.0,True,1440,137.0,True,True
2421,2421,2,120,18.0,True,720,229.0,True,2880,564.0,True,True
2422,2422,5,15,13.0,True,60,79.0,False,240,121.0,True,False
2423,2423,5,15,2.0,True,60,65.0,False,240,97.0,True,False
2424,2424,3,60,5.0,True,360,159.0,True,1440,250.0,True,True
2425,2425,2,120,34.0,True,720,117.0,True,2880,230.0,True,True
2426,2426,3,60,7.0,True,360,93.0,True,1440,342.0,True,True
2427,2427,2,120,31.0,True,720,100.0,True,2880,197.0,True,True
2428,2428,3,60,13.0,True,360,121.0,True,1440,338.0,True,True
2429,2429,4,30,4.0,True,180,51.0,True,720,118.0,True,True
2430,2430,2,120,30.0,True,720,177.0,True,2880,222.0,True,True
2431,2431,2,120,36.0,True,720,195.0,True,2880,1277.0,True,True
2432,2432,2,120,27.0,True,720,129.0,True,2880,376.0,True,True
2433,2433,4,30,1.0,True,180,,False,720,,False,False
2434,2434,1,240,19.0,True,1440,107.0,True,4320,267.0,True,True
2435,2435,2,120,47.0,True,720,168.0,True,2880,266.0,True,True
2436,2436,1,240,40.0,True,1440,88.0,True,4320,356.0,True,True
2437,2437,3,60,4.0,True,360,77.0,True,1440,316.0,True,True
2438,2438,1,240,10.0,True,1440,221.0,True,4320,890.0,True,True
2439,2439,2,120,15.0,True,720,,False,2880,,False,False
2440,2440,1,240,17.0,True,1440,135.0,True,4320,625.0,True,True
2441,2441,1,240,22.0,True,1440,138.0,True,4320,214.0,True,True
2442,2442,2,120,12.0,True,720,103.0,True,2880,210.0,True,True
2443,2443,2,120,5.0,True,720,118.0,True,2880,210.0,True,True
2444,2444,2,120,66.0,True,720,131.0,True,2880,736.0,True,True
2445,2445,2,120,21.0,True,720,107.0,True,2880,129.0,True,True
2446,2446,1,240,34.0,True,1440,89.0,True,4320,1268.0,True,True
2447,2447,1,240,38.0,True,1440,106.0,True,4320,1383.0,True,True
2448,2448,3,60,66.0,False,360,99.0,True,1440,194.0,True,False
2449,2449,1,240,11.0,True,1440,68.0,True,4320,188.0,True,True
2450,2450,4,30,3.0,True,180,90.0,True,720,113.0,True,True
2451,2451,2,120,11.0,True,720,48.0,True,2880,59.0,True,True
2452,2452,1,240,11.0,True,1440,102.0,True,4320,272.0,True,True
2453,2453,1,240,55.0,True,1440,109.0,True,4320,312.0,True,True
2454,2454,2,120,50.0,True,720,144.0,True,2880,579.0,True,True
2455,2455,3,60,14.0,True,360,107.0,True,1440,127.0,True,True
2456,2456,4,30,22.0,True,180,89.0,True,720,230.0,True,True
2457,2457,1,240,47.0,True,1440,204.0,True,4320,428.0,True,True
2458,2458,1,240,17.0,True,1440,115.0,True,4320,340.0,True,True
2459,2459,2,120,15.0,True,720,102.0,True,2880,491.0,True,True
2460,2460,1,240,26.0,True,1440,561.0,True,4320,751.0,True,True
2461,2461,3,60,33.0,True,360,,False,1440,,False,False
2462,2462,2,120,,False,720,,False,2880,,False,False
2463,2463,1,240,21.0,True,1440,369.0,True,4320,416.0,True,True
2464,2464,1,240,21.0,True,1440,155.0,True,4320,628.0,True,True
2465,2465,2,120,36.0,True,720,186.0,True,2880,827.0,True,True
2466,2466,1,240,19.0,True,1440,136.0,True,4320,166.0,True,True
2467,2467,1,240,5.0,True,1440,41.0,True,4320,198.0,True,True
2468,2468,2,120,116.0,True,720,,False,2880,,False,False
2469,2469,1,240,13.0,True,1440,166.0,True,4320,287.0,True,True
2470,2470,2,120,34.0,True,720,583.0,True,2880,1054.0,True,True
2471,2471,4,30,20.0,True,180,84.0,True,720,99.0,True,True
2472,2472,1,240,15.0,True,1440,88.0,True,4320,185.0,True,True
2473,2473,3,60,12.0,True,360,52.0,True,1440,63.0,True,True
2474,2474,1,240,16.0,True,1440,172.0,True,4320,317.0,True,True
2475,2475,1,240,63.0,True,1440,486.0,True,4320,547.0,True,True
2476,2476,2,120,28.0,True,720,112.0,True,2880,469.0,True,True
2477,2477,1,240,32.0,True,1440,,False,4320,,False,False
2478,2478,1,240,37.0,True,1440,314.0,True,4320,383.0,True,True
2479,2479,1,240,16.0,True,1440,81.0,True,4320,189.0,True,True
2480,2480,1,240,8.0,True,1440,57.0,True,4320,378.0,True,True
2481,2481,2,120,11.0,True,720,129.0,True,2880,1216.0,True,True
2482,2482,2,120,24.0,True,720,54.0,True,2880,306.0,True,True
2483,2483,3,60,20.0,True,360,117.0,True,1440,165.0,True,True
2484,2484,3,60,6.0,True,360,113.0,True,1440,756.0,True,True
2485,2485,3,60,15.0,True,360,241.0,True,1440,324.0,True,True
2486,2486,3,60,37.0,True,360,93.0,True,1440,1216.0,True,True
2487,2487,1,240,14.0,True,1440,86.0,True,4320,177.0,True,True
2488,2488,4,30,9.0,True,180,,False,720,,False,False
2489,2489,2,120,20.0,True,720,58.0,True,2880,225.0,True,True
2490,2490,1,240,31.0,True,1440,321.0,True,4320,656.0,True,True
2491,2491,1,240,44.0,True,1440,211.0,True,4320,305.0,True,True
2492,2492,4,30,12.0,True,180,60.0,True,720,164.0,True,True
2493,2493,1,240,38.0,True,1440,210.0,True,4320,344.0,True,True
2494,2494,3,60,13.0,True,360,68.0,True,1440,186.0,True,True
2495,2495,1,240,21.0,True,1440,,False,4320,,False,False
2496,2496,2,120,23.0,True,720,100.0,True,2880,252.0,True,True
2497,2497,1,240,58.0,True,1440,335.0,True,4320,798.0,True,True
2498,2498,1,240,30.0,True,1440,246.0,True,4320,630.0,True,True
2499,2499,1,240,31.0,True,1440,176.0,True,4320,616.0,True,True
2500,2500,1,240,48.0,True,1440,185.0,True,4320,1424.0,True,True
2501,2501,3,60,27.0,True,360,131.0,True,1440,363.0,True,True
2502,2502,2,120,18.0,True,720,151.0,True,2880,375.0,True,True
2503,2503,1,240,126.0,True,1440,212.0,True,4320,361.0,True,True
2504,2504,1,240,13.0,True,1440,171.0,True,4320,327.0,True,True
2505,2505,1,240,6.0,True,1440,161.0,True,4320,507.0,True,True
2506,2506,1,240,7.0,True,1440,178.0,True,4320,355.0,True,True
2507,2507,3,60,7.0,True,360,,False,1440,,False,False
2508,2508,1,240,15.0,True,1440,178.0,True,4320,342.0,True,True
2509,2509,2,120,13.0,True,720,90.0,True,2880,501.0,True,True
2510,2510,1,240,51.0,True,1440,138.0,True,4320,731.0,True,True
2511,2511,1,240,21.0,True,1440,273.0,True,4320,394.0,True,True
2512,2512,2,120,14.0,True,720,253.0,True,2880,314.0,True,True
2513,2513,5,15,41.0,False,60,221.0,False,240,328.0,False,False
2514,2514,1,240,23.0,True,1440,110.0,True,4320,927.0,True,True
2515,2515,1,240,19.0,True,1440,119.0,True,4320,276.0,True,True
2516,2516,4,30,18.0,True,180,77.0,True,720,606.0,True,True
2517,2517,3,60,56.0,True,360,106.0,True,1440,140.0,True,True
2518,2518,2,120,13.0,True,720,251.0,True,2880,379.0,True,True
2519,2519,2,120,48.0,True,720,98.0,True,2880,172.0,True,True
2520,2520,2,120,14.0,True,720,108.0,True,2880,217.0,True,True
2521,2521,4,30,23.0,True,180,101.0,True,720,125.0,True,True
2522,2522,2,120,14.0,True,720,165.0,True,2880,289.0,True,True
2523,2523,2,120,17.0,True,720,82.0,True,2880,723.0,True,True
2524,2524,1,240,4.0,True,1440,172.0,True,4320,292.0,True,True
2525,2525,1,240,24.0,True,1440,218.0,True,4320,316.0,True,True
2526,2526,2,120,8.0,True,720,77.0,True,2880,156.0,True,True
2527,2527,2,120,9.0,True,720,98.0,True,2880,134.0,True,True
2528,2528,2,120,15.0,True,720,52.0,True,2880,590.0,True,True
2529,2529,1,240,48.0,True,1440,251.0,True,4320,300.0,True,True
2530,2530,2,120,26.0,True,720,175.0,True,2880,286.0,True,True
2531,2531,1,240,27.0,True,1440,297.0,True,4320,402.0,True,True
2532,2532,3,60,26.0,True,360,252.0,True,1440,426.0,True,True
2533,2533,1,240,40.0,True,1440,122.0,True,4320,222.0,True,True
2534,2534,3,60,99.0,False,360,178.0,True,1440,377.0,True,False
2535,2535,2,120,41.0,True,720,166.0,True,2880,193.0,True,True
2536,2536,1,240,33.0,True,1440,167.0,True,4320,466.0,True,True
2537,2537,2,120,10.0,True,720,164.0,True,2880,220.0,True,True
2538,2538,1,240,22.0,True,1440,223.0,True,4320,635.0,True,True
2539,2539,1,240,38.0,True,1440,226.0,True,4320,446.0,True,True
2540,2540,2,120,37.0,True,720,265.0,True,2880,437.0,True,True
2541,2541,3,60,4.0,True,360,26.0,True,1440,152.0,True,True
2542,2542,2,120,24.0,True,720,107.0,True,2880,325.0,True,True
2543,2543,1,240,44.0,True,1440,100.0,True,4320,867.0,True,True
2544,2544,2,120,72.0,True,720,128.0,True,2880,199.0,True,True
2545,2545,1,240,14.0,True,1440,85.0,True,4320,230.0,True,True
2546,2546,4,30,13.0,True,180,54.0,True,720,528.0,True,True
2547,2547,3,60,40.0,True,360,233.0,True,1440,297.0,True,True
2548,2548,1,240,16.0,True,1440,435.0,True,4320,1092.0,True,True
2549,2549,5,15,9.0,True,60,130.0,False,240,191.0,True,False
2550,2550,2,120,28.0,True,720,169.0,True,2880,251.0,True,True
2551,2551,2,120,10.0,True,720,52.0,True,2880,422.0,True,True
2552,2552,1,240,88.0,True,1440,167.0,True,4320,333.0,True,True
2553,2553,4,30,9.0,True,180,95.0,True,720,133.0,True,True
2554,2554,2,120,22.0,True,720,66.0,True,2880,166.0,True,True
2555,2555,1,240,8.0,True,1440,133.0,True,4320,372.0,True,True
2556,2556,3,60,55.0,True,360,129.0,True,1440,193.0,True,True
2557,2557,1,240,17.0,True,1440,214.0,True,4320,2538.0,True,True
2558,2558,3,60,12.0,True,360,103.0,True,1440,696.0,True,True
2559,2559,2,120,19.0,True,720,189.0,True,2880,372.0,True,True
2560,2560,3,60,21.0,True,360,240.0,True,1440,278.0,True,True
2561,2561,4,30,9.0,True,180,77.0,True,720,146.0,True,True
2562,2562,1,240,23.0,True,1440,122.0,True,4320,357.0,True,True
2563,2563,3,60,21.0,True,360,53.0,True,1440,79.0,True,True
2564,2564,3,60,26.0,True,360,123.0,True,1440,150.0,True,True
2565,2565,1,240,16.0,True,1440,122.0,True,4320,246.0,True,True
2566,2566,1,240,5.0,True,1440,180.0,True,4320,400.0,True,True
2567,2567,1,240,7.0,True,1440,115.0,True,4320,309.0,True,True
2568,2568,2,120,84.0,True,720,244.0,True,2880,507.0,True,True
2569,2569,3,60,18.0,True,360,67.0,True,1440,281.0,True,True
2570,2570,1,240,10.0,True,1440,136.0,True,4320,240.0,True,True
2571,2571,2,120,77.0,True,720,146.0,True,2880,176.0,True,True
2572,2572,2,120,29.0,True,720,117.0,True,2880,265.0,True,True
2573,2573,2,120,67.0,True,720,250.0,True,2880,362.0,True,True
2574,2574,1,240,47.0,True,1440,123.0,True,4320,591.0,True,True
2575,2575,2,120,68.0,True,720,212.0,True,2880,390.0,True,True
2576,2576,1,240,17.0,True,1440,,False,4320,,False,False
2577,2577,2,120,9.0,True,720,105.0,True,2880,305.0,True,True
2578,2578,4,30,21.0,True,180,63.0,True,720,112.0,True,True
2579,2579,1,240,25.0,True,1440,90.0,True,4320,386.0,True,True
2580,2580,2,120,31.0,True,720,152.0,True,2880,,False,False
2581,2581,3,60,85.0,False,360,181.0,True,1440,412.0,True,False
2582,2582,1,240,11.0,True,1440,159.0,True,4320,3782.0,True,True
2583,2583,1,240,,False,1440,,False,4320,,False,False
2584,2584,2,120,18.0,True,720,83.0,True,2880,578.0,True,True
2585,2585,1,240,15.0,True,1440,148.0,True,4320,347.0,True,True
2586,2586,2,120,17.0,True,720,145.0,True,2880,263.0,True,True
2587,2587,1,240,27.0,True,1440,,False,4320,,False,False
2588,2588,2,120,7.0,True,720,72.0,True,2880,225.0,True,True
2589,2589,1,240,17.0,True,1440,139.0,True,4320,342.0,True,True
2590,2590,4,30,10.0,True,180,117.0,True,720,288.0,True,True
2591,2591,1,240,44.0,True,1440,129.0,True,4320,537.0,True,True
2592,2592,1,240,25.0,True,1440,238.0,True,4320,799.0,True,True
2593,2593,1,240,5.0,True,1440,235.0,True,4320,309.0,True,True
2594,2594,1,240,30.0,True,1440,155.0,True,4320,368.0,True,True
2595,2595,1,240,9.0,True,1440,163.0,True,4320,835.0,True,True
2596,2596,1,240,19.0,True,1440,177.0,True,4320,463.0,True,True
2597,2597,1,240,44.0,True,1440,156.0,True,4320,390.0,True,True
2598,2598,2,120,,False,720,,False,2880,,False,False
2599,2599,3,60,5.0,True,360,158.0,True,1440,211.0,True,True
2600,2600,2,120,17.0,True,720,114.0,True,2880,447.0,True,True
2601,2601,1,240,32.0,True,1440,132.0,True,4320,371.0,True,True
2602,2602,2,120,6.0,True,720,50.0,True,2880,166.0,True,True
2603,2603,1,240,58.0,True,1440,176.0,True,4320,248.0,True,True
2604,2604,1,240,57.0,True,1440,403.0,True,4320,562.0,True,True
2605,2605,2,120,28.0,True,720,84.0,True,2880,146.0,True,True
2606,2606,1,240,42.0,True,1440,246.0,True,4320,463.0,True,True
2607,2607,2,120,66.0,True,720,169.0,True,2880,488.0,True,True
2608,2608,2,120,44.0,True,720,91.0,True,2880,344.0,True,True
2609,2609,1,240,24.0,True,1440,115.0,True,4320,353.0,True,True
2610,2610,1,240,10.0,True,1440,86.0,True,4320,750.0,True,True
2611,2611,2,120,121.0,False,720,218.0,True,2880,314.0,True,False
2612,2612,2,120,39.0,True,720,122.0,True,2880,238.0,True,True
2613,2613,2,120,4.0,True,720,72.0,True,2880,486.0,True,True
2614,2614,1,240,45.0,True,1440,110.0,True,4320,281.0,True,True
2615,2615,2,120,22.0,True,720,85.0,True,2880,194.0,True,True
2616,2616,2,120,12.0,True,720,108.0,True,2880,460.0,True,True
2617,2617,1,240,38.0,True,1440,71.0,True,4320,145.0,True,True
2618,2618,2,120,64.0,True,720,161.0,True,2880,612.0,True,True
2619,2619,1,240,9.0,True,1440,81.0,True,4320,249.0,True,True
2620,2620,3,60,70.0,False,360,129.0,True,1440,192.0,True,False
2621,2621,2,120,58.0,True,720,155.0,True,2880,329.0,True,True
2622,2622,1,240,22.0,True,1440,95.0,True,4320,1192.0,True,True
2623,2623,1,240,18.0,True,1440,60.0,True,4320,293.0,True,True
2624,2624,1,240,22.0,True,1440,105.0,True,4320,332.0,True,True
2625,2625,1,240,43.0,True,1440,182.0,True,4320,345.0,True,True
2626,2626,1,240,22.0,True,1440,105.0,True,4320,322.0,True,True
2627,2627,3,60,29.0,True,360,342.0,True,1440,413.0,True,True
2628,2628,3,60,11.0,True,360,109.0,True,1440,133.0,True,True
2629,2629,1,240,27.0,True,1440,180.0,True,4320,325.0,True,True
2630,2630,1,240,3.0,True,1440,171.0,True,4320,431.0,True,True
2631,2631,4,30,28.0,True,180,133.0,True,720,156.0,True,True
2632,2632,2,120,18.0,True,720,,False,2880,,False,False
2633,2633,2,120,51.0,True,720,183.0,True,2880,373.0,True,True
2634,2634,1,240,10.0,True,1440,206.0,True,4320,524.0,True,True
2635,2635,1,240,14.0,True,1440,131.0,True,4320,198.0,True,True
2636,2636,1,240,18.0,True,1440,121.0,True,4320,519.0,True,True
2637,2637,1,240,13.0,True,1440,145.0,True,4320,866.0,True,True
2638,2638,1,240,,False,1440,,False,4320,,False,False
2639,2639,2,120,69.0,True,720,160.0,True,2880,182.0,True,True
2640,2640,1,240,39.0,True,1440,173.0,True,4320,689.0,True,True
2641,2641,1,240,32.0,True,1440,166.0,True,4320,317.0,True,True
2642,2642,1,240,13.0,True,1440,109.0,True,4320,540.0,True,True
2643,2643,1,240,52.0,True,1440,136.0,True,4320,246.0,True,True
2644,2644,1,240,34.0,True,1440,166.0,True,4320,,False,False
2645,2645,1,240,55.0,True,1440,123.0,True,4320,417.0,True,True
2646,2646,2,120,21.0,True,720,95.0,True,2880,266.0,True,True
2647,2647,4,30,40.0,False,180,100.0,True,720,230.0,True,False
2648,2648,1,240,11.0,True,1440,116.0,True,4320,,False,False
2649,2649,2,120,32.0,True,720,110.0,True,2880,203.0,True,True
2650,2650,2,120,12.0,True,720,187.0,True,2880,613.0,True,True
2651,2651,1,240,,False,1440,,False,4320,,False,False
2652,2652,5,15,14.0,True,60,98.0,False,240,165.0,True,False
2653,2653,4,30,9.0,True,180,174.0,True,720,230.0,True,True
2654,2654,2,120,15.0,True,720,63.0,True,2880,150.0,True,True
2655,2655,4,30,28.0,True,180,171.0,True,720,301.0,True,True
2656,2656,5,15,53.0,False,60,,False,240,,False,False
2657,2657,1,240,10.0,True,1440,79.0,True,4320,210.0,True,True
2658,2658,2,120,9.0,True,720,78.0,True,2880,1004.0,True,True
2659,2659,1,240,18.0,True,1440,197.0,True,4320,340.0,True,True
2660,2660,3,60,6.0,True,360,,False,1440,,False,False
2661,2661,1,240,47.0,True,1440,187.0,True,4320,714.0,True,True
2662,2662,1,240,107.0,True,1440,407.0,True,4320,573.0,True,True
2663,2663,2,120,17.0,True,720,93.0,True,2880,536.0,True,True
2664,2664,2,120,22.0,True,720,519.0,True,2880,1117.0,True,True
2665,2665,1,240,29.0,True,1440,98.0,True,4320,215.0,True,True
2666,2666,2,120,31.0,True,720,172.0,True,2880,690.0,True,True
2667,2667,2,120,13.0,True,720,156.0,True,2880,260.0,True,True
2668,2668,1,240,48.0,True,1440,260.0,True,4320,377.0,True,True
2669,2669,2,120,26.0,True,720,101.0,True,2880,226.0,True,True
2670,2670,1,240,16.0,True,1440,302.0,True,4320,467.0,True,True
2671,2671,2,120,9.0,True,720,71.0,True,2880,200.0,True,True
2672,2672,1,240,32.0,True,1440,111.0,True,4320,781.0,True,True
2673,2673,1,240,35.0,True,1440,141.0,True,4320,514.0,True,True
2674,2674,1,240,19.0,True,1440,478.0,True,4320,777.0,True,True
2675,2675,1,240,89.0,True,1440,402.0,True,4320,778.0,True,True
2676,2676,2,120,46.0,True,720,106.0,True,2880,545.0,True,True
2677,2677,1,240,99.0,True,1440,152.0,True,4320,523.0,True,True
2678,2678,1,240,41.0,True,1440,134.0,True,4320,470.0,True,True
2679,2679,1,240,38.0,True,1440,296.0,True,4320,641.0,True,True
2680,2680,1,240,8.0,True,1440,76.0,True,4320,166.0,True,True
2681,2681,1,240,17.0,True,1440,53.0,True,4320,129.0,True,True
2682,2682,4,30,6.0,True,180,30.0,True,720,171.0,True,True
2683,2683,1,240,16.0,True,1440,104.0,True,4320,274.0,True,True
2684,2684,3,60,33.0,True,360,276.0,True,1440,616.0,True,True
2685,2685,2,120,8.0,True,720,53.0,True,2880,401.0,True,True
2686,2686,3,60,20.0,True,360,96.0,True,1440,502.0,True,True
2687,2687,3,60,45.0,True,360,114.0,True,1440,130.0,True,True
2688,2688,1,240,46.0,True,1440,150.0,True,4320,233.0,True,True
2689,2689,2,120,12.0,True,720,88.0,True,2880,130.0,True,True
2690,2690,1,240,46.0,True,1440,151.0,True,4320,602.0,True,True
2691,2691,1,240,33.0,True,1440,85.0,True,4320,,False,False
2692,2692,1,240,36.0,True,1440,167.0,True,4320,640.0,True,True
2693,2693,3,60,7.0,True,360,79.0,True,1440,196.0,True,True
2694,2694,2,120,31.0,True,720,,False,2880,,False,False
2695,2695,2,120,5.0,True,720,28.0,True,2880,403.0,True,True
2696,2696,3,60,4.0,True,360,80.0,True,1440,388.0,True,True
2697,2697,3,60,18.0,True,360,97.0,True,1440,189.0,True,True
2698,2698,1,240,7.0,True,1440,139.0,True,4320,317.0,True,True
2699,2699,3,60,18.0,True,360,45.0,True,1440,107.0,True,True
2700,2700,2,120,21.0,True,720,171.0,True,2880,273.0,True,True
2701,2701,2,120,16.0,True,720,123.0,True,2880,492.0,True,True
2702,2702,3,60,97.0,False,360,157.0,True,1440,326.0,True,False
2703,2703,1,240,8.0,True,1440,111.0,True,4320,1116.0,True,True
2704,2704,1,240,7.0,True,1440,,False,4320,,False,False
2705,2705,2,120,12.0,True,720,52.0,True,2880,194.0,True,True
2706,2706,2,120,12.0,True,720,137.0,True,2880,260.0,True,True
2707,2707,3,60,62.0,False,360,,False,1440,,False,False
2708,2708,1,240,65.0,True,1440,98.0,True,4320,,False,False
2709,2709,1,240,22.0,True,1440,182.0,True,4320,413.0,True,True
2710,2710,2,120,20.0,True,720,132.0,True,2880,343.0,True,True
2711,2711,3,60,3.0,True,360,43.0,True,1440,171.0,True,True
2712,2712,1,240,11.0,True,1440,85.0,True,4320,275.0,True,True
2713,2713,2,120,41.0,True,720,103.0,True,2880,167.0,True,True
2714,2714,2,120,12.0,True,720,84.0,True,2880,162.0,True,True
2715,2715,4,30,17.0,True,180,62.0,True,720,247.0,True,True
2716,2716,2,120,1.0,True,720,101.0,True,2880,645.0,True,True
2717,2717,2,120,14.0,True,720,100.0,True,2880,372.0,True,True
2718,2718,2,120,2.0,True,720,176.0,True,2880,326.0,True,True
2719,2719,1,240,48.0,True,1440,430.0,True,4320,525.0,True,True
2720,2720,4,30,12.0,True,180,54.0,True,720,136.0,True,True
2721,2721,3,60,12.0,True,360,69.0,True,1440,204.0,True,True
2722,2722,1,240,53.0,True,1440,127.0,True,4320,407.0,True,True
2723,2723,2,120,64.0,True,720,150.0,True,2880,959.0,True,True
2724,2724,2,120,20.0,True,720,78.0,True,2880,177.0,True,True
2725,2725,3,60,30.0,True,360,93.0,True,1440,221.0,True,True
2726,2726,3,60,58.0,True,360,138.0,True,1440,237.0,True,True
2727,2727,2,120,37.0,True,720,212.0,True,2880,398.0,True,True
2728,2728,2,120,31.0,True,720,80.0,True,2880,521.0,True,True
2729,2729,3,60,44.0,True,360,108.0,True,1440,447.0,True,True
2730,2730,3,60,22.0,True,360,53.0,True,1440,198.0,True,True
2731,2731,3,60,8.0,True,360,174.0,True,1440,479.0,True,True
2732,2732,5,15,15.0,True,60,92.0,False,240,185.0,True,False
2733,2733,1,240,42.0,True,1440,176.0,True,4320,1003.0,True,True
2734,2734,3,60,10.0,True,360,66.0,True,1440,151.0,True,True
2735,2735,3,60,7.0,True,360,98.0,True,1440,300.0,True,True
2736,2736,1,240,206.0,True,1440,350.0,True,4320,517.0,True,True
2737,2737,2,120,20.0,True,720,84.0,True,2880,262.0,True,True
2738,2738,1,240,,False,1440,,False,4320,,False,False
2739,2739,1,240,26.0,True,1440,76.0,True,4320,174.0,True,True
2740,2740,1,240,8.0,True,1440,86.0,True,4320,308.0,True,True
2741,2741,4,30,5.0,True,180,82.0,True,720,151.0,True,True
2742,2742,1,240,13.0,True,1440,121.0,True,4320,246.0,True,True
2743,2743,2,120,12.0,True,720,,False,2880,,False,False
2744,2744,2,120,19.0,True,720,125.0,True,2880,164.0,True,True
2745,2745,1,240,6.0,True,1440,108.0,True,4320,252.0,True,True
2746,2746,1,240,8.0,True,1440,200.0,True,4320,316.0,True,True
2747,2747,2,120,104.0,True,720,140.0,True,2880,,False,False
2748,2748,1,240,,False,1440,,False,4320,,False,False
2749,2749,1,240,7.0,True,1440,163.0,True,4320,,False,False
2750,2750,2,120,46.0,True,720,117.0,True,2880,202.0,True,True
2751,2751,3,60,8.0,True,360,110.0,True,1440,208.0,True,True
2752,2752,3,60,20.0,True,360,350.0,True,1440,903.0,True,True
2753,2753,4,30,9.0,True,180,114.0,True,720,200.0,True,True
2754,2754,1,240,27.0,True,1440,57.0,True,4320,296.0,True,True
2755,2755,2,120,31.0,True,720,155.0,True,2880,253.0,True,True
2756,2756,1,240,14.0,True,1440,85.0,True,4320,161.0,True,True
2757,2757,3,60,8.0,True,360,35.0,True,1440,131.0,True,True
2758,2758,1,240,13.0,True,1440,116.0,True,4320,,False,False
2759,2759,1,240,12.0,True,1440,154.0,True,4320,310.0,True,True
2760,2760,3,60,8.0,True,360,87.0,True,1440,170.0,True,True
2761,2761,1,240,35.0,True,1440,95.0,True,4320,724.0,True,True
2762,2762,1,240,9.0,True,1440,62.0,True,4320,235.0,True,True
2763,2763,1,240,85.0,True,1440,126.0,True,4320,359.0,True,True
2764,2764,1,240,42.0,True,1440,111.0,True,4320,151.0,True,True
2765,2765,1,240,18.0,True,1440,183.0,True,4320,216.0,True,True
2766,2766,1,240,47.0,True,1440,101.0,True,4320,250.0,True,True
2767,2767,3,60,18.0,True,360,75.0,True,1440,514.0,True,True
2768,2768,2,120,34.0,True,720,103.0,True,2880,250.0,True,True
2769,2769,1,240,15.0,True,1440,112.0,True,4320,192.0,True,True
2770,2770,2,120,32.0,True,720,91.0,True,2880,375.0,True,True
2771,2771,1,240,22.0,True,1440,304.0,True,4320,356.0,True,True
2772,2772,2,120,15.0,True,720,57.0,True,2880,160.0,True,True
2773,2773,1,240,49.0,True,1440,178.0,True,4320,281.0,True,True
2774,2774,5,15,6.0,True,60,64.0,False,240,105.0,True,False
2775,2775,4,30,53.0,False,180,141.0,True,720,428.0,True,False
2776,2776,3,60,14.0,True,360,68.0,True,1440,301.0,True,True
2777,2777,3,60,17.0,True,360,58.0,True,1440,239.0,True,True
2778,2778,1,240,32.0,True,1440,143.0,True,4320,452.0,True,True
2779,2779,2,120,28.0,True,720,143.0,True,2880,239.0,True,True
2780,2780,1,240,10.0,True,1440,271.0,True,4320,488.0,True,True
2781,2781,1,240,21.0,True,1440,171.0,True,4320,267.0,True,True
2782,2782,1,240,12.0,True,1440,,False,4320,,False,False
2783,2783,1,240,15.0,True,1440,211.0,True,4320,322.0,True,True
2784,2784,3,60,29.0,True,360,122.0,True,1440,592.0,True,True
2785,2785,3,60,18.0,True,360,191.0,True,1440,373.0,True,True
2786,2786,3,60,9.0,True,360,57.0,True,1440,121.0,True,True
2787,2787,2,120,20.0,True,720,117.0,True,2880,142.0,True,True
2788,2788,2,120,26.0,True,720,500.0,True,2880,662.0,True,True
2789,2789,2,120,9.0,True,720,44.0,True,2880,164.0,True,True
2790,2790,1,240,9.0,True,1440,104.0,True,4320,122.0,True,True
2791,2791,3,60,41.0,True,360,166.0,True,1440,320.0,True,True
2792,2792,2,120,64.0,True,720,147.0,True,2880,374.0,True,True
2793,2793,2,120,14.0,True,720,140.0,True,2880,317.0,True,True
2794,2794,2,120,58.0,True,720,336.0,True,2880,862.0,True,True
2795,2795,1,240,24.0,True,1440,82.0,True,4320,435.0,True,True
2796,2796,4,30,17.0,True,180,67.0,True,720,207.0,True,True
2797,2797,1,240,13.0,True,1440,122.0,True,4320,345.0,True,True
2798,2798,1,240,13.0,True,1440,70.0,True,4320,249.0,True,True
2799,2799,3,60,43.0,True,360,79.0,True,1440,136.0,True,True
2800,2800,2,120,76.0,True,720,145.0,True,2880,284.0,True,True
2801,2801,4,30,11.0,True,180,94.0,True,720,250.0,True,True
2802,2802,2,120,33.0,True,720,104.0,True,2880,275.0,True,True
2803,2803,5,15,6.0,True,60,96.0,False,240,130.0,True,False
2804,2804,1,240,42.0,True,1440,131.0,True,4320,438.0,True,True
2805,2805,2,120,16.0,True,720,231.0,True,2880,411.0,True,True
2806,2806,2,120,6.0,True,720,591.0,True,2880,619.0,True,True
2807,2807,4,30,15.0,True,180,136.0,True,720,250.0,True,True
2808,2808,3,60,6.0,True,360,80.0,True,1440,119.0,True,True
2809,2809,3,60,55.0,True,360,101.0,True,1440,1278.0,True,True
2810,2810,2,120,17.0,True,720,124.0,True,2880,289.0,True,True
2811,2811,1,240,15.0,True,1440,268.0,True,4320,835.0,True,True
2812,2812,1,240,6.0,True,1440,37.0,True,4320,510.0,True,True
2813,2813,1,240,30.0,True,1440,134.0,True,4320,446.0,True,True
2814,2814,1,240,12.0,True,1440,33.0,True,4320,91.0,True,True
2815,2815,3,60,15.0,True,360,154.0,True,1440,460.0,True,True
2816,2816,1,240,26.0,True,1440,179.0,True,4320,477.0,True,True
2817,2817,2,120,30.0,True,720,243.0,True,2880,327.0,True,True
2818,2818,2,120,12.0,True,720,315.0,True,2880,422.0,True,True
2819,2819,1,240,33.0,True,1440,130.0,True,4320,310.0,True,True
2820,2820,1,240,11.0,True,1440,234.0,True,4320,314.0,True,True
2821,2821,3,60,8.0,True,360,134.0,True,1440,308.0,True,True
2822,2822,1,240,16.0,True,1440,87.0,True,4320,237.0,True,True
2823,2823,3,60,10.0,True,360,39.0,True,1440,194.0,True,True
2824,2824,1,240,32.0,True,1440,103.0,True,4320,163.0,True,True
2825,2825,2,120,7.0,True,720,65.0,True,2880,256.0,True,True
2826,2826,1,240,36.0,True,1440,104.0,True,4320,246.0,True,True
2827,2827,2,120,4.0,True,720,88.0,True,2880,197.0,True,True
2828,2828,1,240,33.0,True,1440,,False,4320,,False,False
2829,2829,1,240,17.0,True,1440,109.0,True,4320,172.0,True,True
2830,2830,1,240,24.0,True,1440,124.0,True,4320,185.0,True,True
2831,2831,4,30,9.0,True,180,47.0,True,720,67.0,True,True
2832,2832,2,120,8.0,True,720,242.0,True,2880,311.0,True,True
2833,2833,3,60,15.0,True,360,78.0,True,1440,267.0,True,True
2834,2834,2,120,35.0,True,720,207.0,True,2880,1049.0,True,True
2835,2835,1,240,20.0,True,1440,109.0,True,4320,395.0,True,True
2836,2836,1,240,20.0,True,1440,145.0,True,4320,324.0,True,True
2837,2837,1,240,16.0,True,1440,196.0,True,4320,326.0,True,True
2838,2838,2,120,6.0,True,720,112.0,True,2880,276.0,True,True
2839,2839,2,120,4.0,True,720,161.0,True,2880,629.0,True,True
2840,2840,1,240,8.0,True,1440,211.0,True,4320,449.0,True,True
2841,2841,2,120,44.0,True,720,191.0,True,2880,285.0,True,True
2842,2842,2,120,22.0,True,720,124.0,True,2880,175.0,True,True
2843,2843,3,60,31.0,True,360,136.0,True,1440,250.0,True,True
2844,2844,2,120,8.0,True,720,144.0,True,2880,277.0,True,True
2845,2845,1,240,70.0,True,1440,137.0,True,4320,1041.0,True,True
2846,2846,2,120,11.0,True,720,176.0,True,2880,374.0,True,True
2847,2847,1,240,36.0,True,1440,109.0,True,4320,198.0,True,True
2848,2848,2,120,24.0,True,720,357.0,True,2880,372.0,True,True
2849,2849,1,240,19.0,True,1440,177.0,True,4320,320.0,True,True
2850,2850,3,60,22.0,True,360,144.0,True,1440,389.0,True,True
2851,2851,2,120,16.0,True,720,93.0,True,2880,697.0,True,True
2852,2852,2,120,25.0,True,720,114.0,True,2880,360.0,True,True
2853,2853,2,120,10.0,True,720,167.0,True,2880,,False,False
2854,2854,3,60,21.0,True,360,151.0,True,1440,444.0,True,True
2855,2855,1,240,25.0,True,1440,185.0,True,4320,282.0,True,True
2856,2856,3,60,11.0,True,360,125.0,True,1440,286.0,True,True
2857,2857,2,120,44.0,True,720,227.0,True,2880,286.0,True,True
2858,2858,3,60,16.0,True,360,83.0,True,1440,176.0,True,True
2859,2859,2,120,336.0,False,720,432.0,True,2880,633.0,True,False
2860,2860,4,30,9.0,True,180,79.0,True,720,157.0,True,True
2861,2861,1,240,76.0,True,1440,182.0,True,4320,255.0,True,True
2862,2862,1,240,16.0,True,1440,90.0,True,4320,650.0,True,True
2863,2863,1,240,24.0,True,1440,82.0,True,4320,230.0,True,True
2864,2864,1,240,45.0,True,1440,,False,4320,,False,False
2865,2865,3,60,4.0,True,360,104.0,True,1440,158.0,True,True
2866,2866,3,60,10.0,True,360,107.0,True,1440,295.0,True,True
2867,2867,1,240,21.0,True,1440,,False,4320,,False,False
2868,2868,3,60,15.0,True,360,79.0,True,1440,185.0,True,True
2869,2869,1,240,34.0,True,1440,70.0,True,4320,268.0,True,True
2870,2870,2,120,20.0,True,720,161.0,True,2880,361.0,True,True
2871,2871,2,120,12.0,True,720,262.0,True,2880,1159.0,True,True
2872,2872,3,60,9.0,True,360,63.0,True,1440,160.0,True,True
2873,2873,2,120,19.0,True,720,77.0,True,2880,136.0,True,True
2874,2874,1,240,20.0,True,1440,313.0,True,4320,509.0,True,True
2875,2875,1,240,64.0,True,1440,145.0,True,4320,917.0,True,True
2876,2876,2,120,92.0,True,720,254.0,True,2880,342.0,True,True
2877,2877,3,60,2.0,True,360,127.0,True,1440,223.0,True,True
2878,2878,4,30,5.0,True,180,156.0,True,720,179.0,True,True
2879,2879,2,120,19.0,True,720,107.0,True,2880,147.0,True,True
2880,2880,1,240,9.0,True,1440,157.0,True,4320,577.0,True,True
2881,2881,2,120,38.0,True,720,204.0,True,2880,434.0,True,True
2882,2882,1,240,8.0,True,1440,259.0,True,4320,683.0,True,True
2883,2883,2,120,4.0,True,720,521.0,True,2880,790.0,True,True
2884,2884,1,240,78.0,True,1440,193.0,True,4320,1901.0,True,True
2885,2885,2,120,35.0,True,720,,False,2880,,False,False
2886,2886,5,15,13.0,True,60,72.0,False,240,101.0,True,False
2887,2887,2,120,14.0,True,720,73.0,True,2880,491.0,True,True
2888,2888,3,60,25.0,True,360,81.0,True,1440,305.0,True,True
2889,2889,3,60,20.0,True,360,126.0,True,1440,217.0,True,True
2890,2890,1,240,38.0,True,1440,162.0,True,4320,470.0,True,True
2891,2891,1,240,10.0,True,1440,474.0,True,4320,923.0,True,True
2892,2892,3,60,22.0,True,360,99.0,True,1440,584.0,True,True
2893,2893,3,60,47.0,True,360,106.0,True,1440,451.0,True,True
2894,2894,2,120,25.0,True,720,,False,2880,,False,False
2895,2895,1,240,34.0,True,1440,171.0,True,4320,293.0,True,True
2896,2896,4,30,24.0,True,180,126.0,True,720,177.0,True,True
2897,2897,1,240,33.0,True,1440,107.0,True,4320,270.0,True,True
2898,2898,1,240,129.0,True,1440,367.0,True,4320,475.0,True,True
2899,2899,3,60,12.0,True,360,135.0,True,1440,342.0,True,True
2900,2900,2,120,6.0,True,720,56.0,True,2880,426.0,True,True
2901,2901,1,240,29.0,True,1440,85.0,True,4320,451.0,True,True
2902,2902,2,120,18.0,True,720,113.0,True,2880,187.0,True,True
2903,2903,1,240,38.0,True,1440,126.0,True,4320,305.0,True,True
2904,2904,1,240,24.0,True,1440,82.0,True,4320,697.0,True,True
2905,2905,1,240,19.0,True,1440,222.0,True,4320,296.0,True,True
2906,2906,2,120,22.0,True,720,158.0,True,2880,690.0,True,True
2907,2907,1,240,5.0,True,1440,167.0,True,4320,764.0,True,True
2908,2908,1,240,126.0,True,1440,343.0,True,4320,762.0,True,True
2909,2909,2,120,72.0,True,720,266.0,True,2880,308.0,True,True
2910,2910,2,120,13.0,True,720,97.0,True,2880,218.0,True,True
2911,2911,2,120,7.0,True,720,72.0,True,2880,350.0,True,True
2912,2912,1,240,23.0,True,1440,60.0,True,4320,322.0,True,True
2913,2913,2,120,5.0,True,720,264.0,True,2880,500.0,True,True
2914,2914,3,60,14.0,True,360,152.0,True,1440,189.0,True,True
2915,2915,1,240,37.0,True,1440,271.0,True,4320,709.0,True,True
2916,2916,1,240,24.0,True,1440,105.0,True,4320,254.0,True,True
2917,2917,2,120,73.0,True,720,169.0,True,2880,656.0,True,True
2918,2918,4,30,15.0,True,180,381.0,False,720,425.0,True,False
2919,2919,4,30,9.0,True,180,82.0,True,720,206.0,True,True
2920,2920,2,120,20.0,True,720,74.0,True,2880,,False,False
2921,2921,3,60,8.0,True,360,216.0,True,1440,347.0,True,True
2922,2922,5,15,54.0,False,60,67.0,False,240,151.0,True,False
2923,2923,2,120,31.0,True,720,76.0,True,2880,310.0,True,True
2924,2924,1,240,10.0,True,1440,346.0,True,4320,572.0,True,True
2925,2925,2,120,126.0,False,720,149.0,True,2880,247.0,True,False
2926,2926,2,120,13.0,True,720,116.0,True,2880,580.0,True,True
2927,2927,3,60,17.0,True,360,75.0,True,1440,359.0,True,True
2928,2928,3,60,14.0,True,360,59.0,True,1440,300.0,True,True
2929,2929,1,240,11.0,True,1440,90.0,True,4320,358.0,True,True
2930,2930,2,120,54.0,True,720,349.0,True,2880,601.0,True,True
2931,2931,2,120,9.0,True,720,154.0,True,2880,232.0,True,True
2932,2932,1,240,47.0,True,1440,149.0,True,4320,387.0,True,True
2933,2933,1,240,138.0,True,1440,266.0,True,4320,681.0,True,True
2934,2934,2,120,128.0,False,720,566.0,True,2880,798.0,True,False
2935,2935,1,240,34.0,True,1440,75.0,True,4320,273.0,True,True
2936,2936,1,240,11.0,True,1440,79.0,True,4320,593.0,True,True
2937,2937,2,120,55.0,True,720,178.0,True,2880,785.0,True,True
2938,2938,1,240,13.0,True,1440,58.0,True,4320,157.0,True,True
2939,2939,2,120,7.0,True,720,57.0,True,2880,229.0,True,True
2940,2940,2,120,16.0,True,720,157.0,True,2880,263.0,True,True
2941,2941,2,120,84.0,True,720,288.0,True,2880,393.0,True,True
2942,2942,2,120,9.0,True,720,50.0,True,2880,121.0,True,True
2943,2943,2,120,87.0,True,720,147.0,True,2880,278.0,True,True
2944,2944,3,60,35.0,True,360,,False,1440,,False,False
2945,2945,3,60,13.0,True,360,309.0,True,1440,412.0,True,True
2946,2946,4,30,6.0,True,180,254.0,False,720,477.0,True,False
2947,2947,2,120,8.0,True,720,100.0,True,2880,351.0,True,True
2948,2948,3,60,12.0,True,360,117.0,True,1440,354.0,True,True
2949,2949,3,60,50.0,True,360,229.0,True,1440,390.0,True,True
2950,2950,2,120,22.0,True,720,,False,2880,,False,False
2951,2951,1,240,9.0,True,1440,252.0,True,4320,390.0,True,True
2952,2952,1,240,29.0,True,1440,90.0,True,4320,1322.0,True,True
2953,2953,1,240,26.0,True,1440,225.0,True,4320,439.0,True,True
2954,2954,3,60,12.0,True,360,82.0,True,1440,357.0,True,True
2955,2955,2,120,32.0,True,720,83.0,True,2880,808.0,True,True
2956,2956,4,30,20.0,True,180,195.0,False,720,222.0,True,False
2957,2957,2,120,24.0,True,720,83.0,True,2880,340.0,True,True
2958,2958,3,60,7.0,True,360,37.0,True,1440,256.0,True,True
2959,2959,3,60,6.0,True,360,145.0,True,1440,204.0,True,True
2960,2960,2,120,6.0,True,720,91.0,True,2880,168.0,True,True
2961,2961,2,120,17.0,True,720,483.0,True,2880,627.0,True,True
2962,2962,2,120,13.0,True,720,176.0,True,2880,510.0,True,True
2963,2963,3,60,26.0,True,360,195.0,True,1440,371.0,True,True
2964,2964,3,60,13.0,True,360,66.0,True,1440,321.0,True,True
2965,2965,4,30,26.0,True,180,87.0,True,720,203.0,True,True
2966,2966,1,240,14.0,True,1440,162.0,True,4320,742.0,True,True
2967,2967,3,60,5.0,True,360,121.0,True,1440,152.0,True,True
2968,2968,2,120,17.0,True,720,178.0,True,2880,336.0,True,True
2969,2969,1,240,23.0,True,1440,188.0,True,4320,328.0,True,True
2970,2970,1,240,27.0,True,1440,89.0,True,4320,870.0,True,True
2971,2971,2,120,10.0,True,720,165.0,True,2880,208.0,True,True
2972,2972,2,120,,False,720,,False,2880,,False,False
2973,2973,2,120,64.0,True,720,170.0,True,2880,392.0,True,True
2974,2974,3,60,9.0,True,360,94.0,True,1440,328.0,True,True
2975,2975,2,120,10.0,True,720,482.0,True,2880,570.0,True,True
2976,2976,3,60,30.0,True,360,110.0,True,1440,152.0,True,True
2977,2977,3,60,24.0,True,360,68.0,True,1440,,False,False
2978,2978,2,120,14.0,True,720,62.0,True,2880,205.0,True,True
2979,2979,2,120,24.0,True,720,56.0,True,2880,499.0,True,True
2980,2980,1,240,13.0,True,1440,170.0,True,4320,370.0,True,True
2981,2981,2,120,9.0,True,720,244.0,True,2880,495.0,True,True
2982,2982,1,240,12.0,True,1440,133.0,True,4320,409.0,True,True
2983,2983,1,240,18.0,True,1440,,False,4320,,False,False
2984,2984,2,120,23.0,True,720,66.0,True,2880,293.0,True,True
2985,2985,1,240,20.0,True,1440,70.0,True,4320,234.0,True,True
2986,2986,4,30,10.0,True,180,236.0,False,720,388.0,True,False
2987,2987,1,240,88.0,True,1440,144.0,True,4320,437.0,True,True
2988,2988,2,120,14.0,True,720,205.0,True,2880,300.0,True,True
2989,2989,4,30,16.0,True,180,71.0,True,720,105.0,True,True
2990,2990,4,30,31.0,False,180,69.0,True,720,197.0,True,False
2991,2991,3,60,5.0,True,360,60.0,True,1440,133.0,True,True
2992,2992,2,120,8.0,True,720,50.0,True,2880,1392.0,True,True
2993,2993,3,60,2.0,True,360,,False,1440,,False,False
2994,2994,2,120,40.0,True,720,156.0,True,2880,520.0,True,True
2995,2995,1,240,18.0,True,1440,215.0,True,4320,349.0,True,True
2996,2996,3,60,40.0,True,360,80.0,True,1440,255.0,True,True
2997,2997,2,120,28.0,True,720,115.0,True,2880,344.0,True,True
2998,2998,2,120,37.0,True,720,168.0,True,2880,722.0,True,True
2999,2999,1,240,65.0,True,1440,252.0,True,4320,517.0,True,True
3000,3000,2,120,,False,720,,False,2880,,False,False
3001,3001,1,240,4.0,True,1440,175.0,True,4320,283.0,True,True
3002,3002,1,240,22.0,True,1440,232.0,True,4320,547.0,True,True
3003,3003,3,60,10.0,True,360,60.0,True,1440,393.0,True,True
3004,3004,1,240,35.0,True,1440,586.0,True,4320,630.0,True,True
3005,3005,2,120,11.0,True,720,187.0,True,2880,321.0,True,True
3006,3006,1,240,45.0,True,1440,141.0,True,4320,670.0,True,True
3007,3007,2,120,5.0,True,720,114.0,True,2880,152.0,True,True
3008,3008,2,120,19.0,True,720,580.0,True,2880,692.0,True,True
3009,3009,1,240,73.0,True,1440,1228.0,True,4320,1484.0,True,True
3010,3010,1,240,25.0,True,1440,100.0,True,4320,243.0,True,True
3011,3011,1,240,21.0,True,1440,101.0,True,4320,609.0,True,True
3012,3012,4,30,55.0,False,180,112.0,True,720,168.0,True,False
3013,3013,2,120,21.0,True,720,166.0,True,2880,257.0,True,True
3014,3014,2,120,19.0,True,720,83.0,True,2880,114.0,True,True
3015,3015,4,30,11.0,True,180,75.0,True,720,339.0,True,True
3016,3016,2,120,7.0,True,720,79.0,True,2880,307.0,True,True
3017,3017,3,60,7.0,True,360,52.0,True,1440,169.0,True,True
3018,3018,1,240,30.0,True,1440,133.0,True,4320,,False,False
3019,3019,3,60,34.0,True,360,143.0,True,1440,285.0,True,True
3020,3020,2,120,27.0,True,720,95.0,True,2880,337.0,True,True
3021,3021,1,240,4.0,True,1440,44.0,True,4320,250.0,True,True
3022,3022,1,240,149.0,True,1440,201.0,True,4320,293.0,True,True
3023,3023,1,240,8.0,True,1440,40.0,True,4320,95.0,True,True
3024,3024,2,120,27.0,True,720,111.0,True,2880,153.0,True,True
3025,3025,3,60,8.0,True,360,324.0,True,1440,349.0,True,True
3026,3026,2,120,60.0,True,720,272.0,True,2880,875.0,True,True
3027,3027,2,120,6.0,True,720,153.0,True,2880,237.0,True,True
3028,3028,1,240,99.0,True,1440,126.0,True,4320,213.0,True,True
3029,3029,1,240,25.0,True,1440,271.0,True,4320,1038.0,True,True
3030,3030,3,60,26.0,True,360,96.0,True,1440,168.0,True,True
3031,3031,2,120,16.0,True,720,1832.0,False,2880,2261.0,True,False
3032,3032,1,240,14.0,True,1440,301.0,True,4320,628.0,True,True
3033,3033,1,240,21.0,True,1440,205.0,True,4320,1101.0,True,True
3034,3034,1,240,13.0,True,1440,256.0,True,4320,458.0,True,True
3035,3035,1,240,24.0,True,1440,130.0,True,4320,762.0,True,True
3036,3036,3,60,25.0,True,360,89.0,True,1440,573.0,True,True
3037,3037,1,240,23.0,True,1440,395.0,True,4320,517.0,True,True
3038,3038,3,60,40.0,True,360,126.0,True,1440,731.0,True,True
3039,3039,2,120,32.0,True,720,108.0,True,2880,281.0,True,True
3040,3040,2,120,19.0,True,720,123.0,True,2880,1001.0,True,True
3041,3041,1,240,231.0,True,1440,319.0,True,4320,417.0,True,True
3042,3042,3,60,6.0,True,360,41.0,True,1440,335.0,True,True
3043,3043,1,240,6.0,True,1440,100.0,True,4320,253.0,True,True
3044,3044,2,120,33.0,True,720,117.0,True,2880,444.0,True,True
3045,3045,2,120,16.0,True,720,259.0,True,2880,525.0,True,True
3046,3046,1,240,44.0,True,1440,94.0,True,4320,327.0,True,True
3047,3047,2,120,9.0,True,720,132.0,True,2880,192.0,True,True
3048,3048,2,120,10.0,True,720,143.0,True,2880,275.0,True,True
3049,3049,4,30,6.0,True,180,,False,720,,False,False
3050,3050,2,120,28.0,True,720,245.0,True,2880,362.0,True,True
3051,3051,2,120,29.0,True,720,92.0,True,2880,605.0,True,True
3052,3052,1,240,26.0,True,1440,214.0,True,4320,389.0,True,True
3053,3053,1,240,15.0,True,1440,102.0,True,4320,302.0,True,True
3054,3054,4,30,4.0,True,180,134.0,True,720,292.0,True,True
3055,3055,2,120,13.0,True,720,184.0,True,2880,290.0,True,True
3056,3056,4,30,25.0,True,180,101.0,True,720,208.0,True,True
3057,3057,2,120,23.0,True,720,79.0,True,2880,521.0,True,True
3058,3058,1,240,40.0,True,1440,207.0,True,4320,341.0,True,True
3059,3059,1,240,41.0,True,1440,279.0,True,4320,737.0,True,True
3060,3060,3,60,25.0,True,360,84.0,True,1440,235.0,True,True
3061,3061,1,240,17.0,True,1440,118.0,True,4320,316.0,True,True
3062,3062,1,240,15.0,True,1440,210.0,True,4320,705.0,True,True
3063,3063,2,120,59.0,True,720,204.0,True,2880,312.0,True,True
3064,3064,1,240,13.0,True,1440,125.0,True,4320,251.0,True,True
3065,3065,2,120,18.0,True,720,113.0,True,2880,259.0,True,True
3066,3066,3,60,5.0,True,360,68.0,True,1440,147.0,True,True
3067,3067,1,240,30.0,True,1440,104.0,True,4320,581.0,True,True
3068,3068,1,240,52.0,True,1440,233.0,True,4320,612.0,True,True
3069,3069,3,60,7.0,True,360,40.0,True,1440,113.0,True,True
3070,3070,2,120,9.0,True,720,93.0,True,2880,199.0,True,True
3071,3071,1,240,50.0,True,1440,134.0,True,4320,353.0,True,True
3072,3072,3,60,8.0,True,360,50.0,True,1440,450.0,True,True
3073,3073,1,240,25.0,True,1440,88.0,True,4320,956.0,True,True
3074,3074,4,30,9.0,True,180,69.0,True,720,142.0,True,True
3075,3075,1,240,16.0,True,1440,149.0,True,4320,269.0,True,True
3076,3076,1,240,32.0,True,1440,215.0,True,4320,402.0,True,True
3077,3077,1,240,23.0,True,1440,127.0,True,4320,427.0,True,True
3078,3078,2,120,46.0,True,720,405.0,True,2880,719.0,True,True
3079,3079,2,120,68.0,True,720,147.0,True,2880,203.0,True,True
3080,3080,3,60,21.0,True,360,76.0,True,1440,154.0,True,True
3081,3081,2,120,21.0,True,720,105.0,True,2880,264.0,True,True
3082,3082,1,240,24.0,True,1440,119.0,True,4320,259.0,True,True
3083,3083,1,240,56.0,True,1440,121.0,True,4320,443.0,True,True
3084,3084,2,120,60.0,True,720,270.0,True,2880,427.0,True,True
3085,3085,4,30,9.0,True,180,67.0,True,720,381.0,True,True
3086,3086,1,240,5.0,True,1440,75.0,True,4320,137.0,True,True
3087,3087,3,60,9.0,True,360,143.0,True,1440,418.0,True,True
3088,3088,1,240,16.0,True,1440,72.0,True,4320,1665.0,True,True
3089,3089,1,240,32.0,True,1440,170.0,True,4320,239.0,True,True
3090,3090,4,30,55.0,False,180,,False,720,,False,False
3091,3091,2,120,25.0,True,720,92.0,True,2880,184.0,True,True
3092,3092,3,60,22.0,True,360,165.0,True,1440,239.0,True,True
3093,3093,2,120,15.0,True,720,76.0,True,2880,1122.0,True,True
3094,3094,1,240,60.0,True,1440,112.0,True,4320,605.0,True,True
3095,3095,4,30,25.0,True,180,58.0,True,720,236.0,True,True
3096,3096,3,60,13.0,True,360,92.0,True,1440,155.0,True,True
3097,3097,3,60,32.0,True,360,112.0,True,1440,313.0,True,True
3098,3098,1,240,53.0,True,1440,169.0,True,4320,740.0,True,True
3099,3099,2,120,66.0,True,720,204.0,True,2880,312.0,True,True
3100,3100,1,240,29.0,True,1440,74.0,True,4320,276.0,True,True
3101,3101,1,240,47.0,True,1440,314.0,True,4320,386.0,True,True
3102,3102,2,120,21.0,True,720,95.0,True,2880,322.0,True,True
3103,3103,1,240,19.0,True,1440,161.0,True,4320,597.0,True,True
3104,3104,3,60,31.0,True,360,120.0,True,1440,,False,False
3105,3105,2,120,9.0,True,720,143.0,True,2880,567.0,True,True
3106,3106,2,120,10.0,True,720,110.0,True,2880,161.0,True,True
3107,3107,1,240,26.0,True,1440,155.0,True,4320,220.0,True,True
3108,3108,5,15,,False,60,,False,240,,False,False
3109,3109,3,60,78.0,False,360,452.0,False,1440,498.0,True,False
3110,3110,3,60,8.0,True,360,71.0,True,1440,109.0,True,True
3111,3111,1,240,16.0,True,1440,57.0,True,4320,291.0,True,True
3112,3112,2,120,14.0,True,720,256.0,True,2880,445.0,True,True
3113,3113,1,240,10.0,True,1440,158.0,True,4320,274.0,True,True
3114,3114,3,60,11.0,True,360,66.0,True,1440,708.0,True,True
3115,3115,2,120,40.0,True,720,184.0,True,2880,267.0,True,True
3116,3116,3,60,15.0,True,360,132.0,True,1440,369.0,True,True
3117,3117,2,120,17.0,True,720,81.0,True,2880,238.0,True,True
3118,3118,1,240,110.0,True,1440,153.0,True,4320,388.0,True,True
3119,3119,1,240,16.0,True,1440,,False,4320,,False,False
3120,3120,2,120,39.0,True,720,129.0,True,2880,440.0,True,True
3121,3121,2,120,10.0,True,720,72.0,True,2880,508.0,True,True
3122,3122,1,240,24.0,True,1440,99.0,True,4320,192.0,True,True
3123,3123,3,60,24.0,True,360,233.0,True,1440,290.0,True,True
3124,3124,1,240,31.0,True,1440,134.0,True,4320,172.0,True,True
3125,3125,3,60,64.0,False,360,134.0,True,1440,412.0,True,False
3126,3126,2,120,61.0,True,720,138.0,True,2880,211.0,True,True
3127,3127,2,120,20.0,True,720,65.0,True,2880,1060.0,True,True
3128,3128,2,120,16.0,True,720,80.0,True,2880,340.0,True,True
3129,3129,3,60,5.0,True,360,141.0,True,1440,200.0,True,True
3130,3130,1,240,5.0,True,1440,92.0,True,4320,137.0,True,True
3131,3131,1,240,8.0,True,1440,97.0,True,4320,407.0,True,True
3132,3132,1,240,131.0,True,1440,237.0,True,4320,407.0,True,True
3133,3133,2,120,11.0,True,720,68.0,True,2880,706.0,True,True
3134,3134,1,240,59.0,True,1440,247.0,True,4320,493.0,True,True
3135,3135,1,240,13.0,True,1440,76.0,True,4320,156.0,True,True
3136,3136,1,240,99.0,True,1440,261.0,True,4320,909.0,True,True
3137,3137,3,60,52.0,True,360,,False,1440,,False,False
3138,3138,2,120,31.0,True,720,268.0,True,2880,578.0,True,True
3139,3139,1,240,98.0,True,1440,165.0,True,4320,217.0,True,True
3140,3140,1,240,11.0,True,1440,94.0,True,4320,540.0,True,True
3141,3141,1,240,6.0,True,1440,303.0,True,4320,,False,False
3142,3142,1,240,7.0,True,1440,109.0,True,4320,480.0,True,True
3143,3143,2,120,15.0,True,720,163.0,True,2880,870.0,True,True
3144,3144,1,240,8.0,True,1440,196.0,True,4320,822.0,True,True
3145,3145,3,60,48.0,True,360,92.0,True,1440,312.0,True,True
3146,3146,1,240,18.0,True,1440,98.0,True,4320,,False,False
3147,3147,1,240,11.0,True,1440,76.0,True,4320,163.0,True,True
3148,3148,3,60,36.0,True,360,84.0,True,1440,191.0,True,True
3149,3149,2,120,10.0,True,720,92.0,True,2880,306.0,True,True
3150,3150,1,240,7.0,True,1440,326.0,True,4320,375.0,True,True
3151,3151,4,30,7.0,True,180,57.0,True,720,858.0,False,False
3152,3152,3,60,8.0,True,360,46.0,True,1440,60.0,True,True
3153,3153,1,240,18.0,True,1440,,False,4320,,False,False
3154,3154,1,240,34.0,True,1440,118.0,True,4320,584.0,True,True
3155,3155,2,120,44.0,True,720,161.0,True,2880,414.0,True,True
3156,3156,2,120,6.0,True,720,86.0,True,2880,221.0,True,True
3157,3157,2,120,120.0,True,720,252.0,True,2880,666.0,True,True
3158,3158,3,60,31.0,True,360,96.0,True,1440,219.0,True,True
3159,3159,1,240,13.0,True,1440,39.0,True,4320,212.0,True,True
3160,3160,2,120,26.0,True,720,,False,2880,,False,False
3161,3161,3,60,16.0,True,360,97.0,True,1440,129.0,True,True
3162,3162,3,60,37.0,True,360,62.0,True,1440,285.0,True,True
3163,3163,3,60,27.0,True,360,247.0,True,1440,318.0,True,True
3164,3164,2,120,6.0,True,720,100.0,True,2880,595.0,True,True
3165,3165,1,240,6.0,True,1440,352.0,True,4320,466.0,True,True
3166,3166,2,120,29.0,True,720,,False,2880,,False,False
3167,3167,2,120,23.0,True,720,212.0,True,2880,599.0,True,True
3168,3168,3,60,23.0,True,360,215.0,True,1440,411.0,True,True
3169,3169,1,240,47.0,True,1440,222.0,True,4320,379.0,True,True
3170,3170,1,240,87.0,True,1440,248.0,True,4320,381.0,True,True
3171,3171,4,30,49.0,False,180,119.0,True,720,350.0,True,False
3172,3172,2,120,15.0,True,720,98.0,True,2880,626.0,True,True
3173,3173,3,60,6.0,True,360,82.0,True,1440,342.0,True,True
3174,3174,4,30,14.0,True,180,87.0,True,720,385.0,True,True
3175,3175,2,120,27.0,True,720,140.0,True,2880,181.0,True,True
3176,3176,2,120,64.0,True,720,211.0,True,2880,861.0,True,True
3177,3177,2,120,20.0,True,720,142.0,True,2880,195.0,True,True
3178,3178,4,30,4.0,True,180,70.0,True,720,194.0,True,True
3179,3179,2,120,40.0,True,720,144.0,True,2880,241.0,True,True
3180,3180,3,60,12.0,True,360,107.0,True,1440,209.0,True,True
3181,3181,2,120,48.0,True,720,207.0,True,2880,859.0,True,True
3182,3182,1,240,23.0,True,1440,182.0,True,4320,423.0,True,True
3183,3183,2,120,17.0,True,720,99.0,True,2880,188.0,True,True
3184,3184,2,120,25.0,True,720,,False,2880,,False,False
3185,3185,1,240,16.0,True,1440,159.0,True,4320,722.0,True,True
3186,3186,4,30,32.0,False,180,79.0,True,720,265.0,True,False
3187,3187,4,30,70.0,False,180,174.0,True,720,208.0,True,False
3188,3188,1,240,36.0,True,1440,121.0,True,4320,245.0,True,True
3189,3189,3,60,6.0,True,360,96.0,True,1440,393.0,True,True
3190,3190,2,120,88.0,True,720,161.0,True,2880,242.0,True,True
3191,3191,1,240,10.0,True,1440,90.0,True,4320,359.0,True,True
3192,3192,2,120,34.0,True,720,220.0,True,2880,324.0,True,True
3193,3193,1,240,45.0,True,1440,191.0,True,4320,363.0,True,True
3194,3194,4,30,5.0,True,180,80.0,True,720,145.0,True,True
3195,3195,1,240,75.0,True,1440,121.0,True,4320,336.0,True,True
3196,3196,2,120,18.0,True,720,126.0,True,2880,789.0,True,True
3197,3197,1,240,8.0,True,1440,,False,4320,,False,False
3198,3198,3,60,73.0,False,360,191.0,True,1440,341.0,True,False
3199,3199,1,240,81.0,True,1440,155.0,True,4320,385.0,True,True
3200,3200,1,240,28.0,True,1440,72.0,True,4320,350.0,True,True
