IncidentKey,IncidentId,CreatedAtUTC,AcknowledgedAtUTC,TriagedAtUTC,ContainedAtUTC,ResolvedAtUTC,ClosedAtUTC,CreatedDateKey,CreatedTimeKey,SourceProductKey,AssetKey,DetectionRuleKey,SeverityKey,StatusKey,AnalystKey,ClassificationKey,SLAKey,AlertKey,IncidentCount,RiskScore,AcknowledgementMinutes,TriageMinutes,ContainmentMinutes,ResolutionMinutes,RecoveryMinutes,IsEscalated,IsReopened,IsFalsePositive,SLAOverallMet,DataClassification
1,INC-00000001,2026-05-15T11:26:14Z,2026-05-15T13:03:14Z,2026-05-15T13:40:14Z,2026-05-15T15:09:14Z,2026-05-15T15:57:14Z,2026-05-16T00:19:14Z,20260515,1125,3,67,28,1,5,13,2,1,37,1,28.5,97.0,134.0,223.0,271.0,502.0,False,False,True,True,SYNTHETIC_DEMO_DATA
2,INC-00000002,2026-07-31T11:45:53Z,2026-07-31T11:59:53Z,2026-07-31T12:32:53Z,,,,20260731,1145,3,14,12,4,2,9,0,4,15335,1,100,14.0,47.0,,,,True,False,False,False,SYNTHETIC_DEMO_DATA
3,INC-00000003,2026-07-18T13:50:54Z,2026-07-18T15:18:54Z,2026-07-18T15:32:54Z,,,,20260718,1350,5,209,45,2,2,18,0,2,16960,1,55.3,88.0,102.0,,,,False,False,False,False,SYNTHETIC_DEMO_DATA
4,INC-00000004,2025-05-08T11:09:16Z,2025-05-08T11:28:16Z,2025-05-08T11:36:16Z,2025-05-08T15:37:16Z,2025-05-08T21:08:16Z,,20250508,1105,6,143,32,1,4,10,1,1,12718,1,36.9,19.0,27.0,268.0,599.0,,False,False,False,True,SYNTHETIC_DEMO_DATA
5,INC-00000005,2025-03-25T14:49:06Z,2025-03-25T14:55:06Z,2025-03-25T15:06:06Z,2025-03-25T16:12:06Z,2025-03-25T17:47:06Z,2025-03-26T02:53:06Z,20250325,1445,3,169,22,4,5,6,1,4,11121,1,96.4,6.0,17.0,83.0,178.0,546.0,True,False,False,True,SYNTHETIC_DEMO_DATA
6,INC-00000006,2026-04-13T10:28:28Z,2026-04-13T11:18:28Z,2026-04-13T12:00:28Z,2026-04-13T13:00:28Z,2026-04-13T15:30:28Z,2026-04-14T01:47:28Z,20260413,1025,6,67,32,2,5,15,1,2,4558,1,42.7,50.0,92.0,152.0,302.0,617.0,False,False,False,True,SYNTHETIC_DEMO_DATA
7,INC-00000007,2025-06-21T15:59:04Z,2025-06-21T16:33:04Z,2025-06-21T16:58:04Z,2025-06-21T17:36:04Z,2025-06-22T00:30:04Z,2025-06-22T09:10:04Z,20250621,1555,4,155,27,1,5,7,2,1,2784,1,41.4,34.0,59.0,97.0,511.0,520.0,False,False,True,True,SYNTHETIC_DEMO_DATA
8,INC-00000008,2025-05-18T22:02:33Z,2025-05-18T22:48:33Z,2025-05-18T23:08:33Z,2025-05-19T00:06:33Z,2025-05-19T07:18:33Z,2025-05-19T08:13:33Z,20250518,2200,1,85,11,1,5,18,4,1,14549,1,27.6,46.0,66.0,124.0,556.0,55.0,False,False,False,True,SYNTHETIC_DEMO_DATA
9,INC-00000009,2025-09-03T15:51:20Z,2025-09-03T16:26:20Z,2025-09-03T16:39:20Z,2025-09-03T16:59:20Z,2025-09-03T19:43:20Z,,20250903,1550,5,191,6,2,4,12,3,2,9519,1,52.1,35.0,48.0,68.0,232.0,,False,False,True,True,SYNTHETIC_DEMO_DATA
10,INC-00000010,2026-05-30T23:51:57Z,2026-05-31T00:08:57Z,2026-05-31T03:23:57Z,2026-05-31T09:27:57Z,2026-05-31T14:35:57Z,2026-05-31T16:53:57Z,20260530,2350,1,3,35,3,5,6,1,3,1162,1,71.6,17.0,212.0,576.0,884.0,138.0,False,False,False,False,SYNTHETIC_DEMO_DATA
11,INC-00000011,2025-05-20T21:48:43Z,2025-05-20T22:07:43Z,2025-05-20T22:20:43Z,2025-05-20T23:50:43Z,2025-05-21T08:43:43Z,2025-05-21T13:00:43Z,20250520,2145,3,92,27,3,5,17,3,3,11173,1,82.8,19.0,32.0,122.0,655.0,257.0,True,False,True,True,SYNTHETIC_DEMO_DATA
12,INC-00000012,2025-12-18T10:07:32Z,2025-12-18T10:48:32Z,2025-12-18T11:13:32Z,2025-12-18T11:50:32Z,2025-12-18T18:36:32Z,2025-12-19T05:39:32Z,20251218,1005,1,137,36,1,5,8,4,1,9332,1,40.9,41.0,66.0,103.0,509.0,663.0,False,False,False,True,SYNTHETIC_DEMO_DATA
13,INC-00000013,2026-07-16T10:30:53Z,2026-07-16T11:04:53Z,2026-07-16T11:35:53Z,2026-07-16T13:40:53Z,2026-07-16T14:44:53Z,2026-07-16T16:27:53Z,20260716,1030,7,97,9,2,5,2,1,2,5523,1,50.9,34.0,65.0,190.0,254.0,103.0,False,False,False,True,SYNTHETIC_DEMO_DATA
14,INC-00000014,2025-06-24T03:46:14Z,2025-06-24T04:09:14Z,2025-06-24T04:53:14Z,2025-06-24T05:14:14Z,2025-06-24T08:05:14Z,2025-06-24T17:56:14Z,20250624,345,7,5,13,1,5,12,1,1,11704,1,51.0,23.0,67.0,88.0,259.0,591.0,False,False,False,True,SYNTHETIC_DEMO_DATA
15,INC-00000015,2026-05-02T09:40:19Z,2026-05-02T09:58:19Z,2026-05-02T10:28:19Z,2026-05-02T11:25:19Z,2026-05-02T17:07:19Z,2026-05-02T21:51:19Z,20260502,940,6,138,7,3,5,7,3,3,7937,1,72.1,18.0,48.0,105.0,447.0,284.0,False,False,True,True,SYNTHETIC_DEMO_DATA
16,INC-00000016,2025-04-04T00:30:27Z,2025-04-04T00:48:27Z,2025-04-04T01:06:27Z,2025-04-04T02:41:27Z,2025-04-04T05:58:27Z,2025-04-04T14:58:27Z,20250404,30,2,2,5,4,5,1,1,4,12448,1,90.8,18.0,36.0,131.0,328.0,540.0,True,False,False,True,SYNTHETIC_DEMO_DATA
17,INC-00000017,2025-09-03T11:19:46Z,2025-09-03T12:02:46Z,2025-09-03T12:29:46Z,2025-09-03T16:11:46Z,2025-09-04T06:22:46Z,2025-09-04T08:23:46Z,20250903,1115,4,168,4,2,5,10,1,2,2493,1,55.2,43.0,70.0,292.0,1143.0,121.0,False,False,False,True,SYNTHETIC_DEMO_DATA
18,INC-00000018,2026-02-04T12:28:39Z,2026-02-04T12:59:39Z,2026-02-04T13:53:39Z,2026-02-04T17:53:39Z,2026-02-04T20:16:39Z,2026-02-05T05:52:39Z,20260204,1225,5,39,42,2,5,3,4,2,329,1,57.0,31.0,85.0,325.0,468.0,576.0,False,False,False,True,SYNTHETIC_DEMO_DATA
19,INC-00000019,2025-02-07T08:48:37Z,2025-02-07T08:53:37Z,2025-02-07T09:13:37Z,2025-02-07T13:54:37Z,2025-02-07T20:22:37Z,2025-02-08T03:32:37Z,20250207,845,3,132,18,1,5,13,2,1,11011,1,43.9,5.0,25.0,306.0,694.0,430.0,False,False,True,True,SYNTHETIC_DEMO_DATA
20,INC-00000020,2025-09-27T12:09:39Z,2025-09-27T12:17:39Z,2025-09-27T12:37:39Z,2025-09-27T14:47:39Z,2025-09-27T21:16:39Z,2025-09-28T04:39:39Z,20250927,1205,7,140,40,1,5,6,4,1,2374,1,52.2,8.0,28.0,158.0,547.0,443.0,False,False,False,True,SYNTHETIC_DEMO_DATA
21,INC-00000021,2025-05-11T21:03:13Z,2025-05-11T21:15:13Z,2025-05-11T22:09:13Z,2025-05-11T22:56:13Z,2025-05-12T01:33:13Z,2025-05-12T03:41:13Z,20250511,2100,6,48,35,2,5,18,4,2,6182,1,51.8,12.0,66.0,113.0,270.0,128.0,False,False,False,True,SYNTHETIC_DEMO_DATA
22,INC-00000022,2026-03-02T12:54:59Z,2026-03-02T13:47:59Z,2026-03-02T14:05:59Z,2026-03-02T14:18:59Z,2026-03-02T16:37:59Z,2026-03-03T02:32:59Z,20260302,1250,6,222,11,2,5,11,1,2,15464,1,68.3,53.0,71.0,84.0,223.0,595.0,True,False,False,True,SYNTHETIC_DEMO_DATA
23,INC-00000023,2025-03-27T01:58:27Z,2025-03-27T02:17:27Z,2025-03-27T02:29:27Z,2025-03-27T03:42:27Z,2025-03-27T06:45:27Z,2025-03-27T09:15:27Z,20250327,155,1,12,29,2,5,4,1,2,6921,1,57.6,19.0,31.0,104.0,287.0,150.0,False,False,False,True,SYNTHETIC_DEMO_DATA
24,INC-00000024,2025-11-12T12:05:26Z,2025-11-12T12:55:26Z,2025-11-12T13:01:26Z,2025-11-12T13:40:26Z,2025-11-12T17:21:26Z,2025-11-12T20:13:26Z,20251112,1205,6,125,21,1,5,14,1,1,16207,1,30.1,50.0,56.0,95.0,316.0,172.0,False,False,False,True,SYNTHETIC_DEMO_DATA
25,INC-00000025,2026-05-22T09:54:35Z,2026-05-22T10:03:35Z,2026-05-22T10:29:35Z,2026-05-22T11:40:35Z,2026-05-22T15:54:35Z,2026-05-22T20:43:35Z,20260522,950,7,66,39,5,5,11,3,5,14213,1,100,9.0,35.0,106.0,360.0,289.0,True,False,True,False,SYNTHETIC_DEMO_DATA
26,INC-00000026,2025-07-30T05:02:26Z,2025-07-30T05:25:26Z,2025-07-30T05:50:26Z,2025-07-30T05:58:26Z,2025-07-31T07:23:26Z,2025-07-31T19:23:26Z,20250730,500,3,109,26,2,5,1,1,2,2168,1,63.4,23.0,48.0,56.0,1581.0,720.0,False,False,False,True,SYNTHETIC_DEMO_DATA
27,INC-00000027,2025-04-29T08:00:07Z,2025-04-29T08:18:07Z,2025-04-29T08:35:07Z,2025-04-29T09:03:07Z,,,20250429,800,5,39,17,3,3,13,0,3,259,1,67.2,18.0,35.0,63.0,,,False,False,False,False,SYNTHETIC_DEMO_DATA
28,INC-00000028,2025-08-10T19:17:52Z,2025-08-10T22:17:52Z,2025-08-10T22:31:52Z,2025-08-10T23:14:52Z,2025-08-11T00:49:52Z,2025-08-11T05:39:52Z,20250810,1915,5,51,24,1,5,4,1,1,17951,1,44.5,180.0,194.0,237.0,332.0,290.0,False,False,False,True,SYNTHETIC_DEMO_DATA
29,INC-00000029,2025-04-10T08:15:58Z,2025-04-10T08:42:58Z,2025-04-10T09:02:58Z,2025-04-10T10:03:58Z,2025-04-10T12:54:58Z,2025-04-11T00:14:58Z,20250410,815,4,78,36,2,5,16,1,2,15359,1,59.3,27.0,47.0,108.0,279.0,680.0,False,False,False,True,SYNTHETIC_DEMO_DATA
30,INC-00000030,2025-03-24T17:56:45Z,2025-03-24T19:24:45Z,2025-03-24T19:46:45Z,2025-03-24T21:16:45Z,2025-03-24T22:28:45Z,2025-03-25T02:41:45Z,20250324,1755,1,169,6,4,5,11,1,4,4405,1,93.6,88.0,110.0,200.0,272.0,253.0,True,False,False,False,SYNTHETIC_DEMO_DATA
31,INC-00000031,2026-05-08T22:31:39Z,2026-05-08T22:54:39Z,2026-05-08T23:41:39Z,2026-05-09T01:08:39Z,2026-05-09T02:25:39Z,2026-05-09T13:34:39Z,20260508,2230,3,174,41,2,5,2,3,2,5940,1,56.0,23.0,70.0,157.0,234.0,669.0,False,False,True,True,SYNTHETIC_DEMO_DATA
32,INC-00000032,2025-09-29T18:21:35Z,2025-09-29T19:32:35Z,2025-09-29T19:53:35Z,2025-09-29T22:13:35Z,2025-09-30T01:40:35Z,,20250929,1820,3,94,6,1,4,12,2,1,16664,1,28.0,71.0,92.0,232.0,439.0,,False,False,True,True,SYNTHETIC_DEMO_DATA
33,INC-00000033,2026-04-20T14:47:32Z,2026-04-20T15:08:32Z,2026-04-20T15:18:32Z,2026-04-20T16:45:32Z,2026-04-20T21:02:32Z,2026-04-21T06:26:32Z,20260420,1445,6,204,26,1,5,5,3,1,610,1,55.5,21.0,31.0,118.0,375.0,564.0,True,False,True,True,SYNTHETIC_DEMO_DATA
34,INC-00000034,2025-09-23T19:44:53Z,2025-09-23T20:07:53Z,2025-09-23T21:02:53Z,,,,20250923,1940,3,160,15,2,2,17,0,2,5836,1,56.9,23.0,78.0,,,,False,False,False,False,SYNTHETIC_DEMO_DATA
35,INC-00000035,2025-11-03T12:12:17Z,2025-11-03T12:40:17Z,2025-11-03T13:28:17Z,2025-11-03T14:36:17Z,2025-11-03T16:15:17Z,2025-11-03T16:54:17Z,20251103,1210,1,169,24,2,5,10,3,2,14224,1,51.5,28.0,76.0,144.0,243.0,39.0,False,False,True,True,SYNTHETIC_DEMO_DATA
36,INC-00000036,2025-06-03T01:44:08Z,2025-06-03T01:57:08Z,2025-06-03T02:24:08Z,2025-06-03T05:56:08Z,2025-06-03T08:39:08Z,2025-06-03T11:21:08Z,20250603,140,7,58,30,2,5,3,1,2,11304,1,45.5,13.0,40.0,252.0,415.0,162.0,False,False,False,True,SYNTHETIC_DEMO_DATA
37,INC-00000037,2025-02-13T00:55:14Z,2025-02-13T01:04:14Z,2025-02-13T01:20:14Z,2025-02-13T02:16:14Z,2025-02-13T05:54:14Z,2025-02-13T10:43:14Z,20250213,55,4,231,4,2,5,14,1,2,14155,1,62.1,9.0,25.0,81.0,299.0,289.0,False,False,False,True,SYNTHETIC_DEMO_DATA
38,INC-00000038,2025-11-30T23:24:35Z,2025-12-01T00:27:35Z,2025-12-01T00:38:35Z,2025-12-01T03:52:35Z,2025-12-01T05:42:35Z,2025-12-01T07:36:35Z,20251130,2320,6,91,3,3,5,8,1,3,1354,1,72.1,63.0,74.0,268.0,378.0,114.0,False,False,False,False,SYNTHETIC_DEMO_DATA
39,INC-00000039,2025-09-28T10:20:27Z,2025-09-28T10:28:27Z,2025-09-28T10:41:27Z,2025-09-28T12:00:27Z,2025-09-28T14:06:27Z,2025-09-28T20:05:27Z,20250928,1020,1,78,10,2,5,18,1,2,9455,1,55.8,8.0,21.0,100.0,226.0,359.0,False,False,False,True,SYNTHETIC_DEMO_DATA
40,INC-00000040,2026-04-28T10:10:21Z,2026-04-28T10:13:21Z,2026-04-28T10:31:21Z,2026-04-28T14:00:21Z,2026-04-28T20:09:21Z,2026-04-28T21:46:21Z,20260428,1010,6,80,29,2,5,11,1,2,9227,1,43.9,3.0,21.0,230.0,599.0,97.0,False,False,False,True,SYNTHETIC_DEMO_DATA
41,INC-00000041,2025-04-08T08:34:27Z,2025-04-08T09:27:27Z,2025-04-08T09:35:27Z,2025-04-08T11:39:27Z,2025-04-08T18:14:27Z,2025-04-09T05:25:27Z,20250408,830,2,141,10,1,5,3,3,1,5770,1,40.7,53.0,61.0,185.0,580.0,671.0,False,False,True,True,SYNTHETIC_DEMO_DATA
42,INC-00000042,2026-03-01T11:50:27Z,2026-03-01T12:33:27Z,2026-03-01T13:02:27Z,2026-03-01T14:25:27Z,2026-03-01T15:07:27Z,,20260301,1150,6,192,33,2,4,15,1,2,1492,1,54.0,43.0,72.0,155.0,197.0,,False,False,False,True,SYNTHETIC_DEMO_DATA
43,INC-00000043,2025-06-06T13:06:11Z,2025-06-06T13:44:11Z,2025-06-06T14:10:11Z,2025-06-06T18:02:11Z,2025-06-06T19:03:11Z,2025-06-07T00:23:11Z,20250606,1305,6,125,6,3,5,9,1,3,3972,1,61.2,38.0,64.0,296.0,357.0,320.0,False,False,False,True,SYNTHETIC_DEMO_DATA
44,INC-00000044,2025-11-15T16:18:04Z,2025-11-15T16:42:04Z,2025-11-15T16:54:04Z,2025-11-15T17:31:04Z,2025-11-15T18:39:04Z,2025-11-15T21:29:04Z,20251115,1615,7,67,37,1,5,18,1,1,11532,1,46.0,24.0,36.0,73.0,141.0,170.0,True,False,False,True,SYNTHETIC_DEMO_DATA
45,INC-00000045,2025-03-09T17:09:21Z,2025-03-09T17:44:21Z,2025-03-09T18:01:21Z,2025-03-09T18:42:21Z,2025-03-09T19:48:21Z,2025-03-10T02:49:21Z,20250309,1705,1,117,36,5,5,15,4,5,4768,1,96.6,35.0,52.0,93.0,159.0,421.0,True,False,False,False,SYNTHETIC_DEMO_DATA
46,INC-00000046,2026-02-16T15:12:44Z,2026-02-16T15:27:44Z,2026-02-16T15:50:44Z,2026-02-16T20:49:44Z,2026-02-16T22:20:44Z,2026-02-17T03:34:44Z,20260216,1510,5,117,36,2,5,5,1,2,2430,1,40.0,15.0,38.0,337.0,428.0,314.0,False,False,False,True,SYNTHETIC_DEMO_DATA
47,INC-00000047,2025-07-21T13:07:48Z,2025-07-21T13:22:48Z,2025-07-21T13:32:48Z,2025-07-21T15:02:48Z,2025-07-21T15:41:48Z,2025-07-21T22:11:48Z,20250721,1305,2,28,17,2,5,16,1,2,11103,1,58.9,15.0,25.0,115.0,154.0,390.0,False,False,False,True,SYNTHETIC_DEMO_DATA
48,INC-00000048,2026-07-01T15:34:11Z,2026-07-01T16:09:11Z,2026-07-01T16:20:11Z,2026-07-01T16:51:11Z,2026-07-01T18:20:11Z,2026-07-02T02:45:11Z,20260701,1530,3,87,42,2,5,9,1,2,16944,1,57.2,35.0,46.0,77.0,166.0,505.0,False,False,False,True,SYNTHETIC_DEMO_DATA
49,INC-00000049,2025-07-17T14:46:28Z,2025-07-17T14:53:28Z,2025-07-17T15:08:28Z,2025-07-17T17:09:28Z,2025-07-17T22:26:28Z,2025-07-18T04:15:28Z,20250717,1445,4,147,34,2,5,2,1,2,12039,1,51.7,7.0,22.0,143.0,460.0,349.0,False,False,False,True,SYNTHETIC_DEMO_DATA
50,INC-00000050,2025-05-06T13:27:31Z,2025-05-06T13:36:31Z,2025-05-06T14:33:31Z,2025-05-06T16:42:31Z,2025-05-06T17:38:31Z,2025-05-07T03:33:31Z,20250506,1325,3,141,22,1,5,12,3,1,7439,1,39.6,9.0,66.0,195.0,251.0,595.0,False,False,True,True,SYNTHETIC_DEMO_DATA
51,INC-00000051,2026-02-18T00:12:24Z,2026-02-18T00:31:24Z,2026-02-18T01:05:24Z,2026-02-18T02:40:24Z,2026-02-18T17:51:24Z,,20260218,10,4,139,3,1,4,5,1,1,4218,1,31.3,19.0,53.0,148.0,1059.0,,False,False,False,True,SYNTHETIC_DEMO_DATA
52,INC-00000052,2026-07-17T14:20:21Z,2026-07-17T14:29:21Z,2026-07-17T14:43:21Z,,,,20260717,1420,3,47,36,1,2,16,0,1,317,1,37.5,9.0,23.0,,,,False,False,False,False,SYNTHETIC_DEMO_DATA
53,INC-00000053,2025-08-26T14:15:06Z,2025-08-26T14:24:06Z,2025-08-26T14:51:06Z,2025-08-26T16:34:06Z,2025-08-26T17:27:06Z,,20250826,1415,4,162,27,5,4,13,1,5,5470,1,96.5,9.0,36.0,139.0,192.0,,True,True,False,False,SYNTHETIC_DEMO_DATA
54,INC-00000054,2026-06-14T16:18:57Z,2026-06-14T16:21:57Z,2026-06-14T16:52:57Z,2026-06-14T17:17:57Z,2026-06-15T01:03:57Z,2026-06-15T12:20:57Z,20260614,1615,7,96,29,3,5,4,4,3,10340,1,74.2,3.0,34.0,59.0,525.0,677.0,False,False,False,True,SYNTHETIC_DEMO_DATA
55,INC-00000055,2026-07-20T14:47:02Z,2026-07-20T15:16:02Z,2026-07-20T15:37:02Z,2026-07-20T17:16:02Z,2026-07-20T20:46:02Z,2026-07-21T05:46:02Z,20260720,1445,1,240,10,1,5,13,1,1,10175,1,52.6,29.0,50.0,149.0,359.0,540.0,True,False,False,True,SYNTHETIC_DEMO_DATA
56,INC-00000056,2025-10-28T14:47:52Z,2025-10-28T15:47:52Z,2025-10-28T16:09:52Z,,,,20251028,1445,1,78,40,3,2,8,0,3,8481,1,78.7,60.0,82.0,,,,False,False,False,False,SYNTHETIC_DEMO_DATA
57,INC-00000057,2025-09-17T04:53:52Z,2025-09-17T05:25:52Z,2025-09-17T06:55:52Z,2025-09-17T08:34:52Z,2025-09-17T16:28:52Z,2025-09-18T00:47:52Z,20250917,450,7,33,45,1,5,17,3,1,7978,1,41.1,32.0,122.0,221.0,695.0,499.0,False,False,True,True,SYNTHETIC_DEMO_DATA
58,INC-00000058,2026-03-05T22:04:41Z,2026-03-05T22:10:41Z,2026-03-05T23:04:41Z,2026-03-05T23:39:41Z,2026-03-06T01:49:41Z,2026-03-06T11:30:41Z,20260305,2200,6,202,35,2,5,11,3,2,13756,1,48.7,6.0,60.0,95.0,225.0,581.0,False,False,True,True,SYNTHETIC_DEMO_DATA
59,INC-00000059,2025-03-01T01:00:21Z,2025-03-01T01:28:21Z,2025-03-01T01:58:21Z,2025-03-01T03:23:21Z,2025-03-01T10:17:21Z,2025-03-01T21:56:21Z,20250301,100,2,147,15,2,5,4,1,2,6663,1,55.7,28.0,58.0,143.0,557.0,699.0,False,False,False,True,SYNTHETIC_DEMO_DATA
60,INC-00000060,2026-06-15T20:31:06Z,2026-06-15T20:56:06Z,2026-06-15T21:04:06Z,2026-06-16T04:04:06Z,2026-06-16T08:03:06Z,2026-06-16T11:09:06Z,20260615,2030,4,20,15,2,5,15,2,2,1715,1,50.6,25.0,33.0,453.0,692.0,186.0,False,False,True,True,SYNTHETIC_DEMO_DATA
61,INC-00000061,2025-02-05T06:44:13Z,2025-02-05T07:01:13Z,2025-02-05T07:16:13Z,2025-02-05T08:09:13Z,2025-02-05T10:45:13Z,2025-02-05T11:00:13Z,20250205,640,7,197,24,1,5,7,1,1,14104,1,34.9,17.0,32.0,85.0,241.0,15.0,False,False,False,True,SYNTHETIC_DEMO_DATA
62,INC-00000062,2025-03-12T11:28:59Z,2025-03-12T11:30:59Z,2025-03-12T12:00:59Z,2025-03-12T13:23:59Z,2025-03-12T14:30:59Z,2025-03-12T23:33:59Z,20250312,1125,6,85,30,3,5,2,3,3,16684,1,60.5,2.0,32.0,115.0,182.0,543.0,False,False,True,True,SYNTHETIC_DEMO_DATA
63,INC-00000063,2025-07-05T18:52:30Z,2025-07-05T19:07:30Z,2025-07-05T19:16:30Z,2025-07-05T19:46:30Z,2025-07-06T08:42:30Z,2025-07-06T14:53:30Z,20250705,1850,3,75,34,2,5,12,1,2,8945,1,48.5,15.0,24.0,54.0,830.0,371.0,False,False,False,True,SYNTHETIC_DEMO_DATA
64,INC-00000064,2026-03-30T14:10:27Z,2026-03-30T14:31:27Z,2026-03-30T14:44:27Z,2026-03-30T17:26:27Z,2026-03-30T21:39:27Z,,20260330,1410,3,183,44,1,4,4,1,1,8029,1,38.2,21.0,34.0,196.0,449.0,,False,False,False,True,SYNTHETIC_DEMO_DATA
65,INC-00000065,2026-06-05T11:36:23Z,2026-06-05T11:41:23Z,2026-06-05T11:50:23Z,2026-06-05T13:27:23Z,2026-06-05T21:03:23Z,,20260605,1135,5,85,39,1,4,15,1,1,5689,1,32.8,5.0,14.0,111.0,567.0,,False,False,False,True,SYNTHETIC_DEMO_DATA
66,INC-00000066,2026-05-11T17:24:07Z,2026-05-11T17:57:07Z,2026-05-11T18:24:07Z,2026-05-11T19:38:07Z,2026-05-12T00:26:07Z,,20260511,1720,1,226,35,2,4,9,1,2,4749,1,68.2,33.0,60.0,134.0,422.0,,True,False,False,True,SYNTHETIC_DEMO_DATA
67,INC-00000067,2025-06-10T10:47:15Z,2025-06-10T11:20:15Z,2025-06-10T12:01:15Z,2025-06-10T12:30:15Z,2025-06-10T15:05:15Z,2025-06-10T19:35:15Z,20250610,1045,5,100,31,5,5,5,4,5,2532,1,100,33.0,74.0,103.0,258.0,270.0,True,False,False,False,SYNTHETIC_DEMO_DATA
68,INC-00000068,2026-07-24T09:07:39Z,2026-07-24T09:45:39Z,2026-07-24T09:49:39Z,2026-07-24T11:08:39Z,,,20260724,905,3,73,12,1,3,12,0,1,17866,1,47.7,38.0,42.0,121.0,,,False,False,False,False,SYNTHETIC_DEMO_DATA
69,INC-00000069,2025-09-01T15:38:08Z,2025-09-01T16:06:08Z,2025-09-01T16:49:08Z,2025-09-01T18:15:08Z,2025-09-01T19:39:08Z,2025-09-01T20:43:08Z,20250901,1535,6,194,5,2,5,6,1,2,2855,1,69.7,28.0,71.0,157.0,241.0,64.0,False,False,False,True,SYNTHETIC_DEMO_DATA
70,INC-00000070,2025-08-21T17:44:54Z,2025-08-21T17:55:54Z,2025-08-21T18:05:54Z,2025-08-21T20:29:54Z,2025-08-22T09:34:54Z,2025-08-22T12:13:54Z,20250821,1740,2,123,26,2,5,17,1,2,245,1,59.6,11.0,21.0,165.0,950.0,159.0,False,False,False,True,SYNTHETIC_DEMO_DATA
71,INC-00000071,2026-01-24T18:38:00Z,2026-01-24T19:08:00Z,2026-01-24T19:21:00Z,2026-01-24T19:55:00Z,2026-01-24T22:44:00Z,2026-01-25T06:57:00Z,20260124,1835,3,232,12,2,5,10,3,2,14265,1,57.2,30.0,43.0,77.0,246.0,493.0,False,False,True,True,SYNTHETIC_DEMO_DATA
72,INC-00000072,2025-12-04T07:08:49Z,2025-12-04T07:23:49Z,2025-12-04T07:47:49Z,2025-12-04T11:49:49Z,2025-12-04T14:03:49Z,,20251204,705,3,202,40,1,4,2,1,1,16623,1,29.8,15.0,39.0,281.0,415.0,,False,False,False,True,SYNTHETIC_DEMO_DATA
73,INC-00000073,2025-02-21T18:45:12Z,2025-02-21T19:05:12Z,2025-02-21T19:39:12Z,2025-02-21T21:34:12Z,2025-02-21T23:58:12Z,2025-02-22T01:24:12Z,20250221,1845,1,185,36,1,5,13,1,1,4759,1,47.1,20.0,54.0,169.0,313.0,86.0,False,False,False,True,SYNTHETIC_DEMO_DATA
74,INC-00000074,2026-06-18T18:42:25Z,2026-06-18T19:33:25Z,2026-06-18T19:41:25Z,2026-06-18T20:14:25Z,2026-06-18T20:43:25Z,,20260618,1840,4,3,34,1,4,6,4,1,16667,1,33.3,51.0,59.0,92.0,121.0,,False,False,False,True,SYNTHETIC_DEMO_DATA
75,INC-00000075,2026-03-16T09:06:46Z,2026-03-16T09:15:46Z,2026-03-16T09:25:46Z,2026-03-16T10:03:46Z,2026-03-16T11:50:46Z,2026-03-16T22:49:46Z,20260316,905,1,154,12,2,5,18,1,2,2873,1,62.1,9.0,19.0,57.0,164.0,659.0,False,False,False,True,SYNTHETIC_DEMO_DATA
76,INC-00000076,2025-07-25T11:04:24Z,2025-07-25T11:29:24Z,2025-07-25T11:46:24Z,2025-07-25T11:54:24Z,2025-07-25T13:20:24Z,2025-07-25T17:43:24Z,20250725,1100,1,218,18,5,5,14,1,5,10659,1,100,25.0,42.0,50.0,136.0,263.0,True,False,False,False,SYNTHETIC_DEMO_DATA
77,INC-00000077,2026-02-18T15:16:04Z,2026-02-18T15:53:04Z,2026-02-18T16:07:04Z,2026-02-18T18:37:04Z,2026-02-18T19:47:04Z,2026-02-19T05:33:04Z,20260218,1515,3,43,1,1,5,3,3,1,15175,1,46.5,37.0,51.0,201.0,271.0,586.0,True,False,True,True,SYNTHETIC_DEMO_DATA
78,INC-00000078,2025-12-15T03:04:18Z,2025-12-15T03:10:18Z,2025-12-15T04:18:18Z,2025-12-15T05:24:18Z,2025-12-15T06:41:18Z,2025-12-15T06:57:18Z,20251215,300,1,87,30,3,5,16,1,3,17684,1,77.6,6.0,74.0,140.0,217.0,16.0,False,False,False,True,SYNTHETIC_DEMO_DATA
79,INC-00000079,2025-05-08T15:53:23Z,2025-05-08T16:38:23Z,2025-05-08T17:07:23Z,2025-05-08T18:06:23Z,2025-05-08T23:42:23Z,2025-05-09T10:18:23Z,20250508,1550,2,56,36,4,5,10,1,4,4998,1,96.3,45.0,74.0,133.0,469.0,636.0,True,False,False,False,SYNTHETIC_DEMO_DATA
80,INC-00000080,2026-06-01T14:41:01Z,2026-06-01T15:18:01Z,2026-06-01T15:35:01Z,2026-06-01T16:03:01Z,2026-06-01T22:04:01Z,2026-06-02T05:29:01Z,20260601,1440,7,44,34,2,5,1,4,2,11414,1,47.1,37.0,54.0,82.0,443.0,445.0,False,False,False,True,SYNTHETIC_DEMO_DATA
81,INC-00000081,2025-12-01T10:36:29Z,2025-12-01T10:54:29Z,2025-12-01T10:57:29Z,2025-12-01T11:21:29Z,2025-12-01T17:29:29Z,2025-12-01T22:33:29Z,20251201,1035,2,124,10,1,5,11,3,1,3034,1,41.4,18.0,21.0,45.0,413.0,304.0,False,False,True,True,SYNTHETIC_DEMO_DATA
82,INC-00000082,2025-11-27T17:21:18Z,2025-11-27T17:28:18Z,2025-11-27T17:42:18Z,2025-11-27T18:28:18Z,2025-11-27T20:46:18Z,2025-11-28T02:54:18Z,20251127,1720,1,152,34,3,5,6,1,3,7931,1,65.7,7.0,21.0,67.0,205.0,368.0,False,False,False,True,SYNTHETIC_DEMO_DATA
83,INC-00000083,2026-05-12T10:24:42Z,2026-05-12T10:28:42Z,2026-05-12T10:46:42Z,2026-05-12T13:47:42Z,2026-05-12T16:51:42Z,2026-05-12T19:32:42Z,20260512,1020,7,74,12,1,5,15,4,1,11126,1,35.0,4.0,22.0,203.0,387.0,161.0,False,False,False,True,SYNTHETIC_DEMO_DATA
84,INC-00000084,2025-09-04T22:47:27Z,2025-09-04T23:11:27Z,2025-09-04T23:37:27Z,2025-09-05T01:11:27Z,2025-09-05T03:56:27Z,2025-09-05T04:27:27Z,20250904,2245,5,203,41,1,5,8,1,1,14919,1,51.6,24.0,50.0,144.0,309.0,31.0,False,False,False,True,SYNTHETIC_DEMO_DATA
85,INC-00000085,2026-07-26T21:37:53Z,2026-07-26T21:55:53Z,2026-07-26T22:04:53Z,,,,20260726,2135,1,64,3,2,2,2,0,2,9496,1,59.8,18.0,27.0,,,,False,False,False,False,SYNTHETIC_DEMO_DATA
86,INC-00000086,2025-08-03T11:22:37Z,2025-08-03T11:29:37Z,2025-08-03T12:03:37Z,2025-08-03T16:51:37Z,2025-08-04T02:44:37Z,2025-08-04T03:28:37Z,20250803,1120,3,29,10,2,5,13,1,2,1828,1,53.5,7.0,41.0,329.0,922.0,44.0,False,False,False,True,SYNTHETIC_DEMO_DATA
87,INC-00000087,2026-03-10T17:48:54Z,2026-03-10T17:53:54Z,2026-03-10T18:07:54Z,2026-03-10T19:28:54Z,2026-03-11T12:06:54Z,2026-03-11T22:40:54Z,20260310,1745,7,175,12,1,5,5,1,1,9568,1,31.7,5.0,19.0,100.0,1098.0,634.0,False,False,False,True,SYNTHETIC_DEMO_DATA
88,INC-00000088,2025-05-23T17:24:50Z,2025-05-23T18:31:50Z,2025-05-23T18:50:50Z,2025-05-23T22:16:50Z,2025-05-24T05:27:50Z,2025-05-24T06:27:50Z,20250523,1720,6,221,35,1,5,16,1,1,15295,1,66.4,67.0,86.0,292.0,723.0,60.0,True,False,False,True,SYNTHETIC_DEMO_DATA
89,INC-00000089,2026-02-21T15:50:34Z,2026-02-21T16:48:34Z,2026-02-21T17:06:34Z,2026-02-21T18:23:34Z,2026-02-21T19:20:34Z,2026-02-22T04:23:34Z,20260221,1550,6,231,9,1,5,9,1,1,905,1,47.9,58.0,76.0,153.0,210.0,543.0,False,False,False,True,SYNTHETIC_DEMO_DATA
90,INC-00000090,2026-05-13T18:14:40Z,2026-05-13T18:49:40Z,2026-05-13T18:53:40Z,2026-05-13T19:31:40Z,,,20260513,1810,1,219,12,1,3,2,0,1,7451,1,40.7,35.0,39.0,77.0,,,False,False,False,False,SYNTHETIC_DEMO_DATA
91,INC-00000091,2026-04-24T06:28:58Z,2026-04-24T06:43:58Z,2026-04-24T07:07:58Z,2026-04-24T07:45:58Z,2026-04-24T09:04:58Z,2026-04-24T14:25:58Z,20260424,625,7,32,30,4,5,16,3,4,7961,1,100,15.0,39.0,77.0,156.0,321.0,True,False,True,True,SYNTHETIC_DEMO_DATA
92,INC-00000092,2025-04-17T10:27:31Z,2025-04-17T11:04:31Z,2025-04-17T11:24:31Z,2025-04-17T11:58:31Z,2025-04-17T13:01:31Z,2025-04-17T22:57:31Z,20250417,1025,6,235,29,1,5,6,1,1,17402,1,39.6,37.0,57.0,91.0,154.0,596.0,False,False,False,True,SYNTHETIC_DEMO_DATA
93,INC-00000093,2026-05-01T16:34:47Z,2026-05-01T17:30:47Z,2026-05-01T18:04:47Z,2026-05-01T20:24:47Z,2026-05-02T01:13:47Z,2026-05-02T09:08:47Z,20260501,1630,2,138,42,1,5,17,1,1,17812,1,36.1,56.0,90.0,230.0,519.0,475.0,False,False,False,True,SYNTHETIC_DEMO_DATA
94,INC-00000094,2025-09-15T08:59:04Z,2025-09-15T09:16:04Z,2025-09-15T09:34:04Z,2025-09-15T11:19:04Z,2025-09-15T15:13:04Z,2025-09-15T18:02:04Z,20250915,855,1,202,44,2,5,11,3,2,7669,1,47.8,17.0,35.0,140.0,374.0,169.0,False,False,True,True,SYNTHETIC_DEMO_DATA
95,INC-00000095,2025-03-27T20:07:14Z,2025-03-27T20:14:14Z,2025-03-27T20:49:14Z,2025-03-27T21:48:14Z,2025-03-27T23:20:14Z,2025-03-28T02:18:14Z,20250327,2005,1,114,23,4,5,6,3,4,9637,1,97.4,7.0,42.0,101.0,193.0,178.0,True,False,True,True,SYNTHETIC_DEMO_DATA
96,INC-00000096,2025-12-19T15:02:53Z,2025-12-19T15:09:53Z,2025-12-19T15:24:53Z,2025-12-19T17:40:53Z,2025-12-19T19:20:53Z,2025-12-20T04:12:53Z,20251219,1500,7,133,18,3,5,16,1,3,7758,1,69.0,7.0,22.0,158.0,258.0,532.0,False,False,False,True,SYNTHETIC_DEMO_DATA
97,INC-00000097,2025-02-08T07:57:56Z,2025-02-08T08:25:56Z,2025-02-08T08:34:56Z,2025-02-08T13:42:56Z,2025-02-08T16:59:56Z,2025-02-09T03:28:56Z,20250208,755,2,190,10,1,5,7,1,1,2952,1,41.6,28.0,37.0,345.0,542.0,629.0,False,False,False,True,SYNTHETIC_DEMO_DATA
98,INC-00000098,2025-05-18T18:01:15Z,2025-05-18T18:47:15Z,2025-05-18T19:16:15Z,2025-05-18T22:24:15Z,2025-05-19T00:23:15Z,2025-05-19T01:48:15Z,20250518,1800,6,134,43,3,5,2,1,3,17848,1,60.8,46.0,75.0,263.0,382.0,85.0,False,False,False,True,SYNTHETIC_DEMO_DATA
99,INC-00000099,2025-03-25T21:14:37Z,2025-03-25T21:34:37Z,2025-03-25T21:48:37Z,2025-03-25T23:07:37Z,2025-03-26T00:14:37Z,2025-03-26T02:42:37Z,20250325,2110,5,78,23,4,5,14,1,4,11208,1,100,20.0,34.0,113.0,180.0,148.0,True,False,False,True,SYNTHETIC_DEMO_DATA
100,INC-00000100,2025-10-23T13:33:37Z,2025-10-23T13:38:37Z,2025-10-23T14:15:37Z,2025-10-23T21:19:37Z,2025-10-24T02:45:37Z,2025-10-24T07:33:37Z,20251023,1330,3,102,23,1,5,4,3,1,7155,1,40.4,5.0,42.0,466.0,792.0,288.0,False,False,True,True,SYNTHETIC_DEMO_DATA
101,INC-00000101,2025-09-29T08:24:34Z,2025-09-29T08:47:34Z,2025-09-29T09:07:34Z,2025-09-29T10:12:34Z,2025-09-29T13:18:34Z,2025-09-29T21:05:34Z,20250929,820,2,26,2,2,5,16,1,2,14192,1,48.4,23.0,43.0,108.0,294.0,467.0,False,False,False,True,SYNTHETIC_DEMO_DATA
102,INC-00000102,2026-02-10T14:37:38Z,2026-02-10T14:57:38Z,2026-02-10T15:05:38Z,2026-02-10T17:00:38Z,2026-02-10T19:32:38Z,2026-02-11T04:08:38Z,20260210,1435,1,58,41,3,5,10,1,3,4891,1,61.5,20.0,28.0,143.0,295.0,516.0,False,False,False,True,SYNTHETIC_DEMO_DATA
103,INC-00000103,2026-05-29T19:01:11Z,2026-05-29T19:17:11Z,2026-05-29T19:59:11Z,2026-05-29T20:41:11Z,2026-05-29T20:58:11Z,2026-05-30T02:20:11Z,20260529,1900,4,204,42,2,5,2,1,2,16393,1,54.3,16.0,58.0,100.0,117.0,322.0,False,False,False,True,SYNTHETIC_DEMO_DATA
104,INC-00000104,2025-11-18T13:46:19Z,2025-11-18T14:10:19Z,2025-11-18T14:18:19Z,2025-11-18T14:55:19Z,2025-11-18T22:52:19Z,2025-11-18T23:56:19Z,20251118,1345,1,55,24,1,5,12,1,1,181,1,40.2,24.0,32.0,69.0,546.0,64.0,False,False,False,True,SYNTHETIC_DEMO_DATA
105,INC-00000105,2025-07-02T12:37:41Z,2025-07-02T14:16:41Z,2025-07-02T14:32:41Z,2025-07-02T15:30:41Z,2025-07-02T19:55:41Z,,20250702,1235,5,220,21,2,4,6,1,2,9790,1,45.2,99.0,115.0,173.0,438.0,,False,False,False,True,SYNTHETIC_DEMO_DATA
106,INC-00000106,2025-05-26T02:31:27Z,2025-05-26T03:45:27Z,2025-05-26T03:51:27Z,2025-05-26T12:23:27Z,2025-05-26T13:37:27Z,2025-05-26T23:05:27Z,20250526,230,5,82,8,1,5,16,3,1,601,1,43.9,74.0,80.0,592.0,666.0,568.0,False,True,True,True,SYNTHETIC_DEMO_DATA
107,INC-00000107,2026-02-18T06:34:00Z,2026-02-18T06:59:00Z,2026-02-18T07:11:00Z,2026-02-18T09:02:00Z,2026-02-18T16:46:00Z,2026-02-19T02:33:00Z,20260218,630,5,221,23,3,5,11,1,3,4857,1,76.3,25.0,37.0,148.0,612.0,587.0,False,False,False,True,SYNTHETIC_DEMO_DATA
108,INC-00000108,2025-06-17T13:17:45Z,2025-06-17T13:22:45Z,2025-06-17T13:41:45Z,2025-06-17T14:28:45Z,2025-06-18T00:25:45Z,2025-06-18T08:52:45Z,20250617,1315,3,100,35,2,5,3,1,2,6764,1,54.6,5.0,24.0,71.0,668.0,507.0,False,False,False,True,SYNTHETIC_DEMO_DATA
109,INC-00000109,2026-06-29T18:16:01Z,2026-06-29T18:40:01Z,2026-06-29T18:54:01Z,,,,20260629,1815,6,136,18,1,2,13,0,1,4988,1,42.6,24.0,38.0,,,,False,False,False,False,SYNTHETIC_DEMO_DATA
110,INC-00000110,2025-05-18T14:05:06Z,2025-05-18T14:11:06Z,2025-05-18T14:32:06Z,2025-05-18T15:34:06Z,2025-05-18T16:13:06Z,2025-05-18T20:57:06Z,20250518,1405,3,118,7,4,5,9,2,4,14946,1,96.8,6.0,27.0,89.0,128.0,284.0,True,False,True,True,SYNTHETIC_DEMO_DATA
111,INC-00000111,2026-04-21T22:23:10Z,2026-04-21T23:02:10Z,2026-04-21T23:17:10Z,2026-04-22T00:43:10Z,2026-04-22T07:31:10Z,2026-04-22T13:54:10Z,20260421,2220,1,145,36,1,5,17,1,1,17474,1,42.3,39.0,54.0,140.0,548.0,383.0,False,False,False,True,SYNTHETIC_DEMO_DATA
112,INC-00000112,2026-01-14T12:36:13Z,2026-01-14T13:06:13Z,2026-01-14T13:58:13Z,2026-01-14T14:43:13Z,2026-01-14T17:44:13Z,2026-01-15T05:41:13Z,20260114,1235,1,133,8,2,5,11,3,2,16123,1,54.4,30.0,82.0,127.0,308.0,717.0,False,False,True,True,SYNTHETIC_DEMO_DATA
113,INC-00000113,2025-12-26T04:04:43Z,2025-12-26T04:25:43Z,2025-12-26T04:41:43Z,2025-12-26T05:27:43Z,2025-12-26T06:51:43Z,2025-12-26T14:03:43Z,20251226,400,3,106,31,2,5,4,1,2,4227,1,49.8,21.0,37.0,83.0,167.0,432.0,False,False,False,True,SYNTHETIC_DEMO_DATA
114,INC-00000114,2026-01-07T09:57:29Z,2026-01-07T10:35:29Z,2026-01-07T10:58:29Z,2026-01-07T12:33:29Z,2026-01-07T14:42:29Z,2026-01-08T01:08:29Z,20260107,955,7,204,42,1,5,14,1,1,358,1,43.7,38.0,61.0,156.0,285.0,626.0,False,False,False,True,SYNTHETIC_DEMO_DATA
115,INC-00000115,2025-07-16T19:57:36Z,2025-07-16T20:11:36Z,2025-07-16T20:25:36Z,2025-07-16T21:02:36Z,2025-07-16T23:33:36Z,2025-07-17T03:41:36Z,20250716,1955,5,168,37,4,5,10,1,4,3340,1,99.1,14.0,28.0,65.0,216.0,248.0,True,False,False,True,SYNTHETIC_DEMO_DATA
116,INC-00000116,2026-01-31T16:10:55Z,2026-01-31T16:28:55Z,2026-01-31T16:32:55Z,2026-01-31T17:56:55Z,2026-01-31T20:46:55Z,,20260131,1610,6,221,45,2,4,1,1,2,11586,1,63.5,18.0,22.0,106.0,276.0,,False,False,False,True,SYNTHETIC_DEMO_DATA
117,INC-00000117,2025-09-02T14:03:05Z,2025-09-02T14:48:05Z,2025-09-02T14:51:05Z,2025-09-02T15:25:05Z,2025-09-02T22:56:05Z,,20250902,1400,7,113,5,1,4,11,1,1,16790,1,49.1,45.0,48.0,82.0,533.0,,False,False,False,True,SYNTHETIC_DEMO_DATA
118,INC-00000118,2025-08-05T19:51:55Z,2025-08-05T20:09:55Z,2025-08-05T20:29:55Z,2025-08-05T21:48:55Z,2025-08-06T02:30:55Z,2025-08-06T11:11:55Z,20250805,1950,7,63,9,2,5,5,1,2,15722,1,43.8,18.0,38.0,117.0,399.0,521.0,False,False,False,True,SYNTHETIC_DEMO_DATA
119,INC-00000119,2025-07-25T16:20:23Z,2025-07-25T16:56:23Z,2025-07-25T17:04:23Z,2025-07-25T19:49:23Z,2025-07-25T22:21:23Z,2025-07-26T06:09:23Z,20250725,1620,2,51,10,1,5,15,2,1,6499,1,46.3,36.0,44.0,209.0,361.0,468.0,False,False,True,True,SYNTHETIC_DEMO_DATA
120,INC-00000120,2025-08-24T09:01:17Z,2025-08-24T09:49:17Z,2025-08-24T10:08:17Z,2025-08-24T11:16:17Z,2025-08-24T21:51:17Z,2025-08-24T23:33:17Z,20250824,900,6,208,2,4,5,11,1,4,1622,1,100,48.0,67.0,135.0,770.0,102.0,True,False,False,False,SYNTHETIC_DEMO_DATA
121,INC-00000121,2026-06-18T13:13:43Z,2026-06-18T13:56:43Z,2026-06-18T14:46:43Z,2026-06-18T15:09:43Z,2026-06-18T16:22:43Z,,20260618,1310,7,188,15,4,4,4,2,4,17388,1,89.1,43.0,93.0,116.0,189.0,,True,False,True,False,SYNTHETIC_DEMO_DATA
122,INC-00000122,2025-08-04T17:46:52Z,2025-08-04T18:09:52Z,2025-08-04T18:22:52Z,2025-08-04T19:11:52Z,2025-08-04T22:11:52Z,2025-08-05T06:30:52Z,20250804,1745,7,143,4,1,5,12,1,1,17925,1,27.1,23.0,36.0,85.0,265.0,499.0,False,False,False,True,SYNTHETIC_DEMO_DATA
123,INC-00000123,2025-08-29T17:40:04Z,2025-08-29T17:52:04Z,2025-08-29T18:00:04Z,2025-08-29T18:14:04Z,2025-08-29T19:53:04Z,2025-08-30T03:04:04Z,20250829,1740,6,148,32,5,5,9,3,5,13030,1,100,12.0,20.0,34.0,133.0,431.0,True,False,True,True,SYNTHETIC_DEMO_DATA
124,INC-00000124,2026-04-10T15:06:07Z,2026-04-10T15:13:07Z,2026-04-10T15:36:07Z,2026-04-10T16:27:07Z,2026-04-11T04:17:07Z,2026-04-11T05:03:07Z,20260410,1505,1,28,24,1,5,16,3,1,1514,1,46.5,7.0,30.0,81.0,791.0,46.0,False,False,True,True,SYNTHETIC_DEMO_DATA
125,INC-00000125,2025-10-12T20:05:35Z,2025-10-12T20:54:35Z,2025-10-12T21:11:35Z,2025-10-13T00:50:35Z,2025-10-13T02:47:35Z,2025-10-13T11:05:35Z,20251012,2005,5,40,2,4,5,12,1,4,12913,1,85.8,49.0,66.0,285.0,402.0,498.0,True,False,False,False,SYNTHETIC_DEMO_DATA
126,INC-00000126,2025-11-18T16:42:02Z,2025-11-18T16:57:02Z,2025-11-18T17:49:02Z,2025-11-18T18:39:02Z,2025-11-18T22:48:02Z,2025-11-19T01:29:02Z,20251118,1640,1,4,29,2,5,3,3,2,1615,1,44.4,15.0,67.0,117.0,366.0,161.0,False,False,True,True,SYNTHETIC_DEMO_DATA
127,INC-00000127,2025-06-25T18:42:20Z,2025-06-25T18:47:20Z,2025-06-25T19:00:20Z,2025-06-25T19:40:20Z,,,20250625,1840,5,20,4,2,3,14,0,2,12142,1,55.8,5.0,18.0,58.0,,,False,False,False,False,SYNTHETIC_DEMO_DATA
128,INC-00000128,2026-03-02T12:21:43Z,2026-03-02T13:03:43Z,2026-03-02T13:15:43Z,2026-03-02T17:34:43Z,2026-03-02T20:17:43Z,2026-03-03T03:37:43Z,20260302,1220,3,55,18,1,5,6,3,1,12226,1,40.1,42.0,54.0,313.0,476.0,440.0,False,False,True,True,SYNTHETIC_DEMO_DATA
129,INC-00000129,2025-06-26T13:20:04Z,2025-06-26T13:27:04Z,2025-06-26T13:37:04Z,2025-06-26T14:54:04Z,2025-06-26T16:17:04Z,2025-06-27T02:15:04Z,20250626,1320,2,116,18,2,5,18,1,2,10434,1,43.5,7.0,17.0,94.0,177.0,598.0,False,False,False,True,SYNTHETIC_DEMO_DATA
130,INC-00000130,2026-06-16T20:08:14Z,2026-06-16T20:17:14Z,2026-06-16T20:23:14Z,2026-06-16T21:09:14Z,2026-06-16T23:23:14Z,2026-06-17T08:03:14Z,20260616,2005,6,235,25,4,5,13,2,4,6132,1,99.8,9.0,15.0,61.0,195.0,520.0,True,False,True,True,SYNTHETIC_DEMO_DATA
131,INC-00000131,2026-03-23T12:49:17Z,2026-03-23T13:25:17Z,2026-03-23T13:41:17Z,2026-03-23T14:34:17Z,2026-03-23T16:43:17Z,2026-03-23T21:31:17Z,20260323,1245,3,3,37,2,5,4,1,2,14448,1,48.7,36.0,52.0,105.0,234.0,288.0,False,False,False,True,SYNTHETIC_DEMO_DATA
132,INC-00000132,2026-04-12T18:32:25Z,2026-04-12T19:13:25Z,2026-04-12T19:31:25Z,2026-04-12T19:53:25Z,2026-04-13T00:29:25Z,2026-04-13T03:12:25Z,20260412,1830,1,224,37,2,5,15,1,2,14471,1,63.6,41.0,59.0,81.0,357.0,163.0,True,False,False,True,SYNTHETIC_DEMO_DATA
133,INC-00000133,2026-03-19T14:03:49Z,2026-03-19T14:16:49Z,2026-03-19T14:27:49Z,2026-03-19T15:03:49Z,2026-03-19T19:02:49Z,2026-03-20T01:33:49Z,20260319,1400,6,84,29,2,5,8,1,2,1508,1,55.1,13.0,24.0,60.0,299.0,391.0,False,False,False,True,SYNTHETIC_DEMO_DATA
134,INC-00000134,2026-02-15T11:01:32Z,2026-02-15T11:15:32Z,2026-02-15T12:23:32Z,2026-02-15T16:25:32Z,2026-02-15T17:34:32Z,2026-02-15T20:12:32Z,20260215,1100,7,108,3,2,5,1,1,2,12736,1,36.9,14.0,82.0,324.0,393.0,158.0,False,False,False,True,SYNTHETIC_DEMO_DATA
135,INC-00000135,2026-04-19T15:01:47Z,2026-04-19T15:21:47Z,2026-04-19T15:31:47Z,2026-04-19T16:43:47Z,2026-04-19T19:30:47Z,,20260419,1500,3,87,17,1,4,11,1,1,2146,1,43.0,20.0,30.0,102.0,269.0,,False,False,False,True,SYNTHETIC_DEMO_DATA
136,INC-00000136,2025-03-17T16:21:23Z,2025-03-17T16:31:23Z,2025-03-17T16:35:23Z,2025-03-17T18:11:23Z,2025-03-17T18:39:23Z,2025-03-18T01:19:23Z,20250317,1620,6,26,29,4,5,7,3,4,11655,1,91.2,10.0,14.0,110.0,138.0,400.0,True,False,True,True,SYNTHETIC_DEMO_DATA
137,INC-00000137,2026-05-08T04:46:47Z,2026-05-08T04:57:47Z,2026-05-08T06:55:47Z,2026-05-08T08:02:47Z,2026-05-08T22:22:47Z,2026-05-09T03:08:47Z,20260508,445,3,132,16,1,5,15,1,1,9859,1,47.8,11.0,129.0,196.0,1056.0,286.0,False,False,False,True,SYNTHETIC_DEMO_DATA
138,INC-00000138,2025-03-23T12:21:35Z,2025-03-23T13:08:35Z,2025-03-23T13:36:35Z,2025-03-23T14:56:35Z,2025-03-23T17:52:35Z,,20250323,1220,1,227,10,1,4,8,1,1,4901,1,39.4,47.0,75.0,155.0,331.0,,False,False,False,True,SYNTHETIC_DEMO_DATA
139,INC-00000139,2025-02-01T12:48:00Z,2025-02-01T13:11:00Z,2025-02-01T13:28:00Z,2025-02-01T14:02:00Z,2025-02-01T21:16:00Z,2025-02-02T01:24:00Z,20250201,1245,1,148,7,3,5,3,1,3,12436,1,57.6,23.0,40.0,74.0,508.0,248.0,False,False,False,True,SYNTHETIC_DEMO_DATA
140,INC-00000140,2026-03-15T07:12:46Z,2026-03-15T07:21:46Z,2026-03-15T07:36:46Z,2026-03-15T07:46:46Z,2026-03-15T10:58:46Z,2026-03-15T19:24:46Z,20260315,710,5,158,10,2,5,13,1,2,5584,1,64.4,9.0,24.0,34.0,226.0,506.0,False,False,False,True,SYNTHETIC_DEMO_DATA
141,INC-00000141,2026-05-02T13:06:51Z,2026-05-02T13:31:51Z,2026-05-02T14:04:51Z,2026-05-02T16:34:51Z,2026-05-02T17:17:51Z,2026-05-03T03:50:51Z,20260502,1305,3,10,5,2,5,6,1,2,7099,1,63.7,25.0,58.0,208.0,251.0,633.0,False,False,False,True,SYNTHETIC_DEMO_DATA
142,INC-00000142,2025-07-20T10:54:00Z,2025-07-20T11:11:00Z,2025-07-20T11:23:00Z,2025-07-20T15:51:00Z,2025-07-20T18:40:00Z,2025-07-21T01:21:00Z,20250720,1050,7,65,1,1,5,16,1,1,1098,1,38.4,17.0,29.0,297.0,466.0,401.0,False,False,False,True,SYNTHETIC_DEMO_DATA
143,INC-00000143,2025-03-09T12:09:10Z,2025-03-09T12:57:10Z,2025-03-09T13:24:10Z,2025-03-09T14:34:10Z,2025-03-09T17:32:10Z,2025-03-09T22:52:10Z,20250309,1205,4,26,36,3,5,11,3,3,1204,1,71.6,48.0,75.0,145.0,323.0,320.0,True,False,True,True,SYNTHETIC_DEMO_DATA
144,INC-00000144,2025-11-28T21:01:48Z,2025-11-28T21:54:48Z,2025-11-28T22:20:48Z,2025-11-28T23:30:48Z,2025-11-29T00:57:48Z,2025-11-29T08:18:48Z,20251128,2100,2,175,23,1,5,2,1,1,7250,1,27.5,53.0,79.0,149.0,236.0,441.0,False,False,False,True,SYNTHETIC_DEMO_DATA
145,INC-00000145,2025-07-17T23:52:57Z,2025-07-18T00:31:57Z,2025-07-18T00:39:57Z,2025-07-18T01:49:57Z,,,20250717,2350,4,94,42,3,3,15,0,3,11066,1,59.7,39.0,47.0,117.0,,,False,False,False,False,SYNTHETIC_DEMO_DATA
146,INC-00000146,2025-11-05T06:34:00Z,2025-11-05T07:35:00Z,2025-11-05T08:30:00Z,2025-11-05T10:47:00Z,2025-11-05T13:34:00Z,2025-11-05T22:49:00Z,20251105,630,7,20,38,3,5,8,1,3,2104,1,71.1,61.0,116.0,253.0,420.0,555.0,False,False,False,False,SYNTHETIC_DEMO_DATA
147,INC-00000147,2025-03-15T22:25:00Z,2025-03-15T22:51:00Z,2025-03-15T23:16:00Z,2025-03-16T01:55:00Z,2025-03-16T14:35:00Z,2025-03-16T21:13:00Z,20250315,2225,4,218,42,1,5,17,1,1,14563,1,35.5,26.0,51.0,210.0,970.0,398.0,False,False,False,True,SYNTHETIC_DEMO_DATA
148,INC-00000148,2026-03-16T20:32:55Z,2026-03-16T20:39:55Z,2026-03-16T21:03:55Z,2026-03-16T22:34:55Z,2026-03-16T23:37:55Z,2026-03-17T10:30:55Z,20260316,2030,6,165,2,2,5,11,1,2,15863,1,51.7,7.0,31.0,122.0,185.0,653.0,False,False,False,True,SYNTHETIC_DEMO_DATA
149,INC-00000149,2026-02-20T11:03:34Z,2026-02-20T11:33:34Z,2026-02-20T12:14:34Z,2026-02-20T12:54:34Z,2026-02-20T13:36:34Z,2026-02-20T20:00:34Z,20260220,1100,1,71,35,2,5,4,3,2,870,1,49.4,30.0,71.0,111.0,153.0,384.0,False,False,True,True,SYNTHETIC_DEMO_DATA
150,INC-00000150,2025-08-07T12:56:05Z,2025-08-07T13:11:05Z,2025-08-07T13:26:05Z,2025-08-07T14:19:05Z,2025-08-07T23:50:05Z,2025-08-08T04:13:05Z,20250807,1255,3,113,33,4,5,17,4,4,8588,1,100,15.0,30.0,83.0,654.0,263.0,True,False,False,True,SYNTHETIC_DEMO_DATA
151,INC-00000151,2026-06-10T09:12:33Z,2026-06-10T11:06:33Z,2026-06-10T11:30:33Z,2026-06-10T12:47:33Z,2026-06-10T14:43:33Z,,20260610,910,2,144,33,1,4,7,3,1,16490,1,30.5,114.0,138.0,215.0,331.0,,False,False,True,True,SYNTHETIC_DEMO_DATA
152,INC-00000152,2025-04-07T14:57:53Z,2025-04-07T15:30:53Z,2025-04-07T15:59:53Z,2025-04-07T16:53:53Z,2025-04-07T18:32:53Z,2025-04-07T20:13:53Z,20250407,1455,5,9,37,1,5,18,3,1,5461,1,22.3,33.0,62.0,116.0,215.0,101.0,False,False,True,True,SYNTHETIC_DEMO_DATA
153,INC-00000153,2025-02-11T06:03:39Z,2025-02-11T06:28:39Z,2025-02-11T06:48:39Z,2025-02-11T08:09:39Z,2025-02-11T09:16:39Z,2025-02-11T20:23:39Z,20250211,600,7,132,12,2,5,12,1,2,16869,1,58.6,25.0,45.0,126.0,193.0,667.0,False,False,False,True,SYNTHETIC_DEMO_DATA
154,INC-00000154,2025-02-10T15:42:00Z,2025-02-10T16:16:00Z,2025-02-10T16:43:00Z,2025-02-10T17:29:00Z,2025-02-10T19:02:00Z,2025-02-11T00:37:00Z,20250210,1540,7,3,30,1,5,4,1,1,8409,1,48.8,34.0,61.0,107.0,200.0,335.0,True,False,False,True,SYNTHETIC_DEMO_DATA
155,INC-00000155,2025-05-28T09:23:12Z,2025-05-28T09:58:12Z,2025-05-28T10:16:12Z,2025-05-28T11:13:12Z,2025-05-28T17:53:12Z,2025-05-29T04:49:12Z,20250528,920,6,181,28,1,5,15,1,1,7241,1,48.1,35.0,53.0,110.0,510.0,656.0,False,False,False,True,SYNTHETIC_DEMO_DATA
156,INC-00000156,2025-08-26T12:52:50Z,2025-08-26T13:22:50Z,2025-08-26T13:36:50Z,2025-08-26T14:40:50Z,2025-08-26T22:11:50Z,2025-08-27T06:37:50Z,20250826,1250,7,196,33,3,5,10,1,3,6648,1,63.6,30.0,44.0,108.0,559.0,506.0,False,False,False,True,SYNTHETIC_DEMO_DATA
157,INC-00000157,2025-08-05T20:19:39Z,2025-08-05T20:50:39Z,2025-08-05T20:57:39Z,2025-08-05T21:08:39Z,2025-08-05T22:09:39Z,2025-08-06T04:10:39Z,20250805,2015,3,41,17,3,5,3,1,3,15184,1,78.1,31.0,38.0,49.0,110.0,361.0,False,False,False,True,SYNTHETIC_DEMO_DATA
158,INC-00000158,2025-10-23T16:14:22Z,2025-10-23T16:23:22Z,2025-10-23T16:49:22Z,2025-10-23T17:59:22Z,2025-10-23T19:51:22Z,,20251023,1610,1,164,30,5,4,16,1,5,2189,1,100,9.0,35.0,105.0,217.0,,True,False,False,False,SYNTHETIC_DEMO_DATA
159,INC-00000159,2025-04-15T19:23:32Z,2025-04-15T19:42:32Z,2025-04-15T20:19:32Z,2025-04-15T22:10:32Z,2025-04-16T08:04:32Z,2025-04-16T13:18:32Z,20250415,1920,1,1,14,3,5,7,4,3,3619,1,71.3,19.0,56.0,167.0,761.0,314.0,False,True,False,True,SYNTHETIC_DEMO_DATA
160,INC-00000160,2025-05-17T11:35:06Z,2025-05-17T12:02:06Z,2025-05-17T12:26:06Z,2025-05-17T14:46:06Z,2025-05-18T05:19:06Z,2025-05-18T12:37:06Z,20250517,1135,5,130,6,1,5,16,1,1,8580,1,27.4,27.0,51.0,191.0,1064.0,438.0,False,False,False,True,SYNTHETIC_DEMO_DATA
161,INC-00000161,2025-06-04T14:52:50Z,2025-06-04T15:43:50Z,2025-06-04T16:01:50Z,2025-06-04T16:25:50Z,2025-06-04T18:04:50Z,,20250604,1450,7,69,38,4,4,12,1,4,5718,1,100,51.0,69.0,93.0,192.0,,True,False,False,False,SYNTHETIC_DEMO_DATA
162,INC-00000162,2025-11-04T07:23:03Z,2025-11-04T07:53:03Z,2025-11-04T08:09:03Z,2025-11-04T11:00:03Z,2025-11-04T11:39:03Z,2025-11-04T21:46:03Z,20251104,720,2,67,21,2,5,3,1,2,17947,1,45.6,30.0,46.0,217.0,256.0,607.0,False,False,False,True,SYNTHETIC_DEMO_DATA
163,INC-00000163,2025-10-22T07:09:28Z,2025-10-22T07:18:28Z,2025-10-22T07:28:28Z,2025-10-22T07:53:28Z,2025-10-22T10:50:28Z,2025-10-22T15:19:28Z,20251022,705,1,66,14,4,5,16,1,4,9944,1,91.0,9.0,19.0,44.0,221.0,269.0,True,False,False,True,SYNTHETIC_DEMO_DATA
164,INC-00000164,2025-11-03T10:15:13Z,2025-11-03T10:42:13Z,2025-11-03T10:52:13Z,2025-11-03T11:51:13Z,2025-11-03T12:41:13Z,2025-11-04T00:40:13Z,20251103,1015,7,235,33,2,5,7,1,2,6478,1,62.9,27.0,37.0,96.0,146.0,719.0,False,False,False,True,SYNTHETIC_DEMO_DATA
165,INC-00000165,2026-07-28T03:00:14Z,2026-07-28T03:48:14Z,2026-07-28T03:54:14Z,2026-07-28T04:48:14Z,2026-07-28T07:37:14Z,2026-07-28T08:46:14Z,20260728,300,6,163,8,3,5,1,3,3,11297,1,82.1,48.0,54.0,108.0,277.0,69.0,True,False,True,True,SYNTHETIC_DEMO_DATA
166,INC-00000166,2026-06-16T15:26:50Z,2026-06-16T15:50:50Z,2026-06-16T16:00:50Z,2026-06-16T17:18:50Z,2026-06-16T22:53:50Z,2026-06-17T08:21:50Z,20260616,1525,2,204,25,1,5,10,1,1,1499,1,41.6,24.0,34.0,112.0,447.0,568.0,False,False,False,True,SYNTHETIC_DEMO_DATA
167,INC-00000167,2025-12-01T19:39:19Z,2025-12-01T20:19:19Z,2025-12-01T20:26:19Z,,,,20251201,1935,1,207,37,3,2,5,0,3,7003,1,52.2,40.0,47.0,,,,False,False,False,False,SYNTHETIC_DEMO_DATA
168,INC-00000168,2025-10-15T19:41:38Z,2025-10-15T20:20:38Z,2025-10-15T21:06:38Z,2025-10-15T21:46:38Z,2025-10-16T04:20:38Z,2025-10-16T10:38:38Z,20251015,1940,3,106,2,1,5,14,1,1,9418,1,35.3,39.0,85.0,125.0,519.0,378.0,False,False,False,True,SYNTHETIC_DEMO_DATA
169,INC-00000169,2026-03-02T15:56:16Z,2026-03-02T16:05:16Z,2026-03-02T16:38:16Z,2026-03-02T20:35:16Z,2026-03-03T05:21:16Z,2026-03-03T13:04:16Z,20260302,1555,3,183,23,1,5,7,1,1,13805,1,39.0,9.0,42.0,279.0,805.0,463.0,False,False,False,True,SYNTHETIC_DEMO_DATA
170,INC-00000170,2025-04-02T12:58:50Z,2025-04-02T13:15:50Z,2025-04-02T13:53:50Z,2025-04-02T18:11:50Z,2025-04-02T19:36:50Z,,20250402,1255,7,239,4,2,4,1,1,2,458,1,65.2,17.0,55.0,313.0,398.0,,False,False,False,True,SYNTHETIC_DEMO_DATA
171,INC-00000171,2026-07-07T08:05:44Z,2026-07-07T08:24:44Z,2026-07-07T08:32:44Z,2026-07-07T09:38:44Z,2026-07-07T12:06:44Z,,20260707,805,6,149,20,5,4,15,1,5,9542,1,100,19.0,27.0,93.0,241.0,,True,False,False,False,SYNTHETIC_DEMO_DATA
172,INC-00000172,2026-07-10T16:47:03Z,2026-07-10T16:56:03Z,2026-07-10T17:15:03Z,2026-07-10T20:27:03Z,2026-07-11T03:32:03Z,2026-07-11T10:38:03Z,20260710,1645,5,13,42,4,5,7,3,4,11914,1,91.2,9.0,28.0,220.0,645.0,426.0,True,False,True,False,SYNTHETIC_DEMO_DATA
173,INC-00000173,2026-04-13T12:56:53Z,2026-04-13T14:08:53Z,2026-04-13T14:45:53Z,2026-04-13T15:22:53Z,2026-04-13T18:31:53Z,2026-04-14T01:41:53Z,20260413,1255,4,26,22,1,5,15,3,1,17440,1,36.4,72.0,109.0,146.0,335.0,430.0,False,False,True,True,SYNTHETIC_DEMO_DATA
174,INC-00000174,2026-06-04T07:30:41Z,2026-06-04T08:00:41Z,2026-06-04T08:30:41Z,2026-06-04T11:45:41Z,2026-06-04T17:28:41Z,2026-06-04T20:23:41Z,20260604,730,4,155,10,3,5,10,1,3,13374,1,72.2,30.0,60.0,255.0,598.0,175.0,False,False,False,True,SYNTHETIC_DEMO_DATA
175,INC-00000175,2025-11-03T18:16:15Z,2025-11-03T18:33:15Z,2025-11-03T18:36:15Z,2025-11-03T18:57:15Z,2025-11-03T19:58:15Z,,20251103,1815,7,225,44,3,4,3,4,3,6775,1,52.0,17.0,20.0,41.0,102.0,,False,False,False,True,SYNTHETIC_DEMO_DATA
176,INC-00000176,2025-12-23T14:48:57Z,2025-12-23T15:01:57Z,2025-12-23T15:09:57Z,2025-12-23T16:10:57Z,2025-12-23T17:24:57Z,2025-12-23T22:22:57Z,20251223,1445,3,192,24,1,5,12,1,1,12690,1,48.5,13.0,21.0,82.0,156.0,298.0,True,False,False,True,SYNTHETIC_DEMO_DATA
177,INC-00000177,2026-05-03T16:09:26Z,2026-05-03T16:24:26Z,2026-05-03T16:30:26Z,2026-05-03T17:40:26Z,2026-05-03T19:53:26Z,2026-05-04T01:44:26Z,20260503,1605,1,172,1,1,5,5,1,1,5045,1,45.3,15.0,21.0,91.0,224.0,351.0,False,False,False,True,SYNTHETIC_DEMO_DATA
178,INC-00000178,2026-03-25T18:13:01Z,2026-03-25T18:45:01Z,2026-03-25T19:59:01Z,2026-03-25T20:33:01Z,2026-03-26T01:37:01Z,2026-03-26T07:53:01Z,20260325,1810,7,133,2,2,5,17,3,2,3762,1,50.0,32.0,106.0,140.0,444.0,376.0,False,False,True,True,SYNTHETIC_DEMO_DATA
179,INC-00000179,2025-09-06T12:30:57Z,2025-09-06T12:38:57Z,2025-09-06T13:17:57Z,2025-09-06T15:17:57Z,2025-09-06T16:18:57Z,,20250906,1230,7,209,20,4,4,12,3,4,3577,1,94.0,8.0,47.0,167.0,228.0,,True,False,True,True,SYNTHETIC_DEMO_DATA
180,INC-00000180,2025-12-04T10:07:09Z,2025-12-04T10:30:09Z,2025-12-04T10:41:09Z,2025-12-04T11:09:09Z,2025-12-04T14:32:09Z,,20251204,1005,4,202,22,1,4,2,3,1,10043,1,35.2,23.0,34.0,62.0,265.0,,False,False,True,True,SYNTHETIC_DEMO_DATA
181,INC-00000181,2026-02-03T16:30:03Z,2026-02-03T16:41:03Z,2026-02-03T17:03:03Z,2026-02-03T17:54:03Z,2026-02-03T20:00:03Z,2026-02-04T02:03:03Z,20260203,1630,1,193,14,3,5,15,1,3,14153,1,57.7,11.0,33.0,84.0,210.0,363.0,False,False,False,True,SYNTHETIC_DEMO_DATA
182,INC-00000182,2025-02-05T22:46:27Z,2025-02-05T23:07:27Z,2025-02-05T23:31:27Z,2025-02-06T01:38:27Z,2025-02-06T04:57:27Z,2025-02-06T14:02:27Z,20250205,2245,4,1,45,1,5,6,1,1,2522,1,42.5,21.0,45.0,172.0,371.0,545.0,False,False,False,True,SYNTHETIC_DEMO_DATA
183,INC-00000183,2025-12-09T15:22:57Z,2025-12-09T15:34:57Z,2025-12-09T15:43:57Z,2025-12-09T16:57:57Z,2025-12-09T18:32:57Z,,20251209,1520,3,141,21,4,4,2,1,4,2615,1,100,12.0,21.0,95.0,190.0,,True,False,False,True,SYNTHETIC_DEMO_DATA
184,INC-00000184,2025-05-27T17:45:06Z,2025-05-27T18:12:06Z,2025-05-27T19:10:06Z,2025-05-27T19:23:06Z,2025-05-28T07:11:06Z,2025-05-28T08:05:06Z,20250527,1745,7,29,3,1,5,10,1,1,6279,1,40.9,27.0,85.0,98.0,806.0,54.0,False,False,False,True,SYNTHETIC_DEMO_DATA
185,INC-00000185,2026-03-01T17:15:21Z,2026-03-01T17:58:21Z,2026-03-01T18:01:21Z,2026-03-01T19:18:21Z,2026-03-02T05:53:21Z,2026-03-02T17:07:21Z,20260301,1715,5,172,37,2,5,4,4,2,5796,1,63.4,43.0,46.0,123.0,758.0,674.0,False,False,False,True,SYNTHETIC_DEMO_DATA
186,INC-00000186,2025-05-25T18:16:19Z,2025-05-25T19:30:19Z,2025-05-25T19:40:19Z,2025-05-26T00:42:19Z,2025-05-26T06:49:19Z,2025-05-26T10:43:19Z,20250525,1815,6,25,36,1,5,14,2,1,8362,1,33.6,74.0,84.0,386.0,753.0,234.0,False,False,True,True,SYNTHETIC_DEMO_DATA
187,INC-00000187,2026-03-09T22:04:00Z,2026-03-09T23:29:00Z,2026-03-09T23:42:00Z,2026-03-10T00:06:00Z,2026-03-10T01:04:00Z,2026-03-10T10:27:00Z,20260309,2200,7,54,4,3,5,9,1,3,2773,1,70.8,85.0,98.0,122.0,180.0,563.0,True,False,False,False,SYNTHETIC_DEMO_DATA
188,INC-00000188,2026-03-30T15:56:45Z,2026-03-30T16:33:45Z,2026-03-30T16:42:45Z,2026-03-30T17:38:45Z,2026-03-30T21:54:45Z,2026-03-31T09:15:45Z,20260330,1555,5,46,7,4,5,3,1,4,1315,1,100,37.0,46.0,102.0,358.0,681.0,True,False,False,False,SYNTHETIC_DEMO_DATA
189,INC-00000189,2025-05-27T23:16:52Z,2025-05-27T23:29:52Z,2025-05-27T23:42:52Z,2025-05-28T04:29:52Z,2025-05-28T08:26:52Z,,20250527,2315,2,73,17,1,4,11,1,1,5734,1,48.7,13.0,26.0,313.0,550.0,,False,False,False,True,SYNTHETIC_DEMO_DATA
190,INC-00000190,2025-08-11T21:40:30Z,2025-08-11T22:05:30Z,2025-08-11T22:29:30Z,2025-08-11T23:40:30Z,2025-08-12T04:13:30Z,2025-08-12T06:40:30Z,20250811,2140,1,220,43,1,5,4,1,1,782,1,35.8,25.0,49.0,120.0,393.0,147.0,False,False,False,True,SYNTHETIC_DEMO_DATA
191,INC-00000191,2026-06-23T21:52:39Z,2026-06-23T23:34:39Z,2026-06-24T00:12:39Z,2026-06-24T00:56:39Z,2026-06-24T01:24:39Z,2026-06-24T03:08:39Z,20260623,2150,4,156,4,3,5,17,1,3,10107,1,66.4,102.0,140.0,184.0,212.0,104.0,False,False,False,False,SYNTHETIC_DEMO_DATA
192,INC-00000192,2025-06-28T17:27:13Z,2025-06-28T17:40:13Z,2025-06-28T17:54:13Z,2025-06-28T22:33:13Z,2025-06-28T23:32:13Z,2025-06-29T09:34:13Z,20250628,1725,2,12,6,1,5,8,1,1,11598,1,35.4,13.0,27.0,306.0,365.0,602.0,False,False,False,True,SYNTHETIC_DEMO_DATA
193,INC-00000193,2025-11-17T09:32:50Z,2025-11-17T09:51:50Z,2025-11-17T10:09:50Z,2025-11-17T11:00:50Z,2025-11-17T12:11:50Z,2025-11-17T20:20:50Z,20251117,930,1,134,12,2,5,2,1,2,14799,1,42.1,19.0,37.0,88.0,159.0,489.0,False,False,False,True,SYNTHETIC_DEMO_DATA
194,INC-00000194,2026-06-08T18:39:15Z,2026-06-08T18:51:15Z,2026-06-08T19:03:15Z,2026-06-08T21:13:15Z,2026-06-08T22:17:15Z,2026-06-09T04:54:15Z,20260608,1835,3,224,28,2,5,13,1,2,8993,1,49.2,12.0,24.0,154.0,218.0,397.0,False,False,False,True,SYNTHETIC_DEMO_DATA
195,INC-00000195,2025-08-10T14:52:17Z,2025-08-10T15:23:17Z,2025-08-10T15:39:17Z,2025-08-10T17:36:17Z,2025-08-10T18:59:17Z,2025-08-11T06:09:17Z,20250810,1450,1,6,44,1,5,5,1,1,1480,1,42.9,31.0,47.0,164.0,247.0,670.0,False,False,False,True,SYNTHETIC_DEMO_DATA
196,INC-00000196,2025-06-28T08:30:02Z,2025-06-28T08:45:02Z,2025-06-28T09:28:02Z,2025-06-28T10:44:02Z,2025-06-28T13:47:02Z,2025-06-28T21:44:02Z,20250628,830,3,52,44,1,5,16,1,1,1559,1,34.0,15.0,58.0,134.0,317.0,477.0,False,False,False,True,SYNTHETIC_DEMO_DATA
197,INC-00000197,2025-09-16T19:35:56Z,2025-09-16T20:11:56Z,2025-09-16T20:44:56Z,2025-09-16T22:09:56Z,2025-09-16T23:29:56Z,2025-09-17T11:00:56Z,20250916,1935,7,227,34,2,5,10,1,2,2638,1,57.1,36.0,69.0,154.0,234.0,691.0,False,False,False,True,SYNTHETIC_DEMO_DATA
198,INC-00000198,2026-03-13T13:04:23Z,2026-03-13T13:38:23Z,2026-03-13T13:49:23Z,2026-03-13T14:04:23Z,2026-03-13T18:03:23Z,2026-03-14T01:37:23Z,20260313,1300,5,92,21,3,5,4,3,3,15525,1,79.4,34.0,45.0,60.0,299.0,454.0,True,False,True,True,SYNTHETIC_DEMO_DATA
199,INC-00000199,2025-05-11T20:09:03Z,2025-05-11T20:52:03Z,2025-05-11T21:18:03Z,2025-05-11T22:57:03Z,2025-05-12T02:22:03Z,2025-05-12T08:03:03Z,20250511,2005,6,138,27,1,5,0,2,1,13938,1,33.1,43.0,69.0,168.0,373.0,341.0,False,False,True,True,SYNTHETIC_DEMO_DATA
200,INC-00000200,2025-05-01T15:55:49Z,2025-05-01T16:04:49Z,2025-05-01T16:22:49Z,2025-05-01T17:23:49Z,2025-05-01T20:05:49Z,2025-05-01T22:01:49Z,20250501,1555,5,19,13,1,5,6,1,1,9134,1,40.9,9.0,27.0,88.0,250.0,116.0,False,False,False,True,SYNTHETIC_DEMO_DATA
201,INC-00000201,2026-04-02T11:38:58Z,2026-04-02T12:07:58Z,2026-04-02T12:22:58Z,2026-04-02T15:35:58Z,2026-04-02T17:55:58Z,2026-04-02T21:26:58Z,20260402,1135,3,82,4,1,5,17,1,1,10708,1,46.6,29.0,44.0,237.0,377.0,211.0,False,False,False,True,SYNTHETIC_DEMO_DATA
202,INC-00000202,2026-04-12T18:32:01Z,2026-04-12T18:38:01Z,2026-04-12T19:54:01Z,2026-04-12T21:26:01Z,2026-04-13T17:05:01Z,2026-04-13T22:51:01Z,20260412,1830,1,17,11,2,5,11,1,2,15931,1,49.3,6.0,82.0,174.0,1353.0,346.0,False,False,False,True,SYNTHETIC_DEMO_DATA
203,INC-00000203,2025-10-19T19:08:08Z,2025-10-19T19:34:08Z,2025-10-19T19:51:08Z,2025-10-19T20:46:08Z,2025-10-19T22:19:08Z,2025-10-20T06:33:08Z,20251019,1905,2,119,30,3,5,5,1,3,1250,1,66.0,26.0,43.0,98.0,191.0,494.0,False,False,False,True,SYNTHETIC_DEMO_DATA
204,INC-00000204,2025-03-20T15:08:23Z,2025-03-20T15:27:23Z,2025-03-20T15:38:23Z,2025-03-20T16:52:23Z,2025-03-20T17:41:23Z,2025-03-21T01:25:23Z,20250320,1505,7,207,38,1,5,14,1,1,10220,1,22.2,19.0,30.0,104.0,153.0,464.0,False,False,False,True,SYNTHETIC_DEMO_DATA
205,INC-00000205,2026-06-08T22:02:22Z,2026-06-08T22:20:22Z,2026-06-08T22:25:22Z,2026-06-08T23:50:22Z,2026-06-09T00:28:22Z,2026-06-09T03:23:22Z,20260608,2200,5,152,8,4,5,10,1,4,10212,1,89.5,18.0,23.0,108.0,146.0,175.0,True,False,False,True,SYNTHETIC_DEMO_DATA
206,INC-00000206,2026-03-05T14:52:27Z,2026-03-05T15:04:27Z,2026-03-05T15:07:27Z,2026-03-05T16:41:27Z,2026-03-05T20:43:27Z,2026-03-06T03:27:27Z,20260305,1450,5,24,3,2,5,1,1,2,2280,1,58.2,12.0,15.0,109.0,351.0,404.0,False,False,False,True,SYNTHETIC_DEMO_DATA
207,INC-00000207,2025-11-19T15:01:39Z,2025-11-19T15:05:39Z,2025-11-19T15:14:39Z,2025-11-19T17:47:39Z,2025-11-20T02:00:39Z,2025-11-20T07:46:39Z,20251119,1500,1,209,4,1,5,11,1,1,6817,1,38.4,4.0,13.0,166.0,659.0,346.0,False,False,False,True,SYNTHETIC_DEMO_DATA
208,INC-00000208,2025-03-17T15:39:30Z,2025-03-17T15:47:30Z,2025-03-17T16:12:30Z,2025-03-17T17:23:30Z,2025-03-17T19:18:30Z,2025-03-18T00:58:30Z,20250317,1535,1,182,18,2,5,5,2,2,15058,1,51.6,8.0,33.0,104.0,219.0,340.0,False,False,True,True,SYNTHETIC_DEMO_DATA
209,INC-00000209,2026-01-09T08:01:02Z,2026-01-09T08:08:02Z,2026-01-09T08:47:02Z,,,,20260109,800,6,214,8,5,2,1,0,5,6005,1,100,7.0,46.0,,,,True,False,False,False,SYNTHETIC_DEMO_DATA
210,INC-00000210,2025-06-14T17:36:00Z,2025-06-14T17:55:00Z,2025-06-14T18:22:00Z,2025-06-14T21:53:00Z,2025-06-15T10:04:00Z,2025-06-15T11:47:00Z,20250614,1735,7,198,16,1,5,8,1,1,12554,1,28.5,19.0,46.0,257.0,988.0,103.0,False,False,False,True,SYNTHETIC_DEMO_DATA
211,INC-00000211,2025-08-12T19:05:20Z,2025-08-12T19:29:20Z,2025-08-12T19:36:20Z,2025-08-12T21:07:20Z,2025-08-13T01:02:20Z,2025-08-13T06:18:20Z,20250812,1905,6,116,5,1,5,1,1,1,2231,1,36.1,24.0,31.0,122.0,357.0,316.0,False,False,False,True,SYNTHETIC_DEMO_DATA
212,INC-00000212,2026-03-05T07:10:19Z,2026-03-05T07:23:19Z,2026-03-05T07:53:19Z,2026-03-05T08:59:19Z,2026-03-05T10:43:19Z,2026-03-05T14:13:19Z,20260305,710,2,190,43,2,5,13,3,2,4031,1,60.0,13.0,43.0,109.0,213.0,210.0,False,True,True,True,SYNTHETIC_DEMO_DATA
213,INC-00000213,2026-05-06T11:58:08Z,2026-05-06T12:18:08Z,2026-05-06T12:23:08Z,2026-05-06T14:48:08Z,2026-05-06T15:49:08Z,2026-05-06T23:18:08Z,20260506,1155,4,217,18,3,5,7,1,3,10008,1,72.5,20.0,25.0,170.0,231.0,449.0,False,False,False,True,SYNTHETIC_DEMO_DATA
214,INC-00000214,2026-02-06T18:24:41Z,2026-02-06T19:19:41Z,2026-02-06T19:45:41Z,2026-02-06T20:16:41Z,2026-02-07T01:23:41Z,2026-02-07T10:11:41Z,20260206,1820,4,51,17,3,5,18,1,3,7921,1,72.6,55.0,81.0,112.0,419.0,528.0,False,False,False,True,SYNTHETIC_DEMO_DATA
215,INC-00000215,2025-09-16T07:25:21Z,2025-09-16T07:32:21Z,2025-09-16T07:43:21Z,2025-09-16T08:43:21Z,2025-09-16T12:24:21Z,2025-09-16T15:47:21Z,20250916,725,1,37,11,2,5,10,1,2,6597,1,56.3,7.0,18.0,78.0,299.0,203.0,False,False,False,True,SYNTHETIC_DEMO_DATA
216,INC-00000216,2025-08-05T17:20:50Z,2025-08-05T17:34:50Z,2025-08-05T18:19:50Z,2025-08-05T19:21:50Z,2025-08-05T21:22:50Z,2025-08-06T03:51:50Z,20250805,1720,6,163,21,2,5,3,3,2,9218,1,59.6,14.0,59.0,121.0,242.0,389.0,False,False,True,True,SYNTHETIC_DEMO_DATA
217,INC-00000217,2026-04-30T18:41:20Z,2026-04-30T18:52:20Z,2026-04-30T19:07:20Z,2026-04-30T19:49:20Z,2026-05-01T05:33:20Z,2026-05-01T14:16:20Z,20260430,1840,2,172,29,4,5,16,1,4,3452,1,97.9,11.0,26.0,68.0,652.0,523.0,True,False,False,True,SYNTHETIC_DEMO_DATA
218,INC-00000218,2026-03-25T08:38:34Z,2026-03-25T08:42:34Z,2026-03-25T09:59:34Z,2026-03-25T10:48:34Z,2026-03-25T11:59:34Z,2026-03-25T18:07:34Z,20260325,835,7,56,44,4,5,9,1,4,7102,1,99.5,4.0,81.0,130.0,201.0,368.0,True,False,False,True,SYNTHETIC_DEMO_DATA
219,INC-00000219,2026-05-21T18:30:14Z,2026-05-21T18:46:14Z,2026-05-21T20:09:14Z,2026-05-21T22:51:14Z,2026-05-22T05:38:14Z,,20260521,1830,3,137,2,1,4,17,1,1,2702,1,37.5,16.0,99.0,261.0,668.0,,False,False,False,True,SYNTHETIC_DEMO_DATA
220,INC-00000220,2026-03-27T13:40:55Z,2026-03-27T14:37:55Z,2026-03-27T15:22:55Z,2026-03-27T22:00:55Z,2026-03-28T09:24:55Z,2026-03-28T20:50:55Z,20260327,1340,2,159,20,1,5,10,1,1,2845,1,59.6,57.0,102.0,500.0,1184.0,686.0,True,False,False,True,SYNTHETIC_DEMO_DATA
221,INC-00000221,2025-09-14T14:30:01Z,2025-09-14T14:53:01Z,2025-09-14T15:06:01Z,2025-09-14T16:01:01Z,2025-09-14T16:57:01Z,,20250914,1430,7,209,19,2,4,4,3,2,1633,1,52.3,23.0,36.0,91.0,147.0,,False,False,True,True,SYNTHETIC_DEMO_DATA
222,INC-00000222,2026-06-01T15:02:24Z,2026-06-01T15:23:24Z,2026-06-01T16:02:24Z,2026-06-01T16:53:24Z,2026-06-02T02:51:24Z,2026-06-02T14:21:24Z,20260601,1500,4,90,2,1,5,14,1,1,1592,1,25.2,21.0,60.0,111.0,709.0,690.0,False,False,False,True,SYNTHETIC_DEMO_DATA
223,INC-00000223,2025-02-11T09:35:09Z,2025-02-11T09:52:09Z,2025-02-11T10:11:09Z,2025-02-11T10:26:09Z,2025-02-12T00:29:09Z,2025-02-12T05:21:09Z,20250211,935,7,202,38,3,5,9,1,3,2239,1,57.7,17.0,36.0,51.0,894.0,292.0,False,False,False,True,SYNTHETIC_DEMO_DATA
224,INC-00000224,2026-06-22T12:23:03Z,2026-06-22T12:33:03Z,2026-06-22T12:53:03Z,2026-06-22T17:34:03Z,2026-06-22T19:16:03Z,2026-06-23T06:57:03Z,20260622,1220,7,226,11,1,5,18,1,1,14745,1,47.7,10.0,30.0,311.0,413.0,701.0,False,False,False,True,SYNTHETIC_DEMO_DATA
225,INC-00000225,2026-06-01T05:36:44Z,2026-06-01T05:58:44Z,2026-06-01T06:18:44Z,2026-06-01T08:36:44Z,2026-06-01T11:40:44Z,2026-06-01T12:53:44Z,20260601,535,2,39,40,2,5,12,2,2,13952,1,54.7,22.0,42.0,180.0,364.0,73.0,False,False,True,True,SYNTHETIC_DEMO_DATA
226,INC-00000226,2026-02-01T16:23:18Z,2026-02-01T17:20:18Z,2026-02-01T17:35:18Z,2026-02-01T18:20:18Z,2026-02-01T19:23:18Z,,20260201,1620,6,47,5,2,4,5,1,2,17996,1,53.7,57.0,72.0,117.0,180.0,,False,False,False,True,SYNTHETIC_DEMO_DATA
227,INC-00000227,2025-03-31T09:29:23Z,2025-03-31T09:31:23Z,2025-03-31T09:54:23Z,2025-03-31T11:49:23Z,2025-03-31T13:33:23Z,2025-03-31T23:35:23Z,20250331,925,6,185,32,3,5,17,4,3,9304,1,79.2,2.0,25.0,140.0,244.0,602.0,False,False,False,True,SYNTHETIC_DEMO_DATA
228,INC-00000228,2025-09-02T10:45:34Z,2025-09-02T11:04:34Z,2025-09-02T11:12:34Z,2025-09-02T12:00:34Z,2025-09-03T09:12:34Z,2025-09-03T10:26:34Z,20250902,1045,1,69,34,3,5,10,1,3,237,1,73.2,19.0,27.0,75.0,1347.0,74.0,False,False,False,True,SYNTHETIC_DEMO_DATA
229,INC-00000229,2026-06-15T14:53:32Z,2026-06-15T15:09:32Z,2026-06-15T15:20:32Z,,,,20260615,1450,6,76,4,2,2,2,0,2,2818,1,45.6,16.0,27.0,,,,False,False,False,False,SYNTHETIC_DEMO_DATA
230,INC-00000230,2025-06-15T18:17:57Z,2025-06-15T18:34:57Z,2025-06-15T18:54:57Z,2025-06-15T20:38:57Z,2025-06-16T00:24:57Z,,20250615,1815,3,182,3,2,4,13,1,2,12774,1,50.7,17.0,37.0,141.0,367.0,,False,False,False,True,SYNTHETIC_DEMO_DATA
231,INC-00000231,2025-08-08T15:09:40Z,2025-08-08T15:44:40Z,2025-08-08T16:31:40Z,2025-08-08T18:42:40Z,2025-08-08T22:14:40Z,2025-08-09T03:26:40Z,20250808,1505,6,40,2,1,5,5,2,1,14341,1,41.0,35.0,82.0,213.0,425.0,312.0,True,False,True,True,SYNTHETIC_DEMO_DATA
232,INC-00000232,2025-07-23T15:06:21Z,2025-07-23T15:16:21Z,2025-07-23T15:23:21Z,2025-07-23T15:44:21Z,2025-07-24T00:03:21Z,2025-07-24T01:40:21Z,20250723,1505,7,229,21,2,5,17,1,2,13542,1,51.9,10.0,17.0,38.0,537.0,97.0,False,False,False,True,SYNTHETIC_DEMO_DATA
233,INC-00000233,2025-08-22T21:08:18Z,2025-08-22T21:14:18Z,2025-08-22T21:51:18Z,2025-08-22T23:31:18Z,2025-08-23T03:39:18Z,2025-08-23T09:50:18Z,20250822,2105,6,221,28,3,5,11,1,3,2449,1,80.7,6.0,43.0,143.0,391.0,371.0,False,False,False,True,SYNTHETIC_DEMO_DATA
234,INC-00000234,2026-05-30T06:09:28Z,2026-05-30T06:29:28Z,2026-05-30T06:52:28Z,2026-05-30T08:26:28Z,2026-05-30T12:51:28Z,2026-05-30T14:07:28Z,20260530,605,5,225,16,2,5,3,1,2,1100,1,40.7,20.0,43.0,137.0,402.0,76.0,False,False,False,True,SYNTHETIC_DEMO_DATA
235,INC-00000235,2025-04-29T11:16:47Z,2025-04-29T11:33:47Z,2025-04-29T11:43:47Z,2025-04-29T12:31:47Z,2025-04-29T15:22:47Z,2025-04-30T00:00:47Z,20250429,1115,3,180,10,2,5,14,1,2,9434,1,41.1,17.0,27.0,75.0,246.0,518.0,False,False,False,True,SYNTHETIC_DEMO_DATA
236,INC-00000236,2025-10-06T09:10:51Z,2025-10-06T09:40:51Z,2025-10-06T10:33:51Z,2025-10-06T12:31:51Z,2025-10-06T19:07:51Z,2025-10-07T02:27:51Z,20251006,910,3,84,44,1,5,6,1,1,9372,1,34.9,30.0,83.0,201.0,597.0,440.0,False,False,False,True,SYNTHETIC_DEMO_DATA
237,INC-00000237,2026-01-12T11:47:02Z,2026-01-12T11:51:02Z,2026-01-12T12:20:02Z,2026-01-12T13:00:02Z,2026-01-12T15:58:02Z,2026-01-12T19:13:02Z,20260112,1145,3,204,8,1,5,17,1,1,1333,1,41.2,4.0,33.0,73.0,251.0,195.0,False,False,False,True,SYNTHETIC_DEMO_DATA
238,INC-00000238,2025-03-20T12:04:11Z,2025-03-20T12:10:11Z,2025-03-20T12:30:11Z,2025-03-20T14:06:11Z,2025-03-22T01:26:11Z,,20250320,1200,4,45,42,2,4,11,1,2,17201,1,37.5,6.0,26.0,122.0,2242.0,,False,False,False,True,SYNTHETIC_DEMO_DATA
239,INC-00000239,2026-04-30T16:05:01Z,2026-04-30T16:26:01Z,2026-04-30T16:44:01Z,2026-04-30T19:41:01Z,2026-04-30T21:43:01Z,2026-05-01T06:11:01Z,20260430,1605,5,106,4,1,5,3,2,1,16890,1,41.6,21.0,39.0,216.0,338.0,508.0,False,False,True,True,SYNTHETIC_DEMO_DATA
240,INC-00000240,2025-08-30T22:42:16Z,2025-08-30T22:49:16Z,2025-08-30T23:08:16Z,2025-08-31T00:47:16Z,2025-08-31T01:31:16Z,2025-08-31T03:31:16Z,20250830,2240,2,219,28,2,5,15,1,2,12060,1,53.6,7.0,26.0,125.0,169.0,120.0,False,False,False,True,SYNTHETIC_DEMO_DATA
241,INC-00000241,2025-06-02T20:24:42Z,2025-06-02T20:37:42Z,2025-06-02T21:04:42Z,2025-06-02T21:57:42Z,2025-06-03T00:00:42Z,2025-06-03T08:36:42Z,20250602,2020,4,37,17,1,5,7,2,1,10419,1,45.9,13.0,40.0,93.0,216.0,516.0,False,False,True,True,SYNTHETIC_DEMO_DATA
242,INC-00000242,2025-08-04T13:02:14Z,2025-08-04T13:11:14Z,2025-08-04T13:37:14Z,2025-08-04T16:32:14Z,2025-08-04T17:59:14Z,2025-08-05T02:18:14Z,20250804,1300,3,223,24,3,5,2,1,3,9608,1,80.7,9.0,35.0,210.0,297.0,499.0,True,False,False,True,SYNTHETIC_DEMO_DATA
243,INC-00000243,2026-03-20T10:56:14Z,2026-03-20T11:14:14Z,2026-03-20T11:36:14Z,,,,20260320,1055,1,227,22,1,2,11,0,1,17038,1,36.4,18.0,40.0,,,,False,False,False,False,SYNTHETIC_DEMO_DATA
244,INC-00000244,2025-08-20T15:51:59Z,2025-08-20T17:44:59Z,2025-08-20T18:00:59Z,2025-08-20T18:35:59Z,2025-08-23T08:31:59Z,,20250820,1550,2,186,9,1,4,4,1,1,811,1,45.0,113.0,129.0,164.0,3880.0,,False,False,False,True,SYNTHETIC_DEMO_DATA
245,INC-00000245,2025-10-19T14:07:03Z,2025-10-19T14:19:03Z,2025-10-19T14:27:03Z,2025-10-19T16:29:03Z,2025-10-19T20:33:03Z,2025-10-20T03:38:03Z,20251019,1405,6,229,37,2,5,16,1,2,6243,1,47.4,12.0,20.0,142.0,386.0,425.0,False,False,False,True,SYNTHETIC_DEMO_DATA
246,INC-00000246,2025-11-19T20:17:27Z,2025-11-19T20:55:27Z,2025-11-19T21:52:27Z,2025-11-19T22:26:27Z,2025-11-20T01:43:27Z,,20251119,2015,5,194,45,2,4,9,1,2,11082,1,66.2,38.0,95.0,129.0,326.0,,False,False,False,True,SYNTHETIC_DEMO_DATA
247,INC-00000247,2026-07-10T02:34:01Z,2026-07-10T03:19:01Z,2026-07-10T04:48:01Z,2026-07-10T06:08:01Z,2026-07-10T07:45:01Z,2026-07-10T16:45:01Z,20260710,230,6,198,31,1,5,1,1,1,17805,1,24.6,45.0,134.0,214.0,311.0,540.0,False,False,False,True,SYNTHETIC_DEMO_DATA
248,INC-00000248,2026-06-19T09:48:57Z,2026-06-19T10:35:57Z,2026-06-19T11:15:57Z,2026-06-19T12:40:57Z,2026-06-19T17:00:57Z,2026-06-19T19:27:57Z,20260619,945,2,237,35,4,5,15,3,4,10469,1,95.9,47.0,87.0,172.0,432.0,147.0,True,False,True,False,SYNTHETIC_DEMO_DATA
249,INC-00000249,2026-05-15T10:59:22Z,2026-05-15T11:23:22Z,2026-05-15T11:48:22Z,2026-05-15T13:41:22Z,2026-05-15T16:01:22Z,2026-05-15T19:26:22Z,20260515,1055,2,19,29,1,5,5,1,1,981,1,43.4,24.0,49.0,162.0,302.0,205.0,False,False,False,True,SYNTHETIC_DEMO_DATA
250,INC-00000250,2025-12-05T16:59:58Z,2025-12-05T17:21:58Z,2025-12-05T17:47:58Z,2025-12-05T20:04:58Z,2025-12-06T00:48:58Z,,20251205,1655,3,231,43,1,4,16,1,1,483,1,39.7,22.0,48.0,185.0,469.0,,False,False,False,True,SYNTHETIC_DEMO_DATA
251,INC-00000251,2025-06-17T08:46:11Z,2025-06-17T08:52:11Z,2025-06-17T09:11:11Z,2025-06-17T09:55:11Z,2025-06-17T12:21:11Z,2025-06-17T19:50:11Z,20250617,845,5,42,36,1,5,9,1,1,7938,1,40.7,6.0,25.0,69.0,215.0,449.0,False,False,False,True,SYNTHETIC_DEMO_DATA
252,INC-00000252,2025-12-12T10:29:25Z,2025-12-12T10:36:25Z,2025-12-12T10:49:25Z,2025-12-12T11:50:25Z,2025-12-12T12:58:25Z,2025-12-12T13:18:25Z,20251212,1025,5,104,10,1,5,2,2,1,8749,1,53.8,7.0,20.0,81.0,149.0,20.0,False,False,True,True,SYNTHETIC_DEMO_DATA
253,INC-00000253,2025-09-08T20:02:45Z,2025-09-08T20:54:45Z,2025-09-08T21:01:45Z,2025-09-09T01:38:45Z,2025-09-09T06:24:45Z,2025-09-09T10:54:45Z,20250908,2000,6,40,14,2,5,14,1,2,4434,1,58.5,52.0,59.0,336.0,622.0,270.0,True,False,False,True,SYNTHETIC_DEMO_DATA
254,INC-00000254,2026-07-31T12:47:28Z,2026-07-31T12:53:28Z,2026-07-31T13:16:28Z,2026-07-31T13:34:28Z,,,20260731,1245,5,235,5,2,3,7,0,2,15684,1,62.6,6.0,29.0,47.0,,,False,False,False,False,SYNTHETIC_DEMO_DATA
255,INC-00000255,2025-05-22T14:23:45Z,2025-05-22T15:03:45Z,2025-05-22T15:10:45Z,2025-05-22T16:19:45Z,2025-05-22T18:01:45Z,2025-05-23T04:06:45Z,20250522,1420,6,50,12,1,5,17,1,1,4230,1,50.8,40.0,47.0,116.0,218.0,605.0,False,False,False,True,SYNTHETIC_DEMO_DATA
256,INC-00000256,2025-12-18T14:27:46Z,2025-12-18T15:06:46Z,2025-12-18T15:15:46Z,2025-12-18T15:46:46Z,2025-12-19T16:04:46Z,,20251218,1425,6,176,5,1,4,10,3,1,3518,1,51.1,39.0,48.0,79.0,1537.0,,False,False,True,True,SYNTHETIC_DEMO_DATA
257,INC-00000257,2026-07-03T16:58:04Z,2026-07-03T17:26:04Z,2026-07-03T17:44:04Z,2026-07-03T19:24:04Z,2026-07-03T23:04:04Z,2026-07-04T05:24:04Z,20260703,1655,7,39,43,3,5,5,1,3,8163,1,64.4,28.0,46.0,146.0,366.0,380.0,False,False,False,True,SYNTHETIC_DEMO_DATA
258,INC-00000258,2026-06-25T20:03:36Z,2026-06-25T21:19:36Z,2026-06-25T21:26:36Z,2026-06-25T22:03:36Z,2026-06-26T01:05:36Z,2026-06-26T12:27:36Z,20260625,2000,5,8,6,2,5,15,1,2,14575,1,43.3,76.0,83.0,120.0,302.0,682.0,False,False,False,True,SYNTHETIC_DEMO_DATA
259,INC-00000259,2026-07-07T12:24:12Z,2026-07-07T13:03:12Z,2026-07-07T13:17:12Z,2026-07-07T16:44:12Z,2026-07-07T20:30:12Z,2026-07-07T20:56:12Z,20260707,1220,5,207,11,4,5,10,3,4,16398,1,78.6,39.0,53.0,260.0,486.0,26.0,True,False,True,False,SYNTHETIC_DEMO_DATA
260,INC-00000260,2025-05-13T10:45:20Z,2025-05-13T11:02:20Z,2025-05-13T11:42:20Z,2025-05-13T13:27:20Z,2025-05-13T13:56:20Z,2025-05-13T15:15:20Z,20250513,1045,7,221,44,3,5,2,1,3,4387,1,81.3,17.0,57.0,162.0,191.0,79.0,False,False,False,True,SYNTHETIC_DEMO_DATA
261,INC-00000261,2025-07-17T08:44:54Z,2025-07-17T09:15:54Z,2025-07-17T09:35:54Z,2025-07-17T10:25:54Z,2025-07-17T11:54:54Z,2025-07-17T14:41:54Z,20250717,840,3,172,30,3,5,13,2,3,647,1,75.5,31.0,51.0,101.0,190.0,167.0,False,False,True,True,SYNTHETIC_DEMO_DATA
262,INC-00000262,2026-05-14T17:44:24Z,2026-05-14T17:51:24Z,2026-05-14T18:11:24Z,2026-05-14T18:37:24Z,2026-05-14T19:14:24Z,,20260514,1740,7,193,33,4,4,7,3,4,15158,1,93.4,7.0,27.0,53.0,90.0,,True,False,True,True,SYNTHETIC_DEMO_DATA
263,INC-00000263,2025-08-13T20:00:22Z,2025-08-13T21:44:22Z,2025-08-13T22:18:22Z,2025-08-14T00:10:22Z,2025-08-14T02:00:22Z,2025-08-14T12:15:22Z,20250813,2000,2,159,34,1,5,15,2,1,1234,1,47.6,104.0,138.0,250.0,360.0,615.0,False,False,True,True,SYNTHETIC_DEMO_DATA
264,INC-00000264,2025-11-21T15:07:43Z,2025-11-21T15:46:43Z,2025-11-21T15:50:43Z,2025-11-21T16:55:43Z,2025-11-21T21:48:43Z,2025-11-21T23:14:43Z,20251121,1505,1,53,9,2,5,9,3,2,3157,1,63.5,39.0,43.0,108.0,401.0,86.0,True,False,True,True,SYNTHETIC_DEMO_DATA
265,INC-00000265,2025-08-01T07:37:08Z,2025-08-01T07:47:08Z,2025-08-01T07:59:08Z,2025-08-01T08:53:08Z,2025-08-01T09:52:08Z,2025-08-01T15:24:08Z,20250801,735,7,99,19,3,5,3,1,3,8199,1,53.9,10.0,22.0,76.0,135.0,332.0,False,True,False,True,SYNTHETIC_DEMO_DATA
266,INC-00000266,2025-04-19T17:18:44Z,2025-04-19T17:34:44Z,2025-04-19T18:36:44Z,2025-04-19T23:51:44Z,2025-04-20T12:17:44Z,2025-04-20T16:16:44Z,20250419,1715,7,2,24,1,5,12,2,1,12233,1,39.4,16.0,78.0,393.0,1139.0,239.0,False,False,True,True,SYNTHETIC_DEMO_DATA
267,INC-00000267,2026-06-29T01:02:19Z,2026-06-29T01:42:19Z,2026-06-29T02:33:19Z,2026-06-29T04:59:19Z,2026-06-29T05:59:19Z,2026-06-29T08:57:19Z,20260629,100,5,205,24,2,5,6,3,2,8377,1,50.5,40.0,91.0,237.0,297.0,178.0,False,False,True,True,SYNTHETIC_DEMO_DATA
268,INC-00000268,2026-06-01T17:11:27Z,2026-06-01T17:35:27Z,2026-06-01T17:48:27Z,2026-06-01T19:28:27Z,2026-06-02T10:36:27Z,2026-06-02T16:59:27Z,20260601,1710,7,68,7,1,5,16,1,1,2851,1,53.1,24.0,37.0,137.0,1045.0,383.0,False,False,False,True,SYNTHETIC_DEMO_DATA
269,INC-00000269,2026-01-28T08:22:31Z,2026-01-28T08:31:31Z,2026-01-28T09:17:31Z,2026-01-28T10:02:31Z,2026-01-28T12:56:31Z,,20260128,820,1,78,1,2,4,10,1,2,15362,1,60.2,9.0,55.0,100.0,274.0,,False,False,False,True,SYNTHETIC_DEMO_DATA
270,INC-00000270,2026-01-14T06:17:46Z,2026-01-14T06:29:46Z,2026-01-14T06:37:46Z,2026-01-14T06:55:46Z,2026-01-14T10:22:46Z,2026-01-14T14:38:46Z,20260114,615,1,90,43,3,5,4,3,3,16298,1,60.1,12.0,20.0,38.0,245.0,256.0,False,False,True,True,SYNTHETIC_DEMO_DATA
271,INC-00000271,2026-04-17T14:05:14Z,2026-04-17T14:19:14Z,2026-04-17T14:25:14Z,2026-04-17T18:16:14Z,2026-04-17T20:35:14Z,2026-04-18T07:06:14Z,20260417,1405,2,65,15,1,5,13,2,1,9742,1,34.9,14.0,20.0,251.0,390.0,631.0,False,False,True,True,SYNTHETIC_DEMO_DATA
272,INC-00000272,2026-05-07T14:32:28Z,2026-05-07T14:37:28Z,2026-05-07T17:24:28Z,2026-05-07T18:00:28Z,2026-05-08T00:26:28Z,2026-05-08T02:06:28Z,20260507,1430,5,28,37,3,5,8,2,3,10885,1,74.7,5.0,172.0,208.0,594.0,100.0,False,False,True,True,SYNTHETIC_DEMO_DATA
273,INC-00000273,2025-06-26T11:13:04Z,2025-06-26T11:19:04Z,2025-06-26T11:38:04Z,2025-06-26T15:56:04Z,2025-06-26T17:03:04Z,2025-06-27T04:29:04Z,20250626,1110,1,120,43,1,5,17,1,1,12492,1,39.8,6.0,25.0,283.0,350.0,686.0,False,False,False,True,SYNTHETIC_DEMO_DATA
274,INC-00000274,2025-07-21T15:30:13Z,2025-07-21T15:49:13Z,2025-07-21T15:56:13Z,2025-07-21T19:28:13Z,2025-07-21T22:48:13Z,2025-07-22T01:28:13Z,20250721,1530,2,155,25,1,5,10,1,1,15583,1,34.1,19.0,26.0,238.0,438.0,160.0,False,False,False,True,SYNTHETIC_DEMO_DATA
275,INC-00000275,2025-02-07T22:34:08Z,2025-02-07T22:48:08Z,2025-02-07T23:15:08Z,2025-02-07T23:48:08Z,2025-02-08T03:23:08Z,2025-02-08T14:29:08Z,20250207,2230,3,179,32,2,5,4,1,2,3128,1,57.1,14.0,41.0,74.0,289.0,666.0,True,False,False,True,SYNTHETIC_DEMO_DATA
276,INC-00000276,2026-01-01T08:19:58Z,2026-01-01T08:34:58Z,2026-01-01T09:06:58Z,2026-01-01T09:23:58Z,2026-01-01T21:47:58Z,2026-01-02T04:48:58Z,20260101,815,6,208,2,1,5,14,2,1,7596,1,41.7,15.0,47.0,64.0,808.0,421.0,False,False,True,True,SYNTHETIC_DEMO_DATA
277,INC-00000277,2026-06-29T18:18:58Z,2026-06-29T19:11:58Z,2026-06-29T19:27:58Z,2026-06-29T19:47:58Z,2026-06-29T23:28:58Z,2026-06-30T01:25:58Z,20260629,1815,6,4,34,1,5,7,3,1,12975,1,27.4,53.0,69.0,89.0,310.0,117.0,False,False,True,True,SYNTHETIC_DEMO_DATA
278,INC-00000278,2026-03-03T15:36:11Z,2026-03-03T16:26:11Z,2026-03-03T16:49:11Z,2026-03-03T17:39:11Z,2026-03-03T18:31:11Z,2026-03-04T01:57:11Z,20260303,1535,6,132,23,2,5,1,1,2,14086,1,55.0,50.0,73.0,123.0,175.0,446.0,False,False,False,True,SYNTHETIC_DEMO_DATA
279,INC-00000279,2025-08-22T07:00:30Z,2025-08-22T08:11:30Z,2025-08-22T08:19:30Z,2025-08-22T13:03:30Z,2025-08-22T15:41:30Z,2025-08-22T22:05:30Z,20250822,700,3,220,43,1,5,11,1,1,17990,1,34.3,71.0,79.0,363.0,521.0,384.0,False,False,False,True,SYNTHETIC_DEMO_DATA
280,INC-00000280,2025-07-03T11:50:02Z,2025-07-03T12:38:02Z,2025-07-03T13:13:02Z,2025-07-03T15:25:02Z,2025-07-04T09:52:02Z,2025-07-04T14:04:02Z,20250703,1150,3,70,18,2,5,5,3,2,11548,1,53.7,48.0,83.0,215.0,1322.0,252.0,False,False,True,True,SYNTHETIC_DEMO_DATA
281,INC-00000281,2025-02-27T13:03:19Z,2025-02-27T13:37:19Z,2025-02-27T13:53:19Z,2025-02-27T15:25:19Z,2025-02-27T17:48:19Z,2025-02-27T22:51:19Z,20250227,1300,7,15,27,1,5,15,1,1,8884,1,43.2,34.0,50.0,142.0,285.0,303.0,False,False,False,True,SYNTHETIC_DEMO_DATA
282,INC-00000282,2025-12-12T23:04:39Z,2025-12-12T23:19:39Z,2025-12-12T23:53:39Z,2025-12-13T00:24:39Z,2025-12-13T03:03:39Z,2025-12-13T12:10:39Z,20251212,2300,4,12,30,1,5,8,3,1,16637,1,33.6,15.0,49.0,80.0,239.0,547.0,False,False,True,True,SYNTHETIC_DEMO_DATA
283,INC-00000283,2026-05-05T12:44:51Z,2026-05-05T12:58:51Z,2026-05-05T13:50:51Z,2026-05-05T15:21:51Z,2026-05-05T18:53:51Z,2026-05-05T19:15:51Z,20260505,1240,6,201,1,1,5,1,1,1,3607,1,37.5,14.0,66.0,157.0,369.0,22.0,False,False,False,True,SYNTHETIC_DEMO_DATA
284,INC-00000284,2026-04-04T19:10:01Z,2026-04-04T19:14:01Z,2026-04-04T19:38:01Z,2026-04-04T21:52:01Z,2026-04-05T01:36:01Z,2026-04-05T02:17:01Z,20260404,1910,2,178,33,1,5,12,1,1,8266,1,39.2,4.0,28.0,162.0,386.0,41.0,False,False,False,True,SYNTHETIC_DEMO_DATA
285,INC-00000285,2025-10-26T08:09:25Z,,,,,,20251026,805,5,104,6,2,1,6,0,2,12324,1,63.9,,,,,,False,False,False,False,SYNTHETIC_DEMO_DATA
286,INC-00000286,2026-07-06T15:58:28Z,2026-07-06T16:42:28Z,2026-07-06T17:04:28Z,2026-07-06T18:13:28Z,,,20260706,1555,3,95,11,2,3,17,0,2,14583,1,72.5,44.0,66.0,135.0,,,True,False,False,False,SYNTHETIC_DEMO_DATA
287,INC-00000287,2025-11-02T15:05:23Z,2025-11-02T17:57:23Z,2025-11-02T18:13:23Z,2025-11-02T18:48:23Z,2025-11-02T23:57:23Z,2025-11-03T07:04:23Z,20251102,1505,3,3,35,1,5,9,1,1,9081,1,39.4,172.0,188.0,223.0,532.0,427.0,False,False,False,True,SYNTHETIC_DEMO_DATA
288,INC-00000288,2025-06-17T11:46:52Z,2025-06-17T12:01:52Z,2025-06-17T12:17:52Z,2025-06-17T12:53:52Z,2025-06-17T14:50:52Z,2025-06-18T00:25:52Z,20250617,1145,6,78,2,2,5,3,1,2,9306,1,61.2,15.0,31.0,67.0,184.0,575.0,False,False,False,True,SYNTHETIC_DEMO_DATA
289,INC-00000289,2026-05-18T12:12:57Z,2026-05-18T12:45:57Z,2026-05-18T12:54:57Z,2026-05-18T13:13:57Z,2026-05-18T14:28:57Z,2026-05-19T01:36:57Z,20260518,1210,3,181,4,4,5,16,3,4,17710,1,100,33.0,42.0,61.0,136.0,668.0,True,False,True,False,SYNTHETIC_DEMO_DATA
290,INC-00000290,2025-08-24T13:12:00Z,2025-08-24T14:51:00Z,2025-08-24T15:08:00Z,2025-08-24T16:23:00Z,2025-08-26T03:32:00Z,,20250824,1310,6,114,17,1,4,6,4,1,16182,1,40.4,99.0,116.0,191.0,2300.0,,False,False,False,True,SYNTHETIC_DEMO_DATA
291,INC-00000291,2026-07-30T15:34:43Z,2026-07-30T17:02:43Z,2026-07-30T17:10:43Z,2026-07-30T19:22:43Z,2026-07-30T21:19:43Z,2026-07-31T02:20:43Z,20260730,1530,1,124,28,3,5,1,2,3,12484,1,65.0,88.0,96.0,228.0,345.0,301.0,False,False,True,False,SYNTHETIC_DEMO_DATA
292,INC-00000292,2026-06-01T10:41:05Z,2026-06-01T11:14:05Z,2026-06-01T11:58:05Z,2026-06-01T12:32:05Z,2026-06-01T13:56:05Z,,20260601,1040,6,80,16,4,4,13,1,4,8216,1,93.0,33.0,77.0,111.0,195.0,,True,False,False,False,SYNTHETIC_DEMO_DATA
293,INC-00000293,2025-02-22T19:28:47Z,2025-02-22T19:37:47Z,2025-02-22T19:52:47Z,2025-02-22T20:33:47Z,2025-02-23T00:21:47Z,2025-02-23T08:37:47Z,20250222,1925,7,229,8,2,5,4,2,2,13008,1,46.4,9.0,24.0,65.0,293.0,496.0,False,False,True,True,SYNTHETIC_DEMO_DATA
294,INC-00000294,2025-05-19T04:08:57Z,2025-05-19T04:26:57Z,2025-05-19T04:51:57Z,2025-05-19T05:00:57Z,2025-05-19T07:41:57Z,2025-05-19T14:33:57Z,20250519,405,3,146,45,5,5,18,1,5,5635,1,100,18.0,43.0,52.0,213.0,412.0,True,False,False,False,SYNTHETIC_DEMO_DATA
295,INC-00000295,2025-06-21T05:12:53Z,2025-06-21T05:31:53Z,2025-06-21T05:36:53Z,2025-06-21T06:32:53Z,2025-06-21T07:45:53Z,,20250621,510,2,181,41,3,4,9,3,3,16700,1,75.5,19.0,24.0,80.0,153.0,,False,False,True,True,SYNTHETIC_DEMO_DATA
296,INC-00000296,2026-04-11T14:20:12Z,2026-04-11T15:05:12Z,2026-04-11T15:26:12Z,2026-04-11T16:47:12Z,2026-04-11T23:36:12Z,2026-04-12T07:25:12Z,20260411,1420,1,169,3,1,5,18,3,1,3226,1,33.5,45.0,66.0,147.0,556.0,469.0,False,False,True,True,SYNTHETIC_DEMO_DATA
297,INC-00000297,2025-03-02T18:09:39Z,2025-03-02T18:29:39Z,2025-03-02T19:17:39Z,2025-03-03T00:12:39Z,2025-03-03T02:33:39Z,2025-03-03T13:04:39Z,20250302,1805,7,51,23,1,5,11,1,1,6854,1,60.0,20.0,68.0,363.0,504.0,631.0,True,False,False,True,SYNTHETIC_DEMO_DATA
298,INC-00000298,2026-02-06T04:52:59Z,2026-02-06T05:40:59Z,2026-02-06T05:51:59Z,2026-02-06T06:31:59Z,2026-02-06T09:16:59Z,2026-02-06T19:21:59Z,20260206,450,3,65,15,2,5,5,1,2,9890,1,56.1,48.0,59.0,99.0,264.0,605.0,False,False,False,True,SYNTHETIC_DEMO_DATA
299,INC-00000299,2026-05-26T23:39:50Z,2026-05-26T23:59:50Z,2026-05-27T00:11:50Z,2026-05-27T01:30:50Z,2026-05-27T03:09:50Z,,20260526,2335,4,16,31,3,4,17,1,3,6655,1,70.1,20.0,32.0,111.0,210.0,,False,False,False,True,SYNTHETIC_DEMO_DATA
300,INC-00000300,2026-01-11T08:20:14Z,2026-01-11T08:54:14Z,2026-01-11T09:29:14Z,2026-01-11T11:18:14Z,2026-01-11T13:08:14Z,2026-01-11T20:43:14Z,20260111,820,5,100,24,2,5,9,1,2,17616,1,63.9,34.0,69.0,178.0,288.0,455.0,False,False,False,True,SYNTHETIC_DEMO_DATA
301,INC-00000301,2025-05-22T15:39:50Z,2025-05-22T15:43:50Z,2025-05-22T15:56:50Z,2025-05-22T17:03:50Z,2025-05-22T21:03:50Z,2025-05-23T02:19:50Z,20250522,1535,2,40,6,3,5,3,2,3,15165,1,63.2,4.0,17.0,84.0,324.0,316.0,False,False,True,True,SYNTHETIC_DEMO_DATA
302,INC-00000302,2026-02-17T19:02:12Z,2026-02-17T19:33:12Z,2026-02-17T19:51:12Z,2026-02-17T20:49:12Z,2026-02-19T05:29:12Z,2026-02-19T07:39:12Z,20260217,1900,2,139,23,1,5,12,2,1,7885,1,29.0,31.0,49.0,107.0,2067.0,130.0,False,False,True,True,SYNTHETIC_DEMO_DATA
303,INC-00000303,2025-07-15T11:44:44Z,2025-07-15T12:31:44Z,2025-07-15T12:41:44Z,2025-07-15T13:27:44Z,2025-07-15T17:36:44Z,2025-07-15T20:11:44Z,20250715,1140,7,15,14,2,5,6,1,2,1683,1,55.9,47.0,57.0,103.0,352.0,155.0,False,False,False,True,SYNTHETIC_DEMO_DATA
304,INC-00000304,2025-04-15T12:54:16Z,2025-04-15T13:32:16Z,2025-04-15T13:53:16Z,2025-04-15T15:21:16Z,2025-04-15T17:07:16Z,2025-04-15T20:18:16Z,20250415,1250,7,119,29,1,5,16,1,1,13552,1,36.9,38.0,59.0,147.0,253.0,191.0,False,False,False,True,SYNTHETIC_DEMO_DATA
305,INC-00000305,2025-11-27T10:20:17Z,2025-11-27T10:33:17Z,2025-11-27T10:38:17Z,2025-11-27T12:03:17Z,2025-11-27T14:03:17Z,2025-11-27T15:59:17Z,20251127,1020,4,154,6,1,5,9,1,1,10218,1,43.5,13.0,18.0,103.0,223.0,116.0,False,False,False,True,SYNTHETIC_DEMO_DATA
306,INC-00000306,2025-03-01T01:32:23Z,2025-03-01T01:44:23Z,2025-03-01T02:25:23Z,2025-03-01T03:33:23Z,2025-03-01T10:50:23Z,,20250301,130,6,110,35,2,4,3,2,2,7193,1,57.3,12.0,53.0,121.0,558.0,,False,False,True,True,SYNTHETIC_DEMO_DATA
307,INC-00000307,2026-04-26T09:37:38Z,2026-04-26T10:49:38Z,2026-04-26T11:09:38Z,2026-04-26T14:12:38Z,2026-04-26T16:35:38Z,2026-04-26T23:56:38Z,20260426,935,1,127,4,2,5,14,1,2,10572,1,58.7,72.0,92.0,275.0,418.0,441.0,False,False,False,True,SYNTHETIC_DEMO_DATA
308,INC-00000308,2025-07-10T08:46:19Z,2025-07-10T08:58:19Z,2025-07-10T09:46:19Z,2025-07-10T14:25:19Z,2025-07-10T19:17:19Z,2025-07-11T03:03:19Z,20250710,845,5,27,42,1,5,6,2,1,8343,1,33.4,12.0,60.0,339.0,631.0,466.0,True,False,True,True,SYNTHETIC_DEMO_DATA
309,INC-00000309,2025-06-19T18:09:02Z,2025-06-19T19:40:02Z,2025-06-19T20:07:02Z,2025-06-19T20:46:02Z,2025-06-20T01:00:02Z,2025-06-20T06:21:02Z,20250619,1805,2,220,11,1,5,17,1,1,15807,1,34.2,91.0,118.0,157.0,411.0,321.0,False,False,False,True,SYNTHETIC_DEMO_DATA
310,INC-00000310,2025-05-26T13:29:39Z,2025-05-26T13:49:39Z,2025-05-26T14:26:39Z,2025-05-26T18:35:39Z,2025-05-26T20:39:39Z,2025-05-27T02:04:39Z,20250526,1325,2,57,12,1,5,10,1,1,14222,1,37.9,20.0,57.0,306.0,430.0,325.0,False,False,False,True,SYNTHETIC_DEMO_DATA
311,INC-00000311,2025-09-12T17:24:32Z,2025-09-12T17:33:32Z,2025-09-12T18:33:32Z,2025-09-12T19:11:32Z,2025-09-12T20:29:32Z,2025-09-13T02:38:32Z,20250912,1720,1,229,9,4,5,6,1,4,655,1,93.5,9.0,69.0,107.0,185.0,369.0,True,False,False,True,SYNTHETIC_DEMO_DATA
312,INC-00000312,2025-07-28T11:44:08Z,2025-07-28T11:56:08Z,2025-07-28T12:34:08Z,2025-07-28T13:19:08Z,2025-07-28T14:29:08Z,2025-07-28T23:40:08Z,20250728,1140,3,216,18,2,5,15,1,2,8563,1,41.7,12.0,50.0,95.0,165.0,551.0,False,False,False,True,SYNTHETIC_DEMO_DATA
313,INC-00000313,2025-04-22T13:19:23Z,2025-04-22T14:24:23Z,2025-04-22T14:44:23Z,2025-04-22T16:21:23Z,2025-04-23T01:32:23Z,2025-04-23T02:03:23Z,20250422,1315,4,210,6,1,5,7,1,1,14420,1,40.0,65.0,85.0,182.0,733.0,31.0,False,False,False,True,SYNTHETIC_DEMO_DATA
314,INC-00000314,2026-03-06T11:08:22Z,2026-03-06T11:19:22Z,2026-03-06T11:48:22Z,2026-03-06T14:35:22Z,2026-03-06T23:01:22Z,2026-03-07T08:12:22Z,20260306,1105,1,74,10,2,5,1,3,2,9657,1,53.2,11.0,40.0,207.0,713.0,551.0,False,False,True,True,SYNTHETIC_DEMO_DATA
315,INC-00000315,2026-05-09T15:40:25Z,2026-05-09T15:53:25Z,2026-05-09T16:32:25Z,2026-05-09T17:00:25Z,2026-05-09T21:03:25Z,2026-05-10T01:55:25Z,20260509,1540,4,58,42,1,5,11,1,1,17148,1,30.7,13.0,52.0,80.0,323.0,292.0,False,False,False,True,SYNTHETIC_DEMO_DATA
316,INC-00000316,2025-04-26T08:40:47Z,2025-04-26T09:24:47Z,2025-04-26T09:28:47Z,2025-04-26T10:23:47Z,2025-04-26T11:34:47Z,2025-04-26T22:19:47Z,20250426,840,3,1,43,2,5,5,1,2,9948,1,61.6,44.0,48.0,103.0,174.0,645.0,False,False,False,True,SYNTHETIC_DEMO_DATA
317,INC-00000317,2026-04-04T15:02:05Z,2026-04-04T15:19:05Z,2026-04-04T15:40:05Z,2026-04-04T18:49:05Z,2026-04-04T19:51:05Z,2026-04-05T06:50:05Z,20260404,1500,5,68,13,3,5,17,1,3,9598,1,80.8,17.0,38.0,227.0,289.0,659.0,False,False,False,True,SYNTHETIC_DEMO_DATA
318,INC-00000318,2025-08-27T14:57:01Z,2025-08-27T15:12:01Z,2025-08-27T15:23:01Z,2025-08-27T17:31:01Z,2025-08-27T21:04:01Z,2025-08-28T00:27:01Z,20250827,1455,5,227,1,2,5,9,1,2,2736,1,57.6,15.0,26.0,154.0,367.0,203.0,False,True,False,True,SYNTHETIC_DEMO_DATA
319,INC-00000319,2025-03-30T14:33:04Z,2025-03-30T15:15:04Z,2025-03-30T15:30:04Z,2025-03-30T17:08:04Z,2025-03-30T22:50:04Z,2025-03-31T04:56:04Z,20250330,1430,2,213,34,2,5,2,1,2,1784,1,73.9,42.0,57.0,155.0,497.0,366.0,True,False,False,True,SYNTHETIC_DEMO_DATA
320,INC-00000320,2025-03-06T16:36:44Z,2025-03-06T16:43:44Z,2025-03-06T16:58:44Z,2025-03-06T17:37:44Z,2025-03-06T23:26:44Z,2025-03-07T08:31:44Z,20250306,1635,2,121,36,2,5,13,1,2,1654,1,50.4,7.0,22.0,61.0,410.0,545.0,False,False,False,True,SYNTHETIC_DEMO_DATA
321,INC-00000321,2026-07-19T16:37:49Z,2026-07-19T16:58:49Z,2026-07-19T17:21:49Z,,,,20260719,1635,3,55,14,2,2,6,0,2,6282,1,58.6,21.0,44.0,,,,False,False,False,False,SYNTHETIC_DEMO_DATA
322,INC-00000322,2025-10-17T16:15:57Z,2025-10-17T16:17:57Z,2025-10-17T16:58:57Z,2025-10-17T19:05:57Z,2025-10-17T20:12:57Z,,20251017,1615,4,8,40,4,4,1,2,4,12626,1,91.0,2.0,43.0,170.0,237.0,,True,False,True,True,SYNTHETIC_DEMO_DATA
323,INC-00000323,2026-04-13T21:09:03Z,2026-04-13T22:05:03Z,2026-04-13T22:21:03Z,2026-04-13T23:15:03Z,2026-04-14T04:29:03Z,2026-04-14T15:23:03Z,20260413,2105,1,67,36,1,5,9,1,1,1195,1,37.0,56.0,72.0,126.0,440.0,654.0,False,False,False,True,SYNTHETIC_DEMO_DATA
324,INC-00000324,2025-05-05T10:11:15Z,2025-05-05T11:19:15Z,2025-05-05T11:32:15Z,2025-05-05T12:21:15Z,2025-05-05T13:26:15Z,2025-05-06T00:02:15Z,20250505,1010,2,216,41,1,5,2,1,1,9529,1,28.9,68.0,81.0,130.0,195.0,636.0,False,False,False,True,SYNTHETIC_DEMO_DATA
325,INC-00000325,2025-09-12T17:47:18Z,2025-09-12T18:08:18Z,2025-09-12T19:22:18Z,2025-09-12T20:13:18Z,2025-09-12T21:50:18Z,2025-09-13T08:59:18Z,20250912,1745,3,51,45,3,5,15,1,3,11155,1,70.6,21.0,95.0,146.0,243.0,669.0,False,False,False,True,SYNTHETIC_DEMO_DATA
326,INC-00000326,2025-05-30T17:02:10Z,2025-05-30T17:30:10Z,2025-05-30T17:54:10Z,2025-05-30T18:55:10Z,2025-05-30T21:23:10Z,2025-05-31T07:10:10Z,20250530,1700,4,50,35,3,5,8,3,3,5988,1,85.0,28.0,52.0,113.0,261.0,587.0,False,False,True,True,SYNTHETIC_DEMO_DATA
327,INC-00000327,2026-01-08T18:14:16Z,2026-01-08T18:20:16Z,2026-01-08T18:55:16Z,2026-01-08T19:13:16Z,2026-01-09T04:38:16Z,2026-01-09T07:38:16Z,20260108,1810,7,31,13,5,5,3,1,5,10586,1,100,6.0,41.0,59.0,624.0,180.0,True,False,False,False,SYNTHETIC_DEMO_DATA
328,INC-00000328,2026-04-21T09:03:36Z,2026-04-21T09:37:36Z,2026-04-21T09:49:36Z,2026-04-21T10:47:36Z,2026-04-21T14:04:36Z,2026-04-21T19:54:36Z,20260421,900,2,40,44,2,5,11,3,2,1436,1,50.4,34.0,46.0,104.0,301.0,350.0,False,False,True,True,SYNTHETIC_DEMO_DATA
329,INC-00000329,2026-07-09T09:33:54Z,2026-07-09T10:20:54Z,2026-07-09T10:56:54Z,2026-07-09T15:18:54Z,2026-07-09T18:42:54Z,2026-07-10T06:40:54Z,20260709,930,3,35,24,1,5,3,1,1,9018,1,30.0,47.0,83.0,345.0,549.0,718.0,False,False,False,True,SYNTHETIC_DEMO_DATA
330,INC-00000330,2026-07-02T08:59:15Z,2026-07-02T09:13:15Z,2026-07-02T09:28:15Z,2026-07-02T11:58:15Z,2026-07-02T15:47:15Z,2026-07-02T21:35:15Z,20260702,855,6,211,12,1,5,14,1,1,28,1,39.1,14.0,29.0,179.0,408.0,348.0,True,False,False,True,SYNTHETIC_DEMO_DATA
331,INC-00000331,2025-10-25T18:12:16Z,2025-10-25T18:18:16Z,2025-10-25T18:37:16Z,2025-10-25T18:57:16Z,2025-10-26T05:28:16Z,2025-10-26T10:43:16Z,20251025,1810,6,61,43,3,5,9,1,3,3470,1,70.4,6.0,25.0,45.0,676.0,315.0,False,False,False,True,SYNTHETIC_DEMO_DATA
332,INC-00000332,2026-06-20T11:26:45Z,2026-06-20T11:38:45Z,2026-06-20T12:06:45Z,2026-06-20T12:43:45Z,2026-06-20T13:04:45Z,2026-06-20T20:02:45Z,20260620,1125,4,38,16,1,5,18,2,1,13615,1,38.1,12.0,40.0,77.0,98.0,418.0,False,False,True,True,SYNTHETIC_DEMO_DATA
333,INC-00000333,2025-08-25T10:13:24Z,2025-08-25T10:21:24Z,2025-08-25T10:53:24Z,2025-08-25T12:27:24Z,2025-08-25T15:41:24Z,,20250825,1010,3,35,30,3,4,13,3,3,12168,1,59.4,8.0,40.0,134.0,328.0,,False,False,True,True,SYNTHETIC_DEMO_DATA
334,INC-00000334,2025-03-27T12:33:28Z,2025-03-27T13:09:28Z,2025-03-27T13:36:28Z,2025-03-27T14:17:28Z,2025-03-27T17:35:28Z,,20250327,1230,6,231,23,2,4,5,3,2,3068,1,63.9,36.0,63.0,104.0,302.0,,False,False,True,True,SYNTHETIC_DEMO_DATA
335,INC-00000335,2026-05-10T11:22:58Z,2026-05-10T13:18:58Z,2026-05-10T13:42:58Z,2026-05-10T16:03:58Z,2026-05-10T22:41:58Z,2026-05-11T04:14:58Z,20260510,1120,6,11,9,1,5,15,1,1,14515,1,35.1,116.0,140.0,281.0,679.0,333.0,False,False,False,True,SYNTHETIC_DEMO_DATA
336,INC-00000336,2025-06-21T10:20:31Z,2025-06-21T10:29:31Z,2025-06-21T11:08:31Z,2025-06-21T12:25:31Z,,,20250621,1020,6,135,35,2,3,9,0,2,14886,1,39.7,9.0,48.0,125.0,,,False,False,False,False,SYNTHETIC_DEMO_DATA
337,INC-00000337,2026-07-14T14:50:51Z,2026-07-14T16:18:51Z,2026-07-14T16:44:51Z,2026-07-14T17:17:51Z,2026-07-14T19:38:51Z,2026-07-15T02:57:51Z,20260714,1450,1,66,10,1,5,1,1,1,1101,1,35.1,88.0,114.0,147.0,288.0,439.0,False,False,False,True,SYNTHETIC_DEMO_DATA
338,INC-00000338,2026-07-12T09:09:47Z,2026-07-12T10:31:47Z,2026-07-12T10:35:47Z,2026-07-12T11:19:47Z,2026-07-12T12:15:47Z,2026-07-12T19:18:47Z,20260712,905,2,121,37,2,5,13,1,2,17373,1,49.7,82.0,86.0,130.0,186.0,423.0,False,False,False,True,SYNTHETIC_DEMO_DATA
339,INC-00000339,2025-05-16T00:54:15Z,2025-05-16T01:01:15Z,2025-05-16T01:33:15Z,2025-05-16T02:21:15Z,2025-05-16T11:27:15Z,,20250516,50,2,118,37,2,4,6,4,2,15670,1,61.4,7.0,39.0,87.0,633.0,,False,False,False,True,SYNTHETIC_DEMO_DATA
340,INC-00000340,2025-08-26T18:54:24Z,2025-08-26T19:36:24Z,2025-08-26T20:05:24Z,2025-08-26T22:14:24Z,2025-08-27T01:39:24Z,2025-08-27T07:46:24Z,20250826,1850,7,118,24,4,5,1,1,4,11491,1,99.5,42.0,71.0,200.0,405.0,367.0,True,False,False,False,SYNTHETIC_DEMO_DATA
341,INC-00000341,2025-05-19T10:54:44Z,2025-05-19T11:13:44Z,2025-05-19T11:30:44Z,2025-05-19T15:17:44Z,2025-05-19T16:45:44Z,2025-05-19T20:41:44Z,20250519,1050,7,226,6,2,5,10,1,2,6676,1,67.5,19.0,36.0,263.0,351.0,236.0,True,False,False,True,SYNTHETIC_DEMO_DATA
342,INC-00000342,2026-01-05T18:05:10Z,2026-01-05T18:51:10Z,2026-01-05T19:10:10Z,2026-01-05T22:34:10Z,2026-01-06T02:32:10Z,2026-01-06T04:00:10Z,20260105,1805,1,228,7,1,5,2,3,1,1876,1,38.2,46.0,65.0,269.0,507.0,88.0,False,False,True,True,SYNTHETIC_DEMO_DATA
343,INC-00000343,2026-03-28T12:04:27Z,2026-03-28T12:14:27Z,2026-03-28T12:21:27Z,2026-03-28T14:06:27Z,2026-03-28T16:52:27Z,2026-03-28T22:31:27Z,20260328,1200,4,43,40,4,5,16,3,4,1921,1,94.0,10.0,17.0,122.0,288.0,339.0,True,False,True,True,SYNTHETIC_DEMO_DATA
344,INC-00000344,2025-11-19T01:50:16Z,2025-11-19T03:13:16Z,2025-11-19T03:31:16Z,2025-11-19T06:10:16Z,2025-11-19T07:14:16Z,2025-11-19T18:28:16Z,20251119,150,2,99,18,2,5,7,1,2,2791,1,38.7,83.0,101.0,260.0,324.0,674.0,False,False,False,True,SYNTHETIC_DEMO_DATA
345,INC-00000345,2025-03-12T04:05:07Z,2025-03-12T04:08:07Z,2025-03-12T04:21:07Z,2025-03-12T04:56:07Z,2025-03-12T06:38:07Z,2025-03-12T15:19:07Z,20250312,405,6,22,17,4,5,2,3,4,16895,1,91.7,3.0,16.0,51.0,153.0,521.0,True,False,True,True,SYNTHETIC_DEMO_DATA
346,INC-00000346,2025-06-23T12:04:47Z,2025-06-23T12:14:47Z,2025-06-23T12:34:47Z,,,,20250623,1200,1,152,6,2,2,11,0,2,16106,1,44.9,10.0,30.0,,,,False,False,False,False,SYNTHETIC_DEMO_DATA
347,INC-00000347,2026-04-23T19:02:43Z,2026-04-23T20:12:43Z,2026-04-23T20:18:43Z,2026-04-23T20:47:43Z,2026-04-23T21:11:43Z,2026-04-24T05:39:43Z,20260423,1900,6,4,6,1,5,3,1,1,5893,1,27.3,70.0,76.0,105.0,129.0,508.0,False,False,False,True,SYNTHETIC_DEMO_DATA
348,INC-00000348,2026-04-19T06:58:57Z,2026-04-19T07:44:57Z,2026-04-19T08:06:57Z,2026-04-19T09:36:57Z,2026-04-19T10:35:57Z,,20260419,655,1,40,12,3,4,16,1,3,890,1,65.0,46.0,68.0,158.0,217.0,,False,False,False,True,SYNTHETIC_DEMO_DATA
349,INC-00000349,2025-11-17T12:29:59Z,2025-11-17T12:41:59Z,2025-11-17T13:04:59Z,2025-11-17T13:26:59Z,2025-11-17T16:27:59Z,2025-11-17T20:47:59Z,20251117,1225,3,7,23,4,5,10,1,4,5973,1,90.6,12.0,35.0,57.0,238.0,260.0,True,False,False,True,SYNTHETIC_DEMO_DATA
350,INC-00000350,2025-11-11T10:15:44Z,2025-11-11T11:01:44Z,2025-11-11T11:15:44Z,2025-11-11T12:20:44Z,2025-11-11T15:52:44Z,2025-11-11T22:47:44Z,20251111,1015,6,50,5,2,5,1,1,2,2459,1,61.6,46.0,60.0,125.0,337.0,415.0,False,False,False,True,SYNTHETIC_DEMO_DATA
351,INC-00000351,2025-09-17T08:15:57Z,2025-09-17T08:28:57Z,2025-09-17T08:58:57Z,2025-09-17T09:26:57Z,2025-09-17T14:35:57Z,2025-09-17T22:43:57Z,20250917,815,6,100,1,4,5,14,1,4,11322,1,99.5,13.0,43.0,71.0,380.0,488.0,True,False,False,True,SYNTHETIC_DEMO_DATA
352,INC-00000352,2026-02-05T16:15:52Z,2026-02-05T16:51:52Z,2026-02-05T16:55:52Z,2026-02-05T19:40:52Z,2026-02-06T05:26:52Z,2026-02-06T08:01:52Z,20260205,1615,6,186,40,1,5,4,2,1,11275,1,60.1,36.0,40.0,205.0,791.0,155.0,True,False,True,True,SYNTHETIC_DEMO_DATA
353,INC-00000353,2026-02-01T16:11:49Z,2026-02-01T16:49:49Z,2026-02-01T16:56:49Z,2026-02-01T18:42:49Z,2026-02-01T19:54:49Z,2026-02-02T03:39:49Z,20260201,1610,6,155,20,1,5,15,4,1,4188,1,39.0,38.0,45.0,151.0,223.0,465.0,False,False,False,True,SYNTHETIC_DEMO_DATA
354,INC-00000354,2026-06-05T14:12:53Z,2026-06-05T14:48:53Z,2026-06-05T15:09:53Z,2026-06-05T16:52:53Z,2026-06-05T19:08:53Z,2026-06-05T22:41:53Z,20260605,1410,7,11,19,1,5,8,2,1,16450,1,40.3,36.0,57.0,160.0,296.0,213.0,False,False,True,True,SYNTHETIC_DEMO_DATA
355,INC-00000355,2026-04-12T08:11:21Z,2026-04-12T08:27:21Z,2026-04-12T08:41:21Z,2026-04-12T11:14:21Z,2026-04-12T14:23:21Z,2026-04-12T22:02:21Z,20260412,810,5,85,38,2,5,2,3,2,7403,1,44.5,16.0,30.0,183.0,372.0,459.0,False,False,True,True,SYNTHETIC_DEMO_DATA
356,INC-00000356,2025-06-09T00:43:21Z,2025-06-09T01:08:21Z,2025-06-09T01:20:21Z,2025-06-09T01:42:21Z,2025-06-09T03:15:21Z,2025-06-09T05:28:21Z,20250609,40,1,237,5,2,5,13,1,2,3156,1,53.0,25.0,37.0,59.0,152.0,133.0,False,False,False,True,SYNTHETIC_DEMO_DATA
357,INC-00000357,2025-08-25T19:04:47Z,2025-08-25T19:47:47Z,2025-08-25T19:55:47Z,2025-08-26T02:55:47Z,2025-08-26T04:20:47Z,2025-08-26T14:12:47Z,20250825,1900,6,82,25,1,5,5,3,1,5361,1,40.8,43.0,51.0,471.0,556.0,592.0,False,False,True,True,SYNTHETIC_DEMO_DATA
358,INC-00000358,2025-03-28T20:46:36Z,,,,,,20250328,2045,4,23,27,1,1,16,0,1,5809,1,50.4,,,,,,False,False,False,False,SYNTHETIC_DEMO_DATA
359,INC-00000359,2026-04-17T09:42:59Z,2026-04-17T10:45:59Z,2026-04-17T10:53:59Z,,,,20260417,940,1,12,37,2,2,10,0,2,10904,1,54.6,63.0,71.0,,,,False,False,False,False,SYNTHETIC_DEMO_DATA
360,INC-00000360,2026-07-01T18:20:17Z,2026-07-01T18:34:17Z,2026-07-01T19:07:17Z,,,,20260701,1820,3,51,25,1,2,2,0,1,5368,1,40.9,14.0,47.0,,,,False,False,False,False,SYNTHETIC_DEMO_DATA
361,INC-00000361,2025-11-25T19:50:59Z,2025-11-25T20:55:59Z,2025-11-25T21:10:59Z,2025-11-25T21:38:59Z,2025-11-26T02:33:59Z,2025-11-26T05:52:59Z,20251125,1950,2,66,10,2,5,14,2,2,3242,1,51.0,65.0,80.0,108.0,403.0,199.0,False,False,True,True,SYNTHETIC_DEMO_DATA
362,INC-00000362,2026-04-27T17:59:31Z,2026-04-27T18:39:31Z,2026-04-27T18:55:31Z,2026-04-27T21:42:31Z,2026-04-28T04:17:31Z,2026-04-28T11:21:31Z,20260427,1755,7,185,22,1,5,6,1,1,12125,1,46.4,40.0,56.0,223.0,618.0,424.0,False,False,False,True,SYNTHETIC_DEMO_DATA
363,INC-00000363,2026-06-06T22:25:26Z,2026-06-06T22:47:26Z,2026-06-06T23:31:26Z,2026-06-07T00:52:26Z,2026-06-07T03:46:26Z,2026-06-07T12:20:26Z,20260606,2225,7,169,36,3,5,1,1,3,2226,1,76.4,22.0,66.0,147.0,321.0,514.0,True,False,False,True,SYNTHETIC_DEMO_DATA
364,INC-00000364,2025-02-10T05:24:33Z,2025-02-10T05:49:33Z,2025-02-10T06:06:33Z,,,,20250210,520,1,133,7,1,2,10,0,1,1175,1,40.8,25.0,42.0,,,,False,False,False,False,SYNTHETIC_DEMO_DATA
365,INC-00000365,2025-11-25T12:41:52Z,2025-11-25T13:06:52Z,2025-11-25T13:17:52Z,2025-11-25T13:58:52Z,2025-11-25T15:40:52Z,2025-11-25T22:18:52Z,20251125,1240,2,12,14,1,5,3,2,1,2425,1,34.3,25.0,36.0,77.0,179.0,398.0,False,False,True,True,SYNTHETIC_DEMO_DATA
366,INC-00000366,2026-07-29T23:58:11Z,2026-07-30T00:06:11Z,2026-07-30T00:23:11Z,2026-07-30T03:10:11Z,2026-07-30T05:45:11Z,2026-07-30T14:43:11Z,20260729,2355,6,109,6,3,5,16,1,3,15199,1,69.4,8.0,25.0,192.0,347.0,538.0,False,False,False,True,SYNTHETIC_DEMO_DATA
367,INC-00000367,2025-08-10T15:33:50Z,2025-08-10T15:43:50Z,2025-08-10T15:57:50Z,2025-08-10T19:11:50Z,2025-08-10T20:10:50Z,2025-08-11T04:02:50Z,20250810,1530,1,109,10,4,5,10,3,4,15553,1,100,10.0,24.0,218.0,277.0,472.0,True,False,True,False,SYNTHETIC_DEMO_DATA
368,INC-00000368,2026-04-26T02:37:18Z,2026-04-26T02:48:18Z,2026-04-26T03:14:18Z,,,,20260426,235,6,1,22,4,2,3,0,4,9951,1,98.4,11.0,37.0,,,,True,False,False,False,SYNTHETIC_DEMO_DATA
369,INC-00000369,2025-06-05T13:40:43Z,2025-06-05T14:09:43Z,2025-06-05T14:41:43Z,2025-06-05T15:21:43Z,2025-06-05T17:05:43Z,2025-06-05T20:41:43Z,20250605,1340,1,25,37,4,5,14,1,4,12437,1,92.7,29.0,61.0,101.0,205.0,216.0,True,False,False,True,SYNTHETIC_DEMO_DATA
370,INC-00000370,2025-04-22T16:12:08Z,2025-04-22T16:36:08Z,2025-04-22T17:12:08Z,2025-04-22T17:44:08Z,2025-04-23T16:18:08Z,,20250422,1610,4,5,35,2,4,5,3,2,2276,1,69.9,24.0,60.0,92.0,1446.0,,False,False,True,True,SYNTHETIC_DEMO_DATA
371,INC-00000371,2026-03-11T22:28:01Z,2026-03-11T23:02:01Z,2026-03-11T23:34:01Z,2026-03-12T00:16:01Z,2026-03-12T04:12:01Z,2026-03-12T12:28:01Z,20260311,2225,7,30,10,1,5,15,1,1,4985,1,34.6,34.0,66.0,108.0,344.0,496.0,False,True,False,True,SYNTHETIC_DEMO_DATA
372,INC-00000372,2026-02-24T04:28:53Z,2026-02-24T04:42:53Z,2026-02-24T04:50:53Z,2026-02-24T05:46:53Z,2026-02-24T07:31:53Z,2026-02-24T09:18:53Z,20260224,425,6,42,14,2,5,9,1,2,2455,1,55.3,14.0,22.0,78.0,183.0,107.0,False,False,False,True,SYNTHETIC_DEMO_DATA
373,INC-00000373,2026-07-21T15:46:17Z,2026-07-21T15:53:17Z,2026-07-21T17:12:17Z,2026-07-21T19:22:17Z,2026-07-21T21:26:17Z,2026-07-22T07:55:17Z,20260721,1545,1,194,11,2,5,2,2,2,1033,1,66.8,7.0,86.0,216.0,340.0,629.0,False,False,True,True,SYNTHETIC_DEMO_DATA
374,INC-00000374,2025-10-15T08:56:33Z,2025-10-15T09:22:33Z,2025-10-15T09:40:33Z,2025-10-15T10:28:33Z,2025-10-15T15:06:33Z,2025-10-16T00:10:33Z,20251015,855,1,35,39,4,5,15,1,4,167,1,88.5,26.0,44.0,92.0,370.0,544.0,True,False,False,True,SYNTHETIC_DEMO_DATA
375,INC-00000375,2026-04-09T08:27:03Z,2026-04-09T08:41:03Z,2026-04-09T09:22:03Z,2026-04-09T11:01:03Z,2026-04-09T16:13:03Z,2026-04-10T02:35:03Z,20260409,825,5,156,30,3,5,7,1,3,1509,1,66.1,14.0,55.0,154.0,466.0,622.0,False,False,False,True,SYNTHETIC_DEMO_DATA
376,INC-00000376,2026-06-03T18:50:57Z,2026-06-03T19:20:57Z,2026-06-03T20:01:57Z,2026-06-03T20:46:57Z,2026-06-03T23:17:57Z,2026-06-04T00:29:57Z,20260603,1850,3,91,20,4,5,1,4,4,16274,1,97.2,30.0,71.0,116.0,267.0,72.0,True,False,False,True,SYNTHETIC_DEMO_DATA
377,INC-00000377,2025-08-15T18:44:46Z,2025-08-15T19:17:46Z,2025-08-15T19:29:46Z,2025-08-16T00:14:46Z,2025-08-16T08:35:46Z,2025-08-16T10:48:46Z,20250815,1840,1,17,41,1,5,9,1,1,17566,1,30.0,33.0,45.0,330.0,831.0,133.0,False,False,False,True,SYNTHETIC_DEMO_DATA
378,INC-00000378,2025-09-28T10:54:47Z,2025-09-28T11:00:47Z,2025-09-28T12:09:47Z,,,,20250928,1050,6,25,26,5,2,6,0,5,4690,1,100,6.0,75.0,,,,True,False,False,False,SYNTHETIC_DEMO_DATA
379,INC-00000379,2026-05-12T11:55:52Z,2026-05-12T12:27:52Z,2026-05-12T12:39:52Z,2026-05-12T13:49:52Z,2026-05-12T15:32:52Z,2026-05-12T19:41:52Z,20260512,1155,1,31,37,3,5,15,4,3,5086,1,66.7,32.0,44.0,114.0,217.0,249.0,False,False,False,True,SYNTHETIC_DEMO_DATA
380,INC-00000380,2025-06-14T13:00:14Z,2025-06-14T14:24:14Z,2025-06-14T14:49:14Z,2025-06-14T15:18:14Z,2025-06-14T21:10:14Z,2025-06-15T00:21:14Z,20250614,1300,6,12,27,2,5,7,1,2,1859,1,52.6,84.0,109.0,138.0,490.0,191.0,False,False,False,True,SYNTHETIC_DEMO_DATA
381,INC-00000381,2026-03-31T18:58:25Z,2026-03-31T20:21:25Z,2026-03-31T20:36:25Z,2026-03-31T22:06:25Z,2026-03-31T22:48:25Z,,20260331,1855,1,222,19,1,4,17,2,1,312,1,44.9,83.0,98.0,188.0,230.0,,False,False,True,True,SYNTHETIC_DEMO_DATA
382,INC-00000382,2026-03-13T16:00:26Z,2026-03-13T16:21:26Z,2026-03-13T16:42:26Z,2026-03-13T17:32:26Z,2026-03-13T19:07:26Z,2026-03-14T01:59:26Z,20260313,1600,6,46,29,2,5,11,3,2,12445,1,62.6,21.0,42.0,92.0,187.0,412.0,False,False,True,True,SYNTHETIC_DEMO_DATA
383,INC-00000383,2025-12-28T17:17:42Z,2025-12-28T17:30:42Z,2025-12-28T17:39:42Z,2025-12-28T18:57:42Z,2025-12-28T22:18:42Z,2025-12-29T05:24:42Z,20251228,1715,5,217,22,2,5,4,2,2,17411,1,58.0,13.0,22.0,100.0,301.0,426.0,False,False,True,True,SYNTHETIC_DEMO_DATA
384,INC-00000384,2026-06-17T14:53:09Z,2026-06-17T14:56:09Z,2026-06-17T15:29:09Z,2026-06-17T16:13:09Z,2026-06-17T17:21:09Z,2026-06-17T21:30:09Z,20260617,1450,4,25,43,3,5,16,2,3,2795,1,71.0,3.0,36.0,80.0,148.0,249.0,False,False,True,True,SYNTHETIC_DEMO_DATA
385,INC-00000385,2025-08-19T08:42:16Z,2025-08-19T09:33:16Z,2025-08-19T09:54:16Z,2025-08-19T12:25:16Z,2025-08-19T21:24:16Z,2025-08-20T05:17:16Z,20250819,840,1,15,10,1,5,7,1,1,17155,1,54.3,51.0,72.0,223.0,762.0,473.0,True,False,False,True,SYNTHETIC_DEMO_DATA
386,INC-00000386,2026-03-03T09:13:16Z,2026-03-03T09:29:16Z,2026-03-03T09:34:16Z,2026-03-03T10:19:16Z,2026-03-03T12:46:16Z,2026-03-03T22:25:16Z,20260303,910,6,137,8,1,5,18,2,1,8333,1,42.6,16.0,21.0,66.0,213.0,579.0,False,False,True,True,SYNTHETIC_DEMO_DATA
387,INC-00000387,2025-04-15T10:05:59Z,2025-04-15T10:33:59Z,2025-04-15T11:03:59Z,2025-04-15T11:50:59Z,2025-04-15T16:44:59Z,2025-04-15T21:52:59Z,20250415,1005,5,3,26,3,5,13,2,3,16150,1,70.1,28.0,58.0,105.0,399.0,308.0,False,False,True,True,SYNTHETIC_DEMO_DATA
388,INC-00000388,2026-05-10T15:53:03Z,2026-05-10T16:01:03Z,2026-05-10T16:25:03Z,2026-05-10T18:14:03Z,2026-05-10T20:24:03Z,2026-05-11T04:56:03Z,20260510,1550,4,220,36,1,5,4,2,1,6037,1,36.2,8.0,32.0,141.0,271.0,512.0,False,False,True,True,SYNTHETIC_DEMO_DATA
389,INC-00000389,2025-12-01T18:47:30Z,2025-12-01T19:22:30Z,2025-12-01T19:26:30Z,2025-12-01T22:45:30Z,2025-12-02T09:22:30Z,2025-12-02T19:34:30Z,20251201,1845,3,58,23,1,5,15,1,1,7819,1,31.6,35.0,39.0,238.0,875.0,612.0,False,False,False,True,SYNTHETIC_DEMO_DATA
390,INC-00000390,2025-11-06T18:27:49Z,2025-11-06T18:47:49Z,2025-11-06T19:11:49Z,2025-11-06T20:16:49Z,2025-11-07T04:11:49Z,2025-11-07T13:00:49Z,20251106,1825,1,148,41,1,5,8,1,1,9655,1,32.7,20.0,44.0,109.0,584.0,529.0,False,False,False,True,SYNTHETIC_DEMO_DATA
391,INC-00000391,2025-07-18T17:30:00Z,2025-07-18T17:42:00Z,2025-07-18T17:52:00Z,2025-07-18T18:48:00Z,2025-07-18T20:06:00Z,2025-07-19T02:45:00Z,20250718,1730,4,69,9,3,5,3,1,3,15791,1,78.4,12.0,22.0,78.0,156.0,399.0,False,False,False,True,SYNTHETIC_DEMO_DATA
392,INC-00000392,2026-07-25T18:31:57Z,2026-07-25T18:49:57Z,2026-07-25T19:13:57Z,2026-07-25T23:34:57Z,2026-07-26T05:30:57Z,2026-07-26T09:51:57Z,20260725,1830,1,235,45,2,5,13,1,2,15431,1,56.4,18.0,42.0,303.0,659.0,261.0,False,False,False,True,SYNTHETIC_DEMO_DATA
393,INC-00000393,2025-03-18T18:59:55Z,2025-03-18T19:07:55Z,2025-03-18T19:30:55Z,2025-03-18T21:53:55Z,2025-03-19T11:45:55Z,2025-03-19T17:32:55Z,20250318,1855,6,107,17,2,5,6,1,2,15562,1,45.2,8.0,31.0,174.0,1006.0,347.0,False,False,False,True,SYNTHETIC_DEMO_DATA
394,INC-00000394,2025-02-03T15:08:17Z,2025-02-03T15:24:17Z,2025-02-03T16:25:17Z,2025-02-03T19:15:17Z,2025-02-04T01:02:17Z,2025-02-04T12:27:17Z,20250203,1505,6,2,37,1,5,16,3,1,1933,1,35.8,16.0,77.0,247.0,594.0,685.0,False,False,True,True,SYNTHETIC_DEMO_DATA
395,INC-00000395,2026-05-15T10:56:26Z,2026-05-15T11:12:26Z,2026-05-15T11:44:26Z,2026-05-15T12:34:26Z,2026-05-15T19:35:26Z,2026-05-15T22:14:26Z,20260515,1055,3,98,19,5,5,13,2,5,9454,1,100,16.0,48.0,98.0,519.0,159.0,True,False,True,False,SYNTHETIC_DEMO_DATA
396,INC-00000396,2025-11-27T07:29:37Z,2025-11-27T07:45:37Z,2025-11-27T07:48:37Z,2025-11-27T09:26:37Z,2025-11-27T15:01:37Z,2025-11-27T23:02:37Z,20251127,725,5,101,28,2,5,3,1,2,16743,1,61.4,16.0,19.0,117.0,452.0,481.0,True,False,False,True,SYNTHETIC_DEMO_DATA
397,INC-00000397,2026-03-27T23:00:28Z,2026-03-27T23:30:28Z,2026-03-27T23:54:28Z,2026-03-28T04:39:28Z,2026-03-29T04:45:28Z,2026-03-29T12:29:28Z,20260327,2300,2,28,12,1,5,13,1,1,16851,1,48.0,30.0,54.0,339.0,1785.0,464.0,False,False,False,True,SYNTHETIC_DEMO_DATA
398,INC-00000398,2025-08-06T14:09:08Z,2025-08-06T14:11:08Z,2025-08-06T14:20:08Z,2025-08-06T15:03:08Z,2025-08-06T16:27:08Z,2025-08-06T20:56:08Z,20250806,1405,1,238,20,3,5,0,1,3,10213,1,65.9,2.0,11.0,54.0,138.0,269.0,False,False,False,True,SYNTHETIC_DEMO_DATA
399,INC-00000399,2025-09-26T08:27:01Z,2025-09-26T08:30:01Z,2025-09-26T09:06:01Z,2025-09-26T15:21:01Z,2025-09-26T18:07:01Z,2025-09-27T01:18:01Z,20250926,825,6,13,15,2,5,18,3,2,11091,1,49.1,3.0,39.0,414.0,580.0,431.0,False,False,True,True,SYNTHETIC_DEMO_DATA
400,INC-00000400,2026-01-17T19:33:20Z,2026-01-17T20:38:20Z,2026-01-17T20:58:20Z,2026-01-17T22:55:20Z,2026-01-18T01:31:20Z,2026-01-18T08:12:20Z,20260117,1930,2,52,4,2,5,11,1,2,16034,1,56.2,65.0,85.0,202.0,358.0,401.0,False,False,False,True,SYNTHETIC_DEMO_DATA
401,INC-00000401,2025-05-18T08:57:22Z,2025-05-18T09:12:22Z,2025-05-18T10:38:22Z,2025-05-18T12:47:22Z,2025-05-18T14:20:22Z,2025-05-18T19:45:22Z,20250518,855,3,191,22,2,5,4,1,2,12843,1,57.7,15.0,101.0,230.0,323.0,325.0,False,False,False,True,SYNTHETIC_DEMO_DATA
402,INC-00000402,2026-03-06T17:40:35Z,2026-03-06T18:24:35Z,2026-03-06T18:43:35Z,2026-03-06T21:24:35Z,2026-03-07T01:05:35Z,2026-03-07T11:59:35Z,20260306,1740,2,218,16,1,5,14,1,1,4917,1,38.5,44.0,63.0,224.0,445.0,654.0,False,False,False,True,SYNTHETIC_DEMO_DATA
403,INC-00000403,2026-03-19T11:43:41Z,2026-03-19T12:15:41Z,2026-03-19T12:25:41Z,2026-03-19T13:45:41Z,2026-03-19T21:23:41Z,2026-03-20T01:32:41Z,20260319,1140,6,167,21,4,5,10,1,4,737,1,100,32.0,42.0,122.0,580.0,249.0,True,False,False,False,SYNTHETIC_DEMO_DATA
404,INC-00000404,2026-04-30T16:31:29Z,2026-04-30T16:37:29Z,2026-04-30T17:02:29Z,2026-04-30T20:00:29Z,2026-04-30T22:19:29Z,2026-04-30T23:03:29Z,20260430,1630,7,210,34,4,5,3,1,4,10399,1,98.7,6.0,31.0,209.0,348.0,44.0,True,False,False,False,SYNTHETIC_DEMO_DATA
405,INC-00000405,2026-03-24T10:04:45Z,2026-03-24T11:03:45Z,2026-03-24T11:14:45Z,2026-03-24T13:51:45Z,2026-03-24T17:49:45Z,2026-03-24T23:56:45Z,20260324,1000,7,29,22,2,5,12,4,2,14502,1,55.9,59.0,70.0,227.0,465.0,367.0,False,False,False,True,SYNTHETIC_DEMO_DATA
406,INC-00000406,2025-05-13T12:04:41Z,2025-05-13T12:14:41Z,2025-05-13T12:32:41Z,2025-05-13T12:42:41Z,2025-05-13T23:29:41Z,2025-05-14T10:16:41Z,20250513,1200,3,132,25,4,5,7,3,4,5085,1,100,10.0,28.0,38.0,685.0,647.0,True,False,True,True,SYNTHETIC_DEMO_DATA
407,INC-00000407,2025-08-28T14:19:55Z,2025-08-28T14:24:55Z,2025-08-28T14:44:55Z,2025-08-28T17:02:55Z,2025-08-28T18:29:55Z,2025-08-29T02:02:55Z,20250828,1415,3,133,16,2,5,16,1,2,7635,1,60.2,5.0,25.0,163.0,250.0,453.0,True,False,False,True,SYNTHETIC_DEMO_DATA
408,INC-00000408,2025-07-11T08:56:28Z,2025-07-11T09:47:28Z,2025-07-11T10:21:28Z,2025-07-11T12:44:28Z,2025-07-11T15:23:28Z,2025-07-11T15:54:28Z,20250711,855,2,208,39,1,5,8,1,1,6107,1,47.8,51.0,85.0,228.0,387.0,31.0,False,False,False,True,SYNTHETIC_DEMO_DATA
409,INC-00000409,2025-08-07T10:36:04Z,2025-08-07T11:02:04Z,2025-08-07T13:34:04Z,2025-08-07T14:43:04Z,2025-08-07T18:08:04Z,2025-08-08T01:57:04Z,20250807,1035,6,142,37,2,5,2,1,2,9506,1,49.2,26.0,178.0,247.0,452.0,469.0,False,False,False,True,SYNTHETIC_DEMO_DATA
410,INC-00000410,2025-08-12T16:56:37Z,2025-08-12T17:15:37Z,2025-08-12T17:56:37Z,2025-08-12T20:15:37Z,2025-08-13T01:06:37Z,2025-08-13T03:52:37Z,20250812,1655,2,145,23,1,5,12,1,1,10362,1,45.4,19.0,60.0,199.0,490.0,166.0,False,False,False,True,SYNTHETIC_DEMO_DATA
411,INC-00000411,2026-01-14T02:16:11Z,2026-01-14T02:22:11Z,2026-01-14T02:48:11Z,2026-01-14T03:31:11Z,2026-01-14T06:44:11Z,,20260114,215,7,57,28,3,4,7,1,3,46,1,65.9,6.0,32.0,75.0,268.0,,False,False,False,True,SYNTHETIC_DEMO_DATA
412,INC-00000412,2025-08-10T16:14:57Z,2025-08-10T16:33:57Z,2025-08-10T17:03:57Z,2025-08-10T17:52:57Z,2025-08-10T22:32:57Z,2025-08-10T23:17:57Z,20250810,1610,4,10,37,2,5,17,1,2,6705,1,60.4,19.0,49.0,98.0,378.0,45.0,False,False,False,True,SYNTHETIC_DEMO_DATA
413,INC-00000413,2026-05-22T15:50:16Z,2026-05-22T16:03:16Z,2026-05-22T16:26:16Z,2026-05-22T17:52:16Z,2026-05-22T19:56:16Z,2026-05-23T07:18:16Z,20260522,1550,5,86,19,3,5,11,1,3,1132,1,82.6,13.0,36.0,122.0,246.0,682.0,False,False,False,True,SYNTHETIC_DEMO_DATA
414,INC-00000414,2025-09-11T22:29:34Z,2025-09-11T22:42:34Z,2025-09-11T23:20:34Z,2025-09-11T23:57:34Z,2025-09-12T01:58:34Z,2025-09-12T04:16:34Z,20250911,2225,5,14,12,2,5,3,1,2,9572,1,66.6,13.0,51.0,88.0,209.0,138.0,False,False,False,True,SYNTHETIC_DEMO_DATA
415,INC-00000415,2025-03-06T20:20:53Z,2025-03-06T20:31:53Z,2025-03-06T20:38:53Z,2025-03-06T21:20:53Z,2025-03-06T22:09:53Z,2025-03-07T04:46:53Z,20250306,2020,5,23,37,4,5,16,1,4,1777,1,100,11.0,18.0,60.0,109.0,397.0,True,False,False,True,SYNTHETIC_DEMO_DATA
416,INC-00000416,2025-03-26T11:36:41Z,2025-03-26T11:53:41Z,2025-03-26T12:01:41Z,2025-03-26T13:45:41Z,2025-03-26T16:04:41Z,2025-03-26T18:53:41Z,20250326,1135,4,137,33,1,5,6,1,1,5024,1,39.5,17.0,25.0,129.0,268.0,169.0,False,False,False,True,SYNTHETIC_DEMO_DATA
417,INC-00000417,2025-09-27T07:36:28Z,2025-09-27T07:40:28Z,2025-09-27T08:26:28Z,2025-09-27T10:07:28Z,2025-09-27T14:19:28Z,2025-09-27T17:57:28Z,20250927,735,6,86,43,4,5,2,3,4,11053,1,100,4.0,50.0,151.0,403.0,218.0,True,False,True,True,SYNTHETIC_DEMO_DATA
418,INC-00000418,2025-04-26T10:39:18Z,2025-04-26T11:01:18Z,2025-04-26T11:24:18Z,2025-04-26T12:24:18Z,2025-04-26T15:04:18Z,2025-04-26T16:20:18Z,20250426,1035,4,164,23,3,5,12,3,3,16839,1,76.2,22.0,45.0,105.0,265.0,76.0,True,False,True,True,SYNTHETIC_DEMO_DATA
419,INC-00000419,2026-03-13T08:06:35Z,2026-03-13T08:19:35Z,2026-03-13T08:38:35Z,2026-03-13T11:26:35Z,2026-03-14T00:10:35Z,,20260313,805,3,6,38,1,4,3,3,1,14517,1,47.2,13.0,32.0,200.0,964.0,,False,False,True,True,SYNTHETIC_DEMO_DATA
420,INC-00000420,2025-08-21T18:07:22Z,2025-08-21T18:13:22Z,2025-08-21T19:43:22Z,2025-08-21T22:01:22Z,2025-08-22T00:58:22Z,,20250821,1805,7,141,20,2,4,15,3,2,195,1,56.8,6.0,96.0,234.0,411.0,,False,False,True,True,SYNTHETIC_DEMO_DATA
421,INC-00000421,2026-04-13T08:37:38Z,2026-04-13T09:03:38Z,2026-04-13T09:16:38Z,2026-04-13T10:16:38Z,2026-04-13T16:24:38Z,2026-04-13T17:33:38Z,20260413,835,7,158,16,2,5,8,1,2,6882,1,63.4,26.0,39.0,99.0,467.0,69.0,False,False,False,True,SYNTHETIC_DEMO_DATA
422,INC-00000422,2026-07-25T16:30:35Z,2026-07-25T16:42:35Z,2026-07-25T17:03:35Z,,,,20260725,1630,6,233,35,2,2,1,0,2,9347,1,46.3,12.0,33.0,,,,False,False,False,False,SYNTHETIC_DEMO_DATA
423,INC-00000423,2025-09-08T10:15:21Z,2025-09-08T10:38:21Z,2025-09-08T11:13:21Z,2025-09-08T13:42:21Z,2025-09-09T12:16:21Z,2025-09-09T23:04:21Z,20250908,1015,3,117,27,1,5,11,1,1,3201,1,24.2,23.0,58.0,207.0,1561.0,648.0,False,False,False,True,SYNTHETIC_DEMO_DATA
424,INC-00000424,2026-07-03T08:41:57Z,2026-07-03T08:43:57Z,2026-07-03T09:01:57Z,2026-07-03T09:52:57Z,2026-07-03T10:24:57Z,,20260703,840,2,115,12,3,4,6,3,3,9283,1,71.7,2.0,20.0,71.0,103.0,,False,True,True,True,SYNTHETIC_DEMO_DATA
425,INC-00000425,2025-11-22T13:09:51Z,2025-11-22T13:44:51Z,2025-11-22T14:09:51Z,2025-11-22T15:08:51Z,2025-11-22T18:37:51Z,2025-11-23T04:24:51Z,20251122,1305,6,41,11,1,5,15,4,1,13431,1,46.6,35.0,60.0,119.0,328.0,587.0,False,False,False,True,SYNTHETIC_DEMO_DATA
426,INC-00000426,2025-03-22T19:15:27Z,2025-03-22T19:34:27Z,2025-03-22T19:44:27Z,2025-03-22T20:11:27Z,2025-03-22T22:13:27Z,2025-03-23T01:26:27Z,20250322,1915,7,226,31,3,5,10,1,3,13989,1,77.7,19.0,29.0,56.0,178.0,193.0,False,False,False,True,SYNTHETIC_DEMO_DATA
427,INC-00000427,2025-08-06T15:13:30Z,2025-08-06T15:27:30Z,2025-08-06T15:51:30Z,2025-08-06T18:49:30Z,2025-08-06T22:53:30Z,2025-08-07T09:00:30Z,20250806,1510,7,28,34,1,5,1,3,1,1117,1,47.8,14.0,38.0,216.0,460.0,607.0,False,False,True,True,SYNTHETIC_DEMO_DATA
428,INC-00000428,2026-02-24T12:15:45Z,2026-02-24T12:26:45Z,2026-02-24T12:51:45Z,2026-02-24T13:33:45Z,2026-02-24T22:43:45Z,2026-02-25T09:26:45Z,20260224,1215,7,25,14,1,5,12,1,1,464,1,41.6,11.0,36.0,78.0,628.0,643.0,False,False,False,True,SYNTHETIC_DEMO_DATA
429,INC-00000429,2025-11-17T05:53:26Z,2025-11-17T06:07:26Z,2025-11-17T06:19:26Z,2025-11-17T06:43:26Z,2025-11-17T10:39:26Z,2025-11-17T22:13:26Z,20251117,550,6,84,16,2,5,6,1,2,16721,1,69.8,14.0,26.0,50.0,286.0,694.0,True,False,False,True,SYNTHETIC_DEMO_DATA
430,INC-00000430,2025-08-14T19:50:19Z,2025-08-14T20:50:19Z,2025-08-14T21:11:19Z,2025-08-15T02:04:19Z,2025-08-15T03:26:19Z,2025-08-15T15:17:19Z,20250814,1950,7,74,23,4,5,1,1,4,1994,1,94.6,60.0,81.0,374.0,456.0,711.0,True,False,False,False,SYNTHETIC_DEMO_DATA
431,INC-00000431,2025-06-12T07:49:10Z,2025-06-12T08:18:10Z,2025-06-12T09:01:10Z,2025-06-12T10:00:10Z,2025-06-12T10:35:10Z,2025-06-12T20:43:10Z,20250612,745,1,50,12,1,5,9,2,1,15981,1,45.1,29.0,72.0,131.0,166.0,608.0,False,False,True,True,SYNTHETIC_DEMO_DATA
432,INC-00000432,2025-07-07T07:41:39Z,2025-07-07T08:03:39Z,2025-07-07T08:16:39Z,2025-07-07T10:47:39Z,2025-07-07T17:59:39Z,2025-07-08T00:02:39Z,20250707,740,3,23,32,2,5,3,1,2,17044,1,65.8,22.0,35.0,186.0,618.0,363.0,False,False,False,True,SYNTHETIC_DEMO_DATA
433,INC-00000433,2026-02-19T08:35:08Z,2026-02-19T09:21:08Z,2026-02-19T09:32:08Z,2026-02-19T13:54:08Z,2026-02-19T15:08:08Z,,20260219,835,6,49,30,1,4,13,1,1,2688,1,36.4,46.0,57.0,319.0,393.0,,False,False,False,True,SYNTHETIC_DEMO_DATA
434,INC-00000434,2025-02-11T16:38:36Z,2025-02-11T16:56:36Z,2025-02-11T17:26:36Z,2025-02-11T22:30:36Z,2025-02-12T00:03:36Z,,20250211,1635,6,224,31,1,4,6,3,1,12526,1,29.0,18.0,48.0,352.0,445.0,,False,False,True,True,SYNTHETIC_DEMO_DATA
435,INC-00000435,2026-06-15T14:18:18Z,2026-06-15T14:36:18Z,2026-06-15T15:14:18Z,2026-06-15T15:33:18Z,2026-06-15T21:01:18Z,2026-06-15T22:41:18Z,20260615,1415,6,209,12,2,5,18,3,2,1826,1,51.9,18.0,56.0,75.0,403.0,100.0,False,False,True,True,SYNTHETIC_DEMO_DATA
436,INC-00000436,2026-02-21T08:06:13Z,2026-02-21T08:22:13Z,2026-02-21T08:40:13Z,2026-02-21T08:55:13Z,2026-02-21T09:57:13Z,2026-02-21T14:09:13Z,20260221,805,7,183,7,4,5,13,1,4,5576,1,91.4,16.0,34.0,49.0,111.0,252.0,True,False,False,True,SYNTHETIC_DEMO_DATA
437,INC-00000437,2026-06-06T18:57:27Z,2026-06-06T19:23:27Z,2026-06-06T19:39:27Z,2026-06-06T21:17:27Z,,,20260606,1855,3,239,1,1,3,3,0,1,17868,1,48.3,26.0,42.0,140.0,,,False,False,False,False,SYNTHETIC_DEMO_DATA
438,INC-00000438,2026-04-19T12:19:41Z,2026-04-19T12:29:41Z,2026-04-19T12:37:41Z,2026-04-19T12:58:41Z,2026-04-19T14:06:41Z,2026-04-19T19:17:41Z,20260419,1215,3,29,33,3,5,16,2,3,13045,1,65.3,10.0,18.0,39.0,107.0,311.0,False,False,True,True,SYNTHETIC_DEMO_DATA
439,INC-00000439,2025-12-01T13:34:14Z,2025-12-01T13:50:14Z,2025-12-01T14:11:14Z,,,,20251201,1330,7,173,37,2,2,8,0,2,13109,1,48.9,16.0,37.0,,,,False,False,False,False,SYNTHETIC_DEMO_DATA
440,INC-00000440,2025-12-26T11:38:50Z,2025-12-26T11:56:50Z,2025-12-26T12:14:50Z,2025-12-26T15:35:50Z,2025-12-26T16:52:50Z,2025-12-26T21:00:50Z,20251226,1135,2,221,30,1,5,18,1,1,3506,1,65.0,18.0,36.0,237.0,314.0,248.0,True,False,False,True,SYNTHETIC_DEMO_DATA
441,INC-00000441,2026-03-27T12:22:40Z,2026-03-27T13:16:40Z,2026-03-27T14:24:40Z,2026-03-27T18:44:40Z,2026-03-28T01:12:40Z,2026-03-28T06:34:40Z,20260327,1220,2,122,38,2,5,12,3,2,12352,1,62.5,54.0,122.0,382.0,770.0,322.0,False,False,True,True,SYNTHETIC_DEMO_DATA
442,INC-00000442,2025-05-19T02:02:44Z,2025-05-19T02:51:44Z,2025-05-19T03:06:44Z,2025-05-19T03:42:44Z,2025-05-19T12:15:44Z,2025-05-19T16:20:44Z,20250519,200,6,88,6,1,5,4,1,1,7886,1,33.7,49.0,64.0,100.0,613.0,245.0,False,False,False,True,SYNTHETIC_DEMO_DATA
443,INC-00000443,2025-09-01T15:48:38Z,2025-09-01T16:20:38Z,2025-09-01T16:37:38Z,2025-09-01T18:30:38Z,2025-09-02T02:12:38Z,,20250901,1545,5,59,31,1,4,15,2,1,12029,1,45.3,32.0,49.0,162.0,624.0,,False,False,True,True,SYNTHETIC_DEMO_DATA
444,INC-00000444,2025-12-06T08:34:32Z,2025-12-06T08:45:32Z,2025-12-06T09:12:32Z,2025-12-06T10:16:32Z,2025-12-06T15:10:32Z,2025-12-07T02:30:32Z,20251206,830,7,32,12,2,5,9,4,2,3044,1,67.3,11.0,38.0,102.0,396.0,680.0,False,False,False,True,SYNTHETIC_DEMO_DATA
445,INC-00000445,2026-02-26T15:34:00Z,2026-02-26T15:40:00Z,2026-02-26T16:09:00Z,2026-02-26T18:17:00Z,2026-02-26T18:44:00Z,2026-02-26T20:58:00Z,20260226,1530,1,25,21,4,5,4,1,4,1510,1,97.0,6.0,35.0,163.0,190.0,134.0,True,False,False,True,SYNTHETIC_DEMO_DATA
446,INC-00000446,2026-03-05T14:13:30Z,2026-03-05T14:24:30Z,2026-03-05T14:46:30Z,2026-03-05T20:39:30Z,2026-03-05T22:14:30Z,2026-03-06T08:37:30Z,20260305,1410,6,50,40,3,5,14,1,3,3205,1,80.9,11.0,33.0,386.0,481.0,623.0,False,False,False,False,SYNTHETIC_DEMO_DATA
447,INC-00000447,2025-03-13T05:25:43Z,2025-03-13T05:47:43Z,2025-03-13T06:12:43Z,2025-03-13T06:43:43Z,2025-03-13T08:09:43Z,2025-03-13T14:46:43Z,20250313,525,3,63,21,3,5,7,3,3,8407,1,52.3,22.0,47.0,78.0,164.0,397.0,False,False,True,True,SYNTHETIC_DEMO_DATA
448,INC-00000448,2025-08-06T08:20:54Z,2025-08-06T09:38:54Z,2025-08-06T09:46:54Z,2025-08-06T11:28:54Z,2025-08-06T14:41:54Z,2025-08-06T22:55:54Z,20250806,820,6,196,6,1,5,16,1,1,11531,1,35.0,78.0,86.0,188.0,381.0,494.0,False,False,False,True,SYNTHETIC_DEMO_DATA
449,INC-00000449,2026-06-02T22:14:31Z,2026-06-02T22:42:31Z,2026-06-02T22:55:31Z,2026-06-02T23:57:31Z,2026-06-03T01:20:31Z,2026-06-03T08:29:31Z,20260602,2210,5,37,19,1,5,9,1,1,5881,1,43.7,28.0,41.0,103.0,186.0,429.0,False,False,False,True,SYNTHETIC_DEMO_DATA
450,INC-00000450,2025-11-27T15:52:54Z,2025-11-27T15:57:54Z,2025-11-27T16:31:54Z,2025-11-27T18:43:54Z,2025-11-27T22:15:54Z,2025-11-28T07:34:54Z,20251127,1550,7,177,15,3,5,4,3,3,15465,1,74.4,5.0,39.0,171.0,383.0,559.0,False,False,True,True,SYNTHETIC_DEMO_DATA
451,INC-00000451,2025-10-11T16:55:07Z,2025-10-11T17:31:07Z,2025-10-11T17:47:07Z,2025-10-11T19:46:07Z,2025-10-11T21:34:07Z,2025-10-12T02:51:07Z,20251011,1655,7,135,10,1,5,13,2,1,2170,1,34.0,36.0,52.0,171.0,279.0,317.0,True,False,True,True,SYNTHETIC_DEMO_DATA
452,INC-00000452,2026-06-29T18:47:02Z,2026-06-29T19:08:02Z,2026-06-29T19:27:02Z,2026-06-29T20:33:02Z,2026-06-30T07:36:02Z,2026-06-30T13:35:02Z,20260629,1845,7,119,34,1,5,6,1,1,2348,1,42.6,21.0,40.0,106.0,769.0,359.0,False,False,False,True,SYNTHETIC_DEMO_DATA
453,INC-00000453,2026-03-31T21:51:12Z,2026-03-31T22:11:12Z,2026-03-31T22:29:12Z,2026-03-31T23:12:12Z,2026-04-01T00:01:12Z,2026-04-01T11:41:12Z,20260331,2150,6,114,15,1,5,17,3,1,15111,1,48.3,20.0,38.0,81.0,130.0,700.0,False,False,True,True,SYNTHETIC_DEMO_DATA
454,INC-00000454,2025-02-05T14:22:27Z,2025-02-05T14:34:27Z,2025-02-05T15:19:27Z,2025-02-05T19:16:27Z,2025-02-05T22:43:27Z,2025-02-06T03:33:27Z,20250205,1420,5,87,2,2,5,11,1,2,9305,1,56.7,12.0,57.0,294.0,501.0,290.0,False,False,False,True,SYNTHETIC_DEMO_DATA
455,INC-00000455,2026-04-22T12:53:21Z,2026-04-22T13:03:21Z,2026-04-22T13:38:21Z,2026-04-22T14:54:21Z,2026-04-22T16:49:21Z,2026-04-23T03:18:21Z,20260422,1250,6,104,21,2,5,4,1,2,4863,1,62.3,10.0,45.0,121.0,236.0,629.0,False,False,False,True,SYNTHETIC_DEMO_DATA
456,INC-00000456,2025-05-15T00:10:45Z,2025-05-15T00:42:45Z,2025-05-15T00:53:45Z,2025-05-15T02:52:45Z,2025-05-15T04:52:45Z,,20250515,10,2,75,16,3,4,16,1,3,15552,1,67.2,32.0,43.0,162.0,282.0,,False,False,False,True,SYNTHETIC_DEMO_DATA
457,INC-00000457,2026-02-27T08:21:02Z,2026-02-27T08:35:02Z,2026-02-27T08:53:02Z,2026-02-27T10:42:02Z,2026-02-27T14:26:02Z,,20260227,820,4,139,44,2,4,8,2,2,10545,1,45.7,14.0,32.0,141.0,365.0,,False,False,True,True,SYNTHETIC_DEMO_DATA
458,INC-00000458,2026-03-25T10:30:59Z,2026-03-25T10:40:59Z,2026-03-25T10:49:59Z,2026-03-25T11:33:59Z,2026-03-25T12:53:59Z,2026-03-25T18:44:59Z,20260325,1030,3,185,4,1,5,18,3,1,474,1,51.8,10.0,19.0,63.0,143.0,351.0,False,False,True,True,SYNTHETIC_DEMO_DATA
459,INC-00000459,2026-03-01T10:50:22Z,2026-03-01T11:03:22Z,2026-03-01T11:10:22Z,2026-03-01T12:33:22Z,2026-03-01T13:33:22Z,2026-03-01T16:27:22Z,20260301,1050,1,235,28,3,5,13,3,3,14959,1,72.3,13.0,20.0,103.0,163.0,174.0,False,False,True,True,SYNTHETIC_DEMO_DATA
460,INC-00000460,2025-03-22T15:59:27Z,2025-03-22T16:24:27Z,2025-03-22T17:19:27Z,2025-03-22T18:03:27Z,2025-03-22T19:10:27Z,2025-03-23T07:01:27Z,20250322,1555,1,117,12,1,5,4,4,1,12635,1,29.3,25.0,80.0,124.0,191.0,711.0,False,False,False,True,SYNTHETIC_DEMO_DATA
461,INC-00000461,2025-06-06T11:25:31Z,2025-06-06T11:35:31Z,2025-06-06T11:48:31Z,,,,20250606,1125,6,108,5,2,2,16,0,2,5496,1,45.2,10.0,23.0,,,,False,False,False,False,SYNTHETIC_DEMO_DATA
462,INC-00000462,2025-03-07T16:39:37Z,2025-03-07T18:09:37Z,2025-03-07T18:35:37Z,2025-03-07T19:49:37Z,2025-03-08T00:02:37Z,2025-03-08T04:00:37Z,20250307,1635,5,124,34,1,5,8,1,1,15549,1,53.2,90.0,116.0,190.0,443.0,238.0,True,False,False,True,SYNTHETIC_DEMO_DATA
463,INC-00000463,2026-05-16T11:14:36Z,2026-05-16T11:18:36Z,2026-05-16T11:36:36Z,2026-05-16T16:37:36Z,2026-05-16T19:58:36Z,2026-05-17T00:48:36Z,20260516,1110,7,200,9,4,5,4,3,4,11406,1,95.3,4.0,22.0,323.0,524.0,290.0,True,False,True,False,SYNTHETIC_DEMO_DATA
464,INC-00000464,2025-05-16T00:02:18Z,2025-05-16T00:15:18Z,2025-05-16T00:17:18Z,2025-05-16T01:07:18Z,2025-05-16T02:47:18Z,2025-05-16T08:56:18Z,20250516,0,1,41,42,3,5,14,1,3,1116,1,84.6,13.0,15.0,65.0,165.0,369.0,False,False,False,True,SYNTHETIC_DEMO_DATA
465,INC-00000465,2026-06-26T20:58:38Z,2026-06-26T21:12:38Z,2026-06-26T22:01:38Z,2026-06-26T23:35:38Z,,,20260626,2055,4,23,23,2,3,6,0,2,4223,1,64.2,14.0,63.0,157.0,,,False,False,False,False,SYNTHETIC_DEMO_DATA
466,INC-00000466,2025-09-28T10:23:03Z,2025-09-28T10:39:03Z,2025-09-28T10:55:03Z,2025-09-28T11:40:03Z,2025-09-28T12:28:03Z,2025-09-28T17:00:03Z,20250928,1020,1,164,24,3,5,18,3,3,1649,1,71.2,16.0,32.0,77.0,125.0,272.0,False,False,True,True,SYNTHETIC_DEMO_DATA
467,INC-00000467,2025-11-05T09:18:15Z,2025-11-05T09:28:15Z,2025-11-05T09:58:15Z,2025-11-05T10:31:15Z,2025-11-05T14:22:15Z,2025-11-05T22:45:15Z,20251105,915,5,197,16,4,5,12,3,4,16152,1,88.3,10.0,40.0,73.0,304.0,503.0,True,False,True,True,SYNTHETIC_DEMO_DATA
468,INC-00000468,2025-09-05T15:01:15Z,2025-09-05T16:08:15Z,2025-09-05T16:28:15Z,2025-09-05T17:02:15Z,2025-09-05T20:47:15Z,2025-09-06T00:10:15Z,20250905,1500,1,122,35,3,5,4,1,3,8055,1,79.4,67.0,87.0,121.0,346.0,203.0,False,False,False,False,SYNTHETIC_DEMO_DATA
469,INC-00000469,2026-05-22T18:28:43Z,2026-05-22T18:45:43Z,2026-05-22T19:07:43Z,2026-05-22T21:49:43Z,2026-05-23T04:21:43Z,2026-05-23T15:42:43Z,20260522,1825,4,188,41,1,5,13,1,1,2517,1,34.2,17.0,39.0,201.0,593.0,681.0,False,False,False,True,SYNTHETIC_DEMO_DATA
470,INC-00000470,2025-05-26T09:42:15Z,2025-05-26T10:04:15Z,2025-05-26T10:48:15Z,2025-05-26T11:40:15Z,2025-05-26T12:02:15Z,2025-05-26T13:00:15Z,20250526,940,3,25,42,3,5,8,1,3,10481,1,66.5,22.0,66.0,118.0,140.0,58.0,False,False,False,True,SYNTHETIC_DEMO_DATA
471,INC-00000471,2025-03-20T19:04:11Z,2025-03-20T19:35:11Z,2025-03-20T19:55:11Z,2025-03-20T20:42:11Z,2025-03-20T23:12:11Z,2025-03-21T10:21:11Z,20250320,1900,1,183,15,1,5,17,1,1,11469,1,36.5,31.0,51.0,98.0,248.0,669.0,False,False,False,True,SYNTHETIC_DEMO_DATA
472,INC-00000472,2025-12-16T14:32:19Z,2025-12-16T14:44:19Z,2025-12-16T15:04:19Z,2025-12-16T15:10:19Z,2025-12-17T04:41:19Z,2025-12-17T14:22:19Z,20251216,1430,6,239,33,4,5,13,1,4,6528,1,100,12.0,32.0,38.0,849.0,581.0,True,False,False,False,SYNTHETIC_DEMO_DATA
473,INC-00000473,2025-06-10T14:33:27Z,2025-06-10T15:17:27Z,2025-06-10T15:53:27Z,2025-06-10T16:25:27Z,,,20250610,1430,6,228,17,3,3,5,0,3,3050,1,84.4,44.0,80.0,112.0,,,True,False,False,False,SYNTHETIC_DEMO_DATA
474,INC-00000474,2026-07-21T16:50:51Z,2026-07-21T17:04:51Z,2026-07-21T17:21:51Z,2026-07-21T17:59:51Z,,,20260721,1650,6,120,30,1,3,14,0,1,15883,1,40.2,14.0,31.0,69.0,,,False,False,False,False,SYNTHETIC_DEMO_DATA
475,INC-00000475,2026-05-07T11:17:01Z,2026-05-07T11:18:01Z,2026-05-07T11:43:01Z,2026-05-07T12:08:01Z,2026-05-07T13:32:01Z,2026-05-07T23:23:01Z,20260507,1115,2,111,35,5,5,11,1,5,17290,1,100,1.0,26.0,51.0,135.0,591.0,True,False,False,True,SYNTHETIC_DEMO_DATA
476,INC-00000476,2025-03-14T09:53:05Z,2025-03-14T10:03:05Z,2025-03-14T10:30:05Z,2025-03-14T10:45:05Z,2025-03-15T05:50:05Z,2025-03-15T08:23:05Z,20250314,950,2,22,14,1,5,18,1,1,545,1,32.1,10.0,37.0,52.0,1197.0,153.0,False,False,False,True,SYNTHETIC_DEMO_DATA
477,INC-00000477,2026-03-22T06:49:27Z,2026-03-22T07:19:27Z,2026-03-22T07:43:27Z,2026-03-22T09:49:27Z,2026-03-22T11:15:27Z,2026-03-22T18:37:27Z,20260322,645,1,149,36,3,5,13,3,3,15828,1,78.0,30.0,54.0,180.0,266.0,442.0,False,True,True,True,SYNTHETIC_DEMO_DATA
478,INC-00000478,2026-02-08T08:08:47Z,2026-02-08T08:59:47Z,2026-02-08T09:26:47Z,2026-02-08T11:16:47Z,2026-02-08T13:43:47Z,2026-02-08T19:00:47Z,20260208,805,6,5,11,3,5,6,1,3,1395,1,78.7,51.0,78.0,188.0,335.0,317.0,False,False,False,True,SYNTHETIC_DEMO_DATA
479,INC-00000479,2026-07-18T01:43:09Z,2026-07-18T01:55:09Z,2026-07-18T02:07:09Z,2026-07-18T05:29:09Z,2026-07-18T09:28:09Z,2026-07-18T21:22:09Z,20260718,140,2,196,24,4,5,18,1,4,9054,1,95.1,12.0,24.0,226.0,465.0,714.0,True,False,False,False,SYNTHETIC_DEMO_DATA
480,INC-00000480,2026-07-10T19:47:17Z,2026-07-10T20:07:17Z,2026-07-10T20:19:17Z,2026-07-10T22:09:17Z,2026-07-10T22:50:17Z,2026-07-11T08:03:17Z,20260710,1945,3,135,3,3,5,10,1,3,8681,1,52.6,20.0,32.0,142.0,183.0,553.0,False,False,False,True,SYNTHETIC_DEMO_DATA
481,INC-00000481,2026-03-08T08:09:41Z,2026-03-08T08:54:41Z,2026-03-08T09:22:41Z,2026-03-08T10:55:41Z,2026-03-08T11:36:41Z,2026-03-08T22:34:41Z,20260308,805,2,130,22,3,5,3,1,3,14784,1,64.1,45.0,73.0,166.0,207.0,658.0,False,False,False,True,SYNTHETIC_DEMO_DATA
482,INC-00000482,2026-07-27T00:34:17Z,2026-07-27T00:39:17Z,2026-07-27T00:56:17Z,2026-07-27T01:06:17Z,2026-07-27T01:52:17Z,2026-07-27T12:49:17Z,20260727,30,3,210,7,5,5,16,3,5,7743,1,100,5.0,22.0,32.0,78.0,657.0,True,False,True,True,SYNTHETIC_DEMO_DATA
483,INC-00000483,2026-06-17T14:36:36Z,2026-06-17T14:41:36Z,2026-06-17T15:16:36Z,,,,20260617,1435,5,55,4,3,2,7,0,3,7520,1,72.9,5.0,40.0,,,,False,False,False,False,SYNTHETIC_DEMO_DATA
484,INC-00000484,2026-03-17T10:43:24Z,2026-03-17T11:37:24Z,2026-03-17T12:00:24Z,2026-03-17T13:13:24Z,2026-03-17T15:40:24Z,2026-03-17T19:53:24Z,20260317,1040,1,34,34,1,5,16,1,1,13265,1,49.7,54.0,77.0,150.0,297.0,253.0,True,False,False,True,SYNTHETIC_DEMO_DATA
485,INC-00000485,2026-01-26T12:02:18Z,2026-01-26T12:27:18Z,2026-01-26T12:41:18Z,2026-01-26T14:20:18Z,2026-01-26T19:38:18Z,2026-01-27T00:00:18Z,20260126,1200,5,23,41,1,5,9,2,1,7338,1,45.1,25.0,39.0,138.0,456.0,262.0,False,False,True,True,SYNTHETIC_DEMO_DATA
486,INC-00000486,2025-08-09T09:23:19Z,2025-08-09T09:36:19Z,2025-08-09T10:00:19Z,2025-08-09T14:28:19Z,2025-08-09T18:16:19Z,2025-08-09T21:42:19Z,20250809,920,1,72,14,3,5,4,1,3,3828,1,60.9,13.0,37.0,305.0,533.0,206.0,False,False,False,True,SYNTHETIC_DEMO_DATA
487,INC-00000487,2025-10-07T11:29:22Z,2025-10-07T11:36:22Z,2025-10-07T11:54:22Z,2025-10-07T12:16:22Z,2025-10-07T12:54:22Z,2025-10-07T22:29:22Z,20251007,1125,1,22,8,3,5,15,1,3,5,1,58.9,7.0,25.0,47.0,85.0,575.0,False,False,False,True,SYNTHETIC_DEMO_DATA
488,INC-00000488,2025-07-31T22:01:45Z,2025-07-31T22:24:45Z,2025-07-31T22:52:45Z,2025-07-31T23:20:45Z,2025-08-01T06:00:45Z,2025-08-01T13:32:45Z,20250731,2200,3,111,20,1,5,6,1,1,2345,1,40.2,23.0,51.0,79.0,479.0,452.0,False,False,False,True,SYNTHETIC_DEMO_DATA
489,INC-00000489,2026-02-02T16:42:46Z,2026-02-02T16:51:46Z,2026-02-02T17:33:46Z,2026-02-02T18:15:46Z,2026-02-02T20:50:46Z,2026-02-03T01:39:46Z,20260202,1640,3,103,41,3,5,1,1,3,5463,1,66.3,9.0,51.0,93.0,248.0,289.0,False,False,False,True,SYNTHETIC_DEMO_DATA
490,INC-00000490,2025-11-25T12:32:11Z,2025-11-25T13:18:11Z,2025-11-25T13:39:11Z,2025-11-25T14:26:11Z,2025-11-25T17:03:11Z,,20251125,1230,7,23,1,1,4,10,2,1,15332,1,50.7,46.0,67.0,114.0,271.0,,False,False,True,True,SYNTHETIC_DEMO_DATA
491,INC-00000491,2025-10-08T11:54:11Z,2025-10-08T12:36:11Z,2025-10-08T12:41:11Z,2025-10-08T13:05:11Z,2025-10-08T15:57:11Z,2025-10-08T18:49:11Z,20251008,1150,3,55,43,2,5,4,1,2,4171,1,56.0,42.0,47.0,71.0,243.0,172.0,False,False,False,True,SYNTHETIC_DEMO_DATA
492,INC-00000492,2026-06-30T16:47:09Z,2026-06-30T17:00:09Z,2026-06-30T17:08:09Z,2026-06-30T18:25:09Z,,,20260630,1645,6,27,26,3,3,16,0,3,3177,1,52.1,13.0,21.0,98.0,,,False,False,False,False,SYNTHETIC_DEMO_DATA
493,INC-00000493,2025-11-16T09:59:15Z,2025-11-16T10:33:15Z,2025-11-16T10:48:15Z,2025-11-16T11:22:15Z,,,20251116,955,2,163,20,3,3,9,0,3,1833,1,78.7,34.0,49.0,83.0,,,False,False,False,False,SYNTHETIC_DEMO_DATA
494,INC-00000494,2025-06-29T15:47:35Z,2025-06-29T15:54:35Z,2025-06-29T15:59:35Z,2025-06-29T16:27:35Z,2025-06-29T17:27:35Z,2025-06-29T23:26:35Z,20250629,1545,1,92,6,2,5,1,2,2,14028,1,56.1,7.0,12.0,40.0,100.0,359.0,False,False,True,True,SYNTHETIC_DEMO_DATA
495,INC-00000495,2025-04-13T19:14:12Z,2025-04-13T19:49:12Z,2025-04-13T20:02:12Z,2025-04-13T20:41:12Z,2025-04-13T22:39:12Z,2025-04-14T10:17:12Z,20250413,1910,1,151,13,2,5,12,3,2,6926,1,68.3,35.0,48.0,87.0,205.0,698.0,True,False,True,True,SYNTHETIC_DEMO_DATA
496,INC-00000496,2025-02-13T11:37:16Z,2025-02-13T12:18:16Z,2025-02-13T13:01:16Z,2025-02-13T13:51:16Z,2025-02-13T23:28:16Z,,20250213,1135,6,56,32,2,4,5,1,2,6546,1,50.8,41.0,84.0,134.0,711.0,,False,False,False,True,SYNTHETIC_DEMO_DATA
497,INC-00000497,2025-05-11T08:58:14Z,2025-05-11T09:10:14Z,2025-05-11T09:47:14Z,2025-05-11T11:09:14Z,2025-05-11T14:28:14Z,2025-05-11T21:44:14Z,20250511,855,6,236,44,1,5,15,1,1,13564,1,34.1,12.0,49.0,131.0,330.0,436.0,False,False,False,True,SYNTHETIC_DEMO_DATA
498,INC-00000498,2025-07-12T20:07:17Z,2025-07-12T20:28:17Z,2025-07-12T20:35:17Z,2025-07-12T21:36:17Z,2025-07-13T10:10:17Z,2025-07-13T20:53:17Z,20250712,2005,1,182,4,3,5,10,1,3,7787,1,64.4,21.0,28.0,89.0,843.0,643.0,False,False,False,True,SYNTHETIC_DEMO_DATA
499,INC-00000499,2026-02-05T08:59:14Z,2026-02-05T09:25:14Z,2026-02-05T09:53:14Z,2026-02-05T12:09:14Z,2026-02-05T14:51:14Z,2026-02-05T19:06:14Z,20260205,855,2,169,5,2,5,2,1,2,13506,1,52.3,26.0,54.0,190.0,352.0,255.0,False,False,False,True,SYNTHETIC_DEMO_DATA
500,INC-00000500,2026-07-06T15:05:17Z,2026-07-06T15:21:17Z,2026-07-06T15:42:17Z,,,,20260706,1505,2,122,4,2,2,13,0,2,2963,1,61.7,16.0,37.0,,,,False,False,False,False,SYNTHETIC_DEMO_DATA
501,INC-00000501,2025-04-04T21:34:16Z,2025-04-04T21:47:16Z,2025-04-04T22:25:16Z,2025-04-04T23:33:16Z,2025-04-05T02:10:16Z,2025-04-05T10:47:16Z,20250404,2130,6,138,18,2,5,6,1,2,5340,1,57.7,13.0,51.0,119.0,276.0,517.0,False,False,False,True,SYNTHETIC_DEMO_DATA
502,INC-00000502,2026-01-16T11:49:02Z,2026-01-16T12:56:02Z,2026-01-16T13:08:02Z,2026-01-16T14:02:02Z,2026-01-16T16:22:02Z,2026-01-16T23:33:02Z,20260116,1145,2,195,29,3,5,18,1,3,1643,1,78.3,67.0,79.0,133.0,273.0,431.0,False,False,False,False,SYNTHETIC_DEMO_DATA
503,INC-00000503,2025-05-18T19:15:33Z,2025-05-18T19:35:33Z,2025-05-18T19:45:33Z,2025-05-18T20:01:33Z,2025-05-19T06:20:33Z,2025-05-19T16:21:33Z,20250518,1915,3,239,30,1,5,9,1,1,12763,1,54.7,20.0,30.0,46.0,665.0,601.0,False,False,False,True,SYNTHETIC_DEMO_DATA
504,INC-00000504,2025-05-27T06:33:16Z,2025-05-27T06:59:16Z,2025-05-27T07:30:16Z,2025-05-27T08:37:16Z,2025-05-27T18:27:16Z,2025-05-27T19:19:16Z,20250527,630,5,58,23,1,5,2,1,1,7308,1,28.9,26.0,57.0,124.0,714.0,52.0,False,False,False,True,SYNTHETIC_DEMO_DATA
505,INC-00000505,2025-12-28T17:37:02Z,2025-12-28T17:54:02Z,2025-12-28T18:04:02Z,2025-12-28T19:07:02Z,2025-12-28T22:30:02Z,,20251228,1735,7,166,14,2,4,14,4,2,10534,1,51.4,17.0,27.0,90.0,293.0,,False,False,False,True,SYNTHETIC_DEMO_DATA
506,INC-00000506,2026-07-11T17:08:28Z,2026-07-11T17:31:28Z,2026-07-11T17:37:28Z,2026-07-11T20:32:28Z,2026-07-12T01:44:28Z,2026-07-12T11:56:28Z,20260711,1705,6,48,32,1,5,6,3,1,1020,1,52.8,23.0,29.0,204.0,516.0,612.0,True,False,True,True,SYNTHETIC_DEMO_DATA
507,INC-00000507,2025-08-28T18:20:16Z,2025-08-28T19:23:16Z,2025-08-28T19:47:16Z,2025-08-28T20:15:16Z,2025-08-29T00:25:16Z,2025-08-29T08:58:16Z,20250828,1820,6,42,36,2,5,18,1,2,11756,1,56.2,63.0,87.0,115.0,365.0,513.0,False,False,False,True,SYNTHETIC_DEMO_DATA
508,INC-00000508,2025-12-05T11:37:33Z,2025-12-05T11:45:33Z,2025-12-05T12:06:33Z,2025-12-05T12:55:33Z,2025-12-05T18:23:33Z,2025-12-06T02:17:33Z,20251205,1135,4,138,22,1,5,10,2,1,13730,1,39.3,8.0,29.0,78.0,406.0,474.0,False,False,True,True,SYNTHETIC_DEMO_DATA
509,INC-00000509,2026-01-11T10:22:35Z,2026-01-11T11:00:35Z,2026-01-11T11:07:35Z,2026-01-11T12:27:35Z,2026-01-11T16:34:35Z,2026-01-12T03:57:35Z,20260111,1020,4,168,18,1,5,3,1,1,7468,1,40.0,38.0,45.0,125.0,372.0,683.0,False,False,False,True,SYNTHETIC_DEMO_DATA
510,INC-00000510,2026-01-04T12:51:33Z,2026-01-04T13:26:33Z,2026-01-04T13:45:33Z,2026-01-04T15:53:33Z,2026-01-04T18:07:33Z,2026-01-05T05:00:33Z,20260104,1250,5,60,27,4,5,17,1,4,8498,1,100,35.0,54.0,182.0,316.0,653.0,True,False,False,False,SYNTHETIC_DEMO_DATA
511,INC-00000511,2025-07-18T10:35:32Z,2025-07-18T10:50:32Z,2025-07-18T11:13:32Z,2025-07-18T12:27:32Z,2025-07-18T13:09:32Z,2025-07-18T17:04:32Z,20250718,1035,6,203,41,1,5,7,1,1,803,1,51.9,15.0,38.0,112.0,154.0,235.0,False,False,False,True,SYNTHETIC_DEMO_DATA
512,INC-00000512,2025-10-02T16:52:35Z,2025-10-02T16:59:35Z,2025-10-02T17:05:35Z,2025-10-02T18:35:35Z,2025-10-03T01:27:35Z,2025-10-03T07:26:35Z,20251002,1650,4,122,8,2,5,1,1,2,1951,1,63.9,7.0,13.0,103.0,515.0,359.0,False,False,False,True,SYNTHETIC_DEMO_DATA
513,INC-00000513,2025-03-22T10:57:13Z,2025-03-22T11:47:13Z,2025-03-22T11:58:13Z,2025-03-22T14:52:13Z,2025-03-22T19:46:13Z,2025-03-22T23:57:13Z,20250322,1055,2,116,1,1,5,11,1,1,4942,1,28.3,50.0,61.0,235.0,529.0,251.0,False,False,False,True,SYNTHETIC_DEMO_DATA
514,INC-00000514,2026-06-05T05:13:21Z,2026-06-05T05:25:21Z,2026-06-05T05:51:21Z,2026-06-05T06:06:21Z,2026-06-05T08:00:21Z,,20260605,510,1,62,23,2,4,5,3,2,14039,1,47.0,12.0,38.0,53.0,167.0,,False,False,True,True,SYNTHETIC_DEMO_DATA
515,INC-00000515,2025-08-16T18:21:46Z,2025-08-16T18:50:46Z,2025-08-16T19:07:46Z,2025-08-16T20:07:46Z,2025-08-16T23:13:46Z,2025-08-17T02:26:46Z,20250816,1820,2,118,19,2,5,16,1,2,1249,1,58.5,29.0,46.0,106.0,292.0,193.0,False,False,False,True,SYNTHETIC_DEMO_DATA
516,INC-00000516,2026-03-11T17:13:55Z,2026-03-11T18:03:55Z,2026-03-11T18:14:55Z,2026-03-11T19:05:55Z,2026-03-12T14:38:55Z,,20260311,1710,1,8,35,1,4,8,1,1,2729,1,36.0,50.0,61.0,112.0,1285.0,,False,False,False,True,SYNTHETIC_DEMO_DATA
517,INC-00000517,2025-02-16T14:50:58Z,2025-02-16T15:25:58Z,2025-02-16T16:03:58Z,2025-02-16T17:12:58Z,2025-02-16T20:07:58Z,2025-02-16T21:25:58Z,20250216,1450,6,210,20,1,5,1,1,1,16965,1,50.9,35.0,73.0,142.0,317.0,78.0,True,False,False,True,SYNTHETIC_DEMO_DATA
518,INC-00000518,2025-11-10T12:57:57Z,2025-11-10T13:13:57Z,2025-11-10T13:24:57Z,2025-11-10T15:54:57Z,2025-11-10T18:22:57Z,2025-11-11T02:56:57Z,20251110,1255,1,73,15,2,5,13,3,2,5481,1,59.5,16.0,27.0,177.0,325.0,514.0,False,False,True,True,SYNTHETIC_DEMO_DATA
519,INC-00000519,2025-06-19T17:33:46Z,2025-06-19T18:38:46Z,2025-06-19T19:20:46Z,2025-06-19T20:24:46Z,2025-06-20T00:29:46Z,2025-06-20T05:21:46Z,20250619,1730,2,146,36,1,5,5,2,1,10189,1,35.8,65.0,107.0,171.0,416.0,292.0,False,False,True,True,SYNTHETIC_DEMO_DATA
520,INC-00000520,2025-05-15T19:18:20Z,2025-05-15T19:42:20Z,2025-05-15T20:07:20Z,2025-05-15T20:35:20Z,2025-05-16T00:56:20Z,2025-05-16T12:47:20Z,20250515,1915,3,147,18,4,5,1,1,4,3184,1,95.1,24.0,49.0,77.0,338.0,711.0,True,False,False,True,SYNTHETIC_DEMO_DATA
521,INC-00000521,2025-04-08T03:02:06Z,2025-04-08T04:17:06Z,2025-04-08T05:20:06Z,2025-04-08T06:28:06Z,2025-04-08T08:05:06Z,2025-04-08T11:22:06Z,20250408,300,6,24,11,3,5,11,2,3,726,1,72.4,75.0,138.0,206.0,303.0,197.0,False,False,True,False,SYNTHETIC_DEMO_DATA
522,INC-00000522,2026-02-12T21:29:24Z,2026-02-12T22:32:24Z,2026-02-12T22:54:24Z,2026-02-13T00:14:24Z,2026-02-13T02:38:24Z,2026-02-13T03:41:24Z,20260212,2125,1,40,33,1,5,2,1,1,3933,1,30.7,63.0,85.0,165.0,309.0,63.0,False,False,False,True,SYNTHETIC_DEMO_DATA
523,INC-00000523,2025-02-25T15:48:08Z,2025-02-25T15:59:08Z,2025-02-25T16:21:08Z,2025-02-25T18:21:08Z,2025-02-26T00:03:08Z,2025-02-26T10:02:08Z,20250225,1545,2,55,31,4,5,16,1,4,14251,1,99.5,11.0,33.0,153.0,495.0,599.0,True,False,False,True,SYNTHETIC_DEMO_DATA
524,INC-00000524,2026-06-26T16:31:42Z,2026-06-26T19:08:42Z,2026-06-26T19:15:42Z,2026-06-26T19:28:42Z,2026-06-26T21:42:42Z,2026-06-27T00:35:42Z,20260626,1630,6,167,43,3,5,8,3,3,1167,1,76.8,157.0,164.0,177.0,311.0,173.0,False,False,True,False,SYNTHETIC_DEMO_DATA
525,INC-00000525,2026-05-16T13:32:50Z,2026-05-16T13:50:50Z,2026-05-16T14:01:50Z,2026-05-16T14:49:50Z,2026-05-16T18:32:50Z,2026-05-17T00:28:50Z,20260516,1330,6,13,25,1,5,17,1,1,11287,1,27.4,18.0,29.0,77.0,300.0,356.0,False,False,False,True,SYNTHETIC_DEMO_DATA
526,INC-00000526,2025-02-18T08:46:04Z,2025-02-18T09:37:04Z,2025-02-18T10:00:04Z,2025-02-18T12:48:04Z,2025-02-18T21:13:04Z,2025-02-19T08:17:04Z,20250218,845,7,223,29,2,5,11,1,2,14325,1,50.7,51.0,74.0,242.0,747.0,664.0,False,False,False,True,SYNTHETIC_DEMO_DATA
527,INC-00000527,2025-03-15T09:28:58Z,2025-03-15T09:53:58Z,2025-03-15T10:32:58Z,2025-03-15T10:55:58Z,2025-03-15T13:43:58Z,2025-03-15T19:03:58Z,20250315,925,2,202,14,2,5,4,1,2,9973,1,48.4,25.0,64.0,87.0,255.0,320.0,False,False,False,True,SYNTHETIC_DEMO_DATA
528,INC-00000528,2025-04-08T17:16:14Z,2025-04-08T17:23:14Z,2025-04-08T17:42:14Z,2025-04-08T20:32:14Z,2025-04-09T01:53:14Z,2025-04-09T09:56:14Z,20250408,1715,4,66,5,2,5,15,1,2,6009,1,65.8,7.0,26.0,196.0,517.0,483.0,True,False,False,True,SYNTHETIC_DEMO_DATA
529,INC-00000529,2025-07-26T11:23:05Z,2025-07-26T11:38:05Z,2025-07-26T12:00:05Z,2025-07-26T13:36:05Z,2025-07-26T17:44:05Z,2025-07-26T18:43:05Z,20250726,1120,4,70,19,2,5,8,2,2,13519,1,48.8,15.0,37.0,133.0,381.0,59.0,False,False,True,True,SYNTHETIC_DEMO_DATA
530,INC-00000530,2025-07-20T15:24:24Z,2025-07-20T15:31:24Z,2025-07-20T15:43:24Z,2025-07-20T16:14:24Z,2025-07-20T22:17:24Z,2025-07-21T07:07:24Z,20250720,1520,4,204,35,3,5,2,1,3,3659,1,74.3,7.0,19.0,50.0,413.0,530.0,False,True,False,True,SYNTHETIC_DEMO_DATA
531,INC-00000531,2026-04-21T22:11:41Z,2026-04-21T22:42:41Z,2026-04-21T23:00:41Z,2026-04-21T23:46:41Z,2026-04-22T04:32:41Z,2026-04-22T15:42:41Z,20260421,2210,6,138,20,2,5,12,3,2,7069,1,57.0,31.0,49.0,95.0,381.0,670.0,False,False,True,True,SYNTHETIC_DEMO_DATA
532,INC-00000532,2025-08-16T16:48:05Z,2025-08-16T17:42:05Z,2025-08-16T17:58:05Z,2025-08-16T20:39:05Z,2025-08-16T23:27:05Z,2025-08-17T06:19:05Z,20250816,1645,7,148,21,1,5,4,4,1,11496,1,32.7,54.0,70.0,231.0,399.0,412.0,False,False,False,True,SYNTHETIC_DEMO_DATA
533,INC-00000533,2026-07-17T16:41:05Z,2026-07-17T16:50:05Z,2026-07-17T17:11:05Z,2026-07-17T17:33:05Z,2026-07-18T01:44:05Z,2026-07-18T02:15:05Z,20260717,1640,5,89,18,2,5,16,4,2,1415,1,47.3,9.0,30.0,52.0,543.0,31.0,False,False,False,True,SYNTHETIC_DEMO_DATA
534,INC-00000534,2025-07-09T10:23:07Z,2025-07-09T10:42:07Z,2025-07-09T11:10:07Z,2025-07-09T11:32:07Z,2025-07-09T14:40:07Z,2025-07-09T21:12:07Z,20250709,1020,1,195,44,1,5,8,1,1,410,1,47.2,19.0,47.0,69.0,257.0,392.0,False,False,False,True,SYNTHETIC_DEMO_DATA
535,INC-00000535,2026-01-28T10:50:27Z,2026-01-28T10:54:27Z,2026-01-28T12:09:27Z,2026-01-28T15:32:27Z,2026-01-28T16:54:27Z,2026-01-29T02:52:27Z,20260128,1050,7,70,42,4,5,4,1,4,5118,1,90.2,4.0,79.0,282.0,364.0,598.0,True,False,False,False,SYNTHETIC_DEMO_DATA
536,INC-00000536,2026-07-31T12:11:04Z,2026-07-31T12:25:04Z,2026-07-31T12:58:04Z,2026-07-31T14:16:04Z,,,20260731,1210,6,75,37,2,3,13,0,2,7118,1,53.9,14.0,47.0,125.0,,,False,False,False,False,SYNTHETIC_DEMO_DATA
537,INC-00000537,2025-10-02T13:45:19Z,2025-10-02T14:09:19Z,2025-10-02T14:17:19Z,2025-10-02T14:28:19Z,2025-10-02T18:22:19Z,2025-10-03T01:32:19Z,20251002,1345,3,43,19,4,5,8,3,4,10135,1,93.5,24.0,32.0,43.0,277.0,430.0,True,False,True,True,SYNTHETIC_DEMO_DATA
538,INC-00000538,2025-03-31T12:22:59Z,2025-03-31T12:41:59Z,2025-03-31T12:51:59Z,2025-03-31T15:24:59Z,2025-03-31T16:00:59Z,2025-04-01T02:08:59Z,20250331,1220,3,110,37,1,5,16,1,1,13646,1,38.5,19.0,29.0,182.0,218.0,608.0,False,False,False,True,SYNTHETIC_DEMO_DATA
539,INC-00000539,2025-05-05T09:58:25Z,2025-05-05T10:03:25Z,2025-05-05T10:34:25Z,2025-05-05T11:00:25Z,2025-05-05T12:15:25Z,2025-05-05T16:47:25Z,20250505,955,5,15,36,3,5,11,1,3,13774,1,84.1,5.0,36.0,62.0,137.0,272.0,True,False,False,True,SYNTHETIC_DEMO_DATA
540,INC-00000540,2025-03-08T07:49:54Z,2025-03-08T09:06:54Z,2025-03-08T09:22:54Z,2025-03-08T14:30:54Z,,,20250308,745,7,153,27,2,3,3,0,2,9930,1,38.8,77.0,93.0,401.0,,,False,False,False,False,SYNTHETIC_DEMO_DATA
541,INC-00000541,2025-07-09T18:39:10Z,2025-07-09T19:12:10Z,2025-07-09T19:49:10Z,2025-07-09T20:15:10Z,2025-07-09T21:19:10Z,2025-07-10T02:43:10Z,20250709,1835,7,94,19,2,5,14,1,2,3729,1,45.5,33.0,70.0,96.0,160.0,324.0,False,False,False,True,SYNTHETIC_DEMO_DATA
542,INC-00000542,2025-11-07T07:23:21Z,2025-11-07T07:52:21Z,2025-11-07T08:11:21Z,2025-11-07T09:13:21Z,2025-11-07T10:23:21Z,2025-11-07T21:44:21Z,20251107,720,4,29,15,2,5,7,4,2,7539,1,48.2,29.0,48.0,110.0,180.0,681.0,False,False,False,True,SYNTHETIC_DEMO_DATA
543,INC-00000543,2025-06-25T18:21:43Z,2025-06-25T18:48:43Z,2025-06-25T19:12:43Z,2025-06-25T20:05:43Z,2025-06-25T22:14:43Z,2025-06-25T22:47:43Z,20250625,1820,3,196,2,4,5,2,2,4,13041,1,95.0,27.0,51.0,104.0,233.0,33.0,True,False,True,True,SYNTHETIC_DEMO_DATA
544,INC-00000544,2026-07-01T19:56:00Z,,,,,,20260701,1955,4,145,16,2,1,11,0,2,650,1,61.9,,,,,,False,False,False,False,SYNTHETIC_DEMO_DATA
545,INC-00000545,2026-01-26T01:09:02Z,2026-01-26T01:30:02Z,2026-01-26T01:40:02Z,2026-01-26T03:31:02Z,2026-01-26T18:52:02Z,2026-01-26T20:56:02Z,20260126,105,2,210,22,1,5,3,3,1,7483,1,41.0,21.0,31.0,142.0,1063.0,124.0,False,False,True,True,SYNTHETIC_DEMO_DATA
546,INC-00000546,2026-05-22T12:56:27Z,2026-05-22T13:31:27Z,2026-05-22T14:01:27Z,2026-05-22T15:04:27Z,2026-05-22T18:28:27Z,,20260522,1255,3,14,29,2,4,15,1,2,10784,1,60.2,35.0,65.0,128.0,332.0,,False,False,False,True,SYNTHETIC_DEMO_DATA
547,INC-00000547,2026-05-07T01:37:20Z,2026-05-07T01:56:20Z,2026-05-07T02:22:20Z,2026-05-07T07:37:20Z,2026-05-07T13:01:20Z,2026-05-07T19:49:20Z,20260507,135,1,37,2,1,5,7,1,1,17763,1,41.0,19.0,45.0,360.0,684.0,408.0,False,False,False,True,SYNTHETIC_DEMO_DATA
548,INC-00000548,2025-11-02T15:30:20Z,2025-11-02T15:50:20Z,2025-11-02T16:13:20Z,2025-11-02T16:32:20Z,2025-11-02T17:08:20Z,2025-11-02T22:14:20Z,20251102,1530,6,7,17,3,5,2,1,3,13582,1,64.6,20.0,43.0,62.0,98.0,306.0,False,False,False,True,SYNTHETIC_DEMO_DATA
549,INC-00000549,2025-10-09T20:19:28Z,2025-10-09T20:27:28Z,2025-10-09T21:10:28Z,2025-10-09T22:12:28Z,2025-10-10T03:28:28Z,,20251009,2015,3,86,42,1,4,11,1,1,16386,1,49.3,8.0,51.0,113.0,429.0,,False,False,False,True,SYNTHETIC_DEMO_DATA
550,INC-00000550,2026-07-25T20:01:47Z,2026-07-25T20:26:47Z,2026-07-25T20:45:47Z,,,,20260725,2000,2,159,42,1,2,4,0,1,4905,1,53.1,25.0,44.0,,,,True,False,False,False,SYNTHETIC_DEMO_DATA
551,INC-00000551,2025-03-30T23:55:25Z,2025-03-31T00:19:25Z,2025-03-31T00:52:25Z,2025-03-31T03:30:25Z,2025-03-31T11:30:25Z,2025-03-31T23:28:25Z,20250330,2355,5,111,4,2,5,16,2,2,2335,1,48.1,24.0,57.0,215.0,695.0,718.0,False,False,True,True,SYNTHETIC_DEMO_DATA
552,INC-00000552,2025-12-11T17:01:11Z,2025-12-11T17:21:11Z,2025-12-11T17:31:11Z,2025-12-11T19:10:11Z,2025-12-11T19:40:11Z,,20251211,1700,1,32,20,4,4,11,2,4,8307,1,100,20.0,30.0,129.0,159.0,,True,False,True,True,SYNTHETIC_DEMO_DATA
553,INC-00000553,2026-05-30T16:14:23Z,2026-05-30T16:38:23Z,2026-05-30T16:59:23Z,2026-05-30T18:13:23Z,2026-05-30T20:11:23Z,2026-05-30T22:58:23Z,20260530,1610,1,187,22,1,5,1,1,1,8905,1,36.5,24.0,45.0,119.0,237.0,167.0,False,False,False,True,SYNTHETIC_DEMO_DATA
554,INC-00000554,2025-10-13T12:51:12Z,2025-10-13T13:16:12Z,2025-10-13T13:34:12Z,2025-10-13T14:09:12Z,2025-10-13T17:11:12Z,2025-10-13T19:03:12Z,20251013,1250,7,171,7,1,5,12,2,1,3477,1,22.4,25.0,43.0,78.0,260.0,112.0,False,False,True,True,SYNTHETIC_DEMO_DATA
555,INC-00000555,2025-02-19T17:24:05Z,2025-02-19T17:39:05Z,2025-02-19T17:57:05Z,2025-02-19T20:42:05Z,2025-02-19T22:18:05Z,,20250219,1720,6,166,29,1,4,5,3,1,1763,1,35.5,15.0,33.0,198.0,294.0,,False,False,True,True,SYNTHETIC_DEMO_DATA
556,INC-00000556,2025-09-25T09:42:28Z,2025-09-25T10:19:28Z,2025-09-25T10:40:28Z,2025-09-25T13:20:28Z,2025-09-25T14:49:28Z,2025-09-25T19:09:28Z,20250925,940,3,23,18,1,5,16,1,1,12030,1,51.9,37.0,58.0,218.0,307.0,260.0,False,False,False,True,SYNTHETIC_DEMO_DATA
557,INC-00000557,2025-05-29T10:46:16Z,2025-05-29T11:00:16Z,2025-05-29T12:09:16Z,2025-05-29T13:39:16Z,2025-05-29T14:07:16Z,2025-05-29T14:40:16Z,20250529,1045,3,217,11,1,5,9,1,1,7052,1,47.3,14.0,83.0,173.0,201.0,33.0,False,False,False,True,SYNTHETIC_DEMO_DATA
558,INC-00000558,2026-03-23T18:15:38Z,2026-03-23T18:29:38Z,2026-03-23T19:01:38Z,2026-03-23T19:17:38Z,2026-03-24T00:45:38Z,2026-03-24T06:32:38Z,20260323,1815,5,191,26,4,5,5,2,4,7856,1,92.8,14.0,46.0,62.0,390.0,347.0,True,False,True,True,SYNTHETIC_DEMO_DATA
559,INC-00000559,2025-03-14T06:35:16Z,2025-03-14T07:09:16Z,2025-03-14T07:45:16Z,2025-03-14T08:23:16Z,2025-03-14T09:18:16Z,2025-03-14T18:50:16Z,20250314,635,6,4,44,2,5,14,1,2,4982,1,42.4,34.0,70.0,108.0,163.0,572.0,False,False,False,True,SYNTHETIC_DEMO_DATA
560,INC-00000560,2025-08-09T14:35:56Z,2025-08-09T14:43:56Z,2025-08-09T15:01:56Z,2025-08-09T16:26:56Z,2025-08-09T17:27:56Z,2025-08-09T17:57:56Z,20250809,1435,4,67,37,1,5,6,1,1,4612,1,34.7,8.0,26.0,111.0,172.0,30.0,False,False,False,True,SYNTHETIC_DEMO_DATA
561,INC-00000561,2025-02-20T09:28:04Z,2025-02-20T09:36:04Z,2025-02-20T09:53:04Z,2025-02-20T12:36:04Z,2025-02-20T14:48:04Z,2025-02-21T00:05:04Z,20250220,925,3,22,42,2,5,18,1,2,12256,1,56.1,8.0,25.0,188.0,320.0,557.0,True,False,False,True,SYNTHETIC_DEMO_DATA
562,INC-00000562,2026-02-05T18:37:02Z,2026-02-05T19:35:02Z,2026-02-05T19:57:02Z,,,,20260205,1835,1,56,18,2,2,11,0,2,6990,1,48.9,58.0,80.0,,,,False,False,False,False,SYNTHETIC_DEMO_DATA
563,INC-00000563,2026-03-22T08:17:52Z,2026-03-22T09:26:52Z,2026-03-22T09:39:52Z,2026-03-22T10:41:52Z,,,20260322,815,3,181,22,1,3,3,0,1,9014,1,42.0,69.0,82.0,144.0,,,False,False,False,False,SYNTHETIC_DEMO_DATA
564,INC-00000564,2025-03-07T16:10:06Z,2025-03-07T16:26:06Z,2025-03-07T16:41:06Z,,,,20250307,1610,3,71,5,3,2,16,0,3,6070,1,59.8,16.0,31.0,,,,False,False,False,False,SYNTHETIC_DEMO_DATA
565,INC-00000565,2026-02-08T13:25:48Z,2026-02-08T14:11:48Z,2026-02-08T14:14:48Z,2026-02-08T14:39:48Z,2026-02-08T15:05:48Z,2026-02-08T16:07:48Z,20260208,1325,1,87,2,2,5,8,2,2,8382,1,63.8,46.0,49.0,74.0,100.0,62.0,False,False,True,True,SYNTHETIC_DEMO_DATA
566,INC-00000566,2026-06-11T08:55:02Z,2026-06-11T11:42:02Z,2026-06-11T11:50:02Z,2026-06-11T15:49:02Z,2026-06-11T19:15:02Z,2026-06-11T22:43:02Z,20260611,855,5,14,9,2,5,1,1,2,10587,1,63.7,167.0,175.0,414.0,620.0,208.0,False,False,False,False,SYNTHETIC_DEMO_DATA
567,INC-00000567,2025-04-18T08:15:43Z,2025-04-18T08:42:43Z,2025-04-18T09:12:43Z,2025-04-18T18:01:43Z,2025-04-18T20:34:43Z,2025-04-19T02:08:43Z,20250418,815,6,117,38,1,5,11,1,1,12988,1,30.2,27.0,57.0,586.0,739.0,334.0,False,False,False,True,SYNTHETIC_DEMO_DATA
568,INC-00000568,2026-03-09T12:21:43Z,2026-03-09T12:32:43Z,2026-03-09T12:44:43Z,2026-03-09T15:00:43Z,2026-03-09T19:54:43Z,2026-03-09T23:41:43Z,20260309,1220,6,113,42,2,5,5,1,2,7370,1,66.2,11.0,23.0,159.0,453.0,227.0,False,False,False,True,SYNTHETIC_DEMO_DATA
569,INC-00000569,2026-01-14T19:01:48Z,2026-01-14T19:15:48Z,2026-01-14T20:10:48Z,2026-01-14T21:30:48Z,2026-01-14T23:33:48Z,2026-01-15T08:54:48Z,20260114,1900,3,61,20,3,5,17,1,3,17271,1,73.0,14.0,69.0,149.0,272.0,561.0,False,False,False,True,SYNTHETIC_DEMO_DATA
570,INC-00000570,2025-09-21T19:21:36Z,2025-09-21T19:45:36Z,2025-09-21T20:18:36Z,2025-09-21T21:21:36Z,2025-09-22T02:31:36Z,2025-09-22T14:17:36Z,20250921,1920,2,98,17,1,5,8,1,1,5074,1,36.7,24.0,57.0,120.0,430.0,706.0,False,False,False,True,SYNTHETIC_DEMO_DATA
571,INC-00000571,2026-04-12T15:29:05Z,2026-04-12T16:43:05Z,2026-04-12T16:57:05Z,2026-04-12T18:30:05Z,2026-04-12T20:45:05Z,2026-04-12T23:19:05Z,20260412,1525,6,64,28,1,5,1,1,1,3837,1,46.8,74.0,88.0,181.0,316.0,154.0,False,False,False,True,SYNTHETIC_DEMO_DATA
572,INC-00000572,2025-04-26T18:27:03Z,2025-04-26T19:00:03Z,2025-04-26T19:07:03Z,2025-04-26T19:32:03Z,2025-04-26T21:07:03Z,2025-04-27T00:04:03Z,20250426,1825,6,47,20,4,5,15,1,4,2743,1,98.3,33.0,40.0,65.0,160.0,177.0,True,False,False,False,SYNTHETIC_DEMO_DATA
573,INC-00000573,2026-01-01T06:14:37Z,2026-01-01T07:00:37Z,2026-01-01T07:27:37Z,2026-01-01T08:08:37Z,2026-01-01T10:53:37Z,2026-01-01T21:15:37Z,20260101,610,1,23,31,3,5,7,2,3,5527,1,75.4,46.0,73.0,114.0,279.0,622.0,False,False,True,True,SYNTHETIC_DEMO_DATA
574,INC-00000574,2026-01-12T16:39:44Z,2026-01-12T16:58:44Z,2026-01-12T17:09:44Z,2026-01-12T20:58:44Z,2026-01-13T06:19:44Z,,20260112,1635,6,115,20,1,4,16,1,1,7906,1,36.6,19.0,30.0,259.0,820.0,,False,False,False,True,SYNTHETIC_DEMO_DATA
575,INC-00000575,2025-09-09T07:59:58Z,2025-09-09T08:07:58Z,2025-09-09T08:12:58Z,2025-09-09T09:58:58Z,2025-09-09T21:19:58Z,2025-09-10T02:52:58Z,20250909,755,1,39,21,1,5,9,1,1,8600,1,33.4,8.0,13.0,119.0,800.0,333.0,False,False,False,True,SYNTHETIC_DEMO_DATA
576,INC-00000576,2025-02-18T17:30:08Z,2025-02-18T17:53:08Z,2025-02-18T18:17:08Z,2025-02-18T18:54:08Z,2025-02-19T00:08:08Z,,20250218,1730,6,75,11,2,4,3,3,2,10137,1,48.1,23.0,47.0,84.0,398.0,,False,False,True,True,SYNTHETIC_DEMO_DATA
577,INC-00000577,2025-12-08T12:21:44Z,2025-12-08T12:32:44Z,2025-12-08T13:20:44Z,2025-12-08T14:39:44Z,,,20251208,1220,1,141,29,3,3,15,0,3,7870,1,73.4,11.0,59.0,138.0,,,False,False,False,False,SYNTHETIC_DEMO_DATA
578,INC-00000578,2025-10-02T16:10:10Z,2025-10-02T16:20:10Z,2025-10-02T16:29:10Z,2025-10-02T20:17:10Z,2025-10-03T01:04:10Z,2025-10-03T02:51:10Z,20251002,1610,1,106,1,2,5,7,3,2,11792,1,52.4,10.0,19.0,247.0,534.0,107.0,False,False,True,True,SYNTHETIC_DEMO_DATA
579,INC-00000579,2026-06-04T12:58:21Z,2026-06-04T13:11:21Z,2026-06-04T13:35:21Z,2026-06-04T14:26:21Z,2026-06-04T17:04:21Z,2026-06-04T21:38:21Z,20260604,1255,3,73,16,2,5,18,2,2,8577,1,63.5,13.0,37.0,88.0,246.0,274.0,False,False,True,True,SYNTHETIC_DEMO_DATA
580,INC-00000580,2025-08-05T14:37:53Z,2025-08-05T15:07:53Z,2025-08-05T15:28:53Z,2025-08-05T18:26:53Z,2025-08-05T18:42:53Z,2025-08-06T03:04:53Z,20250805,1435,2,122,19,3,5,12,1,3,8298,1,80.3,30.0,51.0,229.0,245.0,502.0,False,False,False,True,SYNTHETIC_DEMO_DATA
581,INC-00000581,2025-03-23T17:51:51Z,2025-03-23T18:03:51Z,2025-03-23T18:19:51Z,2025-03-23T19:15:51Z,2025-03-23T23:01:51Z,2025-03-24T08:47:51Z,20250323,1750,3,92,23,2,5,4,1,2,8756,1,50.1,12.0,28.0,84.0,310.0,586.0,False,False,False,True,SYNTHETIC_DEMO_DATA
582,INC-00000582,2026-03-26T02:11:57Z,2026-03-26T02:39:57Z,2026-03-26T02:58:57Z,2026-03-26T06:45:57Z,2026-03-26T11:04:57Z,2026-03-26T21:42:57Z,20260326,210,6,34,13,1,5,14,3,1,11608,1,33.8,28.0,47.0,274.0,533.0,638.0,False,False,True,True,SYNTHETIC_DEMO_DATA
583,INC-00000583,2025-10-10T17:04:18Z,2025-10-10T17:21:18Z,2025-10-10T17:37:18Z,2025-10-10T18:22:18Z,2025-10-10T19:04:18Z,2025-10-11T02:43:18Z,20251010,1700,6,129,27,4,5,10,1,4,2913,1,95.8,17.0,33.0,78.0,120.0,459.0,True,True,False,True,SYNTHETIC_DEMO_DATA
584,INC-00000584,2025-11-21T11:52:02Z,2025-11-21T12:00:02Z,2025-11-21T12:42:02Z,2025-11-21T15:22:02Z,2025-11-21T17:10:02Z,2025-11-22T04:09:02Z,20251121,1150,6,196,18,2,5,1,3,2,13943,1,56.4,8.0,50.0,210.0,318.0,659.0,False,False,True,True,SYNTHETIC_DEMO_DATA
585,INC-00000585,2025-06-17T23:46:21Z,2025-06-18T00:47:21Z,2025-06-18T01:04:21Z,2025-06-18T02:11:21Z,2025-06-18T13:50:21Z,2025-06-19T00:41:21Z,20250617,2345,3,134,11,1,5,11,1,1,4842,1,27.6,61.0,78.0,145.0,844.0,651.0,False,False,False,True,SYNTHETIC_DEMO_DATA
586,INC-00000586,2025-06-28T08:36:33Z,2025-06-28T08:50:33Z,2025-06-28T08:57:33Z,2025-06-28T11:21:33Z,2025-06-28T15:38:33Z,2025-06-28T19:10:33Z,20250628,835,1,4,43,1,5,4,1,1,13480,1,33.8,14.0,21.0,165.0,422.0,212.0,False,False,False,True,SYNTHETIC_DEMO_DATA
587,INC-00000587,2025-09-30T15:47:42Z,2025-09-30T16:05:42Z,2025-09-30T16:35:42Z,2025-09-30T19:17:42Z,2025-09-30T19:56:42Z,2025-09-30T23:28:42Z,20250930,1545,1,113,2,1,5,15,1,1,5422,1,52.7,18.0,48.0,210.0,249.0,212.0,False,False,False,True,SYNTHETIC_DEMO_DATA
588,INC-00000588,2025-03-26T13:49:49Z,2025-03-26T14:04:49Z,2025-03-26T14:22:49Z,2025-03-26T14:57:49Z,2025-03-26T19:51:49Z,,20250326,1345,6,218,15,3,4,10,1,3,8328,1,68.2,15.0,33.0,68.0,362.0,,False,False,False,True,SYNTHETIC_DEMO_DATA
589,INC-00000589,2025-04-30T16:37:35Z,2025-04-30T17:21:35Z,2025-04-30T17:28:35Z,2025-04-30T19:32:35Z,2025-05-01T06:27:35Z,2025-05-01T09:31:35Z,20250430,1635,1,100,27,1,5,1,3,1,13960,1,47.5,44.0,51.0,175.0,830.0,184.0,False,False,True,True,SYNTHETIC_DEMO_DATA
590,INC-00000590,2026-07-02T09:43:36Z,2026-07-02T09:53:36Z,2026-07-02T10:19:36Z,2026-07-02T12:04:36Z,2026-07-02T14:51:36Z,2026-07-03T00:33:36Z,20260702,940,1,3,7,1,5,12,3,1,452,1,38.5,10.0,36.0,141.0,308.0,582.0,False,False,True,True,SYNTHETIC_DEMO_DATA
591,INC-00000591,2025-06-19T07:04:50Z,2025-06-19T08:12:50Z,2025-06-19T08:35:50Z,2025-06-19T10:00:50Z,2025-06-19T17:16:50Z,2025-06-20T04:45:50Z,20250619,700,6,106,39,1,5,5,1,1,9874,1,42.9,68.0,91.0,176.0,612.0,689.0,False,False,False,True,SYNTHETIC_DEMO_DATA
592,INC-00000592,2025-03-24T12:31:18Z,2025-03-24T13:42:18Z,2025-03-24T13:59:18Z,2025-03-24T16:24:18Z,2025-03-24T22:24:18Z,2025-03-25T09:18:18Z,20250324,1230,7,181,16,1,5,16,1,1,8572,1,40.4,71.0,88.0,233.0,593.0,654.0,False,False,False,True,SYNTHETIC_DEMO_DATA
593,INC-00000593,2026-06-06T11:36:13Z,2026-06-06T12:14:13Z,2026-06-06T12:19:13Z,2026-06-06T13:10:13Z,2026-06-06T18:30:13Z,,20260606,1135,4,115,28,1,4,9,1,1,12229,1,41.4,38.0,43.0,94.0,414.0,,False,False,False,True,SYNTHETIC_DEMO_DATA
594,INC-00000594,2025-11-14T12:21:43Z,2025-11-14T12:52:43Z,2025-11-14T13:06:43Z,2025-11-14T13:59:43Z,2025-11-14T14:32:43Z,2025-11-14T22:13:43Z,20251114,1220,7,209,1,5,5,6,2,5,11495,1,100,31.0,45.0,98.0,131.0,461.0,True,False,True,False,SYNTHETIC_DEMO_DATA
595,INC-00000595,2026-06-26T15:34:58Z,,,,,,20260626,1530,4,208,11,1,1,13,0,1,11035,1,40.2,,,,,,False,False,False,False,SYNTHETIC_DEMO_DATA
596,INC-00000596,2025-09-12T10:17:42Z,2025-09-12T10:31:42Z,2025-09-12T10:45:42Z,2025-09-12T11:38:42Z,2025-09-12T14:22:42Z,2025-09-12T20:51:42Z,20250912,1015,5,133,37,3,5,8,3,3,6018,1,69.7,14.0,28.0,81.0,245.0,389.0,False,False,True,True,SYNTHETIC_DEMO_DATA
597,INC-00000597,2025-04-12T07:21:03Z,2025-04-12T08:51:03Z,2025-04-12T09:27:03Z,2025-04-12T09:40:03Z,2025-04-12T13:11:03Z,2025-04-12T15:06:03Z,20250412,720,3,240,5,1,5,0,3,1,13708,1,47.6,90.0,126.0,139.0,350.0,115.0,False,False,True,True,SYNTHETIC_DEMO_DATA
598,INC-00000598,2025-06-07T12:25:43Z,2025-06-07T12:52:43Z,2025-06-07T13:17:43Z,,,,20250607,1225,7,114,22,1,2,10,0,1,14691,1,48.6,27.0,52.0,,,,False,False,False,False,SYNTHETIC_DEMO_DATA
599,INC-00000599,2025-06-24T07:42:17Z,2025-06-24T08:04:17Z,2025-06-24T08:13:17Z,2025-06-24T12:55:17Z,2025-06-24T13:41:17Z,2025-06-24T18:51:17Z,20250624,740,6,210,29,4,5,6,1,4,1292,1,98.2,22.0,31.0,313.0,359.0,310.0,True,False,False,False,SYNTHETIC_DEMO_DATA
600,INC-00000600,2025-02-24T00:13:26Z,2025-02-24T00:18:26Z,2025-02-24T01:07:26Z,2025-02-24T01:38:26Z,2025-02-24T04:13:26Z,2025-02-24T07:39:26Z,20250224,10,7,146,31,5,5,18,1,5,15186,1,100,5.0,54.0,85.0,240.0,206.0,True,False,False,False,SYNTHETIC_DEMO_DATA
601,INC-00000601,2026-06-19T09:04:09Z,2026-06-19T09:15:09Z,2026-06-19T09:18:09Z,2026-06-19T09:35:09Z,2026-06-19T10:16:09Z,2026-06-19T20:32:09Z,20260619,900,5,171,37,4,5,10,3,4,942,1,80.9,11.0,14.0,31.0,72.0,616.0,True,False,True,True,SYNTHETIC_DEMO_DATA
602,INC-00000602,2025-04-01T19:30:41Z,2025-04-01T20:15:41Z,2025-04-01T20:42:41Z,2025-04-01T21:55:41Z,2025-04-02T00:13:41Z,,20250401,1930,1,129,39,3,4,2,1,3,1938,1,69.9,45.0,72.0,145.0,283.0,,False,False,False,True,SYNTHETIC_DEMO_DATA
603,INC-00000603,2025-05-05T15:28:50Z,2025-05-05T15:40:50Z,2025-05-05T16:22:50Z,2025-05-05T17:04:50Z,2025-05-05T18:29:50Z,2025-05-06T02:35:50Z,20250505,1525,3,212,20,3,5,13,1,3,15788,1,79.9,12.0,54.0,96.0,181.0,486.0,False,False,False,True,SYNTHETIC_DEMO_DATA
604,INC-00000604,2026-03-12T10:14:01Z,2026-03-12T10:33:01Z,2026-03-12T11:11:01Z,2026-03-12T14:00:01Z,2026-03-12T15:12:01Z,2026-03-12T23:24:01Z,20260312,1010,2,123,32,2,5,5,1,2,8087,1,55.0,19.0,57.0,226.0,298.0,492.0,False,False,False,True,SYNTHETIC_DEMO_DATA
605,INC-00000605,2026-03-23T18:02:31Z,2026-03-23T18:32:31Z,2026-03-23T18:43:31Z,2026-03-23T19:23:31Z,2026-03-23T23:50:31Z,,20260323,1800,4,116,3,1,4,15,1,1,7276,1,39.3,30.0,41.0,81.0,348.0,,True,False,False,True,SYNTHETIC_DEMO_DATA
606,INC-00000606,2025-04-05T12:56:46Z,2025-04-05T13:26:46Z,2025-04-05T13:55:46Z,2025-04-05T14:38:46Z,2025-04-06T09:09:46Z,2025-04-06T17:57:46Z,20250405,1255,7,204,22,2,5,9,3,2,15662,1,59.8,30.0,59.0,102.0,1213.0,528.0,False,False,True,True,SYNTHETIC_DEMO_DATA
607,INC-00000607,2025-04-23T16:23:19Z,2025-04-23T16:58:19Z,2025-04-23T17:13:19Z,2025-04-23T19:39:19Z,2025-04-23T21:16:19Z,2025-04-23T22:28:19Z,20250423,1620,7,190,43,2,5,2,1,2,2914,1,62.8,35.0,50.0,196.0,293.0,72.0,False,False,False,True,SYNTHETIC_DEMO_DATA
608,INC-00000608,2025-11-22T10:43:29Z,2025-11-22T11:23:29Z,2025-11-22T11:33:29Z,2025-11-22T12:22:29Z,2025-11-22T13:57:29Z,2025-11-22T19:52:29Z,20251122,1040,1,17,34,2,5,13,4,2,783,1,51.7,40.0,50.0,99.0,194.0,355.0,False,False,False,True,SYNTHETIC_DEMO_DATA
609,INC-00000609,2026-03-18T21:12:10Z,2026-03-18T21:48:10Z,2026-03-18T22:07:10Z,2026-03-18T22:39:10Z,2026-03-19T00:02:10Z,2026-03-19T09:34:10Z,20260318,2110,6,151,11,3,5,7,3,3,11744,1,69.0,36.0,55.0,87.0,170.0,572.0,False,False,True,True,SYNTHETIC_DEMO_DATA
610,INC-00000610,2025-07-07T12:33:34Z,2025-07-07T13:39:34Z,2025-07-07T13:42:34Z,2025-07-07T14:20:34Z,2025-07-07T16:29:34Z,2025-07-08T00:33:34Z,20250707,1230,7,74,38,1,5,16,1,1,17916,1,36.6,66.0,69.0,107.0,236.0,484.0,False,False,False,True,SYNTHETIC_DEMO_DATA
611,INC-00000611,2026-01-01T16:59:07Z,2026-01-01T17:51:07Z,2026-01-01T18:05:07Z,2026-01-01T19:06:07Z,2026-01-01T20:17:07Z,2026-01-02T07:30:07Z,20260101,1655,3,44,16,2,5,10,3,2,12302,1,44.9,52.0,66.0,127.0,198.0,673.0,False,False,True,True,SYNTHETIC_DEMO_DATA
612,INC-00000612,2026-03-02T08:18:42Z,2026-03-02T08:34:42Z,2026-03-02T08:56:42Z,2026-03-02T09:40:42Z,2026-03-02T13:06:42Z,,20260302,815,1,210,43,1,4,2,1,1,5195,1,33.2,16.0,38.0,82.0,288.0,,False,False,False,True,SYNTHETIC_DEMO_DATA
613,INC-00000613,2025-07-25T16:57:28Z,2025-07-25T18:22:28Z,2025-07-25T18:37:28Z,2025-07-25T19:15:28Z,2025-07-25T20:20:28Z,2025-07-26T05:51:28Z,20250725,1655,3,81,42,3,5,15,1,3,11177,1,52.4,85.0,100.0,138.0,203.0,571.0,False,False,False,False,SYNTHETIC_DEMO_DATA
614,INC-00000614,2025-06-23T12:27:06Z,2025-06-23T13:10:06Z,2025-06-23T13:36:06Z,2025-06-23T15:45:06Z,2025-06-23T19:40:06Z,2025-06-23T21:11:06Z,20250623,1225,6,19,45,1,5,6,1,1,1908,1,47.2,43.0,69.0,198.0,433.0,91.0,False,False,False,True,SYNTHETIC_DEMO_DATA
615,INC-00000615,2025-08-08T04:21:43Z,2025-08-08T05:03:43Z,2025-08-08T05:42:43Z,2025-08-08T08:18:43Z,2025-08-08T11:32:43Z,2025-08-08T12:25:43Z,20250808,420,7,37,40,1,5,17,1,1,14186,1,45.1,42.0,81.0,237.0,431.0,53.0,False,False,False,True,SYNTHETIC_DEMO_DATA
616,INC-00000616,2026-01-13T19:40:48Z,2026-01-13T20:02:48Z,2026-01-13T20:12:48Z,2026-01-13T21:05:48Z,2026-01-14T01:36:48Z,2026-01-14T06:08:48Z,20260113,1940,4,13,29,1,5,10,1,1,404,1,41.6,22.0,32.0,85.0,356.0,272.0,True,False,False,True,SYNTHETIC_DEMO_DATA
617,INC-00000617,2025-03-05T13:04:12Z,2025-03-05T13:19:12Z,2025-03-05T16:01:12Z,2025-03-05T16:25:12Z,2025-03-05T23:15:12Z,2025-03-06T08:25:12Z,20250305,1300,6,43,15,3,5,5,1,3,10719,1,68.9,15.0,177.0,201.0,611.0,550.0,False,False,False,True,SYNTHETIC_DEMO_DATA
618,INC-00000618,2026-05-29T10:27:47Z,2026-05-29T10:37:47Z,2026-05-29T11:04:47Z,2026-05-29T13:42:47Z,2026-05-30T00:13:47Z,2026-05-30T10:53:47Z,20260529,1025,5,179,11,1,5,14,1,1,9117,1,27.3,10.0,37.0,195.0,826.0,640.0,False,False,False,True,SYNTHETIC_DEMO_DATA
619,INC-00000619,2025-11-24T12:17:17Z,2025-11-24T12:31:17Z,2025-11-24T12:41:17Z,2025-11-24T14:23:17Z,2025-11-24T15:24:17Z,2025-11-24T18:47:17Z,20251124,1215,7,160,26,4,5,10,2,4,6096,1,93.5,14.0,24.0,126.0,187.0,203.0,True,False,True,True,SYNTHETIC_DEMO_DATA
620,INC-00000620,2025-05-27T16:36:07Z,2025-05-27T16:49:07Z,2025-05-27T17:25:07Z,2025-05-27T18:50:07Z,2025-05-27T22:04:07Z,2025-05-28T09:03:07Z,20250527,1635,6,111,27,1,5,18,1,1,13177,1,38.5,13.0,49.0,134.0,328.0,659.0,False,False,False,True,SYNTHETIC_DEMO_DATA
621,INC-00000621,2025-04-14T12:37:24Z,2025-04-14T12:47:24Z,2025-04-14T12:56:24Z,2025-04-14T13:39:24Z,2025-04-14T19:28:24Z,2025-04-15T04:41:24Z,20250414,1235,1,120,18,2,5,12,1,2,11776,1,52.6,10.0,19.0,62.0,411.0,553.0,False,False,False,True,SYNTHETIC_DEMO_DATA
622,INC-00000622,2025-10-02T16:04:34Z,2025-10-02T16:28:34Z,2025-10-02T16:55:34Z,2025-10-02T18:18:34Z,2025-10-02T21:50:34Z,2025-10-02T22:33:34Z,20251002,1600,6,186,17,2,5,5,2,2,7029,1,57.4,24.0,51.0,134.0,346.0,43.0,False,False,True,True,SYNTHETIC_DEMO_DATA
623,INC-00000623,2025-09-28T13:18:39Z,2025-09-28T13:28:39Z,2025-09-28T13:50:39Z,2025-09-28T16:14:39Z,2025-09-29T02:35:39Z,,20250928,1315,7,164,20,1,4,15,1,1,16003,1,40.8,10.0,32.0,176.0,797.0,,False,False,False,True,SYNTHETIC_DEMO_DATA
624,INC-00000624,2025-11-11T10:50:09Z,2025-11-11T10:57:09Z,2025-11-11T12:04:09Z,2025-11-11T12:38:09Z,2025-11-11T16:11:09Z,2025-11-11T21:25:09Z,20251111,1050,3,180,16,3,5,10,3,3,4201,1,58.7,7.0,74.0,108.0,321.0,314.0,False,False,True,True,SYNTHETIC_DEMO_DATA
625,INC-00000625,2026-06-25T15:20:36Z,2026-06-25T15:49:36Z,2026-06-25T16:32:36Z,2026-06-25T20:36:36Z,2026-06-26T00:31:36Z,2026-06-26T06:11:36Z,20260625,1520,6,141,35,1,5,1,1,1,14675,1,44.3,29.0,72.0,316.0,551.0,340.0,False,False,False,True,SYNTHETIC_DEMO_DATA
626,INC-00000626,2026-06-28T17:38:07Z,2026-06-28T17:58:07Z,2026-06-28T18:07:07Z,2026-06-28T19:23:07Z,2026-06-28T21:31:07Z,2026-06-29T09:20:07Z,20260628,1735,7,84,13,1,5,12,2,1,10619,1,38.3,20.0,29.0,105.0,233.0,709.0,False,False,True,True,SYNTHETIC_DEMO_DATA
627,INC-00000627,2025-03-19T13:43:24Z,2025-03-19T14:39:24Z,2025-03-19T14:54:24Z,2025-03-19T15:55:24Z,2025-03-19T18:12:24Z,2025-03-20T01:55:24Z,20250319,1340,3,68,32,2,5,6,3,2,6723,1,81.7,56.0,71.0,132.0,269.0,463.0,True,False,True,True,SYNTHETIC_DEMO_DATA
628,INC-00000628,2025-02-23T14:38:42Z,2025-02-23T15:31:42Z,2025-02-23T15:58:42Z,2025-02-23T17:02:42Z,2025-02-23T18:18:42Z,2025-02-23T22:44:42Z,20250223,1435,1,182,11,2,5,17,1,2,4403,1,54.8,53.0,80.0,144.0,220.0,266.0,False,False,False,True,SYNTHETIC_DEMO_DATA
629,INC-00000629,2026-05-03T20:02:43Z,2026-05-03T20:42:43Z,2026-05-03T20:54:43Z,2026-05-04T00:11:43Z,2026-05-04T05:22:43Z,2026-05-04T14:24:43Z,20260503,2000,3,14,9,1,5,9,3,1,13589,1,53.9,40.0,52.0,249.0,560.0,542.0,False,False,True,True,SYNTHETIC_DEMO_DATA
630,INC-00000630,2025-12-12T15:31:09Z,2025-12-12T16:26:09Z,2025-12-12T17:10:09Z,2025-12-12T18:35:09Z,2025-12-12T19:45:09Z,2025-12-13T01:24:09Z,20251212,1530,1,135,36,1,5,2,1,1,9447,1,24.2,55.0,99.0,184.0,254.0,339.0,False,False,False,True,SYNTHETIC_DEMO_DATA
631,INC-00000631,2026-02-27T17:35:33Z,2026-02-27T17:49:33Z,2026-02-27T18:07:33Z,2026-02-27T20:25:33Z,2026-02-27T21:22:33Z,2026-02-28T07:58:33Z,20260227,1735,1,149,40,3,5,15,1,3,1396,1,84.2,14.0,32.0,170.0,227.0,636.0,False,False,False,True,SYNTHETIC_DEMO_DATA
632,INC-00000632,2025-05-11T20:36:03Z,2025-05-11T20:44:03Z,2025-05-11T22:16:03Z,2025-05-12T03:31:03Z,2025-05-12T05:12:03Z,2025-05-12T13:37:03Z,20250511,2035,1,15,9,2,5,7,1,2,9515,1,59.0,8.0,100.0,415.0,516.0,505.0,False,False,False,True,SYNTHETIC_DEMO_DATA
633,INC-00000633,2025-04-10T13:54:59Z,2025-04-10T14:02:59Z,2025-04-10T14:14:59Z,2025-04-10T15:55:59Z,2025-04-10T19:21:59Z,2025-04-11T00:23:59Z,20250410,1350,6,182,45,3,5,1,4,3,3495,1,67.2,8.0,20.0,121.0,327.0,302.0,False,False,False,True,SYNTHETIC_DEMO_DATA
634,INC-00000634,2025-03-13T09:16:47Z,2025-03-13T10:22:47Z,2025-03-13T10:54:47Z,2025-03-13T11:13:47Z,2025-03-13T12:35:47Z,2025-03-13T23:02:47Z,20250313,915,6,222,11,2,5,11,1,2,4304,1,58.1,66.0,98.0,117.0,199.0,627.0,False,False,False,True,SYNTHETIC_DEMO_DATA
635,INC-00000635,2026-03-25T14:32:03Z,2026-03-25T14:52:03Z,2026-03-25T15:02:03Z,2026-03-25T15:37:03Z,2026-03-25T16:41:03Z,,20260325,1430,2,169,22,2,4,4,1,2,16377,1,55.8,20.0,30.0,65.0,129.0,,False,False,False,True,SYNTHETIC_DEMO_DATA
636,INC-00000636,2025-05-09T14:02:34Z,2025-05-09T14:58:34Z,2025-05-09T15:34:34Z,2025-05-09T17:26:34Z,2025-05-09T18:51:34Z,,20250509,1400,7,236,17,2,4,15,1,2,13731,1,51.7,56.0,92.0,204.0,289.0,,False,True,False,True,SYNTHETIC_DEMO_DATA
637,INC-00000637,2025-08-29T07:53:39Z,2025-08-29T07:57:39Z,2025-08-29T08:19:39Z,,,,20250829,750,4,72,20,1,2,7,0,1,2400,1,25.5,4.0,26.0,,,,False,False,False,False,SYNTHETIC_DEMO_DATA
638,INC-00000638,2025-05-19T05:36:59Z,2025-05-19T05:50:59Z,2025-05-19T06:06:59Z,2025-05-19T07:06:59Z,2025-05-19T08:28:59Z,2025-05-19T17:04:59Z,20250519,535,4,170,37,3,5,2,1,3,12077,1,74.6,14.0,30.0,90.0,172.0,516.0,True,False,False,True,SYNTHETIC_DEMO_DATA
639,INC-00000639,2026-03-02T13:18:43Z,2026-03-02T13:32:43Z,2026-03-02T13:45:43Z,2026-03-02T15:45:43Z,2026-03-02T18:10:43Z,2026-03-03T04:51:43Z,20260302,1315,4,157,11,2,5,12,3,2,8109,1,51.3,14.0,27.0,147.0,292.0,641.0,False,False,True,True,SYNTHETIC_DEMO_DATA
640,INC-00000640,2025-08-27T08:35:31Z,2025-08-27T08:49:31Z,2025-08-27T10:47:31Z,2025-08-27T14:12:31Z,2025-08-27T16:07:31Z,2025-08-27T20:49:31Z,20250827,835,5,48,11,1,5,4,1,1,9443,1,39.4,14.0,132.0,337.0,452.0,282.0,False,False,False,True,SYNTHETIC_DEMO_DATA
641,INC-00000641,2026-03-10T06:06:59Z,2026-03-10T06:18:59Z,2026-03-10T06:28:59Z,2026-03-10T09:07:59Z,2026-03-10T12:55:59Z,2026-03-10T19:34:59Z,20260310,605,6,185,26,1,5,15,1,1,3954,1,47.2,12.0,22.0,181.0,409.0,399.0,False,False,False,True,SYNTHETIC_DEMO_DATA
642,INC-00000642,2025-07-18T17:28:25Z,2025-07-18T17:53:25Z,2025-07-18T17:59:25Z,2025-07-18T19:23:25Z,2025-07-18T20:10:25Z,2025-07-18T21:30:25Z,20250718,1725,3,158,43,2,5,9,3,2,10929,1,63.0,25.0,31.0,115.0,162.0,80.0,False,False,True,True,SYNTHETIC_DEMO_DATA
643,INC-00000643,2026-03-04T14:43:14Z,2026-03-04T14:50:14Z,2026-03-04T15:03:14Z,2026-03-04T16:26:14Z,2026-03-04T18:24:14Z,,20260304,1440,6,55,27,2,4,2,3,2,15226,1,57.1,7.0,20.0,103.0,221.0,,False,False,True,True,SYNTHETIC_DEMO_DATA
644,INC-00000644,2026-05-12T15:22:07Z,2026-05-12T16:16:07Z,2026-05-12T16:38:07Z,2026-05-12T17:54:07Z,2026-05-12T19:14:07Z,2026-05-12T21:24:07Z,20260512,1520,7,150,8,2,5,13,1,2,10595,1,63.3,54.0,76.0,152.0,232.0,130.0,False,False,False,True,SYNTHETIC_DEMO_DATA
645,INC-00000645,2025-07-03T05:01:59Z,2025-07-03T05:43:59Z,2025-07-03T06:35:59Z,2025-07-03T08:37:59Z,2025-07-03T10:02:59Z,2025-07-03T19:10:59Z,20250703,500,7,46,39,3,5,7,4,3,16248,1,71.4,42.0,94.0,216.0,301.0,548.0,False,False,False,True,SYNTHETIC_DEMO_DATA
646,INC-00000646,2026-07-02T09:46:38Z,2026-07-02T10:07:38Z,2026-07-02T10:16:38Z,2026-07-02T11:50:38Z,2026-07-02T15:58:38Z,2026-07-03T00:08:38Z,20260702,945,1,157,33,2,5,17,2,2,7854,1,47.5,21.0,30.0,124.0,372.0,490.0,False,False,True,True,SYNTHETIC_DEMO_DATA
647,INC-00000647,2026-02-06T14:42:16Z,2026-02-06T14:55:16Z,2026-02-06T15:05:16Z,2026-02-06T16:54:16Z,2026-02-06T17:57:16Z,2026-02-06T19:30:16Z,20260206,1440,3,213,35,1,5,9,1,1,9444,1,41.6,13.0,23.0,132.0,195.0,93.0,False,False,False,True,SYNTHETIC_DEMO_DATA
648,INC-00000648,2025-12-07T06:58:52Z,2025-12-07T07:15:52Z,2025-12-07T08:19:52Z,2025-12-07T11:19:52Z,2025-12-07T18:15:52Z,2025-12-07T19:07:52Z,20251207,655,6,229,2,1,5,2,3,1,2106,1,33.8,17.0,81.0,261.0,677.0,52.0,False,False,True,True,SYNTHETIC_DEMO_DATA
649,INC-00000649,2026-05-08T17:57:14Z,2026-05-08T18:08:14Z,2026-05-08T18:10:14Z,2026-05-08T20:58:14Z,2026-05-08T22:13:14Z,2026-05-09T07:23:14Z,20260508,1755,1,159,37,3,5,15,1,3,1252,1,90.1,11.0,13.0,181.0,256.0,550.0,True,False,False,True,SYNTHETIC_DEMO_DATA
650,INC-00000650,2025-06-30T07:16:38Z,2025-06-30T07:23:38Z,2025-06-30T07:45:38Z,2025-06-30T15:45:38Z,2025-06-30T17:39:38Z,2025-06-30T21:23:38Z,20250630,715,3,184,29,1,5,6,2,1,1811,1,32.9,7.0,29.0,509.0,623.0,224.0,False,False,True,True,SYNTHETIC_DEMO_DATA
651,INC-00000651,2025-06-18T09:30:24Z,2025-06-18T09:52:24Z,2025-06-18T10:00:24Z,2025-06-18T10:22:24Z,2025-06-18T11:10:24Z,,20250618,930,4,105,13,4,4,2,1,4,2247,1,100,22.0,30.0,52.0,100.0,,True,False,False,True,SYNTHETIC_DEMO_DATA
652,INC-00000652,2025-02-21T18:21:50Z,2025-02-21T19:00:50Z,2025-02-21T19:19:50Z,2025-02-21T20:01:50Z,2025-02-21T21:56:50Z,2025-02-22T01:35:50Z,20250221,1820,5,63,3,1,5,10,1,1,11869,1,28.5,39.0,58.0,100.0,215.0,219.0,False,False,False,True,SYNTHETIC_DEMO_DATA
653,INC-00000653,2025-12-11T16:54:08Z,2025-12-11T17:52:08Z,2025-12-11T18:51:08Z,2025-12-11T20:14:08Z,2025-12-11T21:17:08Z,2025-12-12T08:45:08Z,20251211,1650,2,141,10,1,5,3,1,1,1902,1,45.8,58.0,117.0,200.0,263.0,688.0,False,False,False,True,SYNTHETIC_DEMO_DATA
654,INC-00000654,2026-06-18T00:31:27Z,2026-06-18T00:45:27Z,2026-06-18T01:35:27Z,2026-06-18T07:48:27Z,,,20260618,30,2,177,24,1,3,14,0,1,14017,1,41.5,14.0,64.0,437.0,,,False,False,False,False,SYNTHETIC_DEMO_DATA
655,INC-00000655,2026-05-21T21:19:36Z,2026-05-21T21:42:36Z,2026-05-21T22:07:36Z,2026-05-22T03:31:36Z,2026-05-22T06:59:36Z,2026-05-22T11:51:36Z,20260521,2115,3,57,34,4,5,10,1,4,17656,1,94.8,23.0,48.0,372.0,580.0,292.0,True,False,False,False,SYNTHETIC_DEMO_DATA
656,INC-00000656,2025-05-31T08:04:44Z,2025-05-31T08:18:44Z,2025-05-31T08:22:44Z,2025-05-31T09:28:44Z,2025-05-31T12:02:44Z,2025-05-31T22:14:44Z,20250531,800,6,143,19,2,5,1,3,2,6518,1,49.2,14.0,18.0,84.0,238.0,612.0,False,False,True,True,SYNTHETIC_DEMO_DATA
657,INC-00000657,2025-12-08T15:19:58Z,2025-12-08T15:44:58Z,2025-12-08T15:57:58Z,2025-12-08T16:24:58Z,2025-12-08T19:04:58Z,2025-12-08T19:34:58Z,20251208,1515,4,37,17,1,5,11,1,1,4108,1,48.6,25.0,38.0,65.0,225.0,30.0,False,False,False,True,SYNTHETIC_DEMO_DATA
658,INC-00000658,2026-02-16T11:59:16Z,2026-02-16T12:35:16Z,2026-02-16T13:17:16Z,2026-02-16T14:31:16Z,2026-02-16T17:28:16Z,2026-02-17T00:11:16Z,20260216,1155,6,209,28,3,5,6,1,3,951,1,66.0,36.0,78.0,152.0,329.0,403.0,False,False,False,True,SYNTHETIC_DEMO_DATA
659,INC-00000659,2026-02-26T18:22:34Z,2026-02-26T18:26:34Z,2026-02-26T18:28:34Z,2026-02-26T21:32:34Z,,,20260226,1820,7,158,6,1,3,15,0,1,7268,1,51.5,4.0,6.0,190.0,,,False,False,False,False,SYNTHETIC_DEMO_DATA
660,INC-00000660,2026-02-15T22:16:24Z,2026-02-15T22:23:24Z,2026-02-15T22:53:24Z,2026-02-15T23:58:24Z,2026-02-16T09:29:24Z,2026-02-16T16:16:24Z,20260215,2215,1,176,37,2,5,9,1,2,4057,1,74.6,7.0,37.0,102.0,673.0,407.0,True,False,False,True,SYNTHETIC_DEMO_DATA
661,INC-00000661,2026-06-13T13:02:15Z,2026-06-13T14:22:15Z,2026-06-13T14:46:15Z,2026-06-13T16:04:15Z,2026-06-13T17:48:15Z,2026-06-14T01:01:15Z,20260613,1300,2,93,26,1,5,1,1,1,16806,1,39.4,80.0,104.0,182.0,286.0,433.0,False,False,False,True,SYNTHETIC_DEMO_DATA
662,INC-00000662,2026-04-13T18:39:14Z,2026-04-13T18:42:14Z,2026-04-13T18:53:14Z,2026-04-13T19:15:14Z,2026-04-14T11:16:14Z,2026-04-14T17:48:14Z,20260413,1835,1,125,45,2,5,13,3,2,1651,1,49.2,3.0,14.0,36.0,997.0,392.0,False,False,True,True,SYNTHETIC_DEMO_DATA
663,INC-00000663,2025-08-14T12:59:40Z,2025-08-14T13:06:40Z,2025-08-14T13:29:40Z,2025-08-14T14:04:40Z,2025-08-14T15:15:40Z,2025-08-14T23:39:40Z,20250814,1255,4,150,28,1,5,5,2,1,2424,1,41.0,7.0,30.0,65.0,136.0,504.0,False,False,True,True,SYNTHETIC_DEMO_DATA
664,INC-00000664,2025-02-22T14:39:24Z,2025-02-22T15:17:24Z,2025-02-22T15:31:24Z,2025-02-22T15:58:24Z,2025-02-22T18:53:24Z,2025-02-23T06:03:24Z,20250222,1435,1,120,40,2,5,17,1,2,13860,1,49.4,38.0,52.0,79.0,254.0,670.0,False,False,False,True,SYNTHETIC_DEMO_DATA
665,INC-00000665,2025-08-08T16:43:53Z,2025-08-08T17:57:53Z,2025-08-08T18:17:53Z,2025-08-08T22:28:53Z,2025-08-09T19:59:53Z,2025-08-10T07:53:53Z,20250808,1640,1,204,23,1,5,9,1,1,12343,1,40.3,74.0,94.0,345.0,1636.0,714.0,False,False,False,True,SYNTHETIC_DEMO_DATA
666,INC-00000666,2025-06-16T15:19:25Z,2025-06-16T15:49:25Z,2025-06-16T15:55:25Z,2025-06-16T16:29:25Z,2025-06-16T19:49:25Z,2025-06-17T01:36:25Z,20250616,1515,5,172,20,2,5,3,3,2,1121,1,62.8,30.0,36.0,70.0,270.0,347.0,False,False,True,True,SYNTHETIC_DEMO_DATA
667,INC-00000667,2026-06-19T14:12:36Z,2026-06-19T14:33:36Z,2026-06-19T14:41:36Z,,,,20260619,1410,3,104,22,3,2,15,0,3,14368,1,81.0,21.0,29.0,,,,False,False,False,False,SYNTHETIC_DEMO_DATA
668,INC-00000668,2025-09-10T13:04:22Z,2025-09-10T13:15:22Z,2025-09-10T14:01:22Z,2025-09-10T15:35:22Z,2025-09-10T17:13:22Z,2025-09-11T02:51:22Z,20250910,1300,4,10,30,1,5,6,1,1,15669,1,41.2,11.0,57.0,151.0,249.0,578.0,False,False,False,True,SYNTHETIC_DEMO_DATA
669,INC-00000669,2025-06-11T08:13:40Z,2025-06-11T08:21:40Z,2025-06-11T08:44:40Z,2025-06-11T09:56:40Z,2025-06-11T14:00:40Z,2025-06-11T23:12:40Z,20250611,810,3,125,31,3,5,1,1,3,17909,1,63.9,8.0,31.0,103.0,347.0,552.0,False,False,False,True,SYNTHETIC_DEMO_DATA
670,INC-00000670,2025-11-10T07:49:00Z,2025-11-10T09:21:00Z,2025-11-10T09:51:00Z,2025-11-10T17:12:00Z,2025-11-10T22:15:00Z,2025-11-11T02:06:00Z,20251110,745,4,212,44,1,5,10,1,1,10702,1,52.1,92.0,122.0,563.0,866.0,231.0,False,False,False,True,SYNTHETIC_DEMO_DATA
671,INC-00000671,2026-01-21T19:00:33Z,2026-01-21T19:44:33Z,2026-01-21T20:22:33Z,2026-01-21T20:58:33Z,2026-01-21T23:22:33Z,,20260121,1900,5,119,18,1,4,3,1,1,16825,1,54.6,44.0,82.0,118.0,262.0,,True,False,False,True,SYNTHETIC_DEMO_DATA
672,INC-00000672,2026-03-13T08:59:34Z,2026-03-13T09:09:34Z,2026-03-13T09:21:34Z,2026-03-13T10:27:34Z,2026-03-13T21:33:34Z,2026-03-14T01:51:34Z,20260313,855,6,77,33,4,5,17,1,4,1347,1,100,10.0,22.0,88.0,754.0,258.0,True,False,False,False,SYNTHETIC_DEMO_DATA
673,INC-00000673,2026-05-26T10:40:13Z,2026-05-26T11:16:13Z,2026-05-26T11:50:13Z,2026-05-26T12:43:13Z,2026-05-26T22:59:13Z,2026-05-27T06:05:13Z,20260526,1040,2,184,14,1,5,7,1,1,9472,1,29.1,36.0,70.0,123.0,739.0,426.0,False,False,False,True,SYNTHETIC_DEMO_DATA
674,INC-00000674,2025-08-22T12:03:03Z,2025-08-22T12:23:03Z,2025-08-22T12:48:03Z,2025-08-22T14:21:03Z,2025-08-22T15:50:03Z,2025-08-22T21:24:03Z,20250822,1200,2,60,45,2,5,1,4,2,12921,1,63.3,20.0,45.0,138.0,227.0,334.0,False,False,False,True,SYNTHETIC_DEMO_DATA
675,INC-00000675,2025-05-24T10:03:26Z,2025-05-24T10:15:26Z,2025-05-24T10:25:26Z,2025-05-24T10:36:26Z,2025-05-24T12:16:26Z,,20250524,1000,4,24,31,1,4,11,1,1,3037,1,42.9,12.0,22.0,33.0,133.0,,False,False,False,True,SYNTHETIC_DEMO_DATA
676,INC-00000676,2025-06-23T21:27:22Z,2025-06-23T22:17:22Z,2025-06-23T22:38:22Z,2025-06-24T00:40:22Z,2025-06-24T01:57:22Z,2025-06-24T06:17:22Z,20250623,2125,1,172,28,4,5,7,1,4,8868,1,100,50.0,71.0,193.0,270.0,260.0,True,False,False,False,SYNTHETIC_DEMO_DATA
677,INC-00000677,2026-03-03T15:40:27Z,2026-03-03T15:59:27Z,2026-03-03T16:17:27Z,2026-03-03T17:53:27Z,2026-03-04T02:04:27Z,2026-03-04T04:47:27Z,20260303,1540,6,43,6,2,5,16,3,2,12743,1,49.8,19.0,37.0,133.0,624.0,163.0,False,False,True,True,SYNTHETIC_DEMO_DATA
678,INC-00000678,2025-08-05T15:03:35Z,2025-08-05T15:10:35Z,2025-08-05T15:16:35Z,2025-08-05T15:34:35Z,2025-08-05T17:05:35Z,2025-08-05T19:42:35Z,20250805,1500,7,190,15,2,5,9,1,2,11875,1,60.8,7.0,13.0,31.0,122.0,157.0,False,False,False,True,SYNTHETIC_DEMO_DATA
679,INC-00000679,2025-07-31T12:14:31Z,2025-07-31T12:38:31Z,2025-07-31T13:08:31Z,2025-07-31T15:55:31Z,2025-08-01T03:01:31Z,,20250731,1210,7,37,45,1,4,1,1,1,4847,1,41.1,24.0,54.0,221.0,887.0,,False,False,False,True,SYNTHETIC_DEMO_DATA
680,INC-00000680,2025-11-01T14:37:24Z,2025-11-01T15:15:24Z,2025-11-01T15:41:24Z,2025-11-01T16:20:24Z,2025-11-01T17:51:24Z,2025-11-01T19:24:24Z,20251101,1435,5,188,11,3,5,14,1,3,12361,1,57.2,38.0,64.0,103.0,194.0,93.0,False,False,False,True,SYNTHETIC_DEMO_DATA
681,INC-00000681,2025-02-24T03:48:45Z,2025-02-24T03:57:45Z,2025-02-24T04:36:45Z,2025-02-24T04:49:45Z,2025-02-24T07:31:45Z,2025-02-24T08:32:45Z,20250224,345,6,1,29,1,5,5,1,1,7492,1,48.8,9.0,48.0,61.0,223.0,61.0,False,False,False,True,SYNTHETIC_DEMO_DATA
682,INC-00000682,2025-05-09T13:12:42Z,2025-05-09T13:25:42Z,2025-05-09T13:41:42Z,2025-05-09T15:39:42Z,2025-05-09T17:48:42Z,,20250509,1310,1,143,44,2,4,17,1,2,4353,1,61.8,13.0,29.0,147.0,276.0,,True,False,False,True,SYNTHETIC_DEMO_DATA
683,INC-00000683,2026-06-08T06:53:34Z,2026-06-08T07:55:34Z,2026-06-08T08:03:34Z,,,,20260608,650,2,230,38,1,2,9,0,1,8265,1,49.9,62.0,70.0,,,,False,False,False,False,SYNTHETIC_DEMO_DATA
684,INC-00000684,2026-07-26T06:13:22Z,2026-07-26T06:23:22Z,2026-07-26T06:42:22Z,,,,20260726,610,5,228,15,1,2,2,0,1,11006,1,38.8,10.0,29.0,,,,False,False,False,False,SYNTHETIC_DEMO_DATA
685,INC-00000685,2025-06-21T13:04:26Z,2025-06-21T14:11:26Z,2025-06-21T14:27:26Z,2025-06-21T19:52:26Z,2025-06-22T02:47:26Z,2025-06-22T11:20:26Z,20250621,1300,2,109,14,1,5,13,1,1,16955,1,39.5,67.0,83.0,408.0,823.0,513.0,False,False,False,True,SYNTHETIC_DEMO_DATA
686,INC-00000686,2025-09-20T08:51:49Z,2025-09-20T09:03:49Z,2025-09-20T09:35:49Z,2025-09-20T10:30:49Z,2025-09-20T14:01:49Z,2025-09-20T23:29:49Z,20250920,850,6,49,28,2,5,7,2,2,11515,1,44.1,12.0,44.0,99.0,310.0,568.0,False,False,True,True,SYNTHETIC_DEMO_DATA
687,INC-00000687,2025-09-04T12:21:22Z,2025-09-04T12:34:22Z,2025-09-04T13:04:22Z,2025-09-04T14:31:22Z,2025-09-05T07:27:22Z,2025-09-05T09:39:22Z,20250904,1220,6,206,17,1,5,17,1,1,5218,1,34.9,13.0,43.0,130.0,1146.0,132.0,False,False,False,True,SYNTHETIC_DEMO_DATA
688,INC-00000688,2025-11-23T11:44:11Z,2025-11-23T12:30:11Z,2025-11-23T12:38:11Z,2025-11-23T14:31:11Z,2025-11-23T16:59:11Z,2025-11-23T18:05:11Z,20251123,1140,2,56,16,1,5,10,3,1,3280,1,34.3,46.0,54.0,167.0,315.0,66.0,False,False,True,True,SYNTHETIC_DEMO_DATA
689,INC-00000689,2025-07-09T16:20:30Z,2025-07-09T16:36:30Z,2025-07-09T16:49:30Z,2025-07-09T17:09:30Z,2025-07-09T17:57:30Z,2025-07-09T21:05:30Z,20250709,1620,7,41,36,4,5,6,1,4,15286,1,100,16.0,29.0,49.0,97.0,188.0,True,True,False,True,SYNTHETIC_DEMO_DATA
690,INC-00000690,2025-12-29T22:48:32Z,2025-12-29T23:00:32Z,2025-12-29T23:10:32Z,,,,20251229,2245,6,236,5,2,2,15,0,2,10551,1,52.0,12.0,22.0,,,,False,False,False,False,SYNTHETIC_DEMO_DATA
691,INC-00000691,2025-10-26T16:14:36Z,2025-10-26T16:37:36Z,2025-10-26T17:19:36Z,,,,20251026,1610,6,38,38,1,2,7,0,1,17536,1,42.7,23.0,65.0,,,,False,False,False,False,SYNTHETIC_DEMO_DATA
692,INC-00000692,2026-06-24T17:08:10Z,2026-06-24T18:08:10Z,2026-06-24T18:24:10Z,2026-06-25T00:23:10Z,2026-06-25T17:09:10Z,2026-06-25T19:27:10Z,20260624,1705,5,122,43,1,5,18,1,1,17020,1,54.2,60.0,76.0,435.0,1441.0,138.0,False,False,False,True,SYNTHETIC_DEMO_DATA
693,INC-00000693,2026-05-24T06:26:01Z,2026-05-24T07:30:01Z,2026-05-24T07:58:01Z,2026-05-24T09:15:01Z,2026-05-24T18:27:01Z,2026-05-25T05:29:01Z,20260524,625,2,152,31,1,5,11,1,1,12287,1,46.2,64.0,92.0,169.0,721.0,662.0,True,False,False,True,SYNTHETIC_DEMO_DATA
694,INC-00000694,2026-02-28T11:05:21Z,2026-02-28T11:28:21Z,2026-02-28T12:10:21Z,2026-02-28T14:11:21Z,2026-02-28T16:41:21Z,2026-02-28T21:46:21Z,20260228,1105,4,62,22,2,5,5,1,2,327,1,47.2,23.0,65.0,186.0,336.0,305.0,False,False,False,True,SYNTHETIC_DEMO_DATA
695,INC-00000695,2025-02-09T16:35:28Z,2025-02-09T17:09:28Z,2025-02-09T17:21:28Z,2025-02-09T22:41:28Z,2025-02-10T00:26:28Z,,20250209,1635,6,131,39,1,4,15,1,1,143,1,54.9,34.0,46.0,366.0,471.0,,False,False,False,True,SYNTHETIC_DEMO_DATA
696,INC-00000696,2025-04-20T09:11:42Z,2025-04-20T09:24:42Z,2025-04-20T09:42:42Z,2025-04-20T11:17:42Z,2025-04-20T11:57:42Z,2025-04-20T15:37:42Z,20250420,910,5,173,42,3,5,10,1,3,14077,1,71.3,13.0,31.0,126.0,166.0,220.0,False,False,False,True,SYNTHETIC_DEMO_DATA
697,INC-00000697,2026-05-15T11:14:35Z,2026-05-15T11:27:35Z,2026-05-15T11:34:35Z,2026-05-15T12:29:35Z,2026-05-15T17:27:35Z,,20260515,1110,4,91,33,3,4,3,3,3,14236,1,76.3,13.0,20.0,75.0,373.0,,False,False,True,True,SYNTHETIC_DEMO_DATA
698,INC-00000698,2025-12-30T06:59:14Z,2025-12-30T07:28:14Z,2025-12-30T07:37:14Z,2025-12-30T12:53:14Z,2025-12-30T18:30:14Z,2025-12-31T02:57:14Z,20251230,655,1,36,21,2,5,13,1,2,1871,1,45.1,29.0,38.0,354.0,691.0,507.0,False,False,False,True,SYNTHETIC_DEMO_DATA
699,INC-00000699,2025-06-02T15:12:43Z,2025-06-02T15:25:43Z,2025-06-02T16:13:43Z,2025-06-02T17:29:43Z,2025-06-02T18:28:43Z,2025-06-03T04:30:43Z,20250602,1510,4,171,6,3,5,7,1,3,4290,1,53.5,13.0,61.0,137.0,196.0,602.0,False,False,False,True,SYNTHETIC_DEMO_DATA
700,INC-00000700,2026-05-17T04:44:48Z,2026-05-17T04:48:48Z,2026-05-17T05:29:48Z,2026-05-17T05:51:48Z,2026-05-17T07:58:48Z,2026-05-17T18:15:48Z,20260517,440,1,149,42,5,5,2,1,5,5682,1,100,4.0,45.0,67.0,194.0,617.0,True,False,False,False,SYNTHETIC_DEMO_DATA
701,INC-00000701,2025-10-25T12:16:08Z,2025-10-25T12:40:08Z,2025-10-25T12:53:08Z,2025-10-25T14:19:08Z,2025-10-25T16:06:08Z,2025-10-25T21:50:08Z,20251025,1215,6,125,11,1,5,9,1,1,2262,1,35.4,24.0,37.0,123.0,230.0,344.0,False,False,False,True,SYNTHETIC_DEMO_DATA
702,INC-00000702,2026-05-08T14:39:54Z,2026-05-08T15:21:54Z,2026-05-08T15:35:54Z,2026-05-08T19:38:54Z,2026-05-08T23:45:54Z,2026-05-09T02:50:54Z,20260508,1435,1,237,43,3,5,4,1,3,8460,1,67.6,42.0,56.0,299.0,546.0,185.0,False,False,False,True,SYNTHETIC_DEMO_DATA
703,INC-00000703,2025-02-10T12:44:47Z,2025-02-10T13:02:47Z,2025-02-10T14:00:47Z,2025-02-10T15:44:47Z,2025-02-10T23:35:47Z,2025-02-11T00:22:47Z,20250210,1240,3,134,15,3,5,15,1,3,13255,1,66.2,18.0,76.0,180.0,651.0,47.0,False,False,False,True,SYNTHETIC_DEMO_DATA
704,INC-00000704,2025-10-07T20:25:37Z,2025-10-07T20:52:37Z,2025-10-07T21:30:37Z,2025-10-07T21:47:37Z,2025-10-07T23:55:37Z,2025-10-08T00:26:37Z,20251007,2025,3,181,42,2,5,7,1,2,8041,1,66.5,27.0,65.0,82.0,210.0,31.0,True,False,False,True,SYNTHETIC_DEMO_DATA
705,INC-00000705,2025-09-13T19:04:30Z,2025-09-13T19:05:30Z,2025-09-13T19:09:30Z,2025-09-13T19:26:30Z,2025-09-14T01:06:30Z,2025-09-14T06:19:30Z,20250913,1900,1,16,6,5,5,3,3,5,15852,1,100,1.0,5.0,22.0,362.0,313.0,True,False,True,False,SYNTHETIC_DEMO_DATA
706,INC-00000706,2025-10-07T10:00:21Z,2025-10-07T10:24:21Z,2025-10-07T10:44:21Z,2025-10-07T13:13:21Z,2025-10-07T13:45:21Z,2025-10-07T20:39:21Z,20251007,1000,6,240,19,3,5,12,1,3,14127,1,73.4,24.0,44.0,193.0,225.0,414.0,False,False,False,True,SYNTHETIC_DEMO_DATA
707,INC-00000707,2025-02-10T10:51:27Z,2025-02-10T11:15:27Z,2025-02-10T11:51:27Z,2025-02-10T13:07:27Z,2025-02-10T15:18:27Z,,20250210,1050,2,205,43,2,4,4,1,2,1730,1,52.7,24.0,60.0,136.0,267.0,,False,False,False,True,SYNTHETIC_DEMO_DATA
708,INC-00000708,2026-02-27T06:29:36Z,2026-02-27T06:30:36Z,2026-02-27T06:46:36Z,2026-02-27T07:14:36Z,2026-02-27T08:45:36Z,2026-02-27T10:27:36Z,20260227,625,7,218,5,4,5,17,1,4,6197,1,91.0,1.0,17.0,45.0,136.0,102.0,True,False,False,True,SYNTHETIC_DEMO_DATA
709,INC-00000709,2025-12-27T07:21:20Z,2025-12-27T07:50:20Z,2025-12-27T08:44:20Z,2025-12-27T09:43:20Z,2025-12-27T12:03:20Z,2025-12-27T14:23:20Z,20251227,720,3,66,7,1,5,7,1,1,10876,1,41.1,29.0,83.0,142.0,282.0,140.0,False,False,False,True,SYNTHETIC_DEMO_DATA
710,INC-00000710,2025-08-08T01:17:08Z,2025-08-08T02:00:08Z,2025-08-08T02:38:08Z,2025-08-08T03:18:08Z,2025-08-08T05:04:08Z,2025-08-08T07:36:08Z,20250808,115,2,23,3,1,5,18,4,1,1511,1,46.1,43.0,81.0,121.0,227.0,152.0,False,False,False,True,SYNTHETIC_DEMO_DATA
711,INC-00000711,2026-05-25T08:03:13Z,2026-05-25T08:40:13Z,2026-05-25T08:58:13Z,2026-05-25T12:54:13Z,2026-05-25T14:58:13Z,2026-05-26T02:29:13Z,20260525,800,1,219,18,2,5,12,1,2,12283,1,48.7,37.0,55.0,291.0,415.0,691.0,False,False,False,True,SYNTHETIC_DEMO_DATA
712,INC-00000712,2026-06-05T13:11:40Z,2026-06-05T13:33:40Z,2026-06-05T13:52:40Z,2026-06-05T16:11:40Z,2026-06-05T17:22:40Z,2026-06-06T04:09:40Z,20260605,1310,3,60,2,1,5,4,1,1,9847,1,44.7,22.0,41.0,180.0,251.0,647.0,False,False,False,True,SYNTHETIC_DEMO_DATA
713,INC-00000713,2025-08-15T16:53:39Z,2025-08-15T17:37:39Z,2025-08-15T18:08:39Z,2025-08-15T20:39:39Z,2025-08-16T06:21:39Z,2025-08-16T13:21:39Z,20250815,1650,7,205,3,1,5,15,1,1,12037,1,35.2,44.0,75.0,226.0,808.0,420.0,False,False,False,True,SYNTHETIC_DEMO_DATA
714,INC-00000714,2026-06-22T08:59:42Z,2026-06-22T10:37:42Z,2026-06-22T10:49:42Z,2026-06-22T14:38:42Z,2026-06-22T23:36:42Z,2026-06-23T02:22:42Z,20260622,855,2,230,4,1,5,8,2,1,11952,1,52.5,98.0,110.0,339.0,877.0,166.0,False,False,True,True,SYNTHETIC_DEMO_DATA
715,INC-00000715,2026-06-22T08:38:54Z,2026-06-22T08:40:54Z,2026-06-22T09:08:54Z,2026-06-22T10:38:54Z,2026-06-22T12:38:54Z,2026-06-22T23:21:54Z,20260622,835,3,48,18,5,5,5,1,5,13931,1,100,2.0,30.0,120.0,240.0,643.0,True,False,False,False,SYNTHETIC_DEMO_DATA
716,INC-00000716,2025-08-08T18:02:50Z,2025-08-08T18:18:50Z,2025-08-08T18:31:50Z,2025-08-08T23:38:50Z,2025-08-09T00:43:50Z,2025-08-09T03:26:50Z,20250808,1800,4,176,38,4,5,15,1,4,16309,1,100,16.0,29.0,336.0,401.0,163.0,True,False,False,False,SYNTHETIC_DEMO_DATA
717,INC-00000717,2026-04-10T18:36:55Z,2026-04-10T18:45:55Z,2026-04-10T19:19:55Z,2026-04-10T19:34:55Z,2026-04-10T20:57:55Z,,20260410,1835,2,55,28,2,4,6,1,2,7720,1,54.4,9.0,43.0,58.0,141.0,,False,False,False,True,SYNTHETIC_DEMO_DATA
718,INC-00000718,2025-05-07T10:19:59Z,2025-05-07T10:34:59Z,2025-05-07T11:08:59Z,2025-05-07T12:29:59Z,2025-05-07T13:17:59Z,2025-05-07T18:20:59Z,20250507,1015,1,85,10,4,5,1,3,4,13212,1,91.6,15.0,49.0,130.0,178.0,303.0,True,False,True,True,SYNTHETIC_DEMO_DATA
719,INC-00000719,2026-01-13T14:38:36Z,2026-01-13T15:07:36Z,2026-01-13T15:28:36Z,2026-01-13T15:58:36Z,2026-01-13T19:06:36Z,2026-01-14T05:11:36Z,20260113,1435,7,188,27,3,5,11,3,3,6958,1,63.2,29.0,50.0,80.0,268.0,605.0,False,False,True,True,SYNTHETIC_DEMO_DATA
720,INC-00000720,2025-12-23T08:05:22Z,2025-12-23T08:11:22Z,2025-12-23T10:00:22Z,2025-12-23T10:29:22Z,2025-12-23T18:07:22Z,2025-12-24T01:57:22Z,20251223,805,1,180,36,3,5,4,1,3,2350,1,51.6,6.0,115.0,144.0,602.0,470.0,False,False,False,True,SYNTHETIC_DEMO_DATA
721,INC-00000721,2025-05-07T16:11:35Z,2025-05-07T16:32:35Z,2025-05-07T16:42:35Z,2025-05-07T18:36:35Z,2025-05-07T20:40:35Z,2025-05-08T00:56:35Z,20250507,1610,3,67,18,3,5,15,1,3,3706,1,66.5,21.0,31.0,145.0,269.0,256.0,False,False,False,True,SYNTHETIC_DEMO_DATA
722,INC-00000722,2025-09-17T18:35:26Z,2025-09-17T18:54:26Z,2025-09-17T19:10:26Z,2025-09-17T22:38:26Z,2025-09-18T01:21:26Z,2025-09-18T03:05:26Z,20250917,1835,7,56,41,2,5,7,1,2,16112,1,55.9,19.0,35.0,243.0,406.0,104.0,False,False,False,True,SYNTHETIC_DEMO_DATA
723,INC-00000723,2025-08-06T08:14:16Z,2025-08-06T08:36:16Z,2025-08-06T09:12:16Z,2025-08-06T11:42:16Z,2025-08-06T19:27:16Z,2025-08-07T02:00:16Z,20250806,810,6,98,41,1,5,17,1,1,5433,1,34.1,22.0,58.0,208.0,673.0,393.0,False,False,False,True,SYNTHETIC_DEMO_DATA
724,INC-00000724,2025-12-05T16:53:30Z,2025-12-05T17:10:30Z,2025-12-05T17:27:30Z,2025-12-05T19:48:30Z,2025-12-05T23:22:30Z,,20251205,1650,1,203,7,1,4,10,1,1,11921,1,45.0,17.0,34.0,175.0,389.0,,False,False,False,True,SYNTHETIC_DEMO_DATA
725,INC-00000725,2025-05-16T05:56:44Z,2025-05-16T06:15:44Z,2025-05-16T06:52:44Z,2025-05-16T07:22:44Z,2025-05-16T08:00:44Z,2025-05-16T15:45:44Z,20250516,555,6,110,7,2,5,4,1,2,15253,1,48.2,19.0,56.0,86.0,124.0,465.0,False,False,False,True,SYNTHETIC_DEMO_DATA
726,INC-00000726,2026-01-15T10:23:03Z,2026-01-15T10:43:03Z,2026-01-15T11:05:03Z,2026-01-15T13:56:03Z,2026-01-15T17:59:03Z,2026-01-15T22:46:03Z,20260115,1020,2,78,36,2,5,15,1,2,6910,1,75.4,20.0,42.0,213.0,456.0,287.0,True,False,False,True,SYNTHETIC_DEMO_DATA
727,INC-00000727,2025-09-01T10:24:54Z,2025-09-01T10:42:54Z,2025-09-01T10:53:54Z,2025-09-01T12:28:54Z,2025-09-01T15:16:54Z,2025-09-01T22:21:54Z,20250901,1020,1,28,18,2,5,8,1,2,9436,1,54.7,18.0,29.0,124.0,292.0,425.0,False,False,False,True,SYNTHETIC_DEMO_DATA
728,INC-00000728,2025-03-14T17:24:03Z,2025-03-14T17:40:03Z,2025-03-14T17:53:03Z,2025-03-14T18:20:03Z,2025-03-14T21:10:03Z,2025-03-15T01:41:03Z,20250314,1720,2,33,36,2,5,1,1,2,210,1,62.9,16.0,29.0,56.0,226.0,271.0,False,False,False,True,SYNTHETIC_DEMO_DATA
729,INC-00000729,2025-06-15T08:50:06Z,2025-06-15T09:30:06Z,2025-06-15T09:44:06Z,2025-06-15T10:21:06Z,2025-06-15T14:03:06Z,,20250615,850,4,147,27,1,4,11,1,1,11092,1,41.4,40.0,54.0,91.0,313.0,,False,False,False,True,SYNTHETIC_DEMO_DATA
730,INC-00000730,2026-03-03T06:57:15Z,2026-03-03T07:03:15Z,2026-03-03T07:19:15Z,2026-03-03T08:52:15Z,2026-03-03T14:30:15Z,2026-03-03T14:48:15Z,20260303,655,3,209,20,2,5,5,3,2,4884,1,55.5,6.0,22.0,115.0,453.0,18.0,False,False,True,True,SYNTHETIC_DEMO_DATA
731,INC-00000731,2026-04-10T09:33:08Z,2026-04-10T10:14:08Z,2026-04-10T10:58:08Z,2026-04-10T11:07:08Z,2026-04-10T14:54:08Z,2026-04-10T21:35:08Z,20260410,930,5,88,30,1,5,15,1,1,10353,1,37.8,41.0,85.0,94.0,321.0,401.0,False,False,False,True,SYNTHETIC_DEMO_DATA
732,INC-00000732,2025-08-03T15:30:21Z,2025-08-03T16:13:21Z,2025-08-03T16:25:21Z,2025-08-03T18:22:21Z,2025-08-04T02:00:21Z,2025-08-04T03:05:21Z,20250803,1530,1,136,2,1,5,8,3,1,6513,1,45.1,43.0,55.0,172.0,630.0,65.0,False,False,True,True,SYNTHETIC_DEMO_DATA
733,INC-00000733,2026-01-04T19:44:02Z,2026-01-04T20:03:02Z,2026-01-04T20:19:02Z,2026-01-04T21:24:02Z,2026-01-04T22:36:02Z,2026-01-05T06:56:02Z,20260104,1940,5,83,41,2,5,2,2,2,9380,1,52.1,19.0,35.0,100.0,172.0,500.0,False,False,True,True,SYNTHETIC_DEMO_DATA
734,INC-00000734,2025-04-02T16:11:38Z,2025-04-02T16:22:38Z,2025-04-02T16:41:38Z,2025-04-02T18:44:38Z,2025-04-02T23:55:38Z,2025-04-03T11:32:38Z,20250402,1610,2,17,43,1,5,12,1,1,15637,1,35.4,11.0,30.0,153.0,464.0,697.0,False,False,False,True,SYNTHETIC_DEMO_DATA
735,INC-00000735,2025-03-07T14:33:03Z,2025-03-07T14:37:03Z,2025-03-07T14:56:03Z,2025-03-07T17:01:03Z,2025-03-07T17:49:03Z,2025-03-07T22:15:03Z,20250307,1430,1,140,39,3,5,7,4,3,9917,1,84.2,4.0,23.0,148.0,196.0,266.0,False,False,False,True,SYNTHETIC_DEMO_DATA
736,INC-00000736,2025-11-18T12:31:20Z,2025-11-18T12:41:20Z,2025-11-18T12:58:20Z,2025-11-18T21:31:20Z,2025-11-18T21:57:20Z,2025-11-19T00:10:20Z,20251118,1230,6,178,8,2,5,17,1,2,17302,1,52.4,10.0,27.0,540.0,566.0,133.0,False,False,False,True,SYNTHETIC_DEMO_DATA
737,INC-00000737,2026-03-28T10:05:53Z,2026-03-28T10:41:53Z,2026-03-28T10:44:53Z,2026-03-28T11:23:53Z,2026-03-28T16:39:53Z,2026-03-28T18:05:53Z,20260328,1005,1,39,3,1,5,9,4,1,2242,1,51.0,36.0,39.0,78.0,394.0,86.0,True,False,False,True,SYNTHETIC_DEMO_DATA
738,INC-00000738,2025-12-16T10:19:51Z,2025-12-16T10:52:51Z,2025-12-16T11:23:51Z,2025-12-16T12:06:51Z,2025-12-16T18:31:51Z,2025-12-17T04:01:51Z,20251216,1015,1,169,45,1,5,2,3,1,14723,1,39.1,33.0,64.0,107.0,492.0,570.0,False,False,True,True,SYNTHETIC_DEMO_DATA
739,INC-00000739,2026-01-05T18:15:36Z,2026-01-05T18:26:36Z,2026-01-05T18:36:36Z,2026-01-05T20:20:36Z,2026-01-06T13:47:36Z,2026-01-06T21:56:36Z,20260105,1815,4,14,28,1,5,13,1,1,13241,1,51.0,11.0,21.0,125.0,1172.0,489.0,False,False,False,True,SYNTHETIC_DEMO_DATA
740,INC-00000740,2026-03-30T17:35:30Z,2026-03-30T17:57:30Z,2026-03-30T18:54:30Z,2026-03-30T20:55:30Z,2026-03-31T04:36:30Z,,20260330,1735,3,152,2,2,4,7,1,2,2030,1,48.9,22.0,79.0,200.0,661.0,,False,False,False,True,SYNTHETIC_DEMO_DATA
741,INC-00000741,2025-05-26T02:27:58Z,2025-05-26T03:01:58Z,2025-05-26T03:36:58Z,2025-05-26T03:54:58Z,2025-05-26T05:44:58Z,2025-05-26T11:49:58Z,20250526,225,3,219,36,1,5,17,2,1,15878,1,40.0,34.0,69.0,87.0,197.0,365.0,False,False,True,True,SYNTHETIC_DEMO_DATA
742,INC-00000742,2025-09-20T18:26:44Z,2025-09-20T18:53:44Z,2025-09-20T19:11:44Z,2025-09-20T20:30:44Z,2025-09-21T02:27:44Z,2025-09-21T12:37:44Z,20250920,1825,2,19,18,1,5,10,3,1,7994,1,43.3,27.0,45.0,124.0,481.0,610.0,False,True,True,True,SYNTHETIC_DEMO_DATA
743,INC-00000743,2025-02-17T12:05:31Z,2025-02-17T12:35:31Z,2025-02-17T12:58:31Z,2025-02-17T13:25:31Z,2025-02-17T14:08:31Z,2025-02-17T23:45:31Z,20250217,1205,5,6,8,5,5,7,1,5,3108,1,100,30.0,53.0,80.0,123.0,577.0,True,False,False,False,SYNTHETIC_DEMO_DATA
744,INC-00000744,2026-07-12T11:12:34Z,2026-07-12T11:37:34Z,2026-07-12T12:04:34Z,2026-07-12T12:17:34Z,2026-07-12T14:30:34Z,2026-07-13T02:07:34Z,20260712,1110,1,121,14,4,5,17,3,4,13875,1,86.7,25.0,52.0,65.0,198.0,697.0,True,False,True,True,SYNTHETIC_DEMO_DATA
745,INC-00000745,2025-03-03T23:12:25Z,2025-03-03T23:23:25Z,2025-03-03T23:43:25Z,2025-03-04T00:41:25Z,2025-03-04T03:05:25Z,2025-03-04T06:22:25Z,20250303,2310,7,127,3,2,5,8,3,2,12905,1,62.2,11.0,31.0,89.0,233.0,197.0,False,False,True,True,SYNTHETIC_DEMO_DATA
746,INC-00000746,2026-06-21T12:28:14Z,2026-06-21T12:46:14Z,2026-06-21T12:52:14Z,2026-06-21T14:38:14Z,2026-06-21T15:50:14Z,2026-06-21T21:18:14Z,20260621,1225,4,37,32,1,5,18,1,1,13770,1,45.2,18.0,24.0,130.0,202.0,328.0,False,False,False,True,SYNTHETIC_DEMO_DATA
747,INC-00000747,2025-05-05T08:56:11Z,2025-05-05T09:09:11Z,2025-05-05T09:19:11Z,2025-05-05T10:16:11Z,2025-05-05T11:32:11Z,2025-05-05T14:31:11Z,20250505,855,7,59,14,5,5,15,1,5,626,1,100,13.0,23.0,80.0,156.0,179.0,True,False,False,False,SYNTHETIC_DEMO_DATA
748,INC-00000748,2025-11-29T17:06:19Z,2025-11-29T18:07:19Z,2025-11-29T18:17:19Z,2025-11-29T18:49:19Z,2025-11-29T20:17:19Z,,20251129,1705,5,105,24,2,4,5,1,2,8411,1,70.2,61.0,71.0,103.0,191.0,,True,False,False,True,SYNTHETIC_DEMO_DATA
749,INC-00000749,2025-10-07T18:09:15Z,2025-10-07T18:22:15Z,2025-10-07T18:36:15Z,2025-10-07T21:29:15Z,2025-10-08T03:19:15Z,2025-10-08T04:36:15Z,20251007,1805,1,146,15,3,5,17,1,3,12675,1,66.7,13.0,27.0,200.0,550.0,77.0,False,False,False,True,SYNTHETIC_DEMO_DATA
750,INC-00000750,2026-01-28T16:58:13Z,2026-01-28T17:09:13Z,2026-01-28T17:30:13Z,2026-01-28T18:52:13Z,2026-01-28T19:18:13Z,2026-01-29T04:09:13Z,20260128,1655,1,54,23,5,5,12,1,5,4191,1,99.3,11.0,32.0,114.0,140.0,531.0,True,False,False,False,SYNTHETIC_DEMO_DATA
751,INC-00000751,2026-03-25T11:18:18Z,2026-03-25T11:24:18Z,2026-03-25T11:37:18Z,2026-03-25T12:00:18Z,2026-03-25T12:15:18Z,2026-03-25T17:12:18Z,20260325,1115,2,107,35,5,5,5,2,5,17342,1,100,6.0,19.0,42.0,57.0,297.0,True,False,True,True,SYNTHETIC_DEMO_DATA
752,INC-00000752,2025-12-02T16:08:10Z,2025-12-02T16:29:10Z,2025-12-02T16:38:10Z,2025-12-03T00:18:10Z,2025-12-03T13:49:10Z,2025-12-04T00:45:10Z,20251202,1605,6,176,45,2,5,13,3,2,12031,1,62.7,21.0,30.0,490.0,1301.0,656.0,False,False,True,True,SYNTHETIC_DEMO_DATA
753,INC-00000753,2025-04-04T07:39:36Z,2025-04-04T07:54:36Z,2025-04-04T08:46:36Z,2025-04-04T12:33:36Z,2025-04-04T14:00:36Z,2025-04-04T22:18:36Z,20250404,735,6,213,27,1,5,5,1,1,15437,1,44.2,15.0,67.0,294.0,381.0,498.0,False,False,False,True,SYNTHETIC_DEMO_DATA
754,INC-00000754,2026-03-29T11:05:57Z,2026-03-29T12:21:57Z,2026-03-29T13:08:57Z,2026-03-29T18:59:57Z,2026-03-29T22:30:57Z,2026-03-29T22:44:57Z,20260329,1105,7,39,17,1,5,16,1,1,6726,1,38.3,76.0,123.0,474.0,685.0,14.0,False,False,False,True,SYNTHETIC_DEMO_DATA
755,INC-00000755,2026-01-16T07:18:58Z,2026-01-16T09:06:58Z,2026-01-16T09:17:58Z,2026-01-16T10:25:58Z,2026-01-17T01:16:58Z,2026-01-17T11:50:58Z,20260116,715,5,59,4,1,5,9,1,1,12296,1,49.1,108.0,119.0,187.0,1078.0,634.0,False,False,False,True,SYNTHETIC_DEMO_DATA
756,INC-00000756,2025-09-03T11:46:29Z,2025-09-03T11:57:29Z,2025-09-03T12:05:29Z,2025-09-03T12:34:29Z,2025-09-03T14:25:29Z,2025-09-03T23:30:29Z,20250903,1145,3,217,18,1,5,2,3,1,9328,1,46.9,11.0,19.0,48.0,159.0,545.0,False,False,True,True,SYNTHETIC_DEMO_DATA
757,INC-00000757,2026-01-04T13:46:51Z,2026-01-04T14:48:51Z,2026-01-04T15:01:51Z,2026-01-04T19:08:51Z,2026-01-04T20:41:51Z,2026-01-05T05:42:51Z,20260104,1345,7,194,33,1,5,13,1,1,15329,1,47.2,62.0,75.0,322.0,415.0,541.0,False,False,False,True,SYNTHETIC_DEMO_DATA
758,INC-00000758,2026-05-15T17:36:40Z,2026-05-15T18:02:40Z,2026-05-15T18:19:40Z,2026-05-15T19:30:40Z,2026-05-15T21:56:40Z,2026-05-16T06:13:40Z,20260515,1735,2,123,30,2,5,7,1,2,8051,1,63.1,26.0,43.0,114.0,260.0,497.0,False,False,False,True,SYNTHETIC_DEMO_DATA
759,INC-00000759,2025-09-21T15:38:33Z,2025-09-21T16:06:33Z,2025-09-21T16:28:33Z,2025-09-21T17:56:33Z,2025-09-21T19:46:33Z,2025-09-21T21:43:33Z,20250921,1535,1,10,2,4,5,2,2,4,1075,1,96.1,28.0,50.0,138.0,248.0,117.0,True,False,True,True,SYNTHETIC_DEMO_DATA
760,INC-00000760,2025-05-16T10:49:06Z,2025-05-16T11:11:06Z,2025-05-16T11:26:06Z,2025-05-16T12:46:06Z,2025-05-16T16:17:06Z,2025-05-17T01:55:06Z,20250516,1045,4,1,29,2,5,11,1,2,12216,1,63.0,22.0,37.0,117.0,328.0,578.0,False,False,False,True,SYNTHETIC_DEMO_DATA
761,INC-00000761,2026-04-19T19:54:35Z,2026-04-19T20:07:35Z,2026-04-19T21:09:35Z,2026-04-19T23:13:35Z,2026-04-20T01:14:35Z,2026-04-20T11:29:35Z,20260419,1950,2,175,12,3,5,5,3,3,13884,1,60.0,13.0,75.0,199.0,320.0,615.0,False,False,True,True,SYNTHETIC_DEMO_DATA
762,INC-00000762,2025-09-25T14:28:14Z,2025-09-25T14:35:14Z,2025-09-25T14:50:14Z,2025-09-25T15:41:14Z,2025-09-25T18:14:14Z,2025-09-26T01:17:14Z,20250925,1425,3,128,11,2,5,15,1,2,15728,1,52.0,7.0,22.0,73.0,226.0,423.0,False,False,False,True,SYNTHETIC_DEMO_DATA
763,INC-00000763,2025-06-18T16:06:32Z,2025-06-18T16:19:32Z,2025-06-18T16:32:32Z,2025-06-18T17:05:32Z,2025-06-18T19:30:32Z,2025-06-19T05:52:32Z,20250618,1605,3,86,40,4,5,10,2,4,4632,1,100,13.0,26.0,59.0,204.0,622.0,True,False,True,True,SYNTHETIC_DEMO_DATA
764,INC-00000764,2026-07-19T08:45:20Z,2026-07-19T09:09:20Z,2026-07-19T09:58:20Z,,,,20260719,845,7,9,35,1,2,18,0,1,2957,1,29.7,24.0,73.0,,,,False,False,False,False,SYNTHETIC_DEMO_DATA
765,INC-00000765,2025-08-14T12:38:32Z,2025-08-14T13:07:32Z,2025-08-14T13:23:32Z,2025-08-14T15:52:32Z,2025-08-14T18:13:32Z,,20250814,1235,6,4,35,1,4,11,1,1,1317,1,35.4,29.0,45.0,194.0,335.0,,False,False,False,True,SYNTHETIC_DEMO_DATA
766,INC-00000766,2025-12-04T01:55:22Z,2025-12-04T02:17:22Z,2025-12-04T02:47:22Z,2025-12-04T03:05:22Z,2025-12-04T07:33:22Z,2025-12-04T11:14:22Z,20251204,155,3,33,39,1,5,4,3,1,3742,1,45.6,22.0,52.0,70.0,338.0,221.0,False,False,True,True,SYNTHETIC_DEMO_DATA
767,INC-00000767,2025-11-28T21:29:43Z,2025-11-28T22:25:43Z,2025-11-28T22:37:43Z,2025-11-28T23:33:43Z,2025-11-29T09:49:43Z,2025-11-29T13:40:43Z,20251128,2125,6,1,39,1,5,15,1,1,13405,1,47.0,56.0,68.0,124.0,740.0,231.0,False,False,False,True,SYNTHETIC_DEMO_DATA
768,INC-00000768,2026-04-01T13:26:56Z,2026-04-01T13:29:56Z,2026-04-01T14:43:56Z,2026-04-01T17:03:56Z,2026-04-02T02:05:56Z,,20260401,1325,7,235,18,3,4,10,1,3,4562,1,69.6,3.0,77.0,217.0,759.0,,False,False,False,True,SYNTHETIC_DEMO_DATA
769,INC-00000769,2025-08-22T12:33:38Z,2025-08-22T13:03:38Z,2025-08-22T13:12:38Z,2025-08-22T13:52:38Z,2025-08-22T16:49:38Z,2025-08-23T02:26:38Z,20250822,1230,2,1,18,1,5,1,2,1,5091,1,43.1,30.0,39.0,79.0,256.0,577.0,False,False,True,True,SYNTHETIC_DEMO_DATA
770,INC-00000770,2025-08-26T12:14:55Z,2025-08-26T13:12:55Z,2025-08-26T14:02:55Z,2025-08-26T15:27:55Z,2025-08-26T15:55:55Z,2025-08-26T18:36:55Z,20250826,1210,4,68,11,4,5,15,1,4,10158,1,100,58.0,108.0,193.0,221.0,161.0,True,False,False,False,SYNTHETIC_DEMO_DATA
771,INC-00000771,2025-12-04T14:16:07Z,2025-12-04T15:16:07Z,2025-12-04T15:26:07Z,2025-12-04T18:53:07Z,2025-12-05T02:13:07Z,2025-12-05T13:32:07Z,20251204,1415,3,208,12,1,5,5,1,1,11396,1,47.2,60.0,70.0,277.0,717.0,679.0,False,False,False,True,SYNTHETIC_DEMO_DATA
772,INC-00000772,2025-04-30T15:44:44Z,2025-04-30T16:05:44Z,2025-04-30T16:13:44Z,2025-04-30T16:43:44Z,2025-04-30T17:18:44Z,2025-04-30T22:53:44Z,20250430,1540,5,23,35,3,5,18,1,3,1923,1,76.3,21.0,29.0,59.0,94.0,335.0,False,False,False,True,SYNTHETIC_DEMO_DATA
773,INC-00000773,2025-02-05T18:50:09Z,2025-02-05T18:57:09Z,2025-02-05T19:12:09Z,2025-02-05T21:56:09Z,2025-02-06T05:36:09Z,2025-02-06T07:40:09Z,20250205,1850,7,15,4,1,5,9,1,1,11689,1,40.2,7.0,22.0,186.0,646.0,124.0,False,False,False,True,SYNTHETIC_DEMO_DATA
774,INC-00000774,2026-07-18T20:32:39Z,2026-07-18T21:00:39Z,2026-07-18T21:14:39Z,2026-07-18T23:15:39Z,,,20260718,2030,3,21,21,1,3,2,0,1,5719,1,36.7,28.0,42.0,163.0,,,False,False,False,False,SYNTHETIC_DEMO_DATA
775,INC-00000775,2025-11-23T18:55:02Z,2025-11-23T19:11:02Z,2025-11-23T20:24:02Z,2025-11-24T01:39:02Z,2025-11-24T09:14:02Z,2025-11-24T14:02:02Z,20251123,1855,2,146,16,1,5,13,2,1,1381,1,42.1,16.0,89.0,404.0,859.0,288.0,False,False,True,True,SYNTHETIC_DEMO_DATA
776,INC-00000776,2025-03-09T13:32:55Z,2025-03-09T14:36:55Z,2025-03-09T15:11:55Z,2025-03-09T19:15:55Z,2025-03-09T22:09:55Z,2025-03-10T03:22:55Z,20250309,1330,1,123,11,2,5,7,1,2,10016,1,60.0,64.0,99.0,343.0,517.0,313.0,False,False,False,True,SYNTHETIC_DEMO_DATA
777,INC-00000777,2026-06-17T06:48:18Z,2026-06-17T06:56:18Z,2026-06-17T07:07:18Z,2026-06-17T07:38:18Z,2026-06-17T13:07:18Z,2026-06-17T13:46:18Z,20260617,645,1,167,40,1,5,17,1,1,16074,1,50.7,8.0,19.0,50.0,379.0,39.0,False,False,False,True,SYNTHETIC_DEMO_DATA
778,INC-00000778,2025-10-23T07:54:26Z,2025-10-23T09:28:26Z,2025-10-23T09:36:26Z,2025-10-23T11:10:26Z,2025-10-23T15:40:26Z,,20251023,750,7,229,16,2,4,11,1,2,14157,1,49.6,94.0,102.0,196.0,466.0,,False,False,False,True,SYNTHETIC_DEMO_DATA
779,INC-00000779,2026-05-02T21:22:44Z,2026-05-02T22:17:44Z,2026-05-02T22:29:44Z,2026-05-02T23:38:44Z,2026-05-03T04:45:44Z,2026-05-03T06:17:44Z,20260502,2120,3,38,10,1,5,3,1,1,7499,1,33.4,55.0,67.0,136.0,443.0,92.0,False,False,False,True,SYNTHETIC_DEMO_DATA
780,INC-00000780,2025-05-04T20:43:21Z,2025-05-04T21:16:21Z,2025-05-04T21:52:21Z,2025-05-05T00:48:21Z,2025-05-05T05:14:21Z,2025-05-05T08:49:21Z,20250504,2040,2,202,30,1,5,14,1,1,460,1,31.5,33.0,69.0,245.0,511.0,215.0,False,False,False,True,SYNTHETIC_DEMO_DATA
781,INC-00000781,2025-07-27T10:12:15Z,2025-07-27T10:30:15Z,2025-07-27T10:56:15Z,2025-07-27T11:51:15Z,2025-07-27T15:35:15Z,2025-07-28T01:35:15Z,20250727,1010,1,181,22,3,5,9,1,3,9566,1,88.8,18.0,44.0,99.0,323.0,600.0,True,False,False,True,SYNTHETIC_DEMO_DATA
782,INC-00000782,2025-08-31T17:16:30Z,2025-08-31T17:30:30Z,2025-08-31T17:56:30Z,2025-08-31T18:32:30Z,2025-08-31T19:19:30Z,2025-09-01T06:29:30Z,20250831,1715,6,33,2,3,5,2,1,3,1126,1,75.3,14.0,40.0,76.0,123.0,670.0,False,False,False,True,SYNTHETIC_DEMO_DATA
783,INC-00000783,2026-03-26T03:46:35Z,2026-03-26T03:57:35Z,2026-03-26T04:05:35Z,2026-03-26T04:49:35Z,2026-03-26T06:31:35Z,2026-03-26T10:04:35Z,20260326,345,5,6,27,1,5,11,3,1,11753,1,47.3,11.0,19.0,63.0,165.0,213.0,False,False,True,True,SYNTHETIC_DEMO_DATA
784,INC-00000784,2026-05-04T09:48:10Z,2026-05-04T09:57:10Z,2026-05-04T10:23:10Z,2026-05-04T10:59:10Z,2026-05-04T17:27:10Z,2026-05-05T01:18:10Z,20260504,945,6,181,37,3,5,6,1,3,6093,1,77.6,9.0,35.0,71.0,459.0,471.0,False,False,False,True,SYNTHETIC_DEMO_DATA
785,INC-00000785,2026-07-25T16:53:44Z,2026-07-25T17:00:44Z,2026-07-25T17:27:44Z,2026-07-25T23:43:44Z,2026-07-26T01:16:44Z,2026-07-26T07:45:44Z,20260725,1650,6,168,45,3,5,17,2,3,7727,1,69.8,7.0,34.0,410.0,503.0,389.0,False,False,True,False,SYNTHETIC_DEMO_DATA
786,INC-00000786,2025-10-24T00:45:32Z,2025-10-24T01:07:32Z,2025-10-24T01:13:32Z,2025-10-24T02:53:32Z,2025-10-24T04:36:32Z,2025-10-24T12:48:32Z,20251024,45,6,171,31,2,5,9,1,2,8254,1,38.2,22.0,28.0,128.0,231.0,492.0,False,False,False,True,SYNTHETIC_DEMO_DATA
787,INC-00000787,2025-02-22T00:03:56Z,2025-02-22T00:18:56Z,2025-02-22T00:24:56Z,2025-02-22T05:25:56Z,2025-02-22T05:56:56Z,2025-02-22T11:16:56Z,20250222,0,5,185,21,2,5,2,3,2,6426,1,61.3,15.0,21.0,322.0,353.0,320.0,False,False,True,True,SYNTHETIC_DEMO_DATA
788,INC-00000788,2025-07-29T17:11:24Z,2025-07-29T17:28:24Z,2025-07-29T17:37:24Z,2025-07-29T21:20:24Z,2025-07-29T22:07:24Z,2025-07-30T09:11:24Z,20250729,1710,3,201,18,2,5,13,4,2,12393,1,53.9,17.0,26.0,249.0,296.0,664.0,False,False,False,True,SYNTHETIC_DEMO_DATA
789,INC-00000789,2025-07-24T18:11:41Z,2025-07-24T18:59:41Z,2025-07-24T19:06:41Z,2025-07-24T22:41:41Z,2025-07-25T01:50:41Z,2025-07-25T06:11:41Z,20250724,1810,1,71,2,1,5,5,2,1,15595,1,30.4,48.0,55.0,270.0,459.0,261.0,False,False,True,True,SYNTHETIC_DEMO_DATA
790,INC-00000790,2026-03-08T21:33:47Z,2026-03-08T22:01:47Z,2026-03-08T23:15:47Z,2026-03-09T00:00:47Z,2026-03-09T09:47:47Z,2026-03-09T15:26:47Z,20260308,2130,3,29,27,1,5,16,1,1,8471,1,41.5,28.0,102.0,147.0,734.0,339.0,False,False,False,True,SYNTHETIC_DEMO_DATA
791,INC-00000791,2025-09-18T13:42:34Z,2025-09-18T14:08:34Z,2025-09-18T14:27:34Z,2025-09-18T16:12:34Z,2025-09-19T09:39:34Z,2025-09-19T15:24:34Z,20250918,1340,7,177,43,1,5,9,2,1,507,1,40.6,26.0,45.0,150.0,1197.0,345.0,False,False,True,True,SYNTHETIC_DEMO_DATA
792,INC-00000792,2025-11-06T12:22:35Z,2025-11-06T12:26:35Z,2025-11-06T13:08:35Z,2025-11-06T15:37:35Z,2025-11-06T16:13:35Z,2025-11-06T21:31:35Z,20251106,1220,4,222,4,3,5,4,4,3,4484,1,85.1,4.0,46.0,195.0,231.0,318.0,True,False,False,True,SYNTHETIC_DEMO_DATA
793,INC-00000793,2025-05-28T10:36:20Z,2025-05-28T10:42:20Z,2025-05-28T11:03:20Z,2025-05-28T14:46:20Z,2025-05-28T17:30:20Z,2025-05-28T18:52:20Z,20250528,1035,6,84,23,1,5,13,4,1,16246,1,37.1,6.0,27.0,250.0,414.0,82.0,False,False,False,True,SYNTHETIC_DEMO_DATA
794,INC-00000794,2025-07-07T19:33:38Z,2025-07-07T19:46:38Z,2025-07-07T20:24:38Z,2025-07-07T21:30:38Z,2025-07-07T22:17:38Z,2025-07-08T06:05:38Z,20250707,1930,6,103,15,1,5,6,1,1,10262,1,32.5,13.0,51.0,117.0,164.0,468.0,False,False,False,True,SYNTHETIC_DEMO_DATA
795,INC-00000795,2025-11-15T16:58:55Z,2025-11-15T17:13:55Z,2025-11-15T17:55:55Z,2025-11-15T19:42:55Z,2025-11-16T04:17:55Z,2025-11-16T12:11:55Z,20251115,1655,7,28,9,3,5,1,1,3,3536,1,75.1,15.0,57.0,164.0,679.0,474.0,False,True,False,True,SYNTHETIC_DEMO_DATA
796,INC-00000796,2026-02-10T14:50:52Z,2026-02-10T15:06:52Z,2026-02-10T15:30:52Z,2026-02-10T16:44:52Z,2026-02-10T18:42:52Z,2026-02-10T23:03:52Z,20260210,1450,2,109,23,2,5,0,1,2,927,1,58.1,16.0,40.0,114.0,232.0,261.0,False,False,False,True,SYNTHETIC_DEMO_DATA
797,INC-00000797,2026-03-10T17:25:17Z,2026-03-10T18:05:17Z,2026-03-10T18:27:17Z,2026-03-10T18:55:17Z,2026-03-10T20:55:17Z,2026-03-11T03:06:17Z,20260310,1725,1,231,6,1,5,3,1,1,2202,1,45.8,40.0,62.0,90.0,210.0,371.0,False,False,False,True,SYNTHETIC_DEMO_DATA
798,INC-00000798,2025-05-19T16:45:51Z,2025-05-19T16:53:51Z,2025-05-19T17:12:51Z,2025-05-19T17:39:51Z,2025-05-20T04:27:51Z,2025-05-20T14:19:51Z,20250519,1645,6,31,23,2,5,15,1,2,17346,1,50.6,8.0,27.0,54.0,702.0,592.0,False,False,False,True,SYNTHETIC_DEMO_DATA
799,INC-00000799,2025-09-17T01:03:24Z,2025-09-17T01:32:24Z,2025-09-17T02:16:24Z,2025-09-17T03:57:24Z,2025-09-17T05:25:24Z,2025-09-17T15:30:24Z,20250917,100,5,30,22,2,5,8,1,2,11522,1,55.8,29.0,73.0,174.0,262.0,605.0,False,False,False,True,SYNTHETIC_DEMO_DATA
800,INC-00000800,2026-07-20T22:54:13Z,2026-07-20T23:15:13Z,2026-07-21T00:37:13Z,2026-07-22T00:10:13Z,,,20260720,2250,6,43,24,3,3,2,0,3,2508,1,69.9,21.0,103.0,1516.0,,,False,False,False,False,SYNTHETIC_DEMO_DATA
801,INC-00000801,2025-09-04T00:04:24Z,2025-09-04T00:31:24Z,2025-09-04T00:53:24Z,2025-09-04T03:04:24Z,2025-09-04T04:14:24Z,,20250904,0,6,23,6,1,4,11,3,1,9223,1,54.0,27.0,49.0,180.0,250.0,,False,False,True,True,SYNTHETIC_DEMO_DATA
802,INC-00000802,2026-05-19T07:47:39Z,2026-05-19T08:10:39Z,2026-05-19T08:27:39Z,2026-05-19T09:11:39Z,2026-05-19T13:25:39Z,2026-05-19T15:42:39Z,20260519,745,1,74,1,1,5,4,1,1,4723,1,36.8,23.0,40.0,84.0,338.0,137.0,False,False,False,True,SYNTHETIC_DEMO_DATA
803,INC-00000803,2025-08-16T15:35:12Z,2025-08-16T16:09:12Z,2025-08-16T16:35:12Z,2025-08-16T22:46:12Z,2025-08-17T15:15:12Z,2025-08-17T18:25:12Z,20250816,1535,6,87,41,1,5,15,1,1,9508,1,53.8,34.0,60.0,431.0,1420.0,190.0,True,False,False,True,SYNTHETIC_DEMO_DATA
804,INC-00000804,2026-04-29T06:10:24Z,2026-04-29T06:40:24Z,2026-04-29T07:27:24Z,2026-04-29T09:36:24Z,2026-04-29T10:35:24Z,,20260429,610,7,78,7,2,4,9,1,2,7593,1,61.2,30.0,77.0,206.0,265.0,,False,False,False,True,SYNTHETIC_DEMO_DATA
805,INC-00000805,2026-05-03T12:27:49Z,2026-05-03T12:35:49Z,2026-05-03T12:50:49Z,2026-05-03T13:21:49Z,2026-05-03T15:56:49Z,2026-05-03T18:58:49Z,20260503,1225,5,166,5,1,5,1,1,1,8728,1,29.4,8.0,23.0,54.0,209.0,182.0,False,False,False,True,SYNTHETIC_DEMO_DATA
806,INC-00000806,2025-08-13T17:44:17Z,2025-08-13T18:11:17Z,2025-08-13T18:29:17Z,2025-08-13T19:01:17Z,2025-08-13T22:17:17Z,2025-08-13T22:29:17Z,20250813,1740,1,149,39,2,5,13,1,2,3926,1,64.1,27.0,45.0,77.0,273.0,12.0,False,False,False,True,SYNTHETIC_DEMO_DATA
807,INC-00000807,2025-03-21T15:44:29Z,2025-03-21T16:24:29Z,2025-03-21T16:28:29Z,2025-03-21T16:59:29Z,2025-03-21T20:15:29Z,2025-03-22T05:00:29Z,20250321,1540,4,239,43,1,5,5,1,1,532,1,53.3,40.0,44.0,75.0,271.0,525.0,False,False,False,True,SYNTHETIC_DEMO_DATA
808,INC-00000808,2026-06-12T23:41:42Z,2026-06-13T00:11:42Z,2026-06-13T00:22:42Z,2026-06-13T02:05:42Z,2026-06-13T04:56:42Z,2026-06-13T14:36:42Z,20260612,2340,2,100,25,1,5,16,1,1,11428,1,45.2,30.0,41.0,144.0,315.0,580.0,False,False,False,True,SYNTHETIC_DEMO_DATA
809,INC-00000809,2026-03-26T16:51:47Z,2026-03-26T17:00:47Z,2026-03-26T17:36:47Z,2026-03-26T18:12:47Z,2026-03-26T20:47:47Z,2026-03-26T21:14:47Z,20260326,1650,1,191,36,2,5,10,2,2,15185,1,52.0,9.0,45.0,81.0,236.0,27.0,False,False,True,True,SYNTHETIC_DEMO_DATA
810,INC-00000810,2025-06-12T21:43:33Z,2025-06-12T22:12:33Z,2025-06-12T22:48:33Z,2025-06-13T00:06:33Z,2025-06-13T03:16:33Z,2025-06-13T07:31:33Z,20250612,2140,5,71,8,4,5,5,1,4,12301,1,91.4,29.0,65.0,143.0,333.0,255.0,True,False,False,True,SYNTHETIC_DEMO_DATA
811,INC-00000811,2026-05-20T17:37:21Z,2026-05-20T17:50:21Z,2026-05-20T18:16:21Z,2026-05-20T18:37:21Z,2026-05-20T21:57:21Z,2026-05-21T00:37:21Z,20260520,1735,7,118,4,2,5,14,1,2,12000,1,58.8,13.0,39.0,60.0,260.0,160.0,False,False,False,True,SYNTHETIC_DEMO_DATA
812,INC-00000812,2025-06-24T16:38:36Z,2025-06-24T17:08:36Z,2025-06-24T17:37:36Z,2025-06-24T18:14:36Z,2025-06-25T00:07:36Z,2025-06-25T10:05:36Z,20250624,1635,3,145,45,2,5,7,1,2,5283,1,59.1,30.0,59.0,96.0,449.0,598.0,False,False,False,True,SYNTHETIC_DEMO_DATA
813,INC-00000813,2025-06-19T12:17:24Z,2025-06-19T13:26:24Z,2025-06-19T13:40:24Z,2025-06-19T14:33:24Z,2025-06-19T19:14:24Z,2025-06-19T22:44:24Z,20250619,1215,6,88,27,1,5,17,1,1,5622,1,41.5,69.0,83.0,136.0,417.0,210.0,False,False,False,True,SYNTHETIC_DEMO_DATA
814,INC-00000814,2025-03-12T22:03:51Z,2025-03-12T22:11:51Z,2025-03-12T22:28:51Z,2025-03-12T23:38:51Z,2025-03-13T05:57:51Z,2025-03-13T15:51:51Z,20250312,2200,2,144,17,1,5,10,1,1,11746,1,34.3,8.0,25.0,95.0,474.0,594.0,True,False,False,True,SYNTHETIC_DEMO_DATA
815,INC-00000815,2025-06-21T16:01:51Z,2025-06-21T16:11:51Z,2025-06-21T16:21:51Z,2025-06-21T20:09:51Z,2025-06-22T01:46:51Z,2025-06-22T02:43:51Z,20250621,1600,6,98,39,1,5,3,3,1,10120,1,29.0,10.0,20.0,248.0,585.0,57.0,False,False,True,True,SYNTHETIC_DEMO_DATA
816,INC-00000816,2026-02-05T14:08:32Z,2026-02-05T14:32:32Z,2026-02-05T14:41:32Z,2026-02-05T15:19:32Z,2026-02-05T15:55:32Z,2026-02-05T19:13:32Z,20260205,1405,1,23,36,3,5,16,1,3,5369,1,82.8,24.0,33.0,71.0,107.0,198.0,False,False,False,True,SYNTHETIC_DEMO_DATA
817,INC-00000817,2025-03-19T15:20:03Z,2025-03-19T15:55:03Z,2025-03-19T16:15:03Z,2025-03-19T16:50:03Z,2025-03-19T22:49:03Z,2025-03-19T23:06:03Z,20250319,1520,3,222,16,1,5,7,1,1,12130,1,39.0,35.0,55.0,90.0,449.0,17.0,False,False,False,True,SYNTHETIC_DEMO_DATA
818,INC-00000818,2026-01-04T15:13:08Z,2026-01-04T15:25:08Z,2026-01-04T15:35:08Z,2026-01-04T17:08:08Z,2026-01-04T17:45:08Z,2026-01-04T20:37:08Z,20260104,1510,1,67,41,1,5,18,1,1,13982,1,29.8,12.0,22.0,115.0,152.0,172.0,False,False,False,True,SYNTHETIC_DEMO_DATA
819,INC-00000819,2026-07-23T15:50:40Z,2026-07-23T16:10:40Z,2026-07-23T16:21:40Z,2026-07-23T17:27:40Z,2026-07-23T19:37:40Z,2026-07-23T23:33:40Z,20260723,1550,1,144,11,3,5,13,4,3,1552,1,52.1,20.0,31.0,97.0,227.0,236.0,False,False,False,True,SYNTHETIC_DEMO_DATA
820,INC-00000820,2026-07-24T18:35:45Z,2026-07-24T18:41:45Z,2026-07-24T19:01:45Z,,,,20260724,1835,2,199,19,4,2,7,0,4,9531,1,100,6.0,26.0,,,,True,False,False,False,SYNTHETIC_DEMO_DATA
821,INC-00000821,2025-12-09T09:51:31Z,2025-12-09T10:17:31Z,2025-12-09T11:20:31Z,2025-12-09T11:50:31Z,2025-12-09T14:27:31Z,2025-12-09T23:18:31Z,20251209,950,3,38,24,3,5,17,1,3,16906,1,71.2,26.0,89.0,119.0,276.0,531.0,False,False,False,True,SYNTHETIC_DEMO_DATA
822,INC-00000822,2025-11-27T07:32:29Z,2025-11-27T09:02:29Z,2025-11-27T09:18:29Z,2025-11-27T10:36:29Z,2025-11-27T14:23:29Z,2025-11-27T23:20:29Z,20251127,730,5,136,39,2,5,9,2,2,2762,1,54.5,90.0,106.0,184.0,411.0,537.0,False,False,True,True,SYNTHETIC_DEMO_DATA
823,INC-00000823,2025-07-21T11:32:35Z,2025-07-21T12:02:35Z,2025-07-21T12:06:35Z,2025-07-21T12:32:35Z,2025-07-21T16:43:35Z,2025-07-21T18:33:35Z,20250721,1130,1,27,1,3,5,3,1,3,318,1,53.0,30.0,34.0,60.0,311.0,110.0,False,False,False,True,SYNTHETIC_DEMO_DATA
824,INC-00000824,2026-05-13T13:25:33Z,2026-05-13T13:39:33Z,2026-05-13T13:48:33Z,2026-05-13T16:39:33Z,2026-05-14T02:20:33Z,2026-05-14T12:12:33Z,20260513,1325,3,103,4,1,5,12,1,1,9849,1,34.3,14.0,23.0,194.0,775.0,592.0,False,False,False,True,SYNTHETIC_DEMO_DATA
825,INC-00000825,2025-09-27T18:27:48Z,2025-09-27T18:41:48Z,2025-09-27T19:26:48Z,2025-09-27T21:41:48Z,2025-09-28T00:32:48Z,2025-09-28T01:18:48Z,20250927,1825,1,59,37,1,5,5,1,1,12250,1,57.8,14.0,59.0,194.0,365.0,46.0,True,False,False,True,SYNTHETIC_DEMO_DATA
826,INC-00000826,2025-04-26T12:47:24Z,2025-04-26T13:12:24Z,2025-04-26T13:18:24Z,2025-04-26T15:18:24Z,2025-04-26T16:46:24Z,2025-04-26T17:29:24Z,20250426,1245,6,179,36,1,5,16,1,1,278,1,28.9,25.0,31.0,151.0,239.0,43.0,False,False,False,True,SYNTHETIC_DEMO_DATA
827,INC-00000827,2025-12-22T11:24:19Z,2025-12-22T11:51:19Z,2025-12-22T12:13:19Z,2025-12-22T13:45:19Z,2025-12-22T20:46:19Z,2025-12-23T01:56:19Z,20251222,1120,7,205,5,2,5,10,1,2,4638,1,51.0,27.0,49.0,141.0,562.0,310.0,False,False,False,True,SYNTHETIC_DEMO_DATA
828,INC-00000828,2025-06-17T13:18:23Z,2025-06-17T13:57:23Z,2025-06-17T14:43:23Z,2025-06-17T16:05:23Z,2025-06-17T17:16:23Z,2025-06-18T03:39:23Z,20250617,1315,6,233,23,1,5,2,3,1,5100,1,28.2,39.0,85.0,167.0,238.0,623.0,False,False,True,True,SYNTHETIC_DEMO_DATA
829,INC-00000829,2026-01-20T08:48:30Z,2026-01-20T09:13:30Z,2026-01-20T10:04:30Z,2026-01-20T15:41:30Z,2026-01-21T08:55:30Z,2026-01-21T18:58:30Z,20260120,845,7,87,21,1,5,13,1,1,9203,1,47.2,25.0,76.0,413.0,1447.0,603.0,False,False,False,True,SYNTHETIC_DEMO_DATA
830,INC-00000830,2025-10-27T14:19:59Z,2025-10-27T14:36:59Z,2025-10-27T15:15:59Z,2025-10-27T17:30:59Z,2025-10-27T18:11:59Z,2025-10-27T22:11:59Z,20251027,1415,5,128,12,3,5,8,1,3,11003,1,71.9,17.0,56.0,191.0,232.0,240.0,False,False,False,True,SYNTHETIC_DEMO_DATA
831,INC-00000831,2026-03-12T13:29:58Z,2026-03-12T13:46:58Z,2026-03-12T15:11:58Z,2026-03-12T16:49:58Z,2026-03-12T20:00:58Z,,20260312,1325,5,2,8,1,4,17,1,1,15929,1,42.4,17.0,102.0,200.0,391.0,,False,False,False,True,SYNTHETIC_DEMO_DATA
832,INC-00000832,2026-03-14T03:07:09Z,2026-03-14T03:12:09Z,2026-03-14T03:32:09Z,2026-03-14T04:28:09Z,2026-03-14T09:39:09Z,2026-03-14T16:35:09Z,20260314,305,1,119,39,3,5,12,3,3,13887,1,67.3,5.0,25.0,81.0,392.0,416.0,False,False,True,True,SYNTHETIC_DEMO_DATA
833,INC-00000833,2025-05-25T09:33:23Z,2025-05-25T10:21:23Z,2025-05-25T10:37:23Z,2025-05-25T11:07:23Z,2025-05-25T16:42:23Z,,20250525,930,1,221,5,2,4,4,4,2,395,1,66.0,48.0,64.0,94.0,429.0,,False,False,False,True,SYNTHETIC_DEMO_DATA
834,INC-00000834,2026-05-22T16:23:35Z,2026-05-22T16:32:35Z,2026-05-22T17:01:35Z,2026-05-22T17:32:35Z,2026-05-22T19:21:35Z,2026-05-23T05:28:35Z,20260522,1620,2,232,24,2,5,15,3,2,10300,1,54.4,9.0,38.0,69.0,178.0,607.0,False,False,True,True,SYNTHETIC_DEMO_DATA
835,INC-00000835,2025-11-20T13:35:44Z,2025-11-20T13:39:44Z,2025-11-20T14:10:44Z,2025-11-20T15:49:44Z,2025-11-20T17:43:44Z,2025-11-21T00:01:44Z,20251120,1335,5,100,22,3,5,9,1,3,11822,1,77.7,4.0,35.0,134.0,248.0,378.0,False,False,False,True,SYNTHETIC_DEMO_DATA
836,INC-00000836,2026-03-29T18:43:30Z,2026-03-29T18:48:30Z,2026-03-29T19:09:30Z,2026-03-29T21:07:30Z,2026-03-30T02:29:30Z,2026-03-30T03:36:30Z,20260329,1840,2,202,17,2,5,1,1,2,10180,1,63.5,5.0,26.0,144.0,466.0,67.0,True,False,False,True,SYNTHETIC_DEMO_DATA
837,INC-00000837,2026-07-17T13:23:42Z,2026-07-17T14:26:42Z,2026-07-17T15:24:42Z,2026-07-17T16:01:42Z,2026-07-17T17:41:42Z,2026-07-17T23:46:42Z,20260717,1320,1,229,23,3,5,13,1,3,4411,1,64.6,63.0,121.0,158.0,258.0,365.0,False,False,False,False,SYNTHETIC_DEMO_DATA
838,INC-00000838,2025-10-28T02:28:51Z,2025-10-28T02:49:51Z,2025-10-28T03:19:51Z,2025-10-28T04:56:51Z,2025-10-28T07:16:51Z,2025-10-28T11:24:51Z,20251028,225,7,151,37,1,5,4,1,1,82,1,36.6,21.0,51.0,148.0,288.0,248.0,False,False,False,True,SYNTHETIC_DEMO_DATA
839,INC-00000839,2026-04-01T07:04:16Z,2026-04-01T07:13:16Z,2026-04-01T07:21:16Z,2026-04-01T08:24:16Z,2026-04-01T10:43:16Z,2026-04-01T11:56:16Z,20260401,700,7,64,29,3,5,17,1,3,13382,1,78.8,9.0,17.0,80.0,219.0,73.0,False,False,False,True,SYNTHETIC_DEMO_DATA
840,INC-00000840,2025-10-14T18:08:59Z,2025-10-14T18:19:59Z,2025-10-14T19:00:59Z,2025-10-14T20:21:59Z,2025-10-14T22:04:59Z,2025-10-15T08:13:59Z,20251014,1805,5,140,8,1,5,8,1,1,3272,1,52.7,11.0,52.0,133.0,236.0,609.0,False,False,False,True,SYNTHETIC_DEMO_DATA
841,INC-00000841,2025-03-03T15:59:16Z,2025-03-03T16:11:16Z,2025-03-03T16:17:16Z,2025-03-03T17:35:16Z,2025-03-04T16:18:16Z,2025-03-05T01:28:16Z,20250303,1555,2,141,6,2,5,2,1,2,14413,1,60.0,12.0,18.0,96.0,1459.0,550.0,False,False,False,True,SYNTHETIC_DEMO_DATA
842,INC-00000842,2025-07-22T12:09:43Z,2025-07-22T12:53:43Z,2025-07-22T13:34:43Z,,,,20250722,1205,1,230,25,1,2,12,0,1,14058,1,48.1,44.0,85.0,,,,False,False,False,False,SYNTHETIC_DEMO_DATA
843,INC-00000843,2025-08-16T08:37:19Z,2025-08-16T08:58:19Z,2025-08-16T10:10:19Z,2025-08-16T14:06:19Z,2025-08-16T22:00:19Z,,20250816,835,1,165,22,1,4,5,3,1,13120,1,40.8,21.0,93.0,329.0,803.0,,False,False,True,True,SYNTHETIC_DEMO_DATA
844,INC-00000844,2025-07-15T13:22:20Z,2025-07-15T13:28:20Z,2025-07-15T13:43:20Z,2025-07-15T15:11:20Z,2025-07-15T23:40:20Z,,20250715,1320,5,216,22,2,4,17,1,2,1443,1,45.8,6.0,21.0,109.0,618.0,,False,False,False,True,SYNTHETIC_DEMO_DATA
845,INC-00000845,2025-10-17T19:35:12Z,2025-10-17T19:48:12Z,2025-10-17T20:25:12Z,2025-10-17T20:59:12Z,2025-10-17T22:36:12Z,2025-10-18T05:29:12Z,20251017,1935,2,138,38,1,5,9,3,1,10453,1,36.2,13.0,50.0,84.0,181.0,413.0,False,False,True,True,SYNTHETIC_DEMO_DATA
846,INC-00000846,2026-03-12T10:25:38Z,2026-03-12T10:54:38Z,2026-03-12T11:14:38Z,2026-03-12T13:39:38Z,2026-03-12T15:10:38Z,2026-03-13T02:44:38Z,20260312,1025,7,77,37,2,5,3,4,2,5471,1,66.2,29.0,49.0,194.0,285.0,694.0,False,False,False,True,SYNTHETIC_DEMO_DATA
847,INC-00000847,2025-12-01T18:05:01Z,2025-12-01T18:22:01Z,2025-12-01T18:53:01Z,2025-12-01T19:20:01Z,2025-12-01T23:47:01Z,2025-12-02T08:55:01Z,20251201,1805,4,56,38,1,5,13,1,1,15537,1,50.0,17.0,48.0,75.0,342.0,548.0,True,False,False,True,SYNTHETIC_DEMO_DATA
848,INC-00000848,2026-04-02T14:48:00Z,2026-04-02T15:18:00Z,2026-04-02T15:44:00Z,2026-04-02T16:15:00Z,2026-04-02T18:12:00Z,2026-04-03T02:12:00Z,20260402,1445,1,211,20,3,5,8,1,3,7157,1,66.4,30.0,56.0,87.0,204.0,480.0,False,True,False,True,SYNTHETIC_DEMO_DATA
849,INC-00000849,2026-07-01T16:38:56Z,2026-07-01T16:49:56Z,2026-07-01T17:05:56Z,2026-07-01T17:45:56Z,2026-07-01T19:36:56Z,2026-07-02T01:43:56Z,20260701,1635,3,21,30,2,5,18,1,2,14464,1,50.4,11.0,27.0,67.0,178.0,367.0,False,False,False,True,SYNTHETIC_DEMO_DATA
850,INC-00000850,2026-06-29T08:38:56Z,2026-06-29T08:49:56Z,2026-06-29T09:15:56Z,2026-06-29T10:32:56Z,2026-06-29T12:07:56Z,2026-06-29T15:58:56Z,20260629,835,2,132,36,3,5,12,4,3,14000,1,76.7,11.0,37.0,114.0,209.0,231.0,False,False,False,True,SYNTHETIC_DEMO_DATA
851,INC-00000851,2025-06-27T18:58:16Z,2025-06-27T19:05:16Z,2025-06-27T19:32:16Z,2025-06-27T20:27:16Z,2025-06-27T23:37:16Z,,20250627,1855,3,164,33,2,4,4,1,2,14496,1,50.8,7.0,34.0,89.0,279.0,,False,False,False,True,SYNTHETIC_DEMO_DATA
852,INC-00000852,2025-07-26T15:00:00Z,2025-07-26T15:23:00Z,2025-07-26T15:52:00Z,2025-07-26T19:48:00Z,2025-07-26T20:59:00Z,,20250726,1500,3,209,24,2,4,15,1,2,8400,1,55.2,23.0,52.0,288.0,359.0,,False,False,False,True,SYNTHETIC_DEMO_DATA
853,INC-00000853,2025-03-14T12:54:18Z,2025-03-14T13:02:18Z,2025-03-14T14:03:18Z,2025-03-14T16:20:18Z,2025-03-14T20:00:18Z,2025-03-14T22:01:18Z,20250314,1250,2,44,42,4,5,10,1,4,7298,1,93.5,8.0,69.0,206.0,426.0,121.0,True,False,False,False,SYNTHETIC_DEMO_DATA
854,INC-00000854,2025-08-04T12:36:22Z,2025-08-04T13:10:22Z,2025-08-04T13:17:22Z,2025-08-04T13:59:22Z,2025-08-04T15:10:22Z,2025-08-05T00:01:22Z,20250804,1235,7,218,25,2,5,1,3,2,12035,1,51.5,34.0,41.0,83.0,154.0,531.0,False,False,True,True,SYNTHETIC_DEMO_DATA
855,INC-00000855,2026-06-08T00:37:12Z,2026-06-08T00:47:12Z,2026-06-08T01:05:12Z,2026-06-08T02:45:12Z,2026-06-08T03:37:12Z,2026-06-08T04:08:12Z,20260608,35,5,110,29,2,5,12,1,2,8566,1,51.4,10.0,28.0,128.0,180.0,31.0,False,False,False,True,SYNTHETIC_DEMO_DATA
856,INC-00000856,2025-06-18T20:08:13Z,2025-06-18T20:41:13Z,2025-06-18T21:26:13Z,2025-06-18T22:36:13Z,2025-06-19T02:08:13Z,,20250618,2005,5,128,29,1,4,4,3,1,17804,1,39.4,33.0,78.0,148.0,360.0,,False,False,True,True,SYNTHETIC_DEMO_DATA
857,INC-00000857,2026-06-22T13:41:41Z,2026-06-22T14:02:41Z,2026-06-22T15:03:41Z,2026-06-23T02:51:41Z,2026-06-23T04:26:41Z,2026-06-23T10:00:41Z,20260622,1340,6,215,17,2,5,16,1,2,8088,1,47.4,21.0,82.0,790.0,885.0,334.0,False,False,False,False,SYNTHETIC_DEMO_DATA
858,INC-00000858,2026-01-17T14:15:01Z,2026-01-17T15:32:01Z,2026-01-17T16:11:01Z,2026-01-17T17:34:01Z,2026-01-17T18:33:01Z,2026-01-17T22:17:01Z,20260117,1415,3,153,12,3,5,10,3,3,10470,1,72.7,77.0,116.0,199.0,258.0,224.0,True,False,True,False,SYNTHETIC_DEMO_DATA
859,INC-00000859,2025-09-08T09:09:02Z,2025-09-08T09:16:02Z,2025-09-08T09:47:02Z,2025-09-08T11:19:02Z,2025-09-08T12:02:02Z,2025-09-08T17:33:02Z,20250908,905,2,114,1,2,5,2,1,2,11044,1,59.3,7.0,38.0,130.0,173.0,331.0,False,False,False,True,SYNTHETIC_DEMO_DATA
860,INC-00000860,2025-04-15T12:06:12Z,2025-04-15T12:16:12Z,2025-04-15T12:44:12Z,2025-04-15T13:27:12Z,2025-04-15T14:22:12Z,2025-04-15T20:06:12Z,20250415,1205,1,111,4,1,5,12,2,1,15169,1,33.6,10.0,38.0,81.0,136.0,344.0,False,False,True,True,SYNTHETIC_DEMO_DATA
861,INC-00000861,2025-11-17T16:12:09Z,2025-11-17T16:47:09Z,2025-11-17T16:57:09Z,2025-11-17T18:19:09Z,2025-11-18T01:11:09Z,,20251117,1610,7,233,41,1,4,5,2,1,14378,1,27.6,35.0,45.0,127.0,539.0,,False,False,True,True,SYNTHETIC_DEMO_DATA
862,INC-00000862,2026-03-10T09:11:32Z,2026-03-10T09:20:32Z,2026-03-10T09:35:32Z,,,,20260310,910,3,131,17,3,2,18,0,3,8122,1,76.8,9.0,24.0,,,,False,False,False,False,SYNTHETIC_DEMO_DATA
863,INC-00000863,2025-08-02T13:08:19Z,2025-08-02T13:28:19Z,2025-08-02T13:36:19Z,2025-08-02T15:01:19Z,2025-08-02T18:40:19Z,2025-08-03T06:23:19Z,20250802,1305,3,196,3,1,5,9,1,1,6324,1,39.1,20.0,28.0,113.0,332.0,703.0,False,False,False,True,SYNTHETIC_DEMO_DATA
864,INC-00000864,2026-06-13T03:00:32Z,2026-06-13T03:13:32Z,2026-06-13T03:23:32Z,2026-06-13T13:36:32Z,,,20260613,300,2,14,6,1,3,2,0,1,6876,1,50.5,13.0,23.0,636.0,,,False,False,False,False,SYNTHETIC_DEMO_DATA
865,INC-00000865,2025-09-16T09:26:22Z,2025-09-16T09:41:22Z,2025-09-16T09:59:22Z,2025-09-16T10:18:22Z,2025-09-16T12:57:22Z,2025-09-16T23:20:22Z,20250916,925,7,38,37,2,5,14,1,2,17036,1,48.7,15.0,33.0,52.0,211.0,623.0,False,False,False,True,SYNTHETIC_DEMO_DATA
866,INC-00000866,2025-06-27T14:34:19Z,2025-06-27T15:03:19Z,2025-06-27T15:12:19Z,2025-06-27T16:31:19Z,2025-06-27T20:07:19Z,2025-06-28T08:04:19Z,20250627,1430,6,77,39,1,5,6,1,1,528,1,46.4,29.0,38.0,117.0,333.0,717.0,False,False,False,True,SYNTHETIC_DEMO_DATA
867,INC-00000867,2026-04-16T09:46:27Z,2026-04-16T10:03:27Z,2026-04-16T10:52:27Z,2026-04-16T12:39:27Z,2026-04-16T14:31:27Z,,20260416,945,2,42,3,2,4,18,1,2,743,1,58.8,17.0,66.0,173.0,285.0,,False,False,False,True,SYNTHETIC_DEMO_DATA
868,INC-00000868,2025-10-03T22:11:49Z,2025-10-03T22:20:49Z,2025-10-03T22:49:49Z,2025-10-04T01:26:49Z,2025-10-04T04:47:49Z,2025-10-04T07:21:49Z,20251003,2210,7,11,21,2,5,11,3,2,14051,1,55.8,9.0,38.0,195.0,396.0,154.0,False,False,True,True,SYNTHETIC_DEMO_DATA
869,INC-00000869,2026-06-25T14:17:57Z,2026-06-25T14:43:57Z,2026-06-25T15:13:57Z,2026-06-25T16:12:57Z,2026-06-26T00:42:57Z,2026-06-26T01:06:57Z,20260625,1415,1,130,25,1,5,3,1,1,6659,1,43.6,26.0,56.0,115.0,625.0,24.0,True,False,False,True,SYNTHETIC_DEMO_DATA
870,INC-00000870,2026-02-16T16:31:45Z,2026-02-16T18:38:45Z,2026-02-16T18:46:45Z,2026-02-16T22:43:45Z,2026-02-17T08:29:45Z,,20260216,1630,4,145,10,1,4,14,3,1,14673,1,45.6,127.0,135.0,372.0,958.0,,False,False,True,True,SYNTHETIC_DEMO_DATA
871,INC-00000871,2025-12-25T16:03:40Z,2025-12-25T16:12:40Z,2025-12-25T16:57:40Z,2025-12-25T17:11:40Z,2025-12-25T18:25:40Z,2025-12-25T21:45:40Z,20251225,1600,4,231,30,1,5,7,4,1,13410,1,45.2,9.0,54.0,68.0,142.0,200.0,False,False,False,True,SYNTHETIC_DEMO_DATA
872,INC-00000872,2026-07-09T03:09:08Z,2026-07-09T04:26:08Z,2026-07-09T04:30:08Z,2026-07-09T05:52:08Z,2026-07-09T12:46:08Z,2026-07-09T13:49:08Z,20260709,305,7,9,3,2,5,1,1,2,2570,1,39.0,77.0,81.0,163.0,577.0,63.0,False,False,False,True,SYNTHETIC_DEMO_DATA
873,INC-00000873,2025-10-23T15:34:12Z,2025-10-23T16:00:12Z,2025-10-23T16:16:12Z,2025-10-23T17:00:12Z,2025-10-23T18:05:12Z,2025-10-23T22:58:12Z,20251023,1530,5,61,14,3,5,13,4,3,15095,1,67.4,26.0,42.0,86.0,151.0,293.0,False,False,False,True,SYNTHETIC_DEMO_DATA
874,INC-00000874,2026-01-13T10:45:55Z,2026-01-13T10:53:55Z,2026-01-13T11:04:55Z,2026-01-13T11:28:55Z,2026-01-13T13:39:55Z,2026-01-13T18:59:55Z,20260113,1045,5,3,24,2,5,5,1,2,9528,1,48.9,8.0,19.0,43.0,174.0,320.0,False,False,False,True,SYNTHETIC_DEMO_DATA
875,INC-00000875,2025-06-26T18:16:52Z,2025-06-26T18:36:52Z,2025-06-26T18:48:52Z,2025-06-26T20:33:52Z,2025-06-26T21:58:52Z,2025-06-27T09:01:52Z,20250626,1815,2,158,3,1,5,15,1,1,12869,1,51.5,20.0,32.0,137.0,222.0,663.0,False,False,False,True,SYNTHETIC_DEMO_DATA
876,INC-00000876,2025-04-30T07:42:24Z,2025-04-30T07:54:24Z,2025-04-30T09:01:24Z,2025-04-30T10:35:24Z,2025-04-30T13:12:24Z,2025-04-30T21:39:24Z,20250430,740,4,121,17,3,5,10,3,3,12133,1,58.7,12.0,79.0,173.0,330.0,507.0,False,False,True,True,SYNTHETIC_DEMO_DATA
877,INC-00000877,2026-01-13T15:18:32Z,2026-01-13T15:53:32Z,2026-01-13T16:17:32Z,2026-01-13T17:16:32Z,2026-01-13T20:02:32Z,2026-01-13T21:59:32Z,20260113,1515,6,116,18,2,5,2,1,2,16344,1,44.5,35.0,59.0,118.0,284.0,117.0,False,False,False,True,SYNTHETIC_DEMO_DATA
878,INC-00000878,2025-08-09T06:20:24Z,2025-08-09T06:32:24Z,2025-08-09T06:46:24Z,2025-08-09T09:41:24Z,2025-08-09T17:00:24Z,2025-08-09T17:27:24Z,20250809,620,3,8,10,2,5,13,1,2,1368,1,49.0,12.0,26.0,201.0,640.0,27.0,False,False,False,True,SYNTHETIC_DEMO_DATA
879,INC-00000879,2025-02-13T13:57:04Z,2025-02-13T14:59:04Z,2025-02-13T15:18:04Z,2025-02-13T17:56:04Z,2025-02-14T06:37:04Z,2025-02-14T16:45:04Z,20250213,1355,1,137,21,2,5,6,1,2,10853,1,56.1,62.0,81.0,239.0,1000.0,608.0,False,False,False,True,SYNTHETIC_DEMO_DATA
880,INC-00000880,2025-07-29T05:17:47Z,2025-07-29T05:49:47Z,2025-07-29T06:05:47Z,2025-07-29T07:32:47Z,2025-07-29T08:56:47Z,,20250729,515,3,26,2,3,4,18,1,3,955,1,70.8,32.0,48.0,135.0,219.0,,True,False,False,True,SYNTHETIC_DEMO_DATA
881,INC-00000881,2025-03-05T20:17:02Z,2025-03-05T20:35:02Z,2025-03-05T21:16:02Z,2025-03-05T22:21:02Z,2025-03-06T15:09:02Z,,20250305,2015,6,37,6,2,4,10,1,2,16868,1,60.5,18.0,59.0,124.0,1132.0,,False,False,False,True,SYNTHETIC_DEMO_DATA
882,INC-00000882,2025-08-11T10:41:18Z,2025-08-11T12:46:18Z,2025-08-11T12:59:18Z,2025-08-11T14:37:18Z,2025-08-11T15:58:18Z,2025-08-11T23:39:18Z,20250811,1040,6,224,43,3,5,4,1,3,9114,1,57.3,125.0,138.0,236.0,317.0,461.0,False,False,False,False,SYNTHETIC_DEMO_DATA
883,INC-00000883,2026-03-10T12:37:26Z,2026-03-10T12:52:26Z,2026-03-10T13:21:26Z,2026-03-10T16:16:26Z,2026-03-10T18:29:26Z,,20260310,1235,7,221,11,2,4,14,1,2,11330,1,62.2,15.0,44.0,219.0,352.0,,False,False,False,True,SYNTHETIC_DEMO_DATA
884,INC-00000884,2025-07-26T17:37:43Z,2025-07-26T17:59:43Z,2025-07-26T18:16:43Z,2025-07-26T19:21:43Z,2025-07-26T21:53:43Z,2025-07-26T22:30:43Z,20250726,1735,3,41,4,2,5,7,1,2,6924,1,64.3,22.0,39.0,104.0,256.0,37.0,False,False,False,True,SYNTHETIC_DEMO_DATA
885,INC-00000885,2025-12-24T14:13:26Z,2025-12-24T14:59:26Z,2025-12-24T15:23:26Z,2025-12-24T19:16:26Z,2025-12-24T20:46:26Z,2025-12-25T07:11:26Z,20251224,1410,6,84,7,1,5,17,1,1,5947,1,37.4,46.0,70.0,303.0,393.0,625.0,False,False,False,True,SYNTHETIC_DEMO_DATA
886,INC-00000886,2026-04-18T06:50:55Z,2026-04-18T06:53:55Z,2026-04-18T07:05:55Z,2026-04-18T08:10:55Z,2026-04-18T08:41:55Z,2026-04-18T20:07:55Z,20260418,650,7,11,4,4,5,13,1,4,17114,1,90.0,3.0,15.0,80.0,111.0,686.0,True,False,False,True,SYNTHETIC_DEMO_DATA
887,INC-00000887,2026-02-09T10:28:20Z,2026-02-09T10:40:20Z,2026-02-09T11:05:20Z,2026-02-09T11:26:20Z,2026-02-10T02:16:20Z,2026-02-10T07:52:20Z,20260209,1025,3,55,23,1,5,3,1,1,13827,1,41.9,12.0,37.0,58.0,948.0,336.0,False,False,False,True,SYNTHETIC_DEMO_DATA
888,INC-00000888,2025-12-05T20:40:06Z,2025-12-05T20:42:06Z,2025-12-05T21:07:06Z,2025-12-05T22:42:06Z,2025-12-06T02:42:06Z,,20251205,2040,6,46,10,5,4,18,2,5,11975,1,100,2.0,27.0,122.0,362.0,,True,False,True,False,SYNTHETIC_DEMO_DATA
889,INC-00000889,2025-07-04T18:57:02Z,2025-07-04T19:19:02Z,2025-07-04T19:29:02Z,2025-07-04T20:44:02Z,2025-07-05T02:42:02Z,2025-07-05T14:40:02Z,20250704,1855,3,55,15,4,5,10,1,4,2343,1,100,22.0,32.0,107.0,465.0,718.0,True,False,False,True,SYNTHETIC_DEMO_DATA
890,INC-00000890,2025-03-25T12:56:24Z,2025-03-25T13:17:24Z,2025-03-25T14:17:24Z,2025-03-25T15:19:24Z,2025-03-25T16:28:24Z,2025-03-26T03:21:24Z,20250325,1255,6,222,17,2,5,1,1,2,12009,1,59.9,21.0,81.0,143.0,212.0,653.0,False,False,False,True,SYNTHETIC_DEMO_DATA
891,INC-00000891,2026-01-14T00:18:33Z,2026-01-14T00:22:33Z,2026-01-14T00:47:33Z,2026-01-14T02:50:33Z,2026-01-14T05:47:33Z,2026-01-14T09:10:33Z,20260114,15,5,205,6,2,5,12,1,2,12719,1,68.8,4.0,29.0,152.0,329.0,203.0,True,False,False,True,SYNTHETIC_DEMO_DATA
892,INC-00000892,2025-05-07T18:28:29Z,2025-05-07T18:36:29Z,2025-05-07T18:48:29Z,2025-05-08T00:26:29Z,2025-05-08T03:06:29Z,2025-05-08T14:08:29Z,20250507,1825,6,102,18,1,5,4,1,1,7742,1,34.4,8.0,20.0,358.0,518.0,662.0,False,False,False,True,SYNTHETIC_DEMO_DATA
893,INC-00000893,2026-02-15T19:27:29Z,2026-02-15T19:50:29Z,2026-02-15T20:22:29Z,2026-02-16T00:51:29Z,2026-02-16T07:54:29Z,2026-02-16T14:21:29Z,20260215,1925,1,137,11,3,5,17,1,3,10219,1,63.1,23.0,55.0,324.0,747.0,387.0,False,False,False,True,SYNTHETIC_DEMO_DATA
894,INC-00000894,2026-05-11T15:43:16Z,2026-05-11T15:54:16Z,2026-05-11T16:13:16Z,2026-05-11T17:31:16Z,2026-05-11T23:05:16Z,2026-05-12T09:18:16Z,20260511,1540,4,194,11,1,5,8,1,1,8891,1,46.5,11.0,30.0,108.0,442.0,613.0,False,False,False,True,SYNTHETIC_DEMO_DATA
895,INC-00000895,2026-07-08T16:54:55Z,2026-07-08T17:03:55Z,2026-07-08T17:28:55Z,,,,20260708,1650,3,61,41,2,2,2,0,2,13807,1,48.3,9.0,34.0,,,,False,False,False,False,SYNTHETIC_DEMO_DATA
896,INC-00000896,2026-03-18T03:28:27Z,2026-03-18T03:46:27Z,2026-03-18T04:04:27Z,2026-03-18T11:35:27Z,2026-03-18T12:47:27Z,2026-03-18T14:47:27Z,20260318,325,1,17,15,1,5,12,1,1,14467,1,28.8,18.0,36.0,487.0,559.0,120.0,False,False,False,True,SYNTHETIC_DEMO_DATA
897,INC-00000897,2025-03-09T05:30:57Z,2025-03-09T06:21:57Z,2025-03-09T06:41:57Z,2025-03-09T07:59:57Z,2025-03-09T14:11:57Z,2025-03-09T14:35:57Z,20250309,530,5,211,12,3,5,7,1,3,11885,1,61.6,51.0,71.0,149.0,521.0,24.0,False,False,False,True,SYNTHETIC_DEMO_DATA
898,INC-00000898,2025-06-22T20:32:56Z,2025-06-22T20:34:56Z,2025-06-22T20:48:56Z,2025-06-22T21:32:56Z,2025-06-23T13:28:56Z,,20250622,2030,3,209,23,2,4,17,1,2,15396,1,50.7,2.0,16.0,60.0,1016.0,,False,False,False,True,SYNTHETIC_DEMO_DATA
899,INC-00000899,2025-11-04T12:14:06Z,2025-11-04T12:24:06Z,2025-11-04T13:00:06Z,2025-11-04T13:39:06Z,2025-11-04T14:59:06Z,2025-11-04T20:50:06Z,20251104,1210,1,195,5,3,5,11,2,3,15022,1,73.8,10.0,46.0,85.0,165.0,351.0,False,False,True,True,SYNTHETIC_DEMO_DATA
900,INC-00000900,2025-05-13T10:48:29Z,2025-05-13T11:11:29Z,2025-05-13T11:27:29Z,2025-05-13T13:47:29Z,2025-05-13T21:24:29Z,2025-05-14T02:16:29Z,20250513,1045,4,48,37,3,5,4,2,3,2981,1,65.1,23.0,39.0,179.0,636.0,292.0,False,False,True,True,SYNTHETIC_DEMO_DATA
901,INC-00000901,2026-03-20T00:53:51Z,2026-03-20T01:18:51Z,2026-03-20T01:35:51Z,2026-03-20T02:58:51Z,2026-03-20T04:25:51Z,2026-03-20T13:01:51Z,20260320,50,3,59,43,4,5,16,1,4,5426,1,100,25.0,42.0,125.0,212.0,516.0,True,True,False,True,SYNTHETIC_DEMO_DATA
902,INC-00000902,2026-07-21T09:25:33Z,2026-07-21T09:38:33Z,2026-07-21T09:54:33Z,,,,20260721,925,1,127,18,2,2,7,0,2,8262,1,70.5,13.0,29.0,,,,True,False,False,False,SYNTHETIC_DEMO_DATA
903,INC-00000903,2026-03-23T12:54:02Z,2026-03-23T13:06:02Z,2026-03-23T13:31:02Z,2026-03-23T14:40:02Z,2026-03-23T18:07:02Z,2026-03-24T01:03:02Z,20260323,1250,6,63,43,2,5,18,1,2,170,1,43.2,12.0,37.0,106.0,313.0,416.0,False,False,False,True,SYNTHETIC_DEMO_DATA
904,INC-00000904,2025-12-09T16:42:37Z,2025-12-09T17:36:37Z,2025-12-09T17:45:37Z,2025-12-09T18:16:37Z,2025-12-10T01:46:37Z,2025-12-10T08:27:37Z,20251209,1640,1,215,12,4,5,13,2,4,3273,1,91.3,54.0,63.0,94.0,544.0,401.0,True,False,True,False,SYNTHETIC_DEMO_DATA
905,INC-00000905,2026-01-27T14:26:44Z,2026-01-27T14:37:44Z,2026-01-27T14:50:44Z,2026-01-27T16:43:44Z,2026-01-27T22:24:44Z,2026-01-28T03:32:44Z,20260127,1425,4,33,38,2,5,4,1,2,7533,1,61.6,11.0,24.0,137.0,478.0,308.0,False,False,False,True,SYNTHETIC_DEMO_DATA
906,INC-00000906,2025-07-18T18:18:23Z,2025-07-18T18:46:23Z,2025-07-18T19:13:23Z,,,,20250718,1815,3,141,8,3,2,16,0,3,4696,1,75.1,28.0,55.0,,,,False,False,False,False,SYNTHETIC_DEMO_DATA
907,INC-00000907,2025-11-08T13:09:22Z,2025-11-08T13:26:22Z,2025-11-08T13:51:22Z,2025-11-08T14:41:22Z,2025-11-08T23:12:22Z,,20251108,1305,2,182,10,1,4,7,2,1,9751,1,33.3,17.0,42.0,92.0,603.0,,False,False,True,True,SYNTHETIC_DEMO_DATA
908,INC-00000908,2025-03-23T23:43:14Z,2025-03-24T00:07:14Z,2025-03-24T00:20:14Z,2025-03-24T02:33:14Z,2025-03-24T02:56:14Z,,20250323,2340,3,213,26,2,4,1,1,2,15216,1,60.3,24.0,37.0,170.0,193.0,,False,False,False,True,SYNTHETIC_DEMO_DATA
909,INC-00000909,2025-05-18T14:29:08Z,2025-05-18T14:38:08Z,2025-05-18T14:54:08Z,2025-05-18T15:43:08Z,2025-05-18T16:24:08Z,2025-05-19T01:10:08Z,20250518,1425,6,190,41,3,5,13,2,3,2481,1,75.9,9.0,25.0,74.0,115.0,526.0,False,False,True,True,SYNTHETIC_DEMO_DATA
910,INC-00000910,2026-06-27T11:15:03Z,2026-06-27T12:00:03Z,2026-06-27T12:17:03Z,2026-06-27T12:41:03Z,2026-06-27T14:33:03Z,2026-06-27T16:05:03Z,20260627,1115,7,136,2,1,5,4,1,1,12252,1,44.1,45.0,62.0,86.0,198.0,92.0,False,False,False,True,SYNTHETIC_DEMO_DATA
911,INC-00000911,2025-06-03T08:22:15Z,2025-06-03T08:36:15Z,2025-06-03T09:04:15Z,2025-06-03T09:49:15Z,2025-06-03T21:05:15Z,2025-06-04T04:17:15Z,20250603,820,4,195,14,2,5,16,1,2,16887,1,57.0,14.0,42.0,87.0,763.0,432.0,False,False,False,True,SYNTHETIC_DEMO_DATA
912,INC-00000912,2025-06-25T15:44:08Z,2025-06-25T15:47:08Z,2025-06-25T16:16:08Z,2025-06-25T17:12:08Z,2025-06-25T18:42:08Z,,20250625,1540,5,48,23,5,4,12,1,5,13306,1,100,3.0,32.0,88.0,178.0,,True,False,False,False,SYNTHETIC_DEMO_DATA
913,INC-00000913,2025-06-12T09:05:26Z,2025-06-12T10:01:26Z,2025-06-12T10:20:26Z,2025-06-12T13:44:26Z,2025-06-12T20:35:26Z,2025-06-13T06:09:26Z,20250612,905,6,150,24,2,5,2,1,2,9339,1,71.3,56.0,75.0,279.0,690.0,574.0,True,False,False,True,SYNTHETIC_DEMO_DATA
914,INC-00000914,2025-05-16T08:04:27Z,2025-05-16T08:26:27Z,2025-05-16T08:38:27Z,2025-05-16T10:10:27Z,2025-05-16T21:17:27Z,2025-05-16T22:35:27Z,20250516,800,7,11,13,1,5,12,1,1,3520,1,40.9,22.0,34.0,126.0,793.0,78.0,False,False,False,True,SYNTHETIC_DEMO_DATA
915,INC-00000915,2025-05-05T11:37:35Z,2025-05-05T12:26:35Z,2025-05-05T12:31:35Z,2025-05-05T13:05:35Z,2025-05-05T14:00:35Z,2025-05-05T15:53:35Z,20250505,1135,5,44,40,1,5,5,1,1,730,1,29.1,49.0,54.0,88.0,143.0,113.0,False,False,False,True,SYNTHETIC_DEMO_DATA
916,INC-00000916,2025-02-14T14:25:50Z,2025-02-14T14:38:50Z,2025-02-14T15:05:50Z,2025-02-14T17:57:50Z,2025-02-14T21:42:50Z,2025-02-15T00:04:50Z,20250214,1425,1,101,26,1,5,16,4,1,6576,1,33.0,13.0,40.0,212.0,437.0,142.0,False,False,False,True,SYNTHETIC_DEMO_DATA
917,INC-00000917,2026-02-03T09:18:37Z,2026-02-03T09:43:37Z,2026-02-03T09:54:37Z,2026-02-03T10:55:37Z,2026-02-03T13:03:37Z,2026-02-03T18:01:37Z,20260203,915,1,154,33,4,5,12,4,4,187,1,100,25.0,36.0,97.0,225.0,298.0,True,False,False,True,SYNTHETIC_DEMO_DATA
918,INC-00000918,2025-08-30T12:03:55Z,,,,,,20250830,1200,6,212,18,1,1,2,0,1,1862,1,48.3,,,,,,False,False,False,False,SYNTHETIC_DEMO_DATA
919,INC-00000919,2026-03-14T16:43:30Z,2026-03-14T16:56:30Z,2026-03-14T17:15:30Z,2026-03-14T20:37:30Z,2026-03-15T02:32:30Z,2026-03-15T08:41:30Z,20260314,1640,6,96,11,1,5,13,3,1,11763,1,44.7,13.0,32.0,234.0,589.0,369.0,False,False,True,True,SYNTHETIC_DEMO_DATA
920,INC-00000920,2026-07-11T15:31:23Z,2026-07-11T15:53:23Z,2026-07-11T16:08:23Z,2026-07-11T21:40:23Z,2026-07-12T00:45:23Z,2026-07-12T06:17:23Z,20260711,1530,3,140,19,2,5,7,4,2,6709,1,62.2,22.0,37.0,369.0,554.0,332.0,False,False,False,True,SYNTHETIC_DEMO_DATA
921,INC-00000921,2025-06-04T16:28:20Z,2025-06-04T16:40:20Z,2025-06-04T17:41:20Z,2025-06-04T18:42:20Z,2025-06-05T13:09:20Z,2025-06-05T19:35:20Z,20250604,1625,5,104,31,2,5,18,1,2,16602,1,64.9,12.0,73.0,134.0,1241.0,386.0,False,False,False,True,SYNTHETIC_DEMO_DATA
922,INC-00000922,2025-05-03T14:38:28Z,2025-05-03T15:15:28Z,2025-05-03T15:32:28Z,2025-05-03T16:43:28Z,2025-05-03T18:07:28Z,2025-05-04T00:42:28Z,20250503,1435,3,38,17,3,5,12,1,3,7790,1,63.2,37.0,54.0,125.0,209.0,395.0,False,False,False,True,SYNTHETIC_DEMO_DATA
923,INC-00000923,2026-03-09T15:31:31Z,2026-03-09T15:39:31Z,2026-03-09T15:56:31Z,2026-03-09T17:08:31Z,2026-03-09T18:24:31Z,2026-03-09T23:12:31Z,20260309,1530,1,225,26,1,5,3,4,1,9561,1,27.8,8.0,25.0,97.0,173.0,288.0,False,False,False,True,SYNTHETIC_DEMO_DATA
924,INC-00000924,2025-04-29T09:35:35Z,2025-04-29T10:27:35Z,2025-04-29T10:39:35Z,2025-04-29T13:02:35Z,2025-04-29T14:33:35Z,2025-04-29T22:29:35Z,20250429,935,6,21,39,2,5,15,1,2,8374,1,62.1,52.0,64.0,207.0,298.0,476.0,True,False,False,True,SYNTHETIC_DEMO_DATA
925,INC-00000925,2025-08-22T09:01:21Z,2025-08-22T09:16:21Z,2025-08-22T09:46:21Z,2025-08-22T10:07:21Z,2025-08-22T10:26:21Z,2025-08-22T18:54:21Z,20250822,900,6,3,44,3,5,9,1,3,5393,1,67.3,15.0,45.0,66.0,85.0,508.0,False,False,False,True,SYNTHETIC_DEMO_DATA
926,INC-00000926,2026-04-08T03:44:00Z,2026-04-08T04:01:00Z,2026-04-08T04:11:00Z,2026-04-08T05:06:00Z,2026-04-08T07:08:00Z,2026-04-08T15:03:00Z,20260408,340,7,1,10,2,5,1,1,2,13663,1,62.1,17.0,27.0,82.0,204.0,475.0,False,False,False,True,SYNTHETIC_DEMO_DATA
927,INC-00000927,2026-07-02T08:40:13Z,2026-07-02T09:15:13Z,2026-07-02T09:21:13Z,2026-07-02T09:55:13Z,2026-07-02T11:00:13Z,,20260702,840,3,183,12,1,4,11,1,1,1343,1,33.0,35.0,41.0,75.0,140.0,,False,False,False,True,SYNTHETIC_DEMO_DATA
928,INC-00000928,2025-03-15T09:18:43Z,2025-03-15T09:24:43Z,2025-03-15T10:12:43Z,2025-03-15T10:48:43Z,2025-03-15T11:20:43Z,2025-03-15T20:11:43Z,20250315,915,7,54,43,5,5,8,4,5,11933,1,100,6.0,54.0,90.0,122.0,531.0,True,False,False,False,SYNTHETIC_DEMO_DATA
929,INC-00000929,2026-06-05T00:41:59Z,2026-06-05T01:06:59Z,2026-06-05T02:29:59Z,2026-06-05T04:20:59Z,2026-06-05T06:39:59Z,,20260605,40,7,206,38,3,4,17,1,3,15221,1,58.7,25.0,108.0,219.0,358.0,,False,False,False,True,SYNTHETIC_DEMO_DATA
930,INC-00000930,2026-04-10T12:22:04Z,2026-04-10T12:30:04Z,2026-04-10T12:42:04Z,2026-04-10T13:08:04Z,2026-04-11T04:54:04Z,2026-04-11T14:04:04Z,20260410,1220,7,123,10,2,5,9,1,2,1703,1,60.5,8.0,20.0,46.0,992.0,550.0,False,False,False,True,SYNTHETIC_DEMO_DATA
931,INC-00000931,2026-04-07T10:14:53Z,2026-04-07T10:33:53Z,2026-04-07T10:52:53Z,2026-04-07T15:07:53Z,2026-04-08T01:29:53Z,,20260407,1010,5,153,6,1,4,1,1,1,8012,1,21.6,19.0,38.0,293.0,915.0,,False,False,False,True,SYNTHETIC_DEMO_DATA
932,INC-00000932,2026-01-04T12:31:51Z,2026-01-04T12:42:51Z,2026-01-04T12:59:51Z,2026-01-04T14:05:51Z,2026-01-04T19:48:51Z,2026-01-05T05:26:51Z,20260104,1230,1,113,21,2,5,13,3,2,1037,1,69.8,11.0,28.0,94.0,437.0,578.0,False,False,True,True,SYNTHETIC_DEMO_DATA
933,INC-00000933,2025-02-17T12:32:04Z,2025-02-17T12:57:04Z,2025-02-17T13:26:04Z,2025-02-17T14:54:04Z,2025-02-18T00:05:04Z,2025-02-18T03:18:04Z,20250217,1230,4,19,2,1,5,5,1,1,7725,1,40.3,25.0,54.0,142.0,693.0,193.0,False,False,False,True,SYNTHETIC_DEMO_DATA
934,INC-00000934,2026-04-06T10:28:42Z,2026-04-06T11:00:42Z,2026-04-06T11:48:42Z,2026-04-06T12:51:42Z,2026-04-06T13:59:42Z,2026-04-07T01:19:42Z,20260406,1025,4,73,22,1,5,16,3,1,8194,1,41.3,32.0,80.0,143.0,211.0,680.0,False,False,True,True,SYNTHETIC_DEMO_DATA
935,INC-00000935,2025-04-18T11:20:35Z,2025-04-18T11:48:35Z,2025-04-18T12:05:35Z,2025-04-18T13:49:35Z,,,20250418,1120,6,180,33,3,3,11,0,3,2158,1,66.3,28.0,45.0,149.0,,,True,False,False,False,SYNTHETIC_DEMO_DATA
936,INC-00000936,2025-09-12T13:37:02Z,2025-09-12T14:13:02Z,2025-09-12T14:59:02Z,2025-09-12T17:24:02Z,2025-09-13T00:10:02Z,2025-09-13T01:52:02Z,20250912,1335,6,84,4,1,5,2,3,1,12928,1,42.3,36.0,82.0,227.0,633.0,102.0,False,False,True,True,SYNTHETIC_DEMO_DATA
937,INC-00000937,2025-09-07T17:34:31Z,2025-09-07T17:48:31Z,2025-09-07T18:13:31Z,2025-09-07T22:19:31Z,2025-09-08T12:13:31Z,2025-09-08T20:55:31Z,20250907,1730,3,30,40,1,5,13,4,1,5480,1,39.5,14.0,39.0,285.0,1119.0,522.0,False,False,False,True,SYNTHETIC_DEMO_DATA
938,INC-00000938,2025-09-26T13:02:42Z,2025-09-26T14:08:42Z,2025-09-26T14:53:42Z,2025-09-26T16:01:42Z,2025-09-26T18:26:42Z,2025-09-26T22:25:42Z,20250926,1300,6,1,31,1,5,6,1,1,3204,1,48.3,66.0,111.0,179.0,324.0,239.0,False,False,False,True,SYNTHETIC_DEMO_DATA
939,INC-00000939,2026-03-18T14:22:09Z,2026-03-18T15:07:09Z,2026-03-18T15:16:09Z,2026-03-18T16:14:09Z,2026-03-18T21:16:09Z,2026-03-19T06:21:09Z,20260318,1420,5,87,17,1,5,17,1,1,461,1,42.6,45.0,54.0,112.0,414.0,545.0,False,False,False,True,SYNTHETIC_DEMO_DATA
940,INC-00000940,2026-05-06T18:47:13Z,2026-05-06T18:54:13Z,2026-05-06T19:09:13Z,2026-05-06T20:10:13Z,2026-05-06T20:33:13Z,2026-05-07T02:26:13Z,20260506,1845,1,152,10,2,5,11,3,2,16008,1,43.1,7.0,22.0,83.0,106.0,353.0,False,False,True,True,SYNTHETIC_DEMO_DATA
941,INC-00000941,2025-10-07T23:57:46Z,2025-10-08T00:17:46Z,2025-10-08T00:30:46Z,2025-10-08T03:15:46Z,2025-10-08T04:44:46Z,2025-10-08T10:41:46Z,20251007,2355,6,20,14,3,5,5,2,3,13249,1,69.4,20.0,33.0,198.0,287.0,357.0,False,False,True,True,SYNTHETIC_DEMO_DATA
942,INC-00000942,2025-06-05T16:19:51Z,2025-06-05T16:43:51Z,2025-06-05T16:53:51Z,2025-06-05T19:27:51Z,2025-06-06T01:59:51Z,2025-06-06T13:38:51Z,20250605,1615,5,176,29,1,5,14,3,1,5581,1,49.4,24.0,34.0,188.0,580.0,699.0,False,False,True,True,SYNTHETIC_DEMO_DATA
943,INC-00000943,2026-03-25T13:01:25Z,2026-03-25T13:10:25Z,2026-03-25T13:49:25Z,2026-03-25T14:42:25Z,2026-03-25T15:03:25Z,2026-03-25T22:07:25Z,20260325,1300,1,175,30,5,5,11,2,5,4564,1,100,9.0,48.0,101.0,122.0,424.0,True,False,True,False,SYNTHETIC_DEMO_DATA
944,INC-00000944,2026-06-12T15:41:31Z,2026-06-12T15:46:31Z,2026-06-12T16:01:31Z,2026-06-12T16:59:31Z,2026-06-13T00:44:31Z,2026-06-13T11:09:31Z,20260612,1540,7,213,30,2,5,1,3,2,13318,1,60.9,5.0,20.0,78.0,543.0,625.0,False,False,True,True,SYNTHETIC_DEMO_DATA
945,INC-00000945,2026-02-28T13:01:17Z,2026-02-28T13:28:17Z,2026-02-28T13:43:17Z,2026-02-28T15:17:17Z,2026-02-28T18:30:17Z,2026-02-28T20:47:17Z,20260228,1300,2,91,16,2,5,12,1,2,12740,1,60.3,27.0,42.0,136.0,329.0,137.0,False,False,False,True,SYNTHETIC_DEMO_DATA
946,INC-00000946,2025-04-24T17:13:04Z,2025-04-24T18:15:04Z,2025-04-24T18:25:04Z,2025-04-24T20:04:04Z,2025-04-25T02:43:04Z,2025-04-25T10:42:04Z,20250424,1710,5,176,10,2,5,5,3,2,8105,1,76.5,62.0,72.0,171.0,570.0,479.0,True,False,True,True,SYNTHETIC_DEMO_DATA
947,INC-00000947,2025-07-15T07:27:01Z,2025-07-15T07:43:01Z,2025-07-15T07:52:01Z,2025-07-15T09:13:01Z,2025-07-15T12:59:01Z,2025-07-15T19:34:01Z,20250715,725,5,31,40,1,5,15,1,1,11012,1,31.6,16.0,25.0,106.0,332.0,395.0,False,False,False,True,SYNTHETIC_DEMO_DATA
948,INC-00000948,2025-11-19T15:00:32Z,2025-11-19T16:07:32Z,2025-11-19T17:23:32Z,2025-11-19T17:40:32Z,2025-11-19T21:13:32Z,2025-11-20T05:13:32Z,20251119,1500,7,226,6,3,5,10,1,3,10841,1,73.7,67.0,143.0,160.0,373.0,480.0,False,False,False,False,SYNTHETIC_DEMO_DATA
949,INC-00000949,2025-05-22T13:47:24Z,2025-05-22T14:07:24Z,2025-05-22T14:17:24Z,2025-05-22T15:12:24Z,2025-05-22T18:01:24Z,2025-05-23T03:27:24Z,20250522,1345,3,59,32,2,5,2,1,2,4876,1,64.1,20.0,30.0,85.0,254.0,566.0,False,False,False,True,SYNTHETIC_DEMO_DATA
950,INC-00000950,2026-06-05T06:17:12Z,2026-06-05T06:47:12Z,2026-06-05T07:25:12Z,2026-06-05T15:16:12Z,2026-06-05T17:36:12Z,2026-06-06T02:11:12Z,20260605,615,6,8,39,2,5,13,4,2,2009,1,50.9,30.0,68.0,539.0,679.0,515.0,False,False,False,True,SYNTHETIC_DEMO_DATA
951,INC-00000951,2025-03-07T07:56:20Z,2025-03-07T08:17:20Z,2025-03-07T08:22:20Z,,,,20250307,755,1,187,19,2,2,6,0,2,13929,1,52.5,21.0,26.0,,,,False,False,False,False,SYNTHETIC_DEMO_DATA
952,INC-00000952,2026-03-03T17:13:19Z,2026-03-03T18:09:19Z,2026-03-03T18:27:19Z,2026-03-03T21:30:19Z,2026-03-04T07:19:19Z,2026-03-04T15:38:19Z,20260303,1710,7,200,18,1,5,16,1,1,5537,1,38.5,56.0,74.0,257.0,846.0,499.0,False,False,False,True,SYNTHETIC_DEMO_DATA
953,INC-00000953,2026-04-14T02:43:37Z,2026-04-14T03:02:37Z,2026-04-14T03:21:37Z,2026-04-14T07:03:37Z,2026-04-14T13:41:37Z,,20260414,240,7,218,11,3,4,11,4,3,16736,1,65.4,19.0,38.0,260.0,658.0,,False,False,False,True,SYNTHETIC_DEMO_DATA
954,INC-00000954,2026-06-25T10:55:25Z,2026-06-25T11:15:25Z,2026-06-25T13:02:25Z,2026-06-25T14:35:25Z,2026-06-25T15:30:25Z,2026-06-25T19:13:25Z,20260625,1055,3,206,6,3,5,4,1,3,12682,1,63.0,20.0,127.0,220.0,275.0,223.0,False,True,False,True,SYNTHETIC_DEMO_DATA
955,INC-00000955,2025-04-25T01:23:34Z,2025-04-25T01:26:34Z,2025-04-25T02:35:34Z,2025-04-25T03:28:34Z,2025-04-25T04:51:34Z,2025-04-25T16:22:34Z,20250425,120,5,153,17,4,5,16,4,4,7623,1,85.5,3.0,72.0,125.0,208.0,691.0,True,False,False,True,SYNTHETIC_DEMO_DATA
956,INC-00000956,2025-07-21T11:30:55Z,2025-07-21T11:49:55Z,2025-07-21T12:27:55Z,2025-07-21T13:15:55Z,2025-07-21T16:28:55Z,2025-07-22T02:58:55Z,20250721,1130,7,92,3,2,5,7,1,2,11042,1,51.3,19.0,57.0,105.0,298.0,630.0,False,False,False,True,SYNTHETIC_DEMO_DATA
957,INC-00000957,2026-01-08T12:29:11Z,2026-01-08T12:44:11Z,2026-01-08T12:55:11Z,2026-01-08T13:40:11Z,2026-01-08T17:59:11Z,2026-01-09T04:10:11Z,20260108,1225,5,209,40,1,5,17,1,1,967,1,54.7,15.0,26.0,71.0,330.0,611.0,True,False,False,True,SYNTHETIC_DEMO_DATA
958,INC-00000958,2025-07-28T12:19:54Z,2025-07-28T12:24:54Z,2025-07-28T12:36:54Z,2025-07-28T12:53:54Z,2025-07-29T08:18:54Z,2025-07-29T18:35:54Z,20250728,1215,2,165,18,1,5,10,1,1,4602,1,41.6,5.0,17.0,34.0,1199.0,617.0,False,False,False,True,SYNTHETIC_DEMO_DATA
959,INC-00000959,2025-07-31T15:31:53Z,2025-07-31T15:42:53Z,2025-07-31T15:49:53Z,2025-07-31T18:55:53Z,2025-08-01T03:09:53Z,2025-08-01T04:52:53Z,20250731,1530,1,218,4,1,5,3,1,1,5103,1,42.9,11.0,18.0,204.0,698.0,103.0,False,False,False,True,SYNTHETIC_DEMO_DATA
960,INC-00000960,2026-05-29T09:01:10Z,2026-05-29T09:13:10Z,2026-05-29T09:40:10Z,2026-05-29T15:58:10Z,2026-05-30T00:27:10Z,2026-05-30T07:32:10Z,20260529,900,1,83,29,1,5,14,1,1,8814,1,40.3,12.0,39.0,417.0,926.0,425.0,False,False,False,True,SYNTHETIC_DEMO_DATA
961,INC-00000961,2025-02-28T14:48:25Z,2025-02-28T15:48:25Z,2025-02-28T16:04:25Z,2025-02-28T16:42:25Z,2025-03-01T01:49:25Z,2025-03-01T02:27:25Z,20250228,1445,6,196,39,1,5,7,2,1,16509,1,33.5,60.0,76.0,114.0,661.0,38.0,False,False,True,True,SYNTHETIC_DEMO_DATA
962,INC-00000962,2025-05-01T10:58:25Z,2025-05-01T11:11:25Z,2025-05-01T12:16:25Z,2025-05-01T15:34:25Z,2025-05-01T16:42:25Z,2025-05-02T04:00:25Z,20250501,1055,6,54,45,1,5,18,1,1,16329,1,22.1,13.0,78.0,276.0,344.0,678.0,False,False,False,True,SYNTHETIC_DEMO_DATA
963,INC-00000963,2026-02-16T10:27:50Z,2026-02-16T11:03:50Z,2026-02-16T11:31:50Z,2026-02-16T14:59:50Z,2026-02-16T22:50:50Z,2026-02-17T10:40:50Z,20260216,1025,3,32,38,1,5,11,1,1,2919,1,46.6,36.0,64.0,272.0,743.0,710.0,False,False,False,True,SYNTHETIC_DEMO_DATA
964,INC-00000964,2025-05-13T16:30:24Z,2025-05-13T16:45:24Z,2025-05-13T17:10:24Z,2025-05-13T20:21:24Z,2025-05-14T15:39:24Z,2025-05-14T17:29:24Z,20250513,1630,6,101,42,1,5,4,1,1,7548,1,36.5,15.0,40.0,231.0,1389.0,110.0,False,False,False,True,SYNTHETIC_DEMO_DATA
965,INC-00000965,2025-10-21T06:28:48Z,,,,,,20251021,625,6,135,23,3,1,17,0,3,3264,1,52.4,,,,,,False,False,False,False,SYNTHETIC_DEMO_DATA
966,INC-00000966,2025-11-17T16:39:00Z,2025-11-17T17:03:00Z,2025-11-17T17:18:00Z,2025-11-17T17:56:00Z,2025-11-17T20:09:00Z,2025-11-18T02:11:00Z,20251117,1635,1,193,25,2,5,9,1,2,1329,1,48.4,24.0,39.0,77.0,210.0,362.0,False,False,False,True,SYNTHETIC_DEMO_DATA
967,INC-00000967,2026-02-16T10:00:58Z,2026-02-16T10:20:58Z,2026-02-16T10:41:58Z,2026-02-16T14:38:58Z,2026-02-16T20:08:58Z,2026-02-17T01:01:58Z,20260216,1000,6,42,18,1,5,1,1,1,17362,1,40.7,20.0,41.0,278.0,608.0,293.0,False,False,False,True,SYNTHETIC_DEMO_DATA
968,INC-00000968,2025-02-24T10:21:13Z,2025-02-24T10:27:13Z,2025-02-24T10:38:13Z,2025-02-24T13:11:13Z,2025-02-24T15:21:13Z,,20250224,1020,2,222,35,1,4,12,2,1,15341,1,53.3,6.0,17.0,170.0,300.0,,True,False,True,True,SYNTHETIC_DEMO_DATA
969,INC-00000969,2025-12-13T16:21:00Z,,,,,,20251213,1620,5,48,21,2,1,6,0,2,10402,1,52.9,,,,,,False,False,False,False,SYNTHETIC_DEMO_DATA
970,INC-00000970,2026-03-08T19:07:25Z,2026-03-08T19:47:25Z,2026-03-08T20:59:25Z,2026-03-09T00:45:25Z,2026-03-09T10:48:25Z,2026-03-09T14:20:25Z,20260308,1905,7,17,2,1,5,16,1,1,15930,1,27.8,40.0,112.0,338.0,941.0,212.0,False,False,False,True,SYNTHETIC_DEMO_DATA
971,INC-00000971,2026-06-24T11:07:49Z,2026-06-24T11:25:49Z,2026-06-24T11:39:49Z,2026-06-24T16:39:49Z,2026-06-24T21:31:49Z,,20260624,1105,3,200,33,3,4,11,3,3,17112,1,68.7,18.0,32.0,332.0,624.0,,False,False,True,True,SYNTHETIC_DEMO_DATA
972,INC-00000972,2025-10-22T12:31:35Z,2025-10-22T12:49:35Z,2025-10-22T12:55:35Z,2025-10-22T13:23:35Z,2025-10-22T14:37:35Z,2025-10-22T19:21:35Z,20251022,1230,6,104,18,4,5,5,2,4,1939,1,100,18.0,24.0,52.0,126.0,284.0,True,False,True,True,SYNTHETIC_DEMO_DATA
973,INC-00000973,2025-03-08T23:35:27Z,2025-03-09T00:03:27Z,2025-03-09T00:16:27Z,2025-03-09T03:30:27Z,2025-03-09T05:02:27Z,2025-03-09T08:45:27Z,20250308,2335,2,175,43,1,5,13,1,1,11365,1,36.7,28.0,41.0,235.0,327.0,223.0,False,False,False,True,SYNTHETIC_DEMO_DATA
974,INC-00000974,2026-01-28T14:51:34Z,2026-01-28T15:26:34Z,2026-01-28T15:45:34Z,2026-01-28T18:21:34Z,2026-01-28T20:48:34Z,2026-01-28T21:36:34Z,20260128,1450,3,226,30,2,5,7,1,2,15653,1,58.5,35.0,54.0,210.0,357.0,48.0,False,False,False,True,SYNTHETIC_DEMO_DATA
975,INC-00000975,2026-05-12T12:04:06Z,,,,,,20260512,1200,7,8,29,1,1,17,0,1,6117,1,33.6,,,,,,False,False,False,False,SYNTHETIC_DEMO_DATA
976,INC-00000976,2025-07-04T22:01:09Z,2025-07-04T22:18:09Z,2025-07-04T22:43:09Z,2025-07-05T00:39:09Z,2025-07-05T04:38:09Z,2025-07-05T09:53:09Z,20250704,2200,3,77,36,1,5,10,1,1,17374,1,53.1,17.0,42.0,158.0,397.0,315.0,False,False,False,True,SYNTHETIC_DEMO_DATA
977,INC-00000977,2025-07-29T10:27:40Z,2025-07-29T10:56:40Z,2025-07-29T11:06:40Z,2025-07-29T17:35:40Z,2025-07-29T19:55:40Z,,20250729,1025,6,217,39,1,4,3,1,1,6085,1,43.0,29.0,39.0,428.0,568.0,,False,False,False,True,SYNTHETIC_DEMO_DATA
978,INC-00000978,2026-02-16T15:02:29Z,2026-02-16T16:01:29Z,2026-02-16T16:31:29Z,2026-02-16T20:35:29Z,2026-02-17T09:57:29Z,2026-02-17T13:09:29Z,20260216,1500,3,142,35,1,5,14,1,1,10626,1,42.0,59.0,89.0,333.0,1135.0,192.0,False,False,False,True,SYNTHETIC_DEMO_DATA
979,INC-00000979,2025-03-04T15:01:13Z,2025-03-04T15:58:13Z,2025-03-04T16:06:13Z,2025-03-04T17:22:13Z,2025-03-04T22:26:13Z,2025-03-05T06:49:13Z,20250304,1500,3,86,41,3,5,9,4,3,11675,1,93.4,57.0,65.0,141.0,445.0,503.0,True,False,False,True,SYNTHETIC_DEMO_DATA
980,INC-00000980,2025-12-07T10:33:22Z,2025-12-07T10:39:22Z,2025-12-07T10:57:22Z,2025-12-07T11:25:22Z,2025-12-07T14:15:22Z,2025-12-07T15:23:22Z,20251207,1030,5,63,44,4,5,3,3,4,17142,1,85.3,6.0,24.0,52.0,222.0,68.0,True,False,True,True,SYNTHETIC_DEMO_DATA
981,INC-00000981,2025-11-21T20:26:31Z,2025-11-21T20:30:31Z,2025-11-21T20:45:31Z,2025-11-21T22:09:31Z,2025-11-22T00:06:31Z,2025-11-22T08:19:31Z,20251121,2025,6,72,8,3,5,13,2,3,5835,1,52.0,4.0,19.0,103.0,220.0,493.0,False,False,True,True,SYNTHETIC_DEMO_DATA
982,INC-00000982,2025-09-20T18:16:19Z,2025-09-20T18:21:19Z,2025-09-20T18:52:19Z,2025-09-20T19:35:19Z,2025-09-20T20:03:19Z,2025-09-21T05:24:19Z,20250920,1815,6,27,42,1,5,4,1,1,9971,1,28.5,5.0,36.0,79.0,107.0,561.0,False,False,False,True,SYNTHETIC_DEMO_DATA
983,INC-00000983,2025-07-06T21:43:37Z,2025-07-06T21:46:37Z,2025-07-06T21:52:37Z,2025-07-06T22:17:37Z,2025-07-06T23:27:37Z,2025-07-07T03:41:37Z,20250706,2140,7,211,13,3,5,17,3,3,13559,1,58.9,3.0,9.0,34.0,104.0,254.0,False,False,True,True,SYNTHETIC_DEMO_DATA
984,INC-00000984,2025-08-21T17:19:36Z,2025-08-21T17:26:36Z,2025-08-21T17:56:36Z,2025-08-22T00:53:36Z,,,20250821,1715,2,231,43,1,3,8,0,1,1832,1,44.9,7.0,37.0,454.0,,,False,False,False,False,SYNTHETIC_DEMO_DATA
985,INC-00000985,2025-08-20T08:48:33Z,2025-08-20T09:24:33Z,2025-08-20T09:35:33Z,2025-08-20T14:32:33Z,2025-08-20T22:56:33Z,,20250820,845,1,161,4,1,4,1,2,1,10664,1,27.9,36.0,47.0,344.0,848.0,,False,False,True,True,SYNTHETIC_DEMO_DATA
986,INC-00000986,2025-10-08T09:23:53Z,2025-10-08T09:28:53Z,2025-10-08T10:01:53Z,2025-10-08T18:18:53Z,2025-10-08T22:53:53Z,2025-10-09T08:09:53Z,20251008,920,3,170,35,1,5,12,1,1,15706,1,28.7,5.0,38.0,535.0,810.0,556.0,False,False,False,True,SYNTHETIC_DEMO_DATA
987,INC-00000987,2025-11-21T04:50:37Z,2025-11-21T05:08:37Z,2025-11-21T06:10:37Z,2025-11-21T09:18:37Z,2025-11-21T12:46:37Z,,20251121,450,5,2,21,1,4,5,1,1,11206,1,35.3,18.0,80.0,268.0,476.0,,False,False,False,True,SYNTHETIC_DEMO_DATA
988,INC-00000988,2026-07-18T16:10:30Z,2026-07-18T16:17:30Z,2026-07-18T17:02:30Z,2026-07-18T19:41:30Z,2026-07-18T20:43:30Z,2026-07-19T08:41:30Z,20260718,1610,2,164,28,1,5,16,1,1,8974,1,38.9,7.0,52.0,211.0,273.0,718.0,False,False,False,True,SYNTHETIC_DEMO_DATA
989,INC-00000989,2025-05-06T23:15:26Z,2025-05-06T23:27:26Z,2025-05-07T01:07:26Z,2025-05-07T01:37:26Z,2025-05-07T02:42:26Z,2025-05-07T08:54:26Z,20250506,2315,2,63,7,3,5,11,1,3,2423,1,52.7,12.0,112.0,142.0,207.0,372.0,False,False,False,True,SYNTHETIC_DEMO_DATA
990,INC-00000990,2025-04-07T00:46:57Z,2025-04-07T01:08:57Z,2025-04-07T01:24:57Z,2025-04-07T03:20:57Z,2025-04-07T10:32:57Z,,20250407,45,2,154,1,1,4,2,3,1,9934,1,55.4,22.0,38.0,154.0,586.0,,True,False,True,True,SYNTHETIC_DEMO_DATA
991,INC-00000991,2025-06-05T17:46:01Z,2025-06-05T18:17:01Z,2025-06-05T18:23:01Z,2025-06-05T18:42:01Z,2025-06-05T22:54:01Z,2025-06-06T10:27:01Z,20250605,1745,1,5,5,1,5,13,1,1,7437,1,54.4,31.0,37.0,56.0,308.0,693.0,False,False,False,True,SYNTHETIC_DEMO_DATA
992,INC-00000992,2025-12-02T14:03:11Z,2025-12-02T15:30:11Z,2025-12-02T16:15:11Z,,,,20251202,1400,4,66,31,1,2,6,0,1,6043,1,33.5,87.0,132.0,,,,False,False,False,False,SYNTHETIC_DEMO_DATA
993,INC-00000993,2025-06-19T09:32:44Z,2025-06-19T09:52:44Z,2025-06-19T10:12:44Z,2025-06-19T10:31:44Z,2025-06-19T11:11:44Z,,20250619,930,3,188,19,1,4,17,1,1,16430,1,31.4,20.0,40.0,59.0,99.0,,False,False,False,True,SYNTHETIC_DEMO_DATA
994,INC-00000994,2025-02-08T20:35:08Z,2025-02-08T20:39:08Z,2025-02-08T21:34:08Z,2025-02-08T22:46:08Z,2025-02-08T23:47:08Z,2025-02-09T03:01:08Z,20250208,2035,4,235,37,2,5,11,1,2,14902,1,59.0,4.0,59.0,131.0,192.0,194.0,False,False,False,True,SYNTHETIC_DEMO_DATA
995,INC-00000995,2026-01-27T08:35:11Z,2026-01-27T09:10:11Z,2026-01-27T09:49:11Z,2026-01-27T11:59:11Z,2026-01-27T16:03:11Z,2026-01-28T03:40:11Z,20260127,835,3,199,8,1,5,0,1,1,17650,1,42.8,35.0,74.0,204.0,448.0,697.0,False,False,False,True,SYNTHETIC_DEMO_DATA
996,INC-00000996,2025-12-18T18:25:16Z,2025-12-18T19:27:16Z,2025-12-18T19:44:16Z,2025-12-18T20:14:16Z,,,20251218,1825,6,165,2,2,3,15,0,2,6100,1,48.3,62.0,79.0,109.0,,,False,False,False,False,SYNTHETIC_DEMO_DATA
997,INC-00000997,2026-04-19T10:59:23Z,2026-04-19T12:12:23Z,2026-04-19T12:27:23Z,2026-04-19T18:36:23Z,2026-04-19T23:00:23Z,2026-04-20T07:44:23Z,20260419,1055,5,110,35,1,5,7,1,1,10183,1,36.0,73.0,88.0,457.0,721.0,524.0,False,False,False,True,SYNTHETIC_DEMO_DATA
998,INC-00000998,2025-07-23T13:23:33Z,2025-07-23T14:01:33Z,2025-07-23T14:37:33Z,2025-07-23T15:23:33Z,,,20250723,1320,3,136,29,1,3,18,0,1,17040,1,45.7,38.0,74.0,120.0,,,False,False,False,False,SYNTHETIC_DEMO_DATA
999,INC-00000999,2025-07-08T15:30:12Z,2025-07-08T15:41:12Z,2025-07-08T16:14:12Z,2025-07-08T19:12:12Z,2025-07-08T21:50:12Z,2025-07-09T07:48:12Z,20250708,1530,5,184,14,1,5,11,1,1,10625,1,33.3,11.0,44.0,222.0,380.0,598.0,False,False,False,True,SYNTHETIC_DEMO_DATA
1000,INC-00001000,2025-12-08T09:22:50Z,2025-12-08T10:42:50Z,2025-12-08T10:49:50Z,2025-12-08T13:05:50Z,2025-12-08T15:15:50Z,,20251208,920,3,234,8,1,4,4,1,1,17207,1,24.1,80.0,87.0,223.0,353.0,,False,False,False,True,SYNTHETIC_DEMO_DATA
1001,INC-00001001,2026-06-01T14:10:22Z,2026-06-01T14:33:22Z,2026-06-01T15:22:22Z,2026-06-01T16:26:22Z,2026-06-01T18:10:22Z,2026-06-02T02:35:22Z,20260601,1410,7,30,10,2,5,16,1,2,8278,1,66.2,23.0,72.0,136.0,240.0,505.0,True,False,False,True,SYNTHETIC_DEMO_DATA
1002,INC-00001002,2025-05-20T12:31:15Z,2025-05-20T12:51:15Z,2025-05-20T13:13:15Z,2025-05-20T16:03:15Z,2025-05-20T19:30:15Z,2025-05-20T21:44:15Z,20250520,1230,3,96,4,2,5,9,3,2,6297,1,61.9,20.0,42.0,212.0,419.0,134.0,False,False,True,True,SYNTHETIC_DEMO_DATA
1003,INC-00001003,2025-02-01T14:58:12Z,2025-02-01T15:21:12Z,2025-02-01T15:34:12Z,2025-02-01T15:47:12Z,2025-02-01T16:42:12Z,,20250201,1455,3,100,42,5,4,5,1,5,6911,1,100,23.0,36.0,49.0,104.0,,True,False,False,False,SYNTHETIC_DEMO_DATA
1004,INC-00001004,2025-07-20T09:45:20Z,2025-07-20T09:59:20Z,2025-07-20T10:37:20Z,2025-07-20T13:05:20Z,2025-07-20T14:07:20Z,2025-07-20T23:36:20Z,20250720,945,4,50,15,2,5,13,2,2,9976,1,66.4,14.0,52.0,200.0,262.0,569.0,False,False,True,True,SYNTHETIC_DEMO_DATA
1005,INC-00001005,2026-05-17T13:08:39Z,2026-05-17T13:31:39Z,2026-05-17T13:50:39Z,2026-05-17T16:12:39Z,2026-05-18T02:10:39Z,2026-05-18T11:26:39Z,20260517,1305,2,3,6,3,5,7,1,3,11842,1,69.0,23.0,42.0,184.0,782.0,556.0,False,False,False,True,SYNTHETIC_DEMO_DATA
1006,INC-00001006,2025-10-13T15:13:34Z,2025-10-13T15:26:34Z,2025-10-13T15:35:34Z,2025-10-13T18:31:34Z,2025-10-13T19:32:34Z,2025-10-13T22:18:34Z,20251013,1510,6,178,11,1,5,16,2,1,12413,1,41.9,13.0,22.0,198.0,259.0,166.0,False,False,True,True,SYNTHETIC_DEMO_DATA
1007,INC-00001007,2026-06-12T04:00:26Z,2026-06-12T04:14:26Z,2026-06-12T04:54:26Z,2026-06-12T07:15:26Z,2026-06-13T03:05:26Z,2026-06-13T10:21:26Z,20260612,400,6,177,20,1,5,9,1,1,17847,1,44.3,14.0,54.0,195.0,1385.0,436.0,False,True,False,True,SYNTHETIC_DEMO_DATA
1008,INC-00001008,2026-02-11T08:01:17Z,2026-02-11T08:14:17Z,2026-02-11T08:35:17Z,2026-02-11T11:53:17Z,2026-02-12T04:14:17Z,2026-02-12T08:08:17Z,20260211,800,7,13,24,1,5,2,1,1,4550,1,28.2,13.0,34.0,232.0,1213.0,234.0,False,False,False,True,SYNTHETIC_DEMO_DATA
1009,INC-00001009,2025-10-25T14:27:30Z,2025-10-25T14:51:30Z,2025-10-25T15:20:30Z,2025-10-25T16:42:30Z,2025-10-25T18:17:30Z,2025-10-25T18:28:30Z,20251025,1425,3,118,45,2,5,14,2,2,2603,1,60.4,24.0,53.0,135.0,230.0,11.0,False,False,True,True,SYNTHETIC_DEMO_DATA
1010,INC-00001010,2025-05-04T15:32:46Z,2025-05-04T16:07:46Z,2025-05-04T16:27:46Z,2025-05-04T17:00:46Z,2025-05-05T20:39:46Z,2025-05-05T22:00:46Z,20250504,1530,5,22,14,1,5,6,3,1,1455,1,35.9,35.0,55.0,88.0,1747.0,81.0,False,False,True,True,SYNTHETIC_DEMO_DATA
1011,INC-00001011,2026-06-25T09:41:48Z,2026-06-25T10:13:48Z,2026-06-25T11:05:48Z,2026-06-25T12:25:48Z,,,20260625,940,1,76,42,1,3,17,0,1,6293,1,36.4,32.0,84.0,164.0,,,False,False,False,False,SYNTHETIC_DEMO_DATA
1012,INC-00001012,2025-06-02T15:16:29Z,2025-06-02T15:38:29Z,2025-06-02T16:21:29Z,2025-06-02T16:52:29Z,2025-06-02T18:34:29Z,2025-06-02T19:18:29Z,20250602,1515,5,182,6,4,5,13,2,4,10051,1,91.5,22.0,65.0,96.0,198.0,44.0,True,False,True,True,SYNTHETIC_DEMO_DATA
1013,INC-00001013,2026-07-13T12:29:56Z,2026-07-13T13:06:56Z,2026-07-13T13:16:56Z,2026-07-13T13:36:56Z,2026-07-13T16:18:56Z,2026-07-13T23:32:56Z,20260713,1225,1,128,38,2,5,4,1,2,2989,1,56.0,37.0,47.0,67.0,229.0,434.0,False,False,False,True,SYNTHETIC_DEMO_DATA
1014,INC-00001014,2025-04-13T08:33:24Z,2025-04-13T09:34:24Z,2025-04-13T10:08:24Z,2025-04-13T11:29:24Z,2025-04-13T12:00:24Z,2025-04-13T22:28:24Z,20250413,830,3,3,4,3,5,16,3,3,16019,1,64.2,61.0,95.0,176.0,207.0,628.0,False,False,True,False,SYNTHETIC_DEMO_DATA
1015,INC-00001015,2025-09-29T09:16:27Z,2025-09-29T09:21:27Z,2025-09-29T10:16:27Z,2025-09-29T12:20:27Z,2025-09-29T17:27:27Z,,20250929,915,6,87,9,1,4,7,2,1,5765,1,44.7,5.0,60.0,184.0,491.0,,False,False,True,True,SYNTHETIC_DEMO_DATA
1016,INC-00001016,2025-07-12T16:04:44Z,2025-07-12T16:06:44Z,2025-07-12T17:16:44Z,2025-07-12T22:30:44Z,2025-07-12T22:51:44Z,2025-07-13T05:38:44Z,20250712,1600,3,140,3,3,5,2,1,3,10077,1,84.7,2.0,72.0,386.0,407.0,407.0,False,False,False,False,SYNTHETIC_DEMO_DATA
1017,INC-00001017,2025-10-13T13:46:38Z,2025-10-13T13:56:38Z,2025-10-13T14:43:38Z,2025-10-13T16:45:38Z,2025-10-13T18:25:38Z,2025-10-14T00:32:38Z,20251013,1345,1,223,37,2,5,12,1,2,8792,1,56.1,10.0,57.0,179.0,279.0,367.0,False,False,False,True,SYNTHETIC_DEMO_DATA
1018,INC-00001018,2025-05-16T19:49:39Z,2025-05-16T20:16:39Z,2025-05-16T20:29:39Z,2025-05-17T00:50:39Z,2025-05-17T03:22:39Z,2025-05-17T04:03:39Z,20250516,1945,6,24,4,2,5,5,4,2,13325,1,57.5,27.0,40.0,301.0,453.0,41.0,False,False,False,True,SYNTHETIC_DEMO_DATA
1019,INC-00001019,2025-02-21T10:14:15Z,2025-02-21T10:25:15Z,2025-02-21T10:40:15Z,2025-02-21T11:50:15Z,2025-02-21T15:32:15Z,2025-02-21T23:23:15Z,20250221,1010,4,15,33,4,5,18,1,4,4025,1,98.2,11.0,26.0,96.0,318.0,471.0,True,False,False,True,SYNTHETIC_DEMO_DATA
1020,INC-00001020,2025-03-11T12:48:27Z,2025-03-11T13:00:27Z,2025-03-11T13:53:27Z,2025-03-11T15:13:27Z,2025-03-11T18:07:27Z,2025-03-11T23:27:27Z,20250311,1245,6,160,5,3,5,10,1,3,9437,1,71.2,12.0,65.0,145.0,319.0,320.0,False,False,False,True,SYNTHETIC_DEMO_DATA
1021,INC-00001021,2025-05-10T08:35:56Z,2025-05-10T08:41:56Z,2025-05-10T08:50:56Z,2025-05-10T10:35:56Z,2025-05-10T10:53:56Z,2025-05-10T18:56:56Z,20250510,835,2,176,15,4,5,4,1,4,3777,1,100,6.0,15.0,120.0,138.0,483.0,True,False,False,True,SYNTHETIC_DEMO_DATA
1022,INC-00001022,2025-09-12T12:56:04Z,2025-09-12T14:41:04Z,2025-09-12T14:55:04Z,,,,20250912,1255,7,48,41,1,2,12,0,1,15724,1,41.4,105.0,119.0,,,,False,False,False,False,SYNTHETIC_DEMO_DATA
1023,INC-00001023,2025-11-11T10:55:14Z,2025-11-11T11:17:14Z,2025-11-11T11:42:14Z,2025-11-11T12:40:14Z,2025-11-11T15:58:14Z,2025-11-11T20:45:14Z,20251111,1055,1,42,19,1,5,5,2,1,13844,1,59.6,22.0,47.0,105.0,303.0,287.0,True,False,True,True,SYNTHETIC_DEMO_DATA
1024,INC-00001024,2026-04-01T11:01:48Z,2026-04-01T11:28:48Z,2026-04-01T11:44:48Z,2026-04-01T13:03:48Z,2026-04-01T19:59:48Z,,20260401,1100,3,49,24,3,4,18,1,3,3465,1,62.4,27.0,43.0,122.0,538.0,,False,False,False,True,SYNTHETIC_DEMO_DATA
1025,INC-00001025,2026-03-26T21:16:43Z,2026-03-26T22:30:43Z,2026-03-26T23:24:43Z,2026-03-27T00:21:43Z,2026-03-27T03:48:43Z,2026-03-27T12:59:43Z,20260326,2115,2,203,42,1,5,9,1,1,10757,1,50.4,74.0,128.0,185.0,392.0,551.0,False,False,False,True,SYNTHETIC_DEMO_DATA
1026,INC-00001026,2026-01-09T17:01:49Z,2026-01-09T17:29:49Z,2026-01-09T18:35:49Z,2026-01-09T22:53:49Z,2026-01-10T00:21:49Z,2026-01-10T04:14:49Z,20260109,1700,1,161,26,1,5,2,4,1,12414,1,30.1,28.0,94.0,352.0,440.0,233.0,False,False,False,True,SYNTHETIC_DEMO_DATA
1027,INC-00001027,2026-05-01T13:18:58Z,2026-05-01T13:58:58Z,2026-05-01T14:04:58Z,2026-05-01T14:28:58Z,2026-05-01T15:01:58Z,,20260501,1315,1,155,4,4,4,16,1,4,5261,1,95.0,40.0,46.0,70.0,103.0,,True,False,False,False,SYNTHETIC_DEMO_DATA
1028,INC-00001028,2025-03-14T09:23:18Z,2025-03-14T09:38:18Z,2025-03-14T10:45:18Z,2025-03-14T13:37:18Z,2025-03-14T18:44:18Z,2025-03-14T20:41:18Z,20250314,920,6,148,35,1,5,6,1,1,4645,1,32.1,15.0,82.0,254.0,561.0,117.0,False,False,False,True,SYNTHETIC_DEMO_DATA
1029,INC-00001029,2026-05-07T17:11:15Z,2026-05-07T19:08:15Z,2026-05-07T19:28:15Z,2026-05-07T20:37:15Z,2026-05-08T08:53:15Z,2026-05-08T16:59:15Z,20260507,1710,2,215,22,1,5,17,2,1,16615,1,32.5,117.0,137.0,206.0,942.0,486.0,False,False,True,True,SYNTHETIC_DEMO_DATA
1030,INC-00001030,2025-09-11T08:55:56Z,2025-09-11T09:20:56Z,2025-09-11T10:10:56Z,2025-09-11T10:52:56Z,2025-09-11T15:34:56Z,2025-09-11T20:43:56Z,20250911,855,7,231,19,3,5,12,1,3,4907,1,69.6,25.0,75.0,117.0,399.0,309.0,False,False,False,True,SYNTHETIC_DEMO_DATA
1031,INC-00001031,2025-11-13T12:51:30Z,2025-11-13T13:48:30Z,2025-11-13T14:38:30Z,2025-11-13T15:24:30Z,2025-11-13T17:02:30Z,,20251113,1250,1,163,12,3,4,5,1,3,7418,1,70.2,57.0,107.0,153.0,251.0,,False,False,False,True,SYNTHETIC_DEMO_DATA
1032,INC-00001032,2025-12-06T20:59:05Z,2025-12-06T21:27:05Z,2025-12-06T21:32:05Z,2025-12-06T22:16:05Z,2025-12-06T23:23:05Z,2025-12-07T04:35:05Z,20251206,2055,4,212,4,3,5,16,2,3,3881,1,82.0,28.0,33.0,77.0,144.0,312.0,False,False,True,True,SYNTHETIC_DEMO_DATA
1033,INC-00001033,2026-03-04T10:44:15Z,2026-03-04T11:18:15Z,2026-03-04T11:46:15Z,2026-03-04T12:45:15Z,2026-03-05T03:58:15Z,2026-03-05T14:40:15Z,20260304,1040,2,151,20,2,5,8,1,2,9390,1,54.3,34.0,62.0,121.0,1034.0,642.0,False,False,False,True,SYNTHETIC_DEMO_DATA
1034,INC-00001034,2025-05-01T14:05:42Z,2025-05-01T14:20:42Z,2025-05-01T14:26:42Z,2025-05-01T22:56:42Z,2025-05-02T00:14:42Z,2025-05-02T08:09:42Z,20250501,1405,1,124,42,1,5,18,1,1,15835,1,50.2,15.0,21.0,531.0,609.0,475.0,True,False,False,True,SYNTHETIC_DEMO_DATA
1035,INC-00001035,2026-06-23T09:21:01Z,2026-06-23T09:34:01Z,2026-06-23T09:53:01Z,2026-06-23T11:28:01Z,2026-06-23T12:03:01Z,,20260623,920,7,212,5,1,4,11,3,1,2753,1,45.5,13.0,32.0,127.0,162.0,,False,False,True,True,SYNTHETIC_DEMO_DATA
1036,INC-00001036,2025-05-21T09:58:30Z,2025-05-21T10:28:30Z,2025-05-21T10:52:30Z,2025-05-21T11:37:30Z,2025-05-21T14:29:30Z,2025-05-21T16:33:30Z,20250521,955,1,22,11,1,5,4,1,1,5991,1,31.5,30.0,54.0,99.0,271.0,124.0,False,False,False,True,SYNTHETIC_DEMO_DATA
1037,INC-00001037,2026-07-03T07:31:29Z,2026-07-03T08:53:29Z,2026-07-03T09:10:29Z,2026-07-03T10:57:29Z,2026-07-03T12:40:29Z,2026-07-03T12:54:29Z,20260703,730,6,100,3,1,5,15,2,1,14974,1,46.0,82.0,99.0,206.0,309.0,14.0,False,False,True,True,SYNTHETIC_DEMO_DATA
1038,INC-00001038,2025-03-14T20:03:07Z,2025-03-14T20:26:07Z,2025-03-14T20:32:07Z,2025-03-15T01:12:07Z,2025-03-15T05:51:07Z,2025-03-15T11:46:07Z,20250314,2000,5,208,9,2,5,9,1,2,1400,1,57.7,23.0,29.0,309.0,588.0,355.0,False,False,False,True,SYNTHETIC_DEMO_DATA
1039,INC-00001039,2026-02-12T23:04:47Z,2026-02-12T23:24:47Z,2026-02-12T23:47:47Z,2026-02-12T23:53:47Z,2026-02-13T02:52:47Z,2026-02-13T06:19:47Z,20260212,2300,1,191,6,3,5,3,1,3,403,1,66.9,20.0,43.0,49.0,228.0,207.0,False,False,False,True,SYNTHETIC_DEMO_DATA
1040,INC-00001040,2026-07-23T19:37:31Z,2026-07-23T19:56:31Z,2026-07-23T20:41:31Z,2026-07-23T22:11:31Z,2026-07-23T23:38:31Z,2026-07-24T01:24:31Z,20260723,1935,7,103,12,2,5,13,1,2,5211,1,49.0,19.0,64.0,154.0,241.0,106.0,False,False,False,True,SYNTHETIC_DEMO_DATA
1041,INC-00001041,2025-10-20T06:33:13Z,2025-10-20T07:00:13Z,2025-10-20T07:08:13Z,2025-10-20T08:09:13Z,2025-10-20T09:48:13Z,2025-10-20T11:53:13Z,20251020,630,1,168,37,2,5,6,1,2,8082,1,61.1,27.0,35.0,96.0,195.0,125.0,False,False,False,True,SYNTHETIC_DEMO_DATA
1042,INC-00001042,2025-05-13T00:47:24Z,2025-05-13T02:00:24Z,2025-05-13T02:42:24Z,2025-05-13T05:23:24Z,2025-05-13T08:36:24Z,2025-05-13T12:26:24Z,20250513,45,3,139,12,2,5,17,1,2,8935,1,42.0,73.0,115.0,276.0,469.0,230.0,False,False,False,True,SYNTHETIC_DEMO_DATA
1043,INC-00001043,2026-05-11T23:56:46Z,2026-05-12T00:09:46Z,2026-05-12T00:47:46Z,2026-05-12T05:06:46Z,2026-05-12T13:13:46Z,2026-05-12T18:07:46Z,20260511,2355,2,153,23,2,5,10,1,2,1479,1,43.4,13.0,51.0,310.0,797.0,294.0,False,False,False,True,SYNTHETIC_DEMO_DATA
1044,INC-00001044,2025-08-15T09:52:06Z,2025-08-15T10:43:06Z,2025-08-15T11:11:06Z,2025-08-15T12:05:06Z,2025-08-15T15:16:06Z,2025-08-16T01:46:06Z,20250815,950,1,167,11,3,5,4,1,3,2038,1,82.2,51.0,79.0,133.0,324.0,630.0,False,False,False,True,SYNTHETIC_DEMO_DATA
1045,INC-00001045,2025-02-04T16:57:32Z,2025-02-04T17:20:32Z,2025-02-04T17:35:32Z,2025-02-04T23:11:32Z,2025-02-05T01:07:32Z,2025-02-05T03:00:32Z,20250204,1655,2,169,23,1,5,13,1,1,10165,1,50.6,23.0,38.0,374.0,490.0,113.0,True,False,False,True,SYNTHETIC_DEMO_DATA
1046,INC-00001046,2025-07-23T17:46:55Z,2025-07-23T18:10:55Z,2025-07-23T18:27:55Z,2025-07-23T22:48:55Z,2025-07-24T00:44:55Z,,20250723,1745,7,66,26,1,4,6,1,1,12404,1,40.3,24.0,41.0,302.0,418.0,,False,False,False,True,SYNTHETIC_DEMO_DATA
1047,INC-00001047,2026-07-17T00:56:56Z,2026-07-17T01:10:56Z,2026-07-17T01:39:56Z,2026-07-17T02:08:56Z,,,20260717,55,5,13,42,2,3,18,0,2,4473,1,44.6,14.0,43.0,72.0,,,False,False,False,False,SYNTHETIC_DEMO_DATA
1048,INC-00001048,2025-03-08T09:46:04Z,2025-03-08T10:16:04Z,2025-03-08T10:24:04Z,2025-03-08T15:35:04Z,2025-03-08T17:51:04Z,,20250308,945,2,43,37,1,4,10,2,1,15991,1,39.2,30.0,38.0,349.0,485.0,,False,False,True,True,SYNTHETIC_DEMO_DATA
1049,INC-00001049,2026-03-10T17:25:16Z,2026-03-10T17:56:16Z,2026-03-10T18:11:16Z,2026-03-11T05:24:16Z,2026-03-11T11:50:16Z,2026-03-11T15:36:16Z,20260310,1725,3,19,30,1,5,3,1,1,17138,1,48.8,31.0,46.0,719.0,1105.0,226.0,False,False,False,True,SYNTHETIC_DEMO_DATA
1050,INC-00001050,2026-03-13T23:13:40Z,2026-03-13T23:17:40Z,2026-03-14T00:15:40Z,2026-03-14T01:58:40Z,2026-03-14T03:50:40Z,,20260313,2310,7,192,2,4,4,17,1,4,2405,1,91.8,4.0,62.0,165.0,277.0,,True,False,False,True,SYNTHETIC_DEMO_DATA
1051,INC-00001051,2025-10-21T10:18:50Z,2025-10-21T11:03:50Z,2025-10-21T11:36:50Z,2025-10-21T14:22:50Z,2025-10-22T16:14:50Z,2025-10-22T21:26:50Z,20251021,1015,3,119,20,1,5,7,2,1,17790,1,41.0,45.0,78.0,244.0,1796.0,312.0,False,False,True,True,SYNTHETIC_DEMO_DATA
1052,INC-00001052,2026-05-14T23:42:43Z,2026-05-15T00:01:43Z,2026-05-15T00:15:43Z,2026-05-15T00:34:43Z,2026-05-15T08:55:43Z,2026-05-15T17:34:43Z,20260514,2340,3,123,40,2,5,1,1,2,643,1,59.4,19.0,33.0,52.0,553.0,519.0,False,False,False,True,SYNTHETIC_DEMO_DATA
1053,INC-00001053,2025-06-24T13:51:05Z,2025-06-24T14:36:05Z,2025-06-24T14:56:05Z,2025-06-24T21:21:05Z,2025-06-25T10:51:05Z,2025-06-25T18:28:05Z,20250624,1350,5,177,34,1,5,11,1,1,11145,1,44.3,45.0,65.0,450.0,1260.0,457.0,False,False,False,True,SYNTHETIC_DEMO_DATA
1054,INC-00001054,2026-04-24T15:47:44Z,2026-04-24T16:06:44Z,2026-04-24T16:17:44Z,2026-04-24T22:13:44Z,,,20260424,1545,7,51,42,4,3,7,0,4,16796,1,100,19.0,30.0,386.0,,,True,False,False,False,SYNTHETIC_DEMO_DATA
1055,INC-00001055,2026-07-12T12:56:40Z,,,,,,20260712,1255,1,66,23,2,1,16,0,2,10608,1,54.5,,,,,,False,False,False,False,SYNTHETIC_DEMO_DATA
1056,INC-00001056,2026-04-24T10:21:17Z,2026-04-24T10:37:17Z,2026-04-24T11:38:17Z,2026-04-24T12:18:17Z,2026-04-24T13:04:17Z,2026-04-24T18:59:17Z,20260424,1020,5,52,33,2,5,9,2,2,15860,1,60.4,16.0,77.0,117.0,163.0,355.0,True,False,True,True,SYNTHETIC_DEMO_DATA
1057,INC-00001057,2025-05-30T15:03:23Z,2025-05-30T15:18:23Z,2025-05-30T15:29:23Z,2025-05-30T16:50:23Z,2025-05-30T21:59:23Z,2025-05-31T00:43:23Z,20250530,1500,1,123,12,2,5,2,1,2,8,1,56.3,15.0,26.0,107.0,416.0,164.0,False,False,False,True,SYNTHETIC_DEMO_DATA
1058,INC-00001058,2025-08-24T10:06:58Z,2025-08-24T12:05:58Z,2025-08-24T12:16:58Z,,,,20250824,1005,1,88,34,2,2,13,0,2,16614,1,52.1,119.0,130.0,,,,False,False,False,False,SYNTHETIC_DEMO_DATA
1059,INC-00001059,2025-06-25T03:26:14Z,2025-06-25T04:13:14Z,2025-06-25T04:42:14Z,2025-06-25T05:59:14Z,2025-06-25T08:22:14Z,2025-06-25T16:45:14Z,20250625,325,4,122,37,1,5,5,4,1,1273,1,50.5,47.0,76.0,153.0,296.0,503.0,False,False,False,True,SYNTHETIC_DEMO_DATA
1060,INC-00001060,2026-01-10T00:06:34Z,2026-01-10T00:49:34Z,2026-01-10T00:57:34Z,2026-01-10T02:11:34Z,2026-01-10T10:41:34Z,2026-01-10T15:17:34Z,20260110,5,2,116,37,2,5,17,1,2,6338,1,51.9,43.0,51.0,125.0,635.0,276.0,False,True,False,True,SYNTHETIC_DEMO_DATA
1061,INC-00001061,2026-02-23T01:04:56Z,2026-02-23T01:32:56Z,2026-02-23T01:51:56Z,2026-02-23T02:17:56Z,2026-02-23T11:30:56Z,2026-02-23T17:51:56Z,20260223,100,2,227,24,2,5,10,1,2,12872,1,53.8,28.0,47.0,73.0,626.0,381.0,False,False,False,True,SYNTHETIC_DEMO_DATA
1062,INC-00001062,2026-07-06T02:30:30Z,2026-07-06T02:38:30Z,2026-07-06T03:54:30Z,2026-07-06T04:34:30Z,2026-07-06T09:26:30Z,2026-07-06T11:29:30Z,20260706,230,7,5,40,3,5,4,1,3,1580,1,79.8,8.0,84.0,124.0,416.0,123.0,False,False,False,True,SYNTHETIC_DEMO_DATA
1063,INC-00001063,2025-04-06T09:36:58Z,2025-04-06T09:57:58Z,2025-04-06T10:20:58Z,2025-04-06T10:42:58Z,2025-04-06T12:58:58Z,2025-04-06T19:43:58Z,20250406,935,3,22,45,3,5,15,1,3,6675,1,65.4,21.0,44.0,66.0,202.0,405.0,False,False,False,True,SYNTHETIC_DEMO_DATA
1064,INC-00001064,2026-03-17T16:01:29Z,2026-03-17T16:33:29Z,2026-03-17T16:53:29Z,2026-03-17T17:23:29Z,2026-03-17T18:59:29Z,2026-03-18T02:01:29Z,20260317,1600,1,47,1,2,5,7,1,2,814,1,53.4,32.0,52.0,82.0,178.0,422.0,False,False,False,True,SYNTHETIC_DEMO_DATA
1065,INC-00001065,2026-06-28T10:50:44Z,2026-06-28T11:42:44Z,2026-06-28T12:36:44Z,2026-06-28T14:15:44Z,2026-06-28T15:59:44Z,,20260628,1050,3,80,26,1,4,17,1,1,17842,1,33.7,52.0,106.0,205.0,309.0,,False,False,False,True,SYNTHETIC_DEMO_DATA
1066,INC-00001066,2025-12-27T13:42:40Z,2025-12-27T15:55:40Z,2025-12-27T16:03:40Z,2025-12-27T17:38:40Z,2025-12-27T19:25:40Z,2025-12-28T01:20:40Z,20251227,1340,7,59,28,1,5,10,1,1,7557,1,50.3,133.0,141.0,236.0,343.0,355.0,False,False,False,True,SYNTHETIC_DEMO_DATA
1067,INC-00001067,2026-05-07T09:38:43Z,2026-05-07T09:49:43Z,2026-05-07T10:06:43Z,2026-05-07T11:04:43Z,2026-05-07T13:22:43Z,2026-05-07T20:14:43Z,20260507,935,3,64,5,1,5,3,1,1,383,1,51.2,11.0,28.0,86.0,224.0,412.0,True,False,False,True,SYNTHETIC_DEMO_DATA
1068,INC-00001068,2026-02-14T08:11:26Z,2026-02-14T08:22:26Z,2026-02-14T08:37:26Z,2026-02-14T09:01:26Z,2026-02-14T10:45:26Z,,20260214,810,2,160,29,4,4,17,2,4,6787,1,91.6,11.0,26.0,50.0,154.0,,True,False,True,True,SYNTHETIC_DEMO_DATA
1069,INC-00001069,2025-08-11T16:41:24Z,2025-08-11T18:14:24Z,2025-08-11T18:34:24Z,2025-08-11T23:58:24Z,2025-08-12T01:24:24Z,2025-08-12T10:22:24Z,20250811,1640,1,114,2,1,5,7,1,1,4995,1,40.7,93.0,113.0,437.0,523.0,538.0,False,False,False,True,SYNTHETIC_DEMO_DATA
1070,INC-00001070,2025-06-19T14:12:15Z,2025-06-19T14:43:15Z,2025-06-19T14:55:15Z,2025-06-19T19:58:15Z,2025-06-19T22:29:15Z,2025-06-20T01:57:15Z,20250619,1410,5,86,6,1,5,18,1,1,1746,1,51.4,31.0,43.0,346.0,497.0,208.0,False,False,False,True,SYNTHETIC_DEMO_DATA
1071,INC-00001071,2026-04-13T10:57:26Z,2026-04-13T11:39:26Z,2026-04-13T12:07:26Z,2026-04-13T12:59:26Z,2026-04-13T16:43:26Z,2026-04-13T21:55:26Z,20260413,1055,3,137,44,2,5,12,3,2,7350,1,55.9,42.0,70.0,122.0,346.0,312.0,False,False,True,True,SYNTHETIC_DEMO_DATA
1072,INC-00001072,2026-02-25T14:50:50Z,2026-02-25T15:03:50Z,2026-02-25T15:24:50Z,2026-02-25T16:18:50Z,2026-02-25T19:49:50Z,2026-02-26T03:54:50Z,20260225,1450,6,135,41,2,5,5,3,2,1947,1,41.2,13.0,34.0,88.0,299.0,485.0,False,False,True,True,SYNTHETIC_DEMO_DATA
1073,INC-00001073,2025-06-19T13:39:01Z,2025-06-19T13:51:01Z,2025-06-19T14:19:01Z,2025-06-19T14:55:01Z,2025-06-19T20:03:01Z,2025-06-20T00:53:01Z,20250619,1335,6,75,12,4,5,18,1,4,3357,1,97.6,12.0,40.0,76.0,384.0,290.0,True,False,False,True,SYNTHETIC_DEMO_DATA
1074,INC-00001074,2026-04-06T11:22:10Z,2026-04-06T11:55:10Z,2026-04-06T12:18:10Z,2026-04-06T12:25:10Z,2026-04-06T14:38:10Z,2026-04-06T20:04:10Z,20260406,1120,3,160,44,2,5,9,1,2,12381,1,56.9,33.0,56.0,63.0,196.0,326.0,False,False,False,True,SYNTHETIC_DEMO_DATA
1075,INC-00001075,2026-02-04T07:38:40Z,2026-02-04T07:59:40Z,2026-02-04T08:22:40Z,2026-02-04T10:23:40Z,2026-02-04T12:44:40Z,2026-02-04T18:19:40Z,20260204,735,7,233,37,3,5,3,4,3,17740,1,58.4,21.0,44.0,165.0,306.0,335.0,False,False,False,True,SYNTHETIC_DEMO_DATA
1076,INC-00001076,2025-10-04T19:52:54Z,2025-10-04T20:06:54Z,2025-10-04T20:30:54Z,2025-10-05T01:45:54Z,2025-10-05T03:11:54Z,2025-10-05T03:29:54Z,20251004,1950,6,115,10,4,5,15,3,4,8100,1,96.8,14.0,38.0,353.0,439.0,18.0,True,False,True,False,SYNTHETIC_DEMO_DATA
1077,INC-00001077,2025-11-26T04:11:38Z,2025-11-26T04:23:38Z,2025-11-26T04:48:38Z,2025-11-26T06:29:38Z,2025-11-26T10:22:38Z,2025-11-26T10:50:38Z,20251126,410,2,75,24,3,5,7,1,3,6696,1,64.3,12.0,37.0,138.0,371.0,28.0,False,False,False,True,SYNTHETIC_DEMO_DATA
1078,INC-00001078,2025-11-13T16:14:45Z,2025-11-13T16:33:45Z,2025-11-13T16:40:45Z,2025-11-13T17:35:45Z,2025-11-13T19:50:45Z,2025-11-14T05:18:45Z,20251113,1610,4,104,12,2,5,17,2,2,9092,1,78.2,19.0,26.0,81.0,216.0,568.0,True,False,True,True,SYNTHETIC_DEMO_DATA
1079,INC-00001079,2025-02-26T00:48:21Z,2025-02-26T01:01:21Z,2025-02-26T01:22:21Z,2025-02-26T01:41:21Z,2025-02-26T02:49:21Z,,20250226,45,6,143,25,4,4,12,1,4,4887,1,93.4,13.0,34.0,53.0,121.0,,True,False,False,True,SYNTHETIC_DEMO_DATA
1080,INC-00001080,2026-01-05T09:32:17Z,2026-01-05T10:13:17Z,2026-01-05T10:56:17Z,2026-01-05T12:29:17Z,2026-01-05T16:56:17Z,2026-01-05T20:00:17Z,20260105,930,7,230,12,1,5,2,1,1,17328,1,52.8,41.0,84.0,177.0,444.0,184.0,False,False,False,True,SYNTHETIC_DEMO_DATA
1081,INC-00001081,2025-09-22T03:52:38Z,2025-09-22T04:06:38Z,2025-09-22T04:19:38Z,2025-09-22T04:31:38Z,2025-09-23T16:07:38Z,2025-09-24T00:53:38Z,20250922,350,1,9,14,1,5,13,2,1,16322,1,28.9,14.0,27.0,39.0,2175.0,526.0,False,False,True,True,SYNTHETIC_DEMO_DATA
1082,INC-00001082,2025-02-22T15:28:01Z,2025-02-22T15:52:01Z,2025-02-22T16:02:01Z,2025-02-22T17:00:01Z,2025-02-23T00:51:01Z,2025-02-23T06:52:01Z,20250222,1525,1,42,33,2,5,7,1,2,15262,1,58.4,24.0,34.0,92.0,563.0,361.0,False,False,False,True,SYNTHETIC_DEMO_DATA
1083,INC-00001083,2026-04-20T15:23:23Z,2026-04-20T15:38:23Z,2026-04-20T15:55:23Z,2026-04-20T17:32:23Z,2026-04-20T20:30:23Z,2026-04-21T01:15:23Z,20260420,1520,6,100,12,1,5,17,3,1,8748,1,40.4,15.0,32.0,129.0,307.0,285.0,False,False,True,True,SYNTHETIC_DEMO_DATA
1084,INC-00001084,2026-05-23T14:19:50Z,2026-05-23T14:38:50Z,2026-05-23T14:49:50Z,2026-05-23T15:15:50Z,2026-05-23T19:09:50Z,2026-05-23T20:00:50Z,20260523,1415,2,48,8,1,5,10,3,1,11814,1,36.5,19.0,30.0,56.0,290.0,51.0,False,False,True,True,SYNTHETIC_DEMO_DATA
1085,INC-00001085,2025-12-24T10:24:20Z,2025-12-24T10:39:20Z,2025-12-24T11:04:20Z,2025-12-24T12:04:20Z,2025-12-24T12:53:20Z,2025-12-24T23:26:20Z,20251224,1020,3,217,41,2,5,4,1,2,16979,1,56.0,15.0,40.0,100.0,149.0,633.0,False,False,False,True,SYNTHETIC_DEMO_DATA
1086,INC-00001086,2026-04-16T16:56:34Z,2026-04-16T17:39:34Z,2026-04-16T19:50:34Z,2026-04-16T21:05:34Z,2026-04-16T23:44:34Z,2026-04-17T07:08:34Z,20260416,1655,2,184,45,1,5,14,3,1,4231,1,31.6,43.0,174.0,249.0,408.0,444.0,False,False,True,True,SYNTHETIC_DEMO_DATA
1087,INC-00001087,2025-12-11T01:57:57Z,2025-12-11T02:01:57Z,2025-12-11T02:11:57Z,2025-12-11T10:30:57Z,2025-12-11T11:47:57Z,2025-12-11T21:19:57Z,20251211,155,1,127,36,3,5,9,1,3,850,1,69.1,4.0,14.0,513.0,590.0,572.0,False,False,False,False,SYNTHETIC_DEMO_DATA
1088,INC-00001088,2025-07-26T18:44:29Z,2025-07-26T20:07:29Z,2025-07-26T20:32:29Z,2025-07-26T21:05:29Z,2025-07-27T10:27:29Z,2025-07-27T12:00:29Z,20250726,1840,7,18,15,1,5,18,1,1,17608,1,21.5,83.0,108.0,141.0,943.0,93.0,False,False,False,True,SYNTHETIC_DEMO_DATA
1089,INC-00001089,2026-05-24T21:14:43Z,2026-05-24T21:38:43Z,2026-05-24T21:52:43Z,2026-05-24T22:30:43Z,2026-05-25T08:04:43Z,,20260524,2110,1,3,4,1,4,11,1,1,10909,1,51.0,24.0,38.0,76.0,650.0,,True,False,False,True,SYNTHETIC_DEMO_DATA
1090,INC-00001090,2026-07-26T21:27:38Z,2026-07-26T21:37:38Z,2026-07-26T21:48:38Z,,,,20260726,2125,6,160,18,3,2,6,0,3,4712,1,69.3,10.0,21.0,,,,False,False,False,False,SYNTHETIC_DEMO_DATA
1091,INC-00001091,2025-04-30T12:22:05Z,2025-04-30T12:40:05Z,2025-04-30T12:57:05Z,2025-04-30T14:06:05Z,2025-04-30T14:42:05Z,2025-04-30T17:28:05Z,20250430,1220,7,76,18,3,5,17,2,3,17523,1,59.6,18.0,35.0,104.0,140.0,166.0,False,False,True,True,SYNTHETIC_DEMO_DATA
1092,INC-00001092,2026-01-03T18:09:11Z,2026-01-03T19:52:11Z,2026-01-03T20:13:11Z,2026-01-03T20:59:11Z,2026-01-04T06:27:11Z,2026-01-04T12:13:11Z,20260103,1805,6,55,43,1,5,8,1,1,16287,1,39.6,103.0,124.0,170.0,738.0,346.0,False,False,False,True,SYNTHETIC_DEMO_DATA
1093,INC-00001093,2025-08-16T21:18:19Z,2025-08-16T22:17:19Z,2025-08-16T22:37:19Z,2025-08-17T01:57:19Z,2025-08-17T07:55:19Z,2025-08-17T12:20:19Z,20250816,2115,2,200,37,1,5,1,1,1,17043,1,37.7,59.0,79.0,279.0,637.0,265.0,False,False,False,True,SYNTHETIC_DEMO_DATA
1094,INC-00001094,2025-03-04T13:08:28Z,2025-03-04T13:31:28Z,2025-03-04T14:01:28Z,2025-03-04T15:44:28Z,2025-03-04T21:19:28Z,2025-03-05T02:42:28Z,20250304,1305,6,231,4,1,5,12,2,1,561,1,45.6,23.0,53.0,156.0,491.0,323.0,False,False,True,True,SYNTHETIC_DEMO_DATA
1095,INC-00001095,2025-07-22T19:40:34Z,2025-07-22T20:08:34Z,2025-07-22T20:30:34Z,,,,20250722,1940,2,105,39,2,2,6,0,2,2823,1,55.1,28.0,50.0,,,,False,False,False,False,SYNTHETIC_DEMO_DATA
1096,INC-00001096,2026-01-07T12:02:21Z,2026-01-07T12:09:21Z,2026-01-07T12:26:21Z,2026-01-07T13:07:21Z,2026-01-07T15:24:21Z,,20260107,1200,6,148,45,3,4,18,1,3,825,1,60.1,7.0,24.0,65.0,202.0,,False,False,False,True,SYNTHETIC_DEMO_DATA
1097,INC-00001097,2025-05-18T14:18:05Z,2025-05-18T14:51:05Z,2025-05-18T15:22:05Z,2025-05-18T19:55:05Z,2025-05-19T02:55:05Z,2025-05-19T13:34:05Z,20250518,1415,7,234,32,1,5,9,1,1,16849,1,29.2,33.0,64.0,337.0,757.0,639.0,False,False,False,True,SYNTHETIC_DEMO_DATA
1098,INC-00001098,2025-09-22T09:25:51Z,2025-09-22T09:58:51Z,2025-09-22T10:11:51Z,2025-09-22T11:12:51Z,2025-09-22T12:59:51Z,2025-09-22T22:08:51Z,20250922,925,4,222,35,4,5,5,3,4,3216,1,96.2,33.0,46.0,107.0,214.0,549.0,True,False,True,False,SYNTHETIC_DEMO_DATA
1099,INC-00001099,2025-06-30T05:45:40Z,2025-06-30T06:02:40Z,2025-06-30T06:46:40Z,2025-06-30T07:37:40Z,2025-06-30T10:54:40Z,2025-06-30T15:20:40Z,20250630,545,2,132,34,3,5,15,1,3,1997,1,76.5,17.0,61.0,112.0,309.0,266.0,False,False,False,True,SYNTHETIC_DEMO_DATA
1100,INC-00001100,2026-07-25T11:44:26Z,2026-07-25T12:20:26Z,2026-07-25T12:59:26Z,2026-07-25T13:52:26Z,2026-07-25T19:38:26Z,2026-07-25T21:49:26Z,20260725,1140,4,234,18,1,5,6,1,1,14557,1,38.5,36.0,75.0,128.0,474.0,131.0,True,False,False,True,SYNTHETIC_DEMO_DATA
1101,INC-00001101,2025-11-17T11:13:04Z,2025-11-17T11:30:04Z,2025-11-17T11:49:04Z,2025-11-17T12:39:04Z,2025-11-17T13:09:04Z,2025-11-17T13:23:04Z,20251117,1110,7,182,9,2,5,18,1,2,4236,1,55.7,17.0,36.0,86.0,116.0,14.0,False,False,False,True,SYNTHETIC_DEMO_DATA
1102,INC-00001102,2025-06-16T09:34:13Z,2025-06-16T10:26:13Z,2025-06-16T10:58:13Z,2025-06-16T13:04:13Z,2025-06-17T05:47:13Z,2025-06-17T11:11:13Z,20250616,930,3,183,11,1,5,10,1,1,6217,1,33.5,52.0,84.0,210.0,1213.0,324.0,False,False,False,True,SYNTHETIC_DEMO_DATA
1103,INC-00001103,2026-02-05T14:35:48Z,2026-02-05T14:48:48Z,2026-02-05T15:26:48Z,2026-02-05T15:34:48Z,2026-02-05T16:23:48Z,2026-02-05T21:30:48Z,20260205,1435,3,226,37,4,5,6,3,4,5288,1,100,13.0,51.0,59.0,108.0,307.0,True,False,True,True,SYNTHETIC_DEMO_DATA
1104,INC-00001104,2025-12-30T11:16:55Z,2025-12-30T11:28:55Z,2025-12-30T12:22:55Z,2025-12-30T13:32:55Z,2025-12-31T04:43:55Z,2025-12-31T08:53:55Z,20251230,1115,6,226,45,1,5,14,1,1,15816,1,47.2,12.0,66.0,136.0,1047.0,250.0,False,False,False,True,SYNTHETIC_DEMO_DATA
1105,INC-00001105,2025-10-08T12:37:07Z,2025-10-08T13:18:07Z,2025-10-08T13:42:07Z,2025-10-08T17:44:07Z,2025-10-08T18:07:07Z,,20251008,1235,7,76,4,3,4,9,2,3,7125,1,62.2,41.0,65.0,307.0,330.0,,False,False,True,True,SYNTHETIC_DEMO_DATA
1106,INC-00001106,2025-08-21T17:02:25Z,2025-08-21T18:16:25Z,2025-08-21T18:32:25Z,2025-08-21T19:15:25Z,2025-08-22T01:44:25Z,2025-08-22T02:00:25Z,20250821,1700,3,85,16,1,5,18,1,1,7668,1,36.5,74.0,90.0,133.0,522.0,16.0,False,False,False,True,SYNTHETIC_DEMO_DATA
1107,INC-00001107,2025-08-24T08:29:14Z,2025-08-24T08:46:14Z,2025-08-24T09:11:14Z,2025-08-24T10:53:14Z,2025-08-24T14:06:14Z,2025-08-25T00:18:14Z,20250824,825,5,204,43,4,5,14,1,4,14390,1,97.1,17.0,42.0,144.0,337.0,612.0,True,False,False,True,SYNTHETIC_DEMO_DATA
1108,INC-00001108,2026-06-05T09:14:20Z,2026-06-05T09:19:20Z,2026-06-05T10:23:20Z,2026-06-05T13:28:20Z,2026-06-05T16:25:20Z,2026-06-05T23:39:20Z,20260605,910,4,83,35,2,5,5,1,2,3907,1,51.2,5.0,69.0,254.0,431.0,434.0,False,False,False,True,SYNTHETIC_DEMO_DATA
1109,INC-00001109,2025-06-08T07:35:55Z,2025-06-08T08:14:55Z,2025-06-08T10:27:55Z,2025-06-08T12:02:55Z,2025-06-09T00:43:55Z,2025-06-09T08:10:55Z,20250608,735,6,24,3,1,5,15,1,1,15640,1,40.3,39.0,172.0,267.0,1028.0,447.0,False,False,False,True,SYNTHETIC_DEMO_DATA
1110,INC-00001110,2025-11-04T11:36:51Z,2025-11-04T12:14:51Z,2025-11-04T12:26:51Z,2025-11-04T12:46:51Z,2025-11-04T14:22:51Z,2025-11-04T23:45:51Z,20251104,1135,4,61,26,2,5,9,1,2,14744,1,49.1,38.0,50.0,70.0,166.0,563.0,False,False,False,True,SYNTHETIC_DEMO_DATA
1111,INC-00001111,2025-07-29T12:08:19Z,2025-07-29T12:51:19Z,2025-07-29T13:08:19Z,2025-07-29T15:35:19Z,2025-07-29T17:35:19Z,2025-07-29T20:10:19Z,20250729,1205,6,222,41,1,5,1,3,1,14765,1,51.6,43.0,60.0,207.0,327.0,155.0,True,False,True,True,SYNTHETIC_DEMO_DATA
1112,INC-00001112,2025-02-04T09:28:11Z,2025-02-04T09:47:11Z,2025-02-04T10:04:11Z,2025-02-04T11:35:11Z,2025-02-04T12:23:11Z,2025-02-04T13:24:11Z,20250204,925,5,194,19,3,5,14,1,3,2271,1,78.0,19.0,36.0,127.0,175.0,61.0,False,False,False,True,SYNTHETIC_DEMO_DATA
1113,INC-00001113,2025-08-22T07:05:02Z,2025-08-22T07:40:02Z,2025-08-22T07:50:02Z,2025-08-22T09:18:02Z,2025-08-22T10:39:02Z,2025-08-22T17:54:02Z,20250822,705,2,32,1,2,5,6,1,2,7238,1,65.5,35.0,45.0,133.0,214.0,435.0,False,True,False,True,SYNTHETIC_DEMO_DATA
1114,INC-00001114,2026-05-22T03:41:34Z,2026-05-22T04:00:34Z,2026-05-22T04:26:34Z,2026-05-22T06:56:34Z,2026-05-22T08:23:34Z,2026-05-22T16:52:34Z,20260522,340,2,138,31,3,5,18,1,3,12228,1,63.0,19.0,45.0,195.0,282.0,509.0,False,False,False,True,SYNTHETIC_DEMO_DATA
1115,INC-00001115,2026-06-10T15:49:22Z,2026-06-10T16:13:22Z,2026-06-10T16:20:22Z,2026-06-10T16:41:22Z,2026-06-10T20:42:22Z,2026-06-10T21:20:22Z,20260610,1545,7,191,17,1,5,9,1,1,17025,1,35.5,24.0,31.0,52.0,293.0,38.0,False,False,False,True,SYNTHETIC_DEMO_DATA
1116,INC-00001116,2025-03-25T16:54:32Z,2025-03-25T17:08:32Z,2025-03-25T17:56:32Z,2025-03-25T20:39:32Z,2025-03-25T23:24:32Z,2025-03-26T04:42:32Z,20250325,1650,6,122,12,2,5,3,1,2,12053,1,63.6,14.0,62.0,225.0,390.0,318.0,False,False,False,True,SYNTHETIC_DEMO_DATA
1117,INC-00001117,2025-07-12T09:17:25Z,2025-07-12T09:27:25Z,2025-07-12T09:45:25Z,2025-07-12T11:07:25Z,2025-07-12T16:16:25Z,2025-07-12T16:58:25Z,20250712,915,6,19,7,4,5,16,1,4,7315,1,98.8,10.0,28.0,110.0,419.0,42.0,True,False,False,True,SYNTHETIC_DEMO_DATA
1118,INC-00001118,2025-06-15T09:17:56Z,2025-06-15T10:05:56Z,2025-06-15T10:14:56Z,2025-06-15T10:21:56Z,2025-06-15T11:54:56Z,2025-06-15T18:52:56Z,20250615,915,6,49,35,3,5,8,3,3,10222,1,64.8,48.0,57.0,64.0,157.0,418.0,False,False,True,True,SYNTHETIC_DEMO_DATA
1119,INC-00001119,2025-06-02T22:35:03Z,2025-06-02T22:48:03Z,2025-06-02T23:08:03Z,,,,20250602,2235,7,59,16,3,2,1,0,3,17507,1,81.4,13.0,33.0,,,,False,False,False,False,SYNTHETIC_DEMO_DATA
1120,INC-00001120,2025-09-25T11:53:33Z,2025-09-25T12:08:33Z,2025-09-25T12:59:33Z,2025-09-25T15:34:33Z,2025-09-25T17:04:33Z,2025-09-25T21:14:33Z,20250925,1150,7,150,5,2,5,11,3,2,14201,1,57.1,15.0,66.0,221.0,311.0,250.0,False,False,True,True,SYNTHETIC_DEMO_DATA
1121,INC-00001121,2025-08-14T12:27:05Z,2025-08-14T13:16:05Z,2025-08-14T13:38:05Z,2025-08-14T14:22:05Z,2025-08-14T15:42:05Z,2025-08-14T19:44:05Z,20250814,1225,2,57,13,4,5,6,3,4,8497,1,98.4,49.0,71.0,115.0,195.0,242.0,True,False,True,False,SYNTHETIC_DEMO_DATA
1122,INC-00001122,2025-07-21T09:19:26Z,2025-07-21T09:27:26Z,2025-07-21T09:39:26Z,2025-07-21T11:05:26Z,2025-07-21T12:50:26Z,2025-07-21T13:17:26Z,20250721,915,2,11,43,1,5,14,2,1,17494,1,49.0,8.0,20.0,106.0,211.0,27.0,True,False,True,True,SYNTHETIC_DEMO_DATA
1123,INC-00001123,2025-10-05T00:55:59Z,2025-10-05T01:13:59Z,2025-10-05T01:35:59Z,2025-10-05T04:17:59Z,2025-10-06T02:50:59Z,2025-10-06T10:50:59Z,20251005,55,3,81,11,1,5,7,4,1,16482,1,26.0,18.0,40.0,202.0,1555.0,480.0,False,False,False,True,SYNTHETIC_DEMO_DATA
1124,INC-00001124,2025-03-28T12:16:01Z,2025-03-28T13:09:01Z,2025-03-28T13:35:01Z,2025-03-28T14:20:01Z,2025-03-28T15:13:01Z,2025-03-28T23:03:01Z,20250328,1215,6,33,13,2,5,1,1,2,240,1,63.5,53.0,79.0,124.0,177.0,470.0,False,False,False,True,SYNTHETIC_DEMO_DATA
1125,INC-00001125,2025-03-04T11:27:54Z,2025-03-04T11:58:54Z,2025-03-04T12:11:54Z,2025-03-04T13:05:54Z,2025-03-04T14:10:54Z,2025-03-05T01:49:54Z,20250304,1125,6,123,41,2,5,12,3,2,9457,1,63.7,31.0,44.0,98.0,163.0,699.0,False,False,True,True,SYNTHETIC_DEMO_DATA
1126,INC-00001126,2025-10-11T12:47:03Z,2025-10-11T12:53:03Z,2025-10-11T13:30:03Z,2025-10-11T13:46:03Z,2025-10-11T19:42:03Z,2025-10-11T21:25:03Z,20251011,1245,7,151,23,3,5,6,3,3,704,1,72.9,6.0,43.0,59.0,415.0,103.0,False,False,True,True,SYNTHETIC_DEMO_DATA
1127,INC-00001127,2026-02-02T14:25:47Z,2026-02-02T14:40:47Z,2026-02-02T14:54:47Z,2026-02-02T16:44:47Z,2026-02-02T18:41:47Z,2026-02-03T03:17:47Z,20260202,1425,5,20,15,3,5,17,4,3,11466,1,65.7,15.0,29.0,139.0,256.0,516.0,False,False,False,True,SYNTHETIC_DEMO_DATA
1128,INC-00001128,2025-03-12T14:36:31Z,2025-03-12T14:39:31Z,2025-03-12T15:07:31Z,2025-03-12T16:12:31Z,2025-03-12T22:07:31Z,2025-03-13T04:36:31Z,20250312,1435,4,75,11,1,5,8,1,1,2099,1,37.8,3.0,31.0,96.0,451.0,389.0,False,False,False,True,SYNTHETIC_DEMO_DATA
1129,INC-00001129,2025-04-12T07:02:32Z,2025-04-12T08:08:32Z,2025-04-12T08:48:32Z,2025-04-12T09:09:32Z,2025-04-12T10:16:32Z,,20250412,700,2,46,40,3,4,3,1,3,1822,1,69.5,66.0,106.0,127.0,194.0,,False,False,False,False,SYNTHETIC_DEMO_DATA
1130,INC-00001130,2025-05-06T08:17:11Z,2025-05-06T08:25:11Z,2025-05-06T08:31:11Z,,,,20250506,815,7,197,38,1,2,12,0,1,2357,1,31.0,8.0,14.0,,,,False,False,False,False,SYNTHETIC_DEMO_DATA
1131,INC-00001131,2026-07-08T10:35:33Z,2026-07-08T10:46:33Z,2026-07-08T11:21:33Z,2026-07-08T11:42:33Z,2026-07-08T13:16:33Z,2026-07-08T22:21:33Z,20260708,1035,6,218,18,4,5,8,1,4,6846,1,97.9,11.0,46.0,67.0,161.0,545.0,True,False,False,True,SYNTHETIC_DEMO_DATA
1132,INC-00001132,2025-03-08T13:50:32Z,2025-03-08T14:21:32Z,2025-03-08T15:00:32Z,2025-03-08T16:15:32Z,2025-03-08T20:32:32Z,2025-03-09T02:25:32Z,20250308,1350,7,151,5,3,5,18,1,3,11288,1,63.5,31.0,70.0,145.0,402.0,353.0,False,False,False,True,SYNTHETIC_DEMO_DATA
1133,INC-00001133,2026-03-29T13:12:06Z,2026-03-29T13:34:06Z,2026-03-29T13:45:06Z,2026-03-29T15:37:06Z,2026-03-29T16:32:06Z,,20260329,1310,4,188,9,1,4,9,1,1,12403,1,45.7,22.0,33.0,145.0,200.0,,True,False,False,True,SYNTHETIC_DEMO_DATA
1134,INC-00001134,2025-06-04T05:42:32Z,2025-06-04T05:56:32Z,2025-06-04T06:23:32Z,2025-06-04T07:38:32Z,2025-06-04T09:50:32Z,2025-06-04T11:01:32Z,20250604,540,1,65,38,4,5,5,1,4,17441,1,91.9,14.0,41.0,116.0,248.0,71.0,True,False,False,True,SYNTHETIC_DEMO_DATA
1135,INC-00001135,2025-11-24T15:04:44Z,2025-11-24T15:14:44Z,2025-11-24T15:52:44Z,2025-11-24T16:13:44Z,2025-11-24T21:08:44Z,2025-11-25T03:38:44Z,20251124,1500,1,152,23,4,5,16,1,4,6782,1,84.7,10.0,48.0,69.0,364.0,390.0,True,False,False,True,SYNTHETIC_DEMO_DATA
1136,INC-00001136,2026-05-30T06:45:06Z,2026-05-30T06:57:06Z,2026-05-30T07:42:06Z,2026-05-30T08:37:06Z,2026-05-30T12:04:06Z,2026-05-30T21:40:06Z,20260530,645,1,231,34,1,5,6,3,1,4920,1,45.2,12.0,57.0,112.0,319.0,576.0,False,False,True,True,SYNTHETIC_DEMO_DATA
1137,INC-00001137,2026-05-17T16:25:07Z,2026-05-17T16:50:07Z,2026-05-17T17:02:07Z,2026-05-17T17:59:07Z,2026-05-18T00:16:07Z,2026-05-18T11:16:07Z,20260517,1625,7,229,37,1,5,17,1,1,5678,1,36.7,25.0,37.0,94.0,471.0,660.0,False,False,False,True,SYNTHETIC_DEMO_DATA
1138,INC-00001138,2026-05-10T09:58:11Z,2026-05-10T10:07:11Z,2026-05-10T10:15:11Z,2026-05-10T11:26:11Z,2026-05-10T12:50:11Z,2026-05-11T00:05:11Z,20260510,955,6,131,22,4,5,13,3,4,9001,1,100,9.0,17.0,88.0,172.0,675.0,True,False,True,True,SYNTHETIC_DEMO_DATA
1139,INC-00001139,2025-06-01T10:13:15Z,2025-06-01T10:21:15Z,2025-06-01T10:39:15Z,2025-06-01T11:15:15Z,2025-06-01T14:56:15Z,2025-06-02T00:16:15Z,20250601,1010,6,169,4,3,5,5,3,3,5736,1,66.7,8.0,26.0,62.0,283.0,560.0,False,False,True,True,SYNTHETIC_DEMO_DATA
1140,INC-00001140,2025-07-13T15:50:56Z,2025-07-13T16:25:56Z,2025-07-13T17:03:56Z,2025-07-13T18:15:56Z,2025-07-13T21:39:56Z,,20250713,1550,4,64,18,1,4,14,3,1,14893,1,42.2,35.0,73.0,145.0,349.0,,False,False,True,True,SYNTHETIC_DEMO_DATA
1141,INC-00001141,2026-03-01T19:08:34Z,2026-03-01T19:17:34Z,2026-03-01T19:25:34Z,2026-03-01T20:12:34Z,2026-03-02T05:59:34Z,2026-03-02T13:01:34Z,20260301,1905,4,123,36,1,5,7,1,1,5031,1,43.5,9.0,17.0,64.0,651.0,422.0,False,False,False,True,SYNTHETIC_DEMO_DATA
1142,INC-00001142,2025-09-29T13:07:35Z,2025-09-29T13:28:35Z,2025-09-29T14:10:35Z,2025-09-29T14:57:35Z,2025-09-29T16:39:35Z,,20250929,1305,2,209,21,3,4,2,3,3,4528,1,66.1,21.0,63.0,110.0,212.0,,False,False,True,True,SYNTHETIC_DEMO_DATA
1143,INC-00001143,2026-06-16T11:54:40Z,2026-06-16T12:17:40Z,2026-06-16T12:22:40Z,2026-06-16T12:54:40Z,2026-06-16T14:01:40Z,2026-06-17T01:32:40Z,20260616,1150,4,128,24,1,5,11,2,1,6586,1,42.7,23.0,28.0,60.0,127.0,691.0,False,False,True,True,SYNTHETIC_DEMO_DATA
1144,INC-00001144,2025-08-15T13:52:52Z,2025-08-15T14:07:52Z,2025-08-15T14:21:52Z,2025-08-15T15:39:52Z,2025-08-15T20:04:52Z,,20250815,1350,6,110,34,2,4,5,3,2,5268,1,65.5,15.0,29.0,107.0,372.0,,True,False,True,True,SYNTHETIC_DEMO_DATA
1145,INC-00001145,2025-06-19T09:42:46Z,2025-06-19T10:11:46Z,2025-06-19T10:30:46Z,2025-06-19T11:53:46Z,2025-06-19T14:18:46Z,2025-06-19T20:02:46Z,20250619,940,7,33,4,3,5,17,1,3,14294,1,74.7,29.0,48.0,131.0,276.0,344.0,False,False,False,True,SYNTHETIC_DEMO_DATA
1146,INC-00001146,2026-01-25T11:56:58Z,2026-01-25T11:58:58Z,2026-01-25T12:18:58Z,2026-01-25T12:43:58Z,2026-01-25T16:18:58Z,2026-01-26T02:25:58Z,20260125,1155,3,118,24,2,5,9,1,2,10880,1,63.1,2.0,22.0,47.0,262.0,607.0,False,False,False,True,SYNTHETIC_DEMO_DATA
1147,INC-00001147,2025-08-31T20:14:55Z,2025-08-31T20:40:55Z,2025-08-31T21:07:55Z,2025-08-31T21:44:55Z,2025-09-01T03:19:55Z,2025-09-01T04:48:55Z,20250831,2010,3,79,19,1,5,1,1,1,10111,1,38.5,26.0,53.0,90.0,425.0,89.0,False,False,False,True,SYNTHETIC_DEMO_DATA
1148,INC-00001148,2025-03-07T11:42:37Z,2025-03-07T11:53:37Z,2025-03-07T12:10:37Z,2025-03-07T15:06:37Z,2025-03-07T15:37:37Z,2025-03-07T22:17:37Z,20250307,1140,2,27,23,3,5,14,3,3,6682,1,60.4,11.0,28.0,204.0,235.0,400.0,False,False,True,True,SYNTHETIC_DEMO_DATA
1149,INC-00001149,2026-07-25T10:17:26Z,2026-07-25T10:48:26Z,2026-07-25T10:51:26Z,2026-07-25T11:32:26Z,2026-07-25T17:19:26Z,2026-07-26T02:15:26Z,20260725,1015,3,38,10,2,5,6,1,2,9246,1,57.4,31.0,34.0,75.0,422.0,536.0,False,False,False,True,SYNTHETIC_DEMO_DATA
1150,INC-00001150,2025-11-17T19:32:32Z,2025-11-17T19:58:32Z,2025-11-17T20:27:32Z,2025-11-17T22:41:32Z,2025-11-17T23:12:32Z,2025-11-18T07:17:32Z,20251117,1930,2,17,20,3,5,18,1,3,9649,1,63.0,26.0,55.0,189.0,220.0,485.0,False,False,False,True,SYNTHETIC_DEMO_DATA
1151,INC-00001151,2025-10-19T10:23:09Z,2025-10-19T10:31:09Z,2025-10-19T12:25:09Z,2025-10-19T13:35:09Z,2025-10-19T13:49:09Z,2025-10-19T19:56:09Z,20251019,1020,3,101,43,3,5,11,1,3,11460,1,69.0,8.0,122.0,192.0,206.0,367.0,False,False,False,True,SYNTHETIC_DEMO_DATA
1152,INC-00001152,2025-04-09T20:02:27Z,2025-04-09T20:10:27Z,2025-04-09T20:36:27Z,2025-04-09T23:09:27Z,2025-04-09T23:55:27Z,2025-04-10T02:12:27Z,20250409,2000,7,217,34,3,5,4,4,3,7426,1,75.2,8.0,34.0,187.0,233.0,137.0,False,False,False,True,SYNTHETIC_DEMO_DATA
1153,INC-00001153,2025-08-05T10:45:54Z,2025-08-05T11:02:54Z,2025-08-05T11:16:54Z,2025-08-05T14:23:54Z,2025-08-05T17:07:54Z,2025-08-05T21:27:54Z,20250805,1045,2,176,40,1,5,13,1,1,1360,1,46.7,17.0,31.0,218.0,382.0,260.0,False,False,False,True,SYNTHETIC_DEMO_DATA
1154,INC-00001154,2025-10-27T22:59:06Z,2025-10-27T23:42:06Z,2025-10-27T23:50:06Z,2025-10-28T00:45:06Z,2025-10-28T07:45:06Z,2025-10-28T11:18:06Z,20251027,2255,1,12,45,3,5,8,3,3,6531,1,66.1,43.0,51.0,106.0,526.0,213.0,False,False,True,True,SYNTHETIC_DEMO_DATA
1155,INC-00001155,2025-12-19T00:59:44Z,2025-12-19T01:25:44Z,2025-12-19T02:27:44Z,2025-12-19T03:59:44Z,2025-12-19T09:11:44Z,,20251219,55,6,171,11,4,4,2,1,4,501,1,82.6,26.0,88.0,180.0,492.0,,True,False,False,True,SYNTHETIC_DEMO_DATA
1156,INC-00001156,2026-02-17T18:01:46Z,2026-02-17T18:28:46Z,2026-02-17T18:51:46Z,2026-02-17T22:35:46Z,2026-02-17T23:20:46Z,2026-02-18T00:03:46Z,20260217,1800,1,118,42,2,5,11,4,2,13535,1,58.2,27.0,50.0,274.0,319.0,43.0,False,False,False,True,SYNTHETIC_DEMO_DATA
1157,INC-00001157,2025-10-23T14:06:19Z,2025-10-23T14:15:19Z,2025-10-23T14:29:19Z,2025-10-23T15:39:19Z,2025-10-23T18:49:19Z,2025-10-23T22:20:19Z,20251023,1405,1,226,12,3,5,5,1,3,17811,1,72.8,9.0,23.0,93.0,283.0,211.0,False,False,False,True,SYNTHETIC_DEMO_DATA
1158,INC-00001158,2025-07-17T23:58:46Z,2025-07-18T00:29:46Z,2025-07-18T00:34:46Z,2025-07-18T02:13:46Z,2025-07-18T03:22:46Z,,20250717,2355,7,224,5,2,4,15,1,2,17310,1,42.2,31.0,36.0,135.0,204.0,,False,False,False,True,SYNTHETIC_DEMO_DATA
1159,INC-00001159,2026-07-11T08:14:18Z,2026-07-11T08:19:18Z,2026-07-11T08:57:18Z,2026-07-11T11:45:18Z,2026-07-11T13:31:18Z,,20260711,810,1,91,43,3,4,9,2,3,15209,1,69.3,5.0,43.0,211.0,317.0,,False,False,True,True,SYNTHETIC_DEMO_DATA
1160,INC-00001160,2026-07-19T12:27:39Z,2026-07-19T12:36:39Z,2026-07-19T12:54:39Z,2026-07-19T14:24:39Z,2026-07-19T16:35:39Z,2026-07-19T17:36:39Z,20260719,1225,1,88,7,2,5,1,3,2,1631,1,57.7,9.0,27.0,117.0,248.0,61.0,False,False,True,True,SYNTHETIC_DEMO_DATA
1161,INC-00001161,2026-06-07T19:06:09Z,2026-06-07T19:11:09Z,2026-06-07T20:00:09Z,2026-06-07T21:31:09Z,2026-06-08T02:26:09Z,2026-06-08T11:44:09Z,20260607,1905,1,116,37,2,5,12,1,2,16581,1,45.9,5.0,54.0,145.0,440.0,558.0,False,False,False,True,SYNTHETIC_DEMO_DATA
1162,INC-00001162,2025-03-01T12:28:10Z,2025-03-01T13:05:10Z,2025-03-01T13:15:10Z,2025-03-01T13:45:10Z,2025-03-01T14:24:10Z,2025-03-01T15:06:10Z,20250301,1225,1,134,33,3,5,6,1,3,2587,1,61.7,37.0,47.0,77.0,116.0,42.0,False,False,False,True,SYNTHETIC_DEMO_DATA
1163,INC-00001163,2026-03-05T21:32:56Z,2026-03-05T21:54:56Z,2026-03-05T22:30:56Z,2026-03-06T00:17:56Z,2026-03-06T04:40:56Z,2026-03-06T07:51:56Z,20260305,2130,7,141,23,3,5,17,2,3,13072,1,71.7,22.0,58.0,165.0,428.0,191.0,False,False,True,True,SYNTHETIC_DEMO_DATA
1164,INC-00001164,2026-02-24T13:07:05Z,2026-02-24T13:20:05Z,2026-02-24T13:54:05Z,2026-02-24T16:00:05Z,2026-02-24T19:39:05Z,2026-02-24T20:01:05Z,20260224,1305,6,95,4,1,5,8,2,1,10035,1,50.2,13.0,47.0,173.0,392.0,22.0,False,False,True,True,SYNTHETIC_DEMO_DATA
1165,INC-00001165,2026-04-20T11:41:30Z,2026-04-20T12:04:30Z,2026-04-20T12:34:30Z,,,,20260420,1140,6,31,29,1,2,1,0,1,3215,1,34.3,23.0,53.0,,,,False,False,False,False,SYNTHETIC_DEMO_DATA
1166,INC-00001166,2026-03-17T10:32:38Z,2026-03-17T10:38:38Z,2026-03-17T11:09:38Z,2026-03-17T13:19:38Z,2026-03-18T06:24:38Z,,20260317,1030,2,86,13,5,4,16,2,5,17541,1,100,6.0,37.0,167.0,1192.0,,True,True,True,False,SYNTHETIC_DEMO_DATA
1167,INC-00001167,2025-10-23T20:00:17Z,2025-10-23T20:04:17Z,2025-10-23T20:25:17Z,,,,20251023,2000,6,31,37,1,2,5,0,1,12108,1,35.3,4.0,25.0,,,,False,False,False,False,SYNTHETIC_DEMO_DATA
1168,INC-00001168,2025-05-24T22:16:55Z,2025-05-24T22:58:55Z,2025-05-24T23:30:55Z,2025-05-25T00:54:55Z,2025-05-25T03:01:55Z,2025-05-25T05:05:55Z,20250524,2215,7,164,42,1,5,16,1,1,11966,1,37.6,42.0,74.0,158.0,285.0,124.0,False,False,False,True,SYNTHETIC_DEMO_DATA
1169,INC-00001169,2025-05-25T12:19:59Z,2025-05-25T12:34:59Z,2025-05-25T13:35:59Z,2025-05-25T15:08:59Z,2025-05-27T12:49:59Z,2025-05-27T19:47:59Z,20250525,1215,1,23,23,1,5,9,1,1,5665,1,47.6,15.0,76.0,169.0,2910.0,418.0,False,False,False,True,SYNTHETIC_DEMO_DATA
1170,INC-00001170,2025-12-18T12:36:51Z,2025-12-18T12:47:51Z,2025-12-18T13:40:51Z,2025-12-18T22:00:51Z,2025-12-19T01:55:51Z,2025-12-19T05:41:51Z,20251218,1235,7,137,20,2,5,3,3,2,13138,1,49.9,11.0,64.0,564.0,799.0,226.0,False,False,True,True,SYNTHETIC_DEMO_DATA
1171,INC-00001171,2026-06-03T05:33:08Z,2026-06-03T06:08:08Z,2026-06-03T06:25:08Z,2026-06-03T09:38:08Z,2026-06-03T17:12:08Z,2026-06-03T18:54:08Z,20260603,530,1,135,11,3,5,15,1,3,8017,1,54.0,35.0,52.0,245.0,699.0,102.0,False,False,False,True,SYNTHETIC_DEMO_DATA
1172,INC-00001172,2026-04-14T16:14:12Z,2026-04-14T16:26:12Z,2026-04-14T16:48:12Z,2026-04-14T17:23:12Z,2026-04-14T21:19:12Z,2026-04-15T04:44:12Z,20260414,1610,6,100,34,1,5,6,3,1,16503,1,48.0,12.0,34.0,69.0,305.0,445.0,False,False,True,True,SYNTHETIC_DEMO_DATA
1173,INC-00001173,2025-10-03T17:34:23Z,2025-10-03T18:11:23Z,2025-10-03T18:20:23Z,2025-10-03T19:02:23Z,2025-10-03T22:47:23Z,2025-10-04T04:20:23Z,20251003,1730,6,183,11,3,5,1,1,3,3895,1,70.1,37.0,46.0,88.0,313.0,333.0,False,False,False,True,SYNTHETIC_DEMO_DATA
1174,INC-00001174,2026-07-07T10:42:55Z,2026-07-07T10:57:55Z,2026-07-07T11:05:55Z,2026-07-07T12:02:55Z,2026-07-07T15:27:55Z,2026-07-07T23:58:55Z,20260707,1040,1,176,14,3,5,12,1,3,8529,1,79.1,15.0,23.0,80.0,285.0,511.0,False,False,False,True,SYNTHETIC_DEMO_DATA
1175,INC-00001175,2025-12-07T14:28:29Z,2025-12-07T15:10:29Z,2025-12-07T16:29:29Z,2025-12-07T18:04:29Z,2025-12-07T21:15:29Z,2025-12-07T22:17:29Z,20251207,1425,5,105,6,3,5,5,2,3,6792,1,72.7,42.0,121.0,216.0,407.0,62.0,False,False,True,True,SYNTHETIC_DEMO_DATA
1176,INC-00001176,2025-08-03T06:55:13Z,2025-08-03T07:10:13Z,2025-08-03T07:19:13Z,2025-08-03T09:01:13Z,2025-08-03T12:19:13Z,,20250803,655,1,240,6,1,4,14,3,1,17385,1,46.1,15.0,24.0,126.0,324.0,,False,False,True,True,SYNTHETIC_DEMO_DATA
1177,INC-00001177,2026-03-22T04:42:48Z,2026-03-22T05:00:48Z,2026-03-22T05:11:48Z,2026-03-22T08:23:48Z,2026-03-22T12:24:48Z,2026-03-22T13:39:48Z,20260322,440,2,101,10,3,5,9,3,3,2003,1,78.9,18.0,29.0,221.0,462.0,75.0,True,False,True,True,SYNTHETIC_DEMO_DATA
1178,INC-00001178,2026-07-22T09:16:47Z,2026-07-22T09:49:47Z,2026-07-22T10:03:47Z,2026-07-22T12:29:47Z,2026-07-22T15:04:47Z,2026-07-22T22:54:47Z,20260722,915,4,195,28,1,5,18,2,1,5986,1,42.8,33.0,47.0,193.0,348.0,470.0,False,False,True,True,SYNTHETIC_DEMO_DATA
1179,INC-00001179,2025-02-10T12:24:13Z,2025-02-10T12:40:13Z,2025-02-10T13:37:13Z,2025-02-10T14:50:13Z,2025-02-10T15:41:13Z,2025-02-11T00:16:13Z,20250210,1220,7,38,26,2,5,12,1,2,6149,1,54.0,16.0,73.0,146.0,197.0,515.0,False,False,False,True,SYNTHETIC_DEMO_DATA
1180,INC-00001180,2025-07-01T09:43:19Z,2025-07-01T10:00:19Z,2025-07-01T10:06:19Z,2025-07-01T10:24:19Z,2025-07-01T15:17:19Z,2025-07-01T18:04:19Z,20250701,940,2,59,23,1,5,4,2,1,4909,1,52.4,17.0,23.0,41.0,334.0,167.0,False,False,True,True,SYNTHETIC_DEMO_DATA
1181,INC-00001181,2025-06-10T17:10:47Z,2025-06-10T17:24:47Z,2025-06-10T17:39:47Z,2025-06-10T19:55:47Z,2025-06-10T21:21:47Z,2025-06-11T02:22:47Z,20250610,1710,3,34,21,3,5,17,3,3,1829,1,67.8,14.0,29.0,165.0,251.0,301.0,False,False,True,True,SYNTHETIC_DEMO_DATA
1182,INC-00001182,2026-06-29T07:45:01Z,2026-06-29T09:39:01Z,2026-06-29T10:23:01Z,2026-06-29T11:18:01Z,2026-06-29T14:10:01Z,,20260629,745,6,164,23,2,4,9,1,2,16739,1,51.3,114.0,158.0,213.0,385.0,,False,False,False,True,SYNTHETIC_DEMO_DATA
1183,INC-00001183,2025-06-02T11:09:24Z,2025-06-02T11:46:24Z,2025-06-02T11:54:24Z,2025-06-02T16:53:24Z,2025-06-03T01:05:24Z,2025-06-03T11:25:24Z,20250602,1105,6,218,41,1,5,1,1,1,5727,1,36.3,37.0,45.0,344.0,836.0,620.0,False,False,False,True,SYNTHETIC_DEMO_DATA
1184,INC-00001184,2026-02-18T08:57:15Z,2026-02-18T09:39:15Z,2026-02-18T09:43:15Z,2026-02-18T12:23:15Z,2026-02-18T13:30:15Z,2026-02-18T21:59:15Z,20260218,855,3,122,34,1,5,12,1,1,4964,1,49.8,42.0,46.0,206.0,273.0,509.0,False,False,False,True,SYNTHETIC_DEMO_DATA
1185,INC-00001185,2026-04-13T01:21:12Z,2026-04-13T01:44:12Z,2026-04-13T02:19:12Z,2026-04-13T02:43:12Z,2026-04-13T05:50:12Z,2026-04-13T16:53:12Z,20260413,120,1,6,44,1,5,5,1,1,10491,1,47.3,23.0,58.0,82.0,269.0,663.0,False,False,False,True,SYNTHETIC_DEMO_DATA
1186,INC-00001186,2025-11-01T16:06:11Z,2025-11-01T16:14:11Z,2025-11-01T16:51:11Z,2025-11-01T19:06:11Z,2025-11-01T22:05:11Z,2025-11-01T23:30:11Z,20251101,1605,6,125,40,2,5,17,1,2,16371,1,48.7,8.0,45.0,180.0,359.0,85.0,False,False,False,True,SYNTHETIC_DEMO_DATA
1187,INC-00001187,2025-05-27T11:12:53Z,2025-05-27T11:44:53Z,2025-05-27T11:51:53Z,2025-05-27T13:24:53Z,2025-05-28T01:49:53Z,2025-05-28T04:21:53Z,20250527,1110,3,177,39,1,5,9,1,1,15442,1,47.3,32.0,39.0,132.0,877.0,152.0,False,False,False,True,SYNTHETIC_DEMO_DATA
1188,INC-00001188,2025-09-05T17:25:43Z,2025-09-05T18:03:43Z,2025-09-05T18:08:43Z,2025-09-05T18:41:43Z,2025-09-05T22:12:43Z,2025-09-06T05:37:43Z,20250905,1725,2,32,29,1,5,2,1,1,4372,1,62.9,38.0,43.0,76.0,287.0,445.0,True,False,False,True,SYNTHETIC_DEMO_DATA
1189,INC-00001189,2025-06-29T09:09:37Z,2025-06-29T09:33:37Z,2025-06-29T09:45:37Z,2025-06-29T14:56:37Z,2025-06-29T17:11:37Z,,20250629,905,3,188,41,3,4,15,2,3,9600,1,64.7,24.0,36.0,347.0,482.0,,False,False,True,True,SYNTHETIC_DEMO_DATA
1190,INC-00001190,2026-03-29T14:48:43Z,2026-03-29T15:04:43Z,2026-03-29T15:15:43Z,2026-03-29T16:24:43Z,2026-03-29T17:28:43Z,2026-03-30T04:08:43Z,20260329,1445,1,66,37,4,5,9,1,4,10147,1,91.8,16.0,27.0,96.0,160.0,640.0,True,False,False,True,SYNTHETIC_DEMO_DATA
1191,INC-00001191,2025-07-28T12:47:59Z,2025-07-28T13:01:59Z,2025-07-28T13:39:59Z,2025-07-28T14:08:59Z,2025-07-28T17:08:59Z,2025-07-28T23:18:59Z,20250728,1245,1,79,17,2,5,18,4,2,7018,1,52.6,14.0,52.0,81.0,261.0,370.0,False,False,False,True,SYNTHETIC_DEMO_DATA
1192,INC-00001192,2026-06-26T12:52:37Z,,,,,,20260626,1250,2,7,18,3,1,12,0,3,17335,1,65.8,,,,,,False,False,False,False,SYNTHETIC_DEMO_DATA
1193,INC-00001193,2026-03-19T23:54:59Z,2026-03-20T00:05:59Z,2026-03-20T00:21:59Z,2026-03-20T01:21:59Z,2026-03-20T02:14:59Z,2026-03-20T07:34:59Z,20260319,2350,6,5,34,3,5,5,4,3,8317,1,77.2,11.0,27.0,87.0,140.0,320.0,False,False,False,True,SYNTHETIC_DEMO_DATA
1194,INC-00001194,2025-09-12T07:09:50Z,2025-09-12T07:44:50Z,2025-09-12T09:10:50Z,2025-09-12T10:18:50Z,2025-09-12T13:11:50Z,2025-09-12T13:30:50Z,20250912,705,1,38,1,1,5,0,1,1,8429,1,40.5,35.0,121.0,189.0,362.0,19.0,False,False,False,True,SYNTHETIC_DEMO_DATA
1195,INC-00001195,2026-04-08T04:34:41Z,2026-04-08T04:43:41Z,2026-04-08T06:29:41Z,2026-04-08T07:22:41Z,2026-04-08T10:23:41Z,2026-04-08T16:16:41Z,20260408,430,6,134,22,2,5,8,1,2,9877,1,42.8,9.0,115.0,168.0,349.0,353.0,False,False,False,True,SYNTHETIC_DEMO_DATA
1196,INC-00001196,2025-04-22T15:21:29Z,2025-04-22T15:29:29Z,2025-04-22T15:35:29Z,2025-04-22T16:23:29Z,2025-04-22T16:48:29Z,2025-04-22T23:56:29Z,20250422,1520,6,70,37,3,5,2,3,3,15815,1,64.5,8.0,14.0,62.0,87.0,428.0,False,False,True,True,SYNTHETIC_DEMO_DATA
1197,INC-00001197,2026-02-05T06:55:16Z,2026-02-05T07:11:16Z,2026-02-05T07:30:16Z,2026-02-05T08:07:16Z,2026-02-05T09:15:16Z,2026-02-05T13:05:16Z,20260205,655,7,217,4,2,5,12,1,2,8883,1,61.0,16.0,35.0,72.0,140.0,230.0,False,False,False,True,SYNTHETIC_DEMO_DATA
1198,INC-00001198,2026-04-29T07:53:06Z,2026-04-29T08:06:06Z,2026-04-29T08:16:06Z,2026-04-29T09:02:06Z,2026-04-29T13:31:06Z,,20260429,750,5,167,33,2,4,5,3,2,5213,1,60.6,13.0,23.0,69.0,338.0,,False,False,True,True,SYNTHETIC_DEMO_DATA
1199,INC-00001199,2026-01-23T08:31:05Z,2026-01-23T08:48:05Z,2026-01-23T09:13:05Z,2026-01-23T10:09:05Z,2026-01-23T11:39:05Z,2026-01-23T20:36:05Z,20260123,830,2,227,37,2,5,16,1,2,7107,1,65.6,17.0,42.0,98.0,188.0,537.0,True,False,False,True,SYNTHETIC_DEMO_DATA
1200,INC-00001200,2026-04-24T15:31:05Z,2026-04-24T16:02:05Z,2026-04-24T16:11:05Z,2026-04-24T16:38:05Z,2026-04-25T06:38:05Z,2026-04-25T11:18:05Z,20260424,1530,6,90,30,3,5,10,1,3,3490,1,55.0,31.0,40.0,67.0,907.0,280.0,False,False,False,True,SYNTHETIC_DEMO_DATA
1201,INC-00001201,2025-06-03T11:57:57Z,2025-06-03T12:23:57Z,2025-06-03T12:55:57Z,2025-06-03T13:23:57Z,2025-06-03T22:24:57Z,2025-06-04T07:06:57Z,20250603,1155,2,208,32,1,5,1,2,1,4212,1,45.9,26.0,58.0,86.0,627.0,522.0,False,False,True,True,SYNTHETIC_DEMO_DATA
1202,INC-00001202,2025-08-28T10:32:07Z,2025-08-28T10:43:07Z,2025-08-28T11:22:07Z,2025-08-28T12:36:07Z,2025-08-28T14:29:07Z,,20250828,1030,3,124,28,3,4,14,1,3,2492,1,72.1,11.0,50.0,124.0,237.0,,False,False,False,True,SYNTHETIC_DEMO_DATA
1203,INC-00001203,2026-02-25T19:00:45Z,2026-02-25T19:22:45Z,2026-02-25T19:45:45Z,2026-02-25T20:40:45Z,2026-02-26T01:29:45Z,2026-02-26T03:43:45Z,20260225,1900,6,127,33,1,5,5,1,1,14815,1,46.3,22.0,45.0,100.0,389.0,134.0,False,False,False,True,SYNTHETIC_DEMO_DATA
1204,INC-00001204,2025-09-05T11:14:26Z,2025-09-05T12:34:26Z,2025-09-05T12:42:26Z,2025-09-05T14:54:26Z,2025-09-05T21:25:26Z,2025-09-06T07:59:26Z,20250905,1110,2,183,9,1,5,16,1,1,10781,1,37.6,80.0,88.0,220.0,611.0,634.0,False,False,False,True,SYNTHETIC_DEMO_DATA
1205,INC-00001205,2025-07-08T17:47:37Z,2025-07-08T18:47:37Z,2025-07-08T19:50:37Z,2025-07-08T21:00:37Z,2025-07-09T04:20:37Z,2025-07-09T13:15:37Z,20250708,1745,1,165,9,3,5,11,1,3,3702,1,70.8,60.0,123.0,193.0,633.0,535.0,False,False,False,True,SYNTHETIC_DEMO_DATA
1206,INC-00001206,2026-02-28T18:24:58Z,2026-02-28T18:48:58Z,2026-02-28T19:28:58Z,2026-02-28T19:53:58Z,2026-03-01T01:47:58Z,2026-03-01T06:11:58Z,20260228,1820,5,44,1,3,5,4,1,3,6515,1,60.9,24.0,64.0,89.0,443.0,264.0,False,False,False,True,SYNTHETIC_DEMO_DATA
1207,INC-00001207,2026-04-19T17:27:33Z,2026-04-19T17:37:33Z,2026-04-19T18:01:33Z,2026-04-19T18:44:33Z,2026-04-19T20:55:33Z,2026-04-19T22:36:33Z,20260419,1725,4,194,14,4,5,16,2,4,15703,1,100,10.0,34.0,77.0,208.0,101.0,True,False,True,True,SYNTHETIC_DEMO_DATA
1208,INC-00001208,2026-02-20T21:30:08Z,2026-02-20T22:02:08Z,2026-02-20T22:12:08Z,2026-02-21T01:30:08Z,2026-02-21T05:01:08Z,2026-02-21T07:14:08Z,20260220,2130,6,236,36,3,5,8,4,3,590,1,67.8,32.0,42.0,240.0,451.0,133.0,False,False,False,True,SYNTHETIC_DEMO_DATA
1209,INC-00001209,2025-06-26T16:13:02Z,2025-06-26T17:35:02Z,2025-06-26T17:52:02Z,2025-06-26T18:59:02Z,2025-06-26T20:11:02Z,2025-06-27T01:45:02Z,20250626,1610,1,216,12,3,5,1,1,3,5403,1,52.6,82.0,99.0,166.0,238.0,334.0,False,False,False,False,SYNTHETIC_DEMO_DATA
1210,INC-00001210,2026-02-17T09:48:44Z,2026-02-17T10:21:44Z,2026-02-17T11:00:44Z,2026-02-17T11:44:44Z,2026-02-17T18:54:44Z,2026-02-18T03:34:44Z,20260217,945,5,209,36,1,5,10,3,1,14246,1,52.5,33.0,72.0,116.0,546.0,520.0,True,False,True,True,SYNTHETIC_DEMO_DATA
1211,INC-00001211,2026-03-31T09:25:37Z,2026-03-31T09:44:37Z,2026-03-31T10:21:37Z,2026-03-31T11:00:37Z,2026-03-31T11:46:37Z,,20260331,925,2,46,37,3,4,5,2,3,6172,1,76.5,19.0,56.0,95.0,141.0,,False,False,True,True,SYNTHETIC_DEMO_DATA
1212,INC-00001212,2026-06-17T09:48:57Z,,,,,,20260617,945,2,144,11,2,1,15,0,2,6211,1,41.8,,,,,,False,False,False,False,SYNTHETIC_DEMO_DATA
1213,INC-00001213,2026-01-15T19:01:55Z,2026-01-15T19:05:55Z,2026-01-15T19:27:55Z,2026-01-15T19:45:55Z,2026-01-15T21:27:55Z,2026-01-16T04:15:55Z,20260115,1900,6,47,17,4,5,10,1,4,13502,1,94.6,4.0,26.0,44.0,146.0,408.0,True,False,False,True,SYNTHETIC_DEMO_DATA
1214,INC-00001214,2025-10-23T18:24:31Z,2025-10-23T19:38:31Z,2025-10-23T20:12:31Z,2025-10-23T22:05:31Z,2025-10-24T05:18:31Z,2025-10-24T14:49:31Z,20251023,1820,7,132,43,1,5,18,1,1,14831,1,41.1,74.0,108.0,221.0,654.0,571.0,False,False,False,True,SYNTHETIC_DEMO_DATA
1215,INC-00001215,2025-08-11T12:14:59Z,2025-08-11T12:45:59Z,2025-08-11T13:06:59Z,2025-08-11T16:15:59Z,2025-08-11T18:49:59Z,2025-08-11T23:54:59Z,20250811,1210,7,159,30,1,5,11,1,1,17946,1,39.1,31.0,52.0,241.0,395.0,305.0,False,False,False,True,SYNTHETIC_DEMO_DATA
1216,INC-00001216,2026-01-19T13:58:13Z,2026-01-19T14:13:13Z,2026-01-19T14:23:13Z,2026-01-19T15:19:13Z,2026-01-19T16:49:13Z,2026-01-19T21:04:13Z,20260119,1355,7,224,42,1,5,4,1,1,4918,1,36.2,15.0,25.0,81.0,171.0,255.0,False,False,False,True,SYNTHETIC_DEMO_DATA
1217,INC-00001217,2026-04-29T08:47:26Z,2026-04-29T09:10:26Z,2026-04-29T09:37:26Z,2026-04-29T10:13:26Z,2026-04-29T11:39:26Z,,20260429,845,3,74,18,2,4,16,1,2,6510,1,49.1,23.0,50.0,86.0,172.0,,False,False,False,True,SYNTHETIC_DEMO_DATA
1218,INC-00001218,2025-09-26T09:52:09Z,2025-09-26T10:14:09Z,2025-09-26T10:41:09Z,2025-09-26T11:16:09Z,2025-09-26T13:27:09Z,2025-09-27T00:02:09Z,20250926,950,4,205,44,3,5,10,3,3,5844,1,64.3,22.0,49.0,84.0,215.0,635.0,False,False,True,True,SYNTHETIC_DEMO_DATA
1219,INC-00001219,2026-03-14T18:10:31Z,2026-03-14T19:06:31Z,2026-03-14T19:19:31Z,2026-03-14T20:08:31Z,2026-03-14T21:33:31Z,2026-03-15T07:31:31Z,20260314,1810,3,74,41,1,5,1,1,1,9062,1,41.9,56.0,69.0,118.0,203.0,598.0,False,True,False,True,SYNTHETIC_DEMO_DATA
1220,INC-00001220,2026-07-11T17:19:37Z,2026-07-11T17:30:37Z,2026-07-11T17:36:37Z,2026-07-11T18:31:37Z,2026-07-12T02:56:37Z,,20260711,1715,1,182,17,1,4,12,1,1,4968,1,37.6,11.0,17.0,72.0,577.0,,False,False,False,True,SYNTHETIC_DEMO_DATA
1221,INC-00001221,2026-05-01T14:25:56Z,2026-05-01T14:47:56Z,2026-05-01T15:16:56Z,2026-05-01T17:39:56Z,2026-05-01T21:44:56Z,2026-05-02T04:31:56Z,20260501,1425,3,74,19,1,5,5,1,1,6754,1,46.3,22.0,51.0,194.0,439.0,407.0,True,False,False,True,SYNTHETIC_DEMO_DATA
1222,INC-00001222,2026-06-09T08:51:17Z,2026-06-09T09:35:17Z,2026-06-09T10:20:17Z,2026-06-09T13:19:17Z,2026-06-09T16:30:17Z,2026-06-10T03:26:17Z,20260609,850,3,212,12,2,5,17,1,2,12201,1,63.4,44.0,89.0,268.0,459.0,656.0,False,False,False,True,SYNTHETIC_DEMO_DATA
1223,INC-00001223,2026-03-13T13:50:51Z,2026-03-13T14:25:51Z,2026-03-13T14:34:51Z,2026-03-13T18:27:51Z,2026-03-13T20:17:51Z,2026-03-13T21:37:51Z,20260313,1350,2,1,3,1,5,9,1,1,2672,1,45.6,35.0,44.0,277.0,387.0,80.0,False,False,False,True,SYNTHETIC_DEMO_DATA
1224,INC-00001224,2025-06-15T07:01:10Z,2025-06-15T07:10:10Z,2025-06-15T07:34:10Z,2025-06-15T08:46:10Z,2025-06-15T10:10:10Z,2025-06-15T20:20:10Z,20250615,700,2,30,2,4,5,5,1,4,4358,1,96.9,9.0,33.0,105.0,189.0,610.0,True,False,False,True,SYNTHETIC_DEMO_DATA
1225,INC-00001225,2025-10-24T07:06:15Z,2025-10-24T07:20:15Z,2025-10-24T07:39:15Z,2025-10-24T08:52:15Z,2025-10-24T14:12:15Z,2025-10-24T22:12:15Z,20251024,705,2,121,23,3,5,15,3,3,1928,1,66.1,14.0,33.0,106.0,426.0,480.0,False,False,True,True,SYNTHETIC_DEMO_DATA
1226,INC-00001226,2026-06-25T09:00:15Z,2026-06-25T10:09:15Z,2026-06-25T10:17:15Z,2026-06-25T13:47:15Z,2026-06-25T16:04:15Z,,20260625,900,6,57,26,3,4,8,1,3,12026,1,64.4,69.0,77.0,287.0,424.0,,False,False,False,False,SYNTHETIC_DEMO_DATA
1227,INC-00001227,2025-05-26T16:58:33Z,2025-05-26T17:04:33Z,2025-05-26T17:53:33Z,2025-05-26T19:45:33Z,2025-05-27T01:25:33Z,2025-05-27T12:59:33Z,20250526,1655,1,30,8,3,5,1,1,3,4996,1,70.1,6.0,55.0,167.0,507.0,694.0,False,False,False,True,SYNTHETIC_DEMO_DATA
1228,INC-00001228,2025-03-03T10:48:12Z,2025-03-03T11:45:12Z,2025-03-03T12:27:12Z,2025-03-03T13:50:12Z,2025-03-03T16:51:12Z,2025-03-03T20:36:12Z,20250303,1045,5,34,26,1,5,10,1,1,7185,1,41.9,57.0,99.0,182.0,363.0,225.0,False,False,False,True,SYNTHETIC_DEMO_DATA
1229,INC-00001229,2026-06-07T09:38:03Z,2026-06-07T09:47:03Z,2026-06-07T09:56:03Z,2026-06-07T11:04:03Z,2026-06-07T11:23:03Z,2026-06-07T12:39:03Z,20260607,935,5,23,43,3,5,5,1,3,15999,1,78.7,9.0,18.0,86.0,105.0,76.0,False,False,False,True,SYNTHETIC_DEMO_DATA
1230,INC-00001230,2025-10-25T17:35:34Z,2025-10-25T18:08:34Z,2025-10-25T18:44:34Z,2025-10-25T20:00:34Z,2025-10-25T21:05:34Z,2025-10-26T01:49:34Z,20251025,1735,5,72,36,1,5,14,1,1,3632,1,28.0,33.0,69.0,145.0,210.0,284.0,False,False,False,True,SYNTHETIC_DEMO_DATA
1231,INC-00001231,2025-10-27T11:42:21Z,2025-10-27T12:04:21Z,2025-10-27T12:16:21Z,2025-10-27T13:25:21Z,2025-10-27T13:59:21Z,2025-10-27T20:02:21Z,20251027,1140,1,77,12,2,5,8,1,2,9087,1,68.4,22.0,34.0,103.0,137.0,363.0,False,False,False,True,SYNTHETIC_DEMO_DATA
1232,INC-00001232,2025-11-07T00:52:26Z,2025-11-07T00:56:26Z,2025-11-07T01:24:26Z,2025-11-07T02:49:26Z,2025-11-07T05:54:26Z,2025-11-07T06:47:26Z,20251107,50,7,97,3,1,5,18,1,1,11150,1,49.2,4.0,32.0,117.0,302.0,53.0,True,False,False,True,SYNTHETIC_DEMO_DATA
1233,INC-00001233,2026-04-10T00:48:42Z,2026-04-10T01:08:42Z,2026-04-10T01:42:42Z,2026-04-10T01:56:42Z,2026-04-10T04:00:42Z,2026-04-10T11:30:42Z,20260410,45,5,230,22,3,5,13,1,3,14491,1,84.0,20.0,54.0,68.0,192.0,450.0,False,False,False,True,SYNTHETIC_DEMO_DATA
1234,INC-00001234,2025-07-15T17:09:45Z,2025-07-15T17:30:45Z,2025-07-15T17:48:45Z,2025-07-15T19:10:45Z,2025-07-15T20:11:45Z,2025-07-16T07:25:45Z,20250715,1705,4,56,20,4,5,7,3,4,9603,1,93.5,21.0,39.0,121.0,182.0,674.0,True,False,True,True,SYNTHETIC_DEMO_DATA
1235,INC-00001235,2025-06-26T13:46:53Z,2025-06-26T13:54:53Z,2025-06-26T14:03:53Z,2025-06-26T16:07:53Z,2025-06-26T22:38:53Z,2025-06-27T00:00:53Z,20250626,1345,4,194,32,1,5,15,1,1,7095,1,46.1,8.0,17.0,141.0,532.0,82.0,False,False,False,True,SYNTHETIC_DEMO_DATA
1236,INC-00001236,2026-06-17T09:34:15Z,2026-06-17T10:12:15Z,2026-06-17T10:19:15Z,,,,20260617,930,4,173,11,1,2,8,0,1,2958,1,38.7,38.0,45.0,,,,False,False,False,False,SYNTHETIC_DEMO_DATA
1237,INC-00001237,2025-06-17T14:01:07Z,2025-06-17T14:31:07Z,2025-06-17T14:54:07Z,,,,20250617,1400,6,82,20,2,2,2,0,2,8301,1,59.3,30.0,53.0,,,,False,False,False,False,SYNTHETIC_DEMO_DATA
1238,INC-00001238,2026-04-10T20:49:31Z,2026-04-10T20:53:31Z,2026-04-10T21:35:31Z,2026-04-10T23:50:31Z,2026-04-11T00:53:31Z,2026-04-11T02:49:31Z,20260410,2045,1,23,40,3,5,14,1,3,14286,1,79.6,4.0,46.0,181.0,244.0,116.0,False,False,False,True,SYNTHETIC_DEMO_DATA
1239,INC-00001239,2026-02-07T11:01:28Z,2026-02-07T11:11:28Z,2026-02-07T11:27:28Z,2026-02-07T13:42:28Z,2026-02-07T21:11:28Z,2026-02-08T01:00:28Z,20260207,1100,6,78,36,1,5,5,1,1,15114,1,45.6,10.0,26.0,161.0,610.0,229.0,False,False,False,True,SYNTHETIC_DEMO_DATA
1240,INC-00001240,2025-06-13T14:43:08Z,2025-06-13T15:03:08Z,2025-06-13T15:27:08Z,2025-06-13T16:21:08Z,2025-06-14T03:50:08Z,2025-06-14T06:53:08Z,20250613,1440,2,184,44,1,5,16,1,1,5607,1,28.6,20.0,44.0,98.0,787.0,183.0,False,False,False,True,SYNTHETIC_DEMO_DATA
1241,INC-00001241,2026-05-15T15:04:03Z,2026-05-15T15:18:03Z,2026-05-15T15:43:03Z,2026-05-15T17:19:03Z,2026-05-15T21:36:03Z,2026-05-15T22:43:03Z,20260515,1500,1,164,35,2,5,10,3,2,5198,1,55.0,14.0,39.0,135.0,392.0,67.0,False,False,True,True,SYNTHETIC_DEMO_DATA
1242,INC-00001242,2026-07-22T09:37:34Z,2026-07-22T09:50:34Z,2026-07-22T10:00:34Z,,,,20260722,935,3,58,7,1,2,2,0,1,13955,1,28.9,13.0,23.0,,,,False,False,False,False,SYNTHETIC_DEMO_DATA
1243,INC-00001243,2026-01-02T21:12:53Z,2026-01-02T22:05:53Z,2026-01-02T22:17:53Z,2026-01-02T23:29:53Z,2026-01-03T00:35:53Z,,20260102,2110,7,8,40,2,4,14,1,2,5573,1,63.8,53.0,65.0,137.0,203.0,,True,False,False,True,SYNTHETIC_DEMO_DATA
1244,INC-00001244,2025-08-21T16:29:54Z,2025-08-21T16:40:54Z,2025-08-21T17:18:54Z,2025-08-21T17:31:54Z,2025-08-21T22:02:54Z,2025-08-22T04:52:54Z,20250821,1625,2,231,26,2,5,7,1,2,17418,1,58.2,11.0,49.0,62.0,333.0,410.0,False,False,False,True,SYNTHETIC_DEMO_DATA
1245,INC-00001245,2025-08-03T14:04:23Z,2025-08-03T15:18:23Z,2025-08-03T15:40:23Z,2025-08-03T16:34:23Z,2025-08-03T22:02:23Z,2025-08-04T07:27:23Z,20250803,1400,4,191,18,1,5,17,1,1,2632,1,39.8,74.0,96.0,150.0,478.0,565.0,False,False,False,True,SYNTHETIC_DEMO_DATA
1246,INC-00001246,2025-09-29T09:56:51Z,2025-09-29T10:08:51Z,2025-09-29T10:18:51Z,2025-09-29T10:39:51Z,2025-09-29T13:47:51Z,2025-09-29T18:41:51Z,20250929,955,1,213,8,4,5,13,3,4,7928,1,97.2,12.0,22.0,43.0,231.0,294.0,True,False,True,True,SYNTHETIC_DEMO_DATA
1247,INC-00001247,2025-02-12T10:07:16Z,2025-02-12T11:11:16Z,2025-02-12T11:33:16Z,,,,20250212,1005,6,176,11,1,2,3,0,1,8946,1,45.9,64.0,86.0,,,,False,False,False,False,SYNTHETIC_DEMO_DATA
1248,INC-00001248,2026-07-10T15:53:19Z,2026-07-10T16:04:19Z,2026-07-10T16:27:19Z,2026-07-10T17:03:19Z,2026-07-10T19:02:19Z,2026-07-11T05:18:19Z,20260710,1550,1,45,10,2,5,15,2,2,6603,1,46.0,11.0,34.0,70.0,189.0,616.0,False,False,True,True,SYNTHETIC_DEMO_DATA
1249,INC-00001249,2025-11-25T18:32:06Z,2025-11-25T18:52:06Z,2025-11-25T19:13:06Z,2025-11-26T04:29:06Z,2025-11-28T02:21:06Z,2025-11-28T04:24:06Z,20251125,1830,1,20,42,1,5,7,1,1,2326,1,35.5,20.0,41.0,597.0,3349.0,123.0,False,False,False,True,SYNTHETIC_DEMO_DATA
1250,INC-00001250,2025-06-26T19:25:36Z,2025-06-26T19:35:36Z,2025-06-26T20:02:36Z,2025-06-26T23:14:36Z,2025-06-27T01:40:36Z,,20250626,1925,1,101,10,1,4,18,3,1,15112,1,37.1,10.0,37.0,229.0,375.0,,False,False,True,True,SYNTHETIC_DEMO_DATA
1251,INC-00001251,2025-08-10T08:42:54Z,2025-08-10T09:08:54Z,2025-08-10T09:32:54Z,2025-08-10T10:10:54Z,2025-08-10T16:30:54Z,2025-08-10T22:32:54Z,20250810,840,2,70,24,2,5,12,4,2,11342,1,55.1,26.0,50.0,88.0,468.0,362.0,False,False,False,True,SYNTHETIC_DEMO_DATA
1252,INC-00001252,2026-06-11T13:10:54Z,2026-06-11T13:13:54Z,2026-06-11T13:41:54Z,2026-06-11T13:50:54Z,2026-06-11T19:35:54Z,2026-06-12T00:50:54Z,20260611,1310,2,113,10,1,5,4,1,1,6456,1,52.4,3.0,31.0,40.0,385.0,315.0,False,False,False,True,SYNTHETIC_DEMO_DATA
1253,INC-00001253,2025-10-23T14:13:06Z,2025-10-23T14:27:06Z,2025-10-23T14:45:06Z,2025-10-23T15:39:06Z,2025-10-23T16:36:06Z,2025-10-24T00:18:06Z,20251023,1410,6,36,3,3,5,17,1,3,2708,1,51.1,14.0,32.0,86.0,143.0,462.0,False,False,False,True,SYNTHETIC_DEMO_DATA
1254,INC-00001254,2026-03-31T12:06:02Z,2026-03-31T12:28:02Z,2026-03-31T12:54:02Z,2026-03-31T14:20:02Z,2026-03-31T18:33:02Z,2026-04-01T05:00:02Z,20260331,1205,7,172,12,2,5,9,1,2,4158,1,68.1,22.0,48.0,134.0,387.0,627.0,True,False,False,True,SYNTHETIC_DEMO_DATA
1255,INC-00001255,2025-05-05T18:41:30Z,2025-05-05T18:52:30Z,2025-05-05T19:12:30Z,2025-05-05T20:06:30Z,2025-05-06T00:23:30Z,2025-05-06T05:41:30Z,20250505,1840,6,87,20,1,5,1,1,1,8553,1,43.8,11.0,31.0,85.0,342.0,318.0,False,False,False,True,SYNTHETIC_DEMO_DATA
1256,INC-00001256,2026-04-23T16:51:37Z,2026-04-23T17:50:37Z,2026-04-23T18:06:37Z,2026-04-23T18:40:37Z,2026-04-23T20:29:37Z,2026-04-24T05:09:37Z,20260423,1650,1,136,4,1,5,12,4,1,14193,1,45.5,59.0,75.0,109.0,218.0,520.0,False,False,False,True,SYNTHETIC_DEMO_DATA
1257,INC-00001257,2025-07-25T00:43:25Z,2025-07-25T01:04:25Z,2025-07-25T01:40:25Z,2025-07-25T06:33:25Z,2025-07-25T08:00:25Z,2025-07-25T12:57:25Z,20250725,40,7,73,41,2,5,6,4,2,8149,1,59.6,21.0,57.0,350.0,437.0,297.0,False,False,False,True,SYNTHETIC_DEMO_DATA
1258,INC-00001258,2025-03-25T14:42:50Z,2025-03-25T15:03:50Z,2025-03-25T15:12:50Z,2025-03-25T17:05:50Z,2025-03-26T16:02:50Z,2025-03-26T19:47:50Z,20250325,1440,6,88,24,2,5,17,1,2,17835,1,49.1,21.0,30.0,143.0,1520.0,225.0,False,False,False,True,SYNTHETIC_DEMO_DATA
1259,INC-00001259,2026-04-13T15:17:04Z,2026-04-13T15:45:04Z,2026-04-13T16:21:04Z,2026-04-13T17:59:04Z,2026-04-13T20:31:04Z,2026-04-13T23:46:04Z,20260413,1515,3,13,10,2,5,10,1,2,11020,1,44.4,28.0,64.0,162.0,314.0,195.0,False,False,False,True,SYNTHETIC_DEMO_DATA
1260,INC-00001260,2026-04-21T18:54:57Z,2026-04-21T19:03:57Z,2026-04-21T19:22:57Z,2026-04-21T20:10:57Z,2026-04-21T20:41:57Z,2026-04-21T22:05:57Z,20260421,1850,2,149,24,2,5,3,1,2,3644,1,62.7,9.0,28.0,76.0,107.0,84.0,False,False,False,True,SYNTHETIC_DEMO_DATA
1261,INC-00001261,2026-03-01T16:36:29Z,2026-03-01T17:13:29Z,2026-03-01T17:57:29Z,2026-03-01T18:12:29Z,2026-03-01T23:47:29Z,2026-03-02T09:25:29Z,20260301,1635,7,9,30,5,5,17,1,5,16179,1,98.3,37.0,81.0,96.0,431.0,578.0,True,False,False,False,SYNTHETIC_DEMO_DATA
1262,INC-00001262,2025-11-04T15:18:55Z,2025-11-04T15:25:55Z,2025-11-04T16:13:55Z,2025-11-04T16:42:55Z,2025-11-04T18:23:55Z,2025-11-04T21:39:55Z,20251104,1515,2,197,15,1,5,6,1,1,16551,1,34.0,7.0,55.0,84.0,185.0,196.0,False,False,False,True,SYNTHETIC_DEMO_DATA
1263,INC-00001263,2025-03-15T12:13:22Z,2025-03-15T12:54:22Z,2025-03-15T13:22:22Z,2025-03-15T15:05:22Z,2025-03-15T22:04:22Z,2025-03-16T06:07:22Z,20250315,1210,6,238,14,2,5,18,4,2,11245,1,50.4,41.0,69.0,172.0,591.0,483.0,False,False,False,True,SYNTHETIC_DEMO_DATA
1264,INC-00001264,2025-06-26T08:26:42Z,2025-06-26T08:53:42Z,2025-06-26T09:00:42Z,2025-06-26T09:57:42Z,2025-06-26T11:44:42Z,2025-06-26T21:54:42Z,20250626,825,5,80,18,2,5,11,1,2,6993,1,49.8,27.0,34.0,91.0,198.0,610.0,False,False,False,True,SYNTHETIC_DEMO_DATA
1265,INC-00001265,2026-02-16T16:49:12Z,2026-02-16T18:16:12Z,2026-02-16T18:39:12Z,2026-02-16T21:16:12Z,2026-02-17T02:25:12Z,2026-02-17T11:55:12Z,20260216,1645,6,87,39,1,5,3,1,1,11828,1,53.1,87.0,110.0,267.0,576.0,570.0,True,False,False,True,SYNTHETIC_DEMO_DATA
1266,INC-00001266,2025-03-18T09:11:40Z,2025-03-18T09:41:40Z,2025-03-18T10:10:40Z,2025-03-18T10:24:40Z,2025-03-18T13:20:40Z,2025-03-18T13:31:40Z,20250318,910,6,147,4,2,5,15,1,2,10373,1,54.8,30.0,59.0,73.0,249.0,11.0,False,False,False,True,SYNTHETIC_DEMO_DATA
1267,INC-00001267,2026-07-20T12:15:36Z,,,,,,20260720,1215,1,218,7,2,1,8,0,2,645,1,57.9,,,,,,False,False,False,False,SYNTHETIC_DEMO_DATA
1268,INC-00001268,2025-02-15T07:42:44Z,2025-02-15T08:22:44Z,2025-02-15T08:27:44Z,2025-02-15T09:03:44Z,2025-02-15T11:59:44Z,2025-02-15T14:11:44Z,20250215,740,1,105,36,3,5,2,1,3,13560,1,72.0,40.0,45.0,81.0,257.0,132.0,False,False,False,True,SYNTHETIC_DEMO_DATA
1269,INC-00001269,2025-07-15T17:56:54Z,2025-07-15T18:00:54Z,2025-07-15T18:16:54Z,2025-07-15T18:58:54Z,2025-07-15T21:34:54Z,2025-07-16T04:29:54Z,20250715,1755,7,95,16,5,5,15,1,5,6343,1,100,4.0,20.0,62.0,218.0,415.0,True,False,False,False,SYNTHETIC_DEMO_DATA
1270,INC-00001270,2025-02-25T01:21:39Z,2025-02-25T01:39:39Z,2025-02-25T01:58:39Z,2025-02-25T04:26:39Z,2025-02-25T06:37:39Z,,20250225,120,7,197,22,3,4,6,1,3,7339,1,63.3,18.0,37.0,185.0,316.0,,False,False,False,True,SYNTHETIC_DEMO_DATA
1271,INC-00001271,2025-06-24T07:04:37Z,2025-06-24T07:34:37Z,2025-06-24T08:52:37Z,2025-06-24T12:04:37Z,2025-06-24T15:10:37Z,2025-06-24T18:40:37Z,20250624,700,5,216,21,2,5,16,3,2,7748,1,40.2,30.0,108.0,300.0,486.0,210.0,False,False,True,True,SYNTHETIC_DEMO_DATA
1272,INC-00001272,2026-04-27T11:02:23Z,2026-04-27T11:27:23Z,2026-04-27T11:39:23Z,2026-04-27T12:26:23Z,2026-04-27T14:04:23Z,2026-04-27T14:59:23Z,20260427,1100,1,21,8,3,5,10,1,3,15806,1,64.4,25.0,37.0,84.0,182.0,55.0,False,True,False,True,SYNTHETIC_DEMO_DATA
1273,INC-00001273,2025-05-07T00:58:12Z,2025-05-07T01:20:12Z,2025-05-07T01:30:12Z,2025-05-07T02:34:12Z,2025-05-07T09:18:12Z,2025-05-07T19:16:12Z,20250507,55,6,223,28,1,5,1,1,1,7756,1,36.7,22.0,32.0,96.0,500.0,598.0,False,False,False,True,SYNTHETIC_DEMO_DATA
1274,INC-00001274,2025-04-21T10:34:44Z,2025-04-21T10:48:44Z,2025-04-21T11:47:44Z,2025-04-21T13:06:44Z,2025-04-21T14:51:44Z,2025-04-22T02:48:44Z,20250421,1030,6,176,21,2,5,13,1,2,5565,1,64.8,14.0,73.0,152.0,257.0,717.0,False,False,False,True,SYNTHETIC_DEMO_DATA
1275,INC-00001275,2025-02-04T08:52:12Z,2025-02-04T09:13:12Z,2025-02-04T09:28:12Z,,,,20250204,850,5,2,38,2,2,6,0,2,13235,1,53.8,21.0,36.0,,,,False,False,False,False,SYNTHETIC_DEMO_DATA
1276,INC-00001276,2026-04-15T11:56:45Z,,,,,,20260415,1155,1,62,37,4,1,1,0,4,5302,1,87.1,,,,,,True,False,False,False,SYNTHETIC_DEMO_DATA
1277,INC-00001277,2025-03-05T11:43:02Z,2025-03-05T11:57:02Z,2025-03-05T12:18:02Z,2025-03-05T13:32:02Z,2025-03-05T15:38:02Z,2025-03-05T18:17:02Z,20250305,1140,3,46,41,1,5,9,1,1,12762,1,45.1,14.0,35.0,109.0,235.0,159.0,False,False,False,True,SYNTHETIC_DEMO_DATA
1278,INC-00001278,2025-04-19T10:14:20Z,2025-04-19T10:33:20Z,2025-04-19T10:37:20Z,2025-04-19T11:51:20Z,2025-04-19T16:37:20Z,,20250419,1010,3,117,10,1,4,2,1,1,6869,1,21.0,19.0,23.0,97.0,383.0,,False,False,False,True,SYNTHETIC_DEMO_DATA
1279,INC-00001279,2026-07-15T05:42:28Z,2026-07-15T06:01:28Z,2026-07-15T06:25:28Z,,,,20260715,540,6,197,22,3,2,15,0,3,10502,1,65.0,19.0,43.0,,,,False,False,False,False,SYNTHETIC_DEMO_DATA
1280,INC-00001280,2025-11-22T07:05:17Z,2025-11-22T07:18:17Z,2025-11-22T07:42:17Z,2025-11-22T08:08:17Z,2025-11-22T11:06:17Z,2025-11-22T20:03:17Z,20251122,705,3,129,7,3,5,8,1,3,8102,1,65.5,13.0,37.0,63.0,241.0,537.0,False,False,False,True,SYNTHETIC_DEMO_DATA
1281,INC-00001281,2025-05-29T17:28:17Z,2025-05-29T18:23:17Z,2025-05-29T18:42:17Z,2025-05-29T20:08:17Z,,,20250529,1725,5,63,37,1,3,17,0,1,2542,1,26.4,55.0,74.0,160.0,,,False,False,False,False,SYNTHETIC_DEMO_DATA
1282,INC-00001282,2025-04-04T19:15:40Z,2025-04-04T19:37:40Z,2025-04-04T19:44:40Z,2025-04-04T20:07:40Z,2025-04-04T20:54:40Z,2025-04-05T06:44:40Z,20250404,1915,3,42,12,4,5,13,3,4,10950,1,100,22.0,29.0,52.0,99.0,590.0,True,False,True,True,SYNTHETIC_DEMO_DATA
1283,INC-00001283,2026-06-11T08:09:06Z,2026-06-11T08:35:06Z,2026-06-11T08:57:06Z,2026-06-11T11:46:06Z,2026-06-11T12:38:06Z,2026-06-11T17:23:06Z,20260611,805,5,188,14,3,5,5,2,3,8067,1,59.7,26.0,48.0,217.0,269.0,285.0,False,False,True,True,SYNTHETIC_DEMO_DATA
1284,INC-00001284,2025-06-08T10:30:49Z,2025-06-08T11:27:49Z,2025-06-08T11:52:49Z,2025-06-08T12:33:49Z,2025-06-08T14:46:49Z,2025-06-08T18:23:49Z,20250608,1030,6,185,26,3,5,16,1,3,9493,1,84.1,57.0,82.0,123.0,256.0,217.0,False,False,False,True,SYNTHETIC_DEMO_DATA
1285,INC-00001285,2025-10-18T13:43:44Z,2025-10-18T14:41:44Z,2025-10-18T14:48:44Z,2025-10-18T17:13:44Z,2025-10-18T18:27:44Z,2025-10-19T03:38:44Z,20251018,1340,2,133,7,1,5,7,1,1,10223,1,38.8,58.0,65.0,210.0,284.0,551.0,False,False,False,True,SYNTHETIC_DEMO_DATA
1286,INC-00001286,2025-07-10T07:55:30Z,2025-07-10T08:24:30Z,2025-07-10T08:43:30Z,2025-07-10T10:55:30Z,,,20250710,755,3,159,18,2,3,1,0,2,17644,1,61.4,29.0,48.0,180.0,,,False,False,False,False,SYNTHETIC_DEMO_DATA
1287,INC-00001287,2025-12-25T10:15:22Z,2025-12-25T10:40:22Z,2025-12-25T10:49:22Z,2025-12-25T11:16:22Z,2025-12-25T14:53:22Z,2025-12-25T18:00:22Z,20251225,1015,1,148,32,4,5,14,1,4,516,1,92.3,25.0,34.0,61.0,278.0,187.0,True,False,False,True,SYNTHETIC_DEMO_DATA
1288,INC-00001288,2025-05-26T18:10:16Z,2025-05-26T18:55:16Z,2025-05-26T19:20:16Z,2025-05-26T20:01:16Z,2025-05-27T01:38:16Z,2025-05-27T06:31:16Z,20250526,1810,7,227,12,3,5,6,3,3,1314,1,65.3,45.0,70.0,111.0,448.0,293.0,False,False,True,True,SYNTHETIC_DEMO_DATA
1289,INC-00001289,2025-07-02T14:53:04Z,2025-07-02T15:11:04Z,2025-07-02T15:28:04Z,2025-07-02T16:08:04Z,2025-07-02T18:10:04Z,2025-07-02T20:42:04Z,20250702,1450,5,6,41,2,5,16,1,2,9599,1,59.0,18.0,35.0,75.0,197.0,152.0,False,False,False,True,SYNTHETIC_DEMO_DATA
1290,INC-00001290,2025-08-29T23:05:28Z,2025-08-29T23:15:28Z,2025-08-29T23:33:28Z,2025-08-30T00:29:28Z,2025-08-30T04:20:28Z,,20250829,2305,6,114,27,1,4,8,1,1,15081,1,42.6,10.0,28.0,84.0,315.0,,False,False,False,True,SYNTHETIC_DEMO_DATA
1291,INC-00001291,2026-01-12T14:19:39Z,2026-01-12T14:35:39Z,2026-01-12T14:49:39Z,2026-01-12T15:14:39Z,2026-01-12T19:33:39Z,,20260112,1415,6,51,7,1,4,1,3,1,9487,1,39.6,16.0,30.0,55.0,314.0,,False,False,True,True,SYNTHETIC_DEMO_DATA
1292,INC-00001292,2026-05-22T18:52:06Z,2026-05-22T19:43:06Z,2026-05-22T20:42:06Z,2026-05-22T21:01:06Z,2026-05-23T10:26:06Z,2026-05-23T22:01:06Z,20260522,1850,3,28,1,3,5,14,1,3,14215,1,77.5,51.0,110.0,129.0,934.0,695.0,False,False,False,True,SYNTHETIC_DEMO_DATA
1293,INC-00001293,2026-06-10T06:46:06Z,2026-06-10T07:20:06Z,2026-06-10T07:35:06Z,2026-06-10T08:24:06Z,2026-06-10T12:58:06Z,2026-06-11T00:51:06Z,20260610,645,1,60,5,1,5,5,1,1,11825,1,45.5,34.0,49.0,98.0,372.0,713.0,False,False,False,True,SYNTHETIC_DEMO_DATA
1294,INC-00001294,2025-10-30T10:32:22Z,2025-10-30T10:38:22Z,2025-10-30T11:12:22Z,2025-10-30T12:18:22Z,2025-10-30T15:36:22Z,2025-10-31T01:59:22Z,20251030,1030,6,45,43,4,5,1,1,4,13173,1,84.6,6.0,40.0,106.0,304.0,623.0,True,False,False,True,SYNTHETIC_DEMO_DATA
1295,INC-00001295,2025-03-06T13:46:49Z,2025-03-06T13:50:49Z,2025-03-06T13:59:49Z,2025-03-06T14:54:49Z,2025-03-06T20:27:49Z,2025-03-06T23:58:49Z,20250306,1345,3,113,17,2,5,10,3,2,8682,1,61.2,4.0,13.0,68.0,401.0,211.0,False,False,True,True,SYNTHETIC_DEMO_DATA
1296,INC-00001296,2025-06-30T16:52:34Z,2025-06-30T17:08:34Z,2025-06-30T18:02:34Z,2025-06-30T23:00:34Z,2025-07-01T06:40:34Z,2025-07-01T17:27:34Z,20250630,1650,2,179,39,2,5,3,3,2,12834,1,43.0,16.0,70.0,368.0,828.0,647.0,False,False,True,True,SYNTHETIC_DEMO_DATA
1297,INC-00001297,2026-07-26T13:38:06Z,2026-07-26T14:01:06Z,2026-07-26T14:11:06Z,2026-07-26T15:29:06Z,2026-07-26T21:20:06Z,2026-07-27T03:27:06Z,20260726,1335,6,136,33,3,5,15,1,3,2298,1,73.7,23.0,33.0,111.0,462.0,367.0,False,False,False,True,SYNTHETIC_DEMO_DATA
1298,INC-00001298,2025-03-05T15:04:53Z,2025-03-05T15:54:53Z,2025-03-05T16:17:53Z,2025-03-05T16:41:53Z,2025-03-06T09:25:53Z,2025-03-06T15:12:53Z,20250305,1500,2,89,25,2,5,7,1,2,4263,1,57.0,50.0,73.0,97.0,1101.0,347.0,True,False,False,True,SYNTHETIC_DEMO_DATA
1299,INC-00001299,2025-03-07T18:07:57Z,2025-03-07T18:32:57Z,2025-03-07T18:51:57Z,2025-03-07T19:45:57Z,2025-03-07T21:39:57Z,2025-03-08T06:35:57Z,20250307,1805,7,140,36,1,5,17,1,1,555,1,50.8,25.0,44.0,98.0,212.0,536.0,False,False,False,True,SYNTHETIC_DEMO_DATA
1300,INC-00001300,2025-03-23T23:09:23Z,2025-03-24T00:16:23Z,2025-03-24T00:28:23Z,2025-03-24T02:24:23Z,2025-03-24T08:43:23Z,2025-03-24T12:57:23Z,20250323,2305,1,23,6,1,5,10,4,1,6957,1,49.1,67.0,79.0,195.0,574.0,254.0,False,False,False,True,SYNTHETIC_DEMO_DATA
1301,INC-00001301,2025-09-13T18:54:55Z,2025-09-13T19:29:55Z,2025-09-13T19:59:55Z,2025-09-13T20:27:55Z,2025-09-13T21:28:55Z,2025-09-14T03:22:55Z,20250913,1850,4,119,1,5,5,7,3,5,16599,1,100,35.0,65.0,93.0,154.0,354.0,True,False,True,False,SYNTHETIC_DEMO_DATA
1302,INC-00001302,2025-04-05T09:33:20Z,2025-04-05T09:49:20Z,2025-04-05T10:18:20Z,2025-04-05T10:51:20Z,2025-04-05T11:33:20Z,2025-04-05T19:03:20Z,20250405,930,7,50,2,3,5,16,1,3,2630,1,80.6,16.0,45.0,78.0,120.0,450.0,False,False,False,True,SYNTHETIC_DEMO_DATA
1303,INC-00001303,2025-12-28T15:56:43Z,,,,,,20251228,1555,1,13,13,3,1,9,0,3,4616,1,57.1,,,,,,False,False,False,False,SYNTHETIC_DEMO_DATA
1304,INC-00001304,2026-02-24T06:53:02Z,2026-02-24T07:56:02Z,2026-02-24T08:04:02Z,2026-02-24T16:14:02Z,2026-02-24T18:02:02Z,2026-02-24T23:49:02Z,20260224,650,1,219,23,1,5,18,1,1,13863,1,42.6,63.0,71.0,561.0,669.0,347.0,False,False,False,True,SYNTHETIC_DEMO_DATA
1305,INC-00001305,2025-04-22T09:15:33Z,2025-04-22T09:43:33Z,2025-04-22T09:47:33Z,2025-04-22T13:34:33Z,2025-04-23T02:03:33Z,2025-04-23T09:14:33Z,20250422,915,4,191,21,1,5,11,1,1,8802,1,39.2,28.0,32.0,259.0,1008.0,431.0,False,False,False,True,SYNTHETIC_DEMO_DATA
1306,INC-00001306,2025-02-22T19:49:26Z,2025-02-22T20:03:26Z,2025-02-22T21:01:26Z,2025-02-22T21:44:26Z,2025-02-22T22:39:26Z,2025-02-23T00:47:26Z,20250222,1945,2,205,11,3,5,6,1,3,982,1,68.8,14.0,72.0,115.0,170.0,128.0,False,False,False,True,SYNTHETIC_DEMO_DATA
1307,INC-00001307,2025-12-21T09:47:25Z,2025-12-21T10:09:25Z,2025-12-21T10:24:25Z,2025-12-21T11:26:25Z,2025-12-21T14:37:25Z,2025-12-21T15:38:25Z,20251221,945,6,98,20,3,5,17,4,3,1296,1,59.7,22.0,37.0,99.0,290.0,61.0,False,False,False,True,SYNTHETIC_DEMO_DATA
1308,INC-00001308,2025-03-27T07:57:42Z,2025-03-27T08:33:42Z,2025-03-27T09:21:42Z,2025-03-27T11:07:42Z,2025-03-27T14:25:42Z,2025-03-27T16:46:42Z,20250327,755,7,203,43,1,5,8,3,1,11572,1,52.8,36.0,84.0,190.0,388.0,141.0,False,False,True,True,SYNTHETIC_DEMO_DATA
1309,INC-00001309,2025-06-16T11:13:14Z,2025-06-16T11:24:14Z,2025-06-16T11:36:14Z,2025-06-16T12:16:14Z,2025-06-16T16:59:14Z,2025-06-17T00:06:14Z,20250616,1110,3,121,42,2,5,2,1,2,5791,1,61.1,11.0,23.0,63.0,346.0,427.0,True,False,False,True,SYNTHETIC_DEMO_DATA
1310,INC-00001310,2026-05-28T19:51:32Z,2026-05-28T21:15:32Z,2026-05-28T21:25:32Z,,,,20260528,1950,7,193,40,2,2,13,0,2,10754,1,45.3,84.0,94.0,,,,False,False,False,False,SYNTHETIC_DEMO_DATA
1311,INC-00001311,2025-10-08T11:38:08Z,2025-10-08T12:13:08Z,2025-10-08T12:50:08Z,2025-10-08T13:41:08Z,2025-10-08T15:34:08Z,2025-10-08T20:08:08Z,20251008,1135,2,235,3,3,5,7,1,3,5101,1,72.6,35.0,72.0,123.0,236.0,274.0,False,False,False,True,SYNTHETIC_DEMO_DATA
1312,INC-00001312,2025-09-11T15:12:58Z,2025-09-11T15:19:58Z,2025-09-11T15:36:58Z,2025-09-11T16:34:58Z,2025-09-11T19:54:58Z,2025-09-12T05:58:58Z,20250911,1510,2,24,32,1,5,16,3,1,13244,1,44.6,7.0,24.0,82.0,282.0,604.0,False,False,True,True,SYNTHETIC_DEMO_DATA
1313,INC-00001313,2025-10-09T04:49:09Z,2025-10-09T05:30:09Z,2025-10-09T05:41:09Z,2025-10-09T07:16:09Z,2025-10-09T08:36:09Z,2025-10-09T11:57:09Z,20251009,445,7,117,6,2,5,10,1,2,734,1,38.6,41.0,52.0,147.0,227.0,201.0,False,False,False,True,SYNTHETIC_DEMO_DATA
1314,INC-00001314,2026-01-21T10:24:22Z,2026-01-21T11:05:22Z,2026-01-21T11:18:22Z,2026-01-21T23:06:22Z,2026-01-22T00:10:22Z,2026-01-22T03:42:22Z,20260121,1020,7,130,33,2,5,3,1,2,4714,1,42.9,41.0,54.0,762.0,826.0,212.0,False,False,False,False,SYNTHETIC_DEMO_DATA
1315,INC-00001315,2026-02-25T08:11:44Z,2026-02-25T08:59:44Z,2026-02-25T09:05:44Z,2026-02-25T10:12:44Z,2026-02-25T19:03:44Z,2026-02-25T20:37:44Z,20260225,810,1,134,5,2,5,14,1,2,10710,1,51.5,48.0,54.0,121.0,652.0,94.0,False,False,False,True,SYNTHETIC_DEMO_DATA
1316,INC-00001316,2025-03-07T20:51:21Z,2025-03-07T21:06:21Z,2025-03-07T21:29:21Z,2025-03-07T22:06:21Z,2025-03-07T23:26:21Z,2025-03-08T10:07:21Z,20250307,2050,6,201,43,4,5,9,1,4,8162,1,91.6,15.0,38.0,75.0,155.0,641.0,True,False,False,True,SYNTHETIC_DEMO_DATA
1317,INC-00001317,2025-10-25T14:30:08Z,2025-10-25T15:14:08Z,2025-10-25T15:41:08Z,2025-10-25T16:04:08Z,2025-10-25T18:40:08Z,2025-10-26T01:06:08Z,20251025,1430,4,147,40,3,5,1,2,3,3342,1,72.4,44.0,71.0,94.0,250.0,386.0,False,False,True,True,SYNTHETIC_DEMO_DATA
1318,INC-00001318,2025-05-15T11:49:57Z,2025-05-15T12:16:57Z,2025-05-15T12:35:57Z,2025-05-15T15:02:57Z,2025-05-16T02:50:57Z,2025-05-16T05:54:57Z,20250515,1145,4,169,19,3,5,12,1,3,17493,1,63.6,27.0,46.0,193.0,901.0,184.0,False,False,False,True,SYNTHETIC_DEMO_DATA
1319,INC-00001319,2025-04-05T14:04:48Z,2025-04-05T15:30:48Z,2025-04-05T16:00:48Z,2025-04-05T16:24:48Z,2025-04-05T19:00:48Z,2025-04-06T05:23:48Z,20250405,1400,6,119,44,2,5,4,3,2,4466,1,52.0,86.0,116.0,140.0,296.0,623.0,False,False,True,True,SYNTHETIC_DEMO_DATA
1320,INC-00001320,2026-07-13T17:05:50Z,2026-07-13T17:37:50Z,2026-07-13T17:47:50Z,2026-07-13T18:19:50Z,2026-07-14T05:04:50Z,2026-07-14T16:41:50Z,20260713,1705,7,90,20,1,5,14,3,1,4048,1,35.4,32.0,42.0,74.0,719.0,697.0,True,False,True,True,SYNTHETIC_DEMO_DATA
1321,INC-00001321,2026-04-07T12:53:18Z,2026-04-07T13:29:18Z,2026-04-07T14:03:18Z,2026-04-07T14:30:18Z,2026-04-07T19:44:18Z,2026-04-07T22:19:18Z,20260407,1250,7,157,40,1,5,7,2,1,12409,1,28.5,36.0,70.0,97.0,411.0,155.0,False,False,True,True,SYNTHETIC_DEMO_DATA
1322,INC-00001322,2026-03-10T14:25:55Z,2026-03-10T14:49:55Z,2026-03-10T15:08:55Z,2026-03-10T17:34:55Z,2026-03-10T23:13:55Z,2026-03-11T03:37:55Z,20260310,1425,3,227,1,1,5,18,1,1,7320,1,38.7,24.0,43.0,189.0,528.0,264.0,False,False,False,True,SYNTHETIC_DEMO_DATA
1323,INC-00001323,2025-08-27T13:14:59Z,2025-08-27T13:37:59Z,2025-08-27T14:04:59Z,2025-08-27T14:48:59Z,2025-08-27T17:48:59Z,2025-08-28T01:51:59Z,20250827,1310,3,167,30,2,5,12,1,2,6430,1,61.9,23.0,50.0,94.0,274.0,483.0,False,False,False,True,SYNTHETIC_DEMO_DATA
1324,INC-00001324,2025-11-21T16:10:11Z,2025-11-21T16:15:11Z,2025-11-21T16:44:11Z,2025-11-21T16:57:11Z,2025-11-21T22:33:11Z,2025-11-22T05:43:11Z,20251121,1610,5,141,8,3,5,6,1,3,8495,1,71.6,5.0,34.0,47.0,383.0,430.0,False,False,False,True,SYNTHETIC_DEMO_DATA
1325,INC-00001325,2026-02-16T17:20:26Z,2026-02-16T17:39:26Z,2026-02-16T17:53:26Z,2026-02-16T19:38:26Z,2026-02-16T23:53:26Z,2026-02-17T01:01:26Z,20260216,1720,6,156,25,1,5,15,3,1,8167,1,39.7,19.0,33.0,138.0,393.0,68.0,False,True,True,True,SYNTHETIC_DEMO_DATA
1326,INC-00001326,2025-09-22T11:52:17Z,2025-09-22T12:05:17Z,2025-09-22T12:12:17Z,2025-09-22T13:30:17Z,2025-09-22T14:35:17Z,2025-09-22T15:17:17Z,20250922,1150,2,56,23,2,5,9,3,2,12934,1,51.4,13.0,20.0,98.0,163.0,42.0,False,False,True,True,SYNTHETIC_DEMO_DATA
1327,INC-00001327,2025-09-15T10:27:34Z,2025-09-15T10:43:34Z,2025-09-15T11:20:34Z,2025-09-15T12:09:34Z,2025-09-15T19:49:34Z,2025-09-16T00:23:34Z,20250915,1025,5,87,14,1,5,1,1,1,2941,1,40.5,16.0,53.0,102.0,562.0,274.0,False,False,False,True,SYNTHETIC_DEMO_DATA
1328,INC-00001328,2025-11-14T14:20:09Z,2025-11-14T15:01:09Z,2025-11-14T16:03:09Z,2025-11-14T16:55:09Z,2025-11-14T18:54:09Z,2025-11-15T04:26:09Z,20251114,1420,3,111,43,4,5,15,1,4,15957,1,91.9,41.0,103.0,155.0,274.0,572.0,True,False,False,False,SYNTHETIC_DEMO_DATA
1329,INC-00001329,2025-07-04T15:16:24Z,2025-07-04T15:49:24Z,2025-07-04T16:32:24Z,2025-07-04T20:19:24Z,2025-07-05T00:29:24Z,2025-07-05T02:19:24Z,20250704,1515,1,213,36,1,5,5,1,1,2219,1,41.8,33.0,76.0,303.0,553.0,110.0,False,False,False,True,SYNTHETIC_DEMO_DATA
1330,INC-00001330,2025-07-11T12:48:23Z,2025-07-11T13:16:23Z,2025-07-11T13:44:23Z,2025-07-11T14:19:23Z,2025-07-12T06:51:23Z,2025-07-12T17:57:23Z,20250711,1245,4,230,24,2,5,17,2,2,3110,1,66.2,28.0,56.0,91.0,1083.0,666.0,False,False,True,True,SYNTHETIC_DEMO_DATA
1331,INC-00001331,2025-12-19T17:32:54Z,2025-12-19T18:05:54Z,2025-12-19T18:16:54Z,2025-12-19T23:19:54Z,2025-12-20T07:47:54Z,2025-12-20T15:12:54Z,20251219,1730,5,75,21,1,5,9,2,1,9646,1,45.1,33.0,44.0,347.0,855.0,445.0,True,False,True,True,SYNTHETIC_DEMO_DATA
1332,INC-00001332,2025-03-16T05:40:29Z,2025-03-16T05:56:29Z,2025-03-16T06:06:29Z,2025-03-16T11:34:29Z,2025-03-16T19:55:29Z,,20250316,540,2,104,22,1,4,2,3,1,7926,1,45.9,16.0,26.0,354.0,855.0,,False,False,True,True,SYNTHETIC_DEMO_DATA
1333,INC-00001333,2026-03-04T12:48:05Z,2026-03-04T13:05:05Z,2026-03-04T13:45:05Z,2026-03-04T15:28:05Z,2026-03-04T18:29:05Z,2026-03-05T00:10:05Z,20260304,1245,7,142,15,1,5,13,1,1,7225,1,40.6,17.0,57.0,160.0,341.0,341.0,False,False,False,True,SYNTHETIC_DEMO_DATA
1334,INC-00001334,2025-08-11T19:40:14Z,2025-08-11T20:01:14Z,2025-08-11T20:26:14Z,2025-08-11T23:35:14Z,2025-08-12T07:54:14Z,2025-08-12T12:46:14Z,20250811,1940,7,213,18,1,5,6,1,1,3540,1,48.4,21.0,46.0,235.0,734.0,292.0,False,False,False,True,SYNTHETIC_DEMO_DATA
1335,INC-00001335,2025-05-25T15:54:35Z,2025-05-25T16:31:35Z,2025-05-25T17:41:35Z,2025-05-25T18:25:35Z,2025-05-25T18:57:35Z,2025-05-25T22:39:35Z,20250525,1550,6,218,10,2,5,18,3,2,17416,1,55.7,37.0,107.0,151.0,183.0,222.0,False,False,True,True,SYNTHETIC_DEMO_DATA
1336,INC-00001336,2025-04-05T05:27:30Z,2025-04-05T05:37:30Z,2025-04-05T06:13:30Z,2025-04-05T07:08:30Z,2025-04-05T09:39:30Z,2025-04-05T09:50:30Z,20250405,525,3,93,17,1,5,10,1,1,17572,1,41.7,10.0,46.0,101.0,252.0,11.0,False,False,False,True,SYNTHETIC_DEMO_DATA
1337,INC-00001337,2025-02-20T10:54:46Z,2025-02-20T11:30:46Z,2025-02-20T11:58:46Z,2025-02-20T12:57:46Z,2025-02-20T15:37:46Z,2025-02-20T20:05:46Z,20250220,1050,6,7,23,3,5,5,2,3,5071,1,68.2,36.0,64.0,123.0,283.0,268.0,False,False,True,True,SYNTHETIC_DEMO_DATA
1338,INC-00001338,2025-04-14T23:22:58Z,2025-04-14T23:29:58Z,2025-04-14T23:36:58Z,2025-04-15T00:18:58Z,2025-04-15T02:36:58Z,2025-04-15T13:56:58Z,20250414,2320,6,9,5,3,5,16,1,3,864,1,56.8,7.0,14.0,56.0,194.0,680.0,False,False,False,True,SYNTHETIC_DEMO_DATA
1339,INC-00001339,2026-03-30T11:20:14Z,2026-03-30T11:34:14Z,2026-03-30T11:43:14Z,2026-03-30T13:42:14Z,2026-03-30T14:56:14Z,2026-03-30T23:24:14Z,20260330,1120,7,74,31,4,5,10,2,4,11542,1,94.5,14.0,23.0,142.0,216.0,508.0,True,False,True,True,SYNTHETIC_DEMO_DATA
1340,INC-00001340,2026-06-26T07:11:41Z,2026-06-26T07:52:41Z,2026-06-26T08:04:41Z,2026-06-26T08:57:41Z,2026-06-26T09:31:41Z,2026-06-26T12:30:41Z,20260626,710,3,158,35,2,5,1,1,2,3806,1,62.4,41.0,53.0,106.0,140.0,179.0,False,False,False,True,SYNTHETIC_DEMO_DATA
1341,INC-00001341,2025-08-10T17:53:15Z,2025-08-10T19:15:15Z,2025-08-10T20:25:15Z,2025-08-10T21:01:15Z,2025-08-10T22:38:15Z,2025-08-11T00:49:15Z,20250810,1750,5,217,20,1,5,11,3,1,731,1,48.4,82.0,152.0,188.0,285.0,131.0,False,False,True,True,SYNTHETIC_DEMO_DATA
1342,INC-00001342,2026-05-20T08:52:06Z,2026-05-20T09:16:06Z,2026-05-20T09:46:06Z,,,,20260520,850,6,148,9,2,2,5,0,2,8339,1,60.9,24.0,54.0,,,,True,False,False,False,SYNTHETIC_DEMO_DATA
1343,INC-00001343,2026-04-09T16:26:45Z,2026-04-09T16:43:45Z,2026-04-09T17:05:45Z,2026-04-09T18:50:45Z,2026-04-09T20:35:45Z,2026-04-10T07:44:45Z,20260409,1625,1,109,39,3,5,17,1,3,16708,1,74.3,17.0,39.0,144.0,249.0,669.0,False,False,False,True,SYNTHETIC_DEMO_DATA
1344,INC-00001344,2025-08-20T13:12:47Z,2025-08-20T13:37:47Z,2025-08-20T13:39:47Z,2025-08-20T14:22:47Z,2025-08-21T00:52:47Z,2025-08-21T12:23:47Z,20250820,1310,4,65,36,2,5,9,1,2,7651,1,49.4,25.0,27.0,70.0,700.0,691.0,False,False,False,True,SYNTHETIC_DEMO_DATA
1345,INC-00001345,2026-04-15T12:58:05Z,2026-04-15T13:47:05Z,2026-04-15T14:17:05Z,2026-04-15T15:25:05Z,2026-04-15T16:46:05Z,2026-04-15T22:25:05Z,20260415,1255,6,224,33,2,5,2,4,2,9626,1,47.1,49.0,79.0,147.0,228.0,339.0,False,False,False,True,SYNTHETIC_DEMO_DATA
1346,INC-00001346,2026-05-05T22:58:49Z,2026-05-05T23:12:49Z,2026-05-05T23:20:49Z,2026-05-06T00:24:49Z,2026-05-06T02:18:49Z,2026-05-06T10:57:49Z,20260505,2255,3,138,23,2,5,13,1,2,16828,1,57.3,14.0,22.0,86.0,200.0,519.0,False,False,False,True,SYNTHETIC_DEMO_DATA
1347,INC-00001347,2025-07-13T16:05:59Z,2025-07-13T16:14:59Z,2025-07-13T16:41:59Z,2025-07-13T17:43:59Z,2025-07-13T23:40:59Z,2025-07-14T03:02:59Z,20250713,1605,6,87,24,2,5,6,2,2,14310,1,63.5,9.0,36.0,98.0,455.0,202.0,False,False,True,True,SYNTHETIC_DEMO_DATA
1348,INC-00001348,2025-05-03T09:06:08Z,2025-05-03T09:21:08Z,2025-05-03T09:31:08Z,2025-05-03T10:42:08Z,2025-05-03T16:53:08Z,2025-05-03T20:34:08Z,20250503,905,2,204,42,2,5,17,2,2,10134,1,57.2,15.0,25.0,96.0,467.0,221.0,False,False,True,True,SYNTHETIC_DEMO_DATA
1349,INC-00001349,2025-02-10T23:03:15Z,2025-02-11T00:00:15Z,2025-02-11T00:25:15Z,2025-02-11T01:45:15Z,2025-02-11T09:37:15Z,2025-02-11T14:17:15Z,20250210,2300,2,238,16,2,5,10,2,2,16747,1,47.2,57.0,82.0,162.0,634.0,280.0,False,False,True,True,SYNTHETIC_DEMO_DATA
1350,INC-00001350,2026-04-02T13:14:08Z,2026-04-02T13:46:08Z,2026-04-02T13:50:08Z,2026-04-02T15:39:08Z,2026-04-03T04:56:08Z,2026-04-03T05:18:08Z,20260402,1310,4,159,18,1,5,2,1,1,16641,1,44.0,32.0,36.0,145.0,942.0,22.0,False,False,False,True,SYNTHETIC_DEMO_DATA
1351,INC-00001351,2025-04-29T17:31:56Z,2025-04-29T17:56:56Z,2025-04-29T18:11:56Z,2025-04-29T20:34:56Z,2025-04-30T02:31:56Z,2025-04-30T12:09:56Z,20250429,1730,6,46,28,2,5,14,1,2,13096,1,57.6,25.0,40.0,183.0,540.0,578.0,False,False,False,True,SYNTHETIC_DEMO_DATA
1352,INC-00001352,2025-11-01T01:15:11Z,2025-11-01T01:20:11Z,2025-11-01T01:36:11Z,2025-11-01T03:24:11Z,2025-11-01T10:22:11Z,2025-11-01T14:07:11Z,20251101,115,3,191,18,2,5,7,1,2,795,1,54.9,5.0,21.0,129.0,547.0,225.0,False,False,False,True,SYNTHETIC_DEMO_DATA
1353,INC-00001353,2026-05-23T06:00:17Z,2026-05-23T06:27:17Z,2026-05-23T06:33:17Z,2026-05-23T07:54:17Z,2026-05-23T10:39:17Z,2026-05-23T19:28:17Z,20260523,600,6,25,24,1,5,17,3,1,1217,1,51.3,27.0,33.0,114.0,279.0,529.0,True,False,True,True,SYNTHETIC_DEMO_DATA
1354,INC-00001354,2025-11-25T03:39:01Z,2025-11-25T03:48:01Z,2025-11-25T03:59:01Z,2025-11-25T04:54:01Z,2025-11-25T09:56:01Z,2025-11-25T19:48:01Z,20251125,335,7,63,10,2,5,11,1,2,4342,1,36.8,9.0,20.0,75.0,377.0,592.0,False,False,False,True,SYNTHETIC_DEMO_DATA
1355,INC-00001355,2025-08-06T15:54:35Z,2025-08-06T16:26:35Z,2025-08-06T17:02:35Z,2025-08-06T17:40:35Z,2025-08-06T20:29:35Z,2025-08-07T03:06:35Z,20250806,1550,7,204,9,2,5,4,1,2,15926,1,58.1,32.0,68.0,106.0,275.0,397.0,False,False,False,True,SYNTHETIC_DEMO_DATA
1356,INC-00001356,2026-06-04T16:35:03Z,2026-06-04T16:58:03Z,2026-06-04T17:05:03Z,2026-06-04T19:24:03Z,2026-06-04T22:57:03Z,2026-06-05T04:35:03Z,20260604,1635,6,235,36,3,5,16,1,3,10993,1,75.4,23.0,30.0,169.0,382.0,338.0,False,False,False,True,SYNTHETIC_DEMO_DATA
1357,INC-00001357,2025-12-18T15:08:41Z,2025-12-18T15:23:41Z,2025-12-18T16:12:41Z,2025-12-18T16:47:41Z,,,20251218,1505,4,176,39,3,3,9,0,3,6376,1,77.2,15.0,64.0,99.0,,,False,False,False,False,SYNTHETIC_DEMO_DATA
1358,INC-00001358,2025-10-05T20:16:53Z,2025-10-05T21:15:53Z,2025-10-05T21:28:53Z,2025-10-06T00:14:53Z,2025-10-06T04:48:53Z,2025-10-06T11:37:53Z,20251005,2015,1,184,10,2,5,1,1,2,11994,1,49.2,59.0,72.0,238.0,512.0,409.0,False,False,False,True,SYNTHETIC_DEMO_DATA
1359,INC-00001359,2025-06-24T23:36:55Z,2025-06-25T00:23:55Z,2025-06-25T00:44:55Z,2025-06-25T02:05:55Z,2025-06-25T10:50:55Z,2025-06-25T11:17:55Z,20250624,2335,6,231,20,1,5,11,3,1,9260,1,39.0,47.0,68.0,149.0,674.0,27.0,False,False,True,True,SYNTHETIC_DEMO_DATA
1360,INC-00001360,2025-09-05T09:59:32Z,2025-09-05T10:09:32Z,2025-09-05T10:30:32Z,2025-09-05T11:01:32Z,2025-09-05T12:41:32Z,,20250905,955,6,26,41,5,4,8,1,5,3170,1,100,10.0,31.0,62.0,162.0,,True,False,False,False,SYNTHETIC_DEMO_DATA
1361,INC-00001361,2025-08-24T19:22:25Z,2025-08-24T19:29:25Z,2025-08-24T19:58:25Z,2025-08-24T21:54:25Z,2025-08-25T07:47:25Z,2025-08-25T13:52:25Z,20250824,1920,1,67,34,2,5,16,2,2,15450,1,46.6,7.0,36.0,152.0,745.0,365.0,False,False,True,True,SYNTHETIC_DEMO_DATA
1362,INC-00001362,2025-03-03T07:19:23Z,2025-03-03T07:32:23Z,2025-03-03T07:47:23Z,2025-03-03T08:30:23Z,2025-03-03T09:54:23Z,2025-03-03T20:08:23Z,20250303,715,4,45,41,2,5,9,1,2,8921,1,39.8,13.0,28.0,71.0,155.0,614.0,False,False,False,True,SYNTHETIC_DEMO_DATA
1363,INC-00001363,2025-03-10T10:50:27Z,2025-03-10T11:16:27Z,2025-03-10T11:25:27Z,2025-03-10T12:57:27Z,2025-03-10T14:28:27Z,2025-03-10T23:53:27Z,20250310,1050,1,105,11,1,5,1,1,1,16115,1,44.9,26.0,35.0,127.0,218.0,565.0,False,False,False,True,SYNTHETIC_DEMO_DATA
1364,INC-00001364,2025-02-07T08:34:36Z,2025-02-07T09:00:36Z,2025-02-07T09:34:36Z,2025-02-07T09:57:36Z,2025-02-07T11:25:36Z,2025-02-07T14:17:36Z,20250207,830,3,233,11,1,5,12,1,1,7159,1,46.7,26.0,60.0,83.0,171.0,172.0,True,False,False,True,SYNTHETIC_DEMO_DATA
1365,INC-00001365,2026-01-14T21:28:42Z,2026-01-14T22:13:42Z,2026-01-14T22:23:42Z,2026-01-15T00:29:42Z,2026-01-15T01:57:42Z,2026-01-15T06:10:42Z,20260114,2125,2,214,10,1,5,5,1,1,10314,1,40.6,45.0,55.0,181.0,269.0,253.0,False,False,False,True,SYNTHETIC_DEMO_DATA
1366,INC-00001366,2025-05-22T16:07:22Z,2025-05-22T16:25:22Z,2025-05-22T16:38:22Z,2025-05-22T18:15:22Z,2025-05-22T21:51:22Z,2025-05-23T02:36:22Z,20250522,1605,7,209,27,2,5,17,1,2,7638,1,55.4,18.0,31.0,128.0,344.0,285.0,False,False,False,True,SYNTHETIC_DEMO_DATA
1367,INC-00001367,2026-07-27T11:22:21Z,2026-07-27T11:48:21Z,2026-07-27T12:09:21Z,2026-07-27T14:40:21Z,,,20260727,1120,1,69,24,1,3,9,0,1,13442,1,43.8,26.0,47.0,198.0,,,False,False,False,False,SYNTHETIC_DEMO_DATA
1368,INC-00001368,2026-01-02T11:07:39Z,2026-01-02T12:45:39Z,2026-01-02T12:53:39Z,2026-01-02T13:11:39Z,2026-01-02T13:51:39Z,2026-01-02T14:45:39Z,20260102,1105,1,105,14,1,5,2,1,1,348,1,43.1,98.0,106.0,124.0,164.0,54.0,False,False,False,True,SYNTHETIC_DEMO_DATA
1369,INC-00001369,2025-05-28T19:13:03Z,2025-05-28T19:30:03Z,2025-05-28T19:47:03Z,2025-05-28T21:56:03Z,2025-05-29T02:24:03Z,,20250528,1910,7,32,10,2,4,14,4,2,2324,1,67.0,17.0,34.0,163.0,431.0,,False,False,False,True,SYNTHETIC_DEMO_DATA
1370,INC-00001370,2026-07-06T15:13:55Z,2026-07-06T15:18:55Z,2026-07-06T15:36:55Z,2026-07-06T15:47:55Z,2026-07-07T00:06:55Z,2026-07-07T06:23:55Z,20260706,1510,5,204,32,3,5,8,1,3,10933,1,74.0,5.0,23.0,34.0,533.0,377.0,False,False,False,True,SYNTHETIC_DEMO_DATA
1371,INC-00001371,2025-09-29T01:06:38Z,2025-09-29T01:24:38Z,2025-09-29T01:34:38Z,2025-09-29T03:15:38Z,2025-09-29T06:58:38Z,2025-09-29T14:29:38Z,20250929,105,6,129,23,2,5,18,3,2,6148,1,55.6,18.0,28.0,129.0,352.0,451.0,False,False,True,True,SYNTHETIC_DEMO_DATA
1372,INC-00001372,2025-02-07T09:14:25Z,2025-02-07T09:44:25Z,2025-02-07T09:53:25Z,2025-02-07T10:53:25Z,2025-02-07T11:28:25Z,2025-02-07T18:01:25Z,20250207,910,5,192,30,4,5,13,1,4,6856,1,94.3,30.0,39.0,99.0,134.0,393.0,True,False,False,True,SYNTHETIC_DEMO_DATA
1373,INC-00001373,2025-02-02T14:10:26Z,2025-02-02T14:35:26Z,2025-02-02T15:10:26Z,2025-02-02T16:48:26Z,2025-02-02T21:01:26Z,,20250202,1410,3,199,40,1,4,3,1,1,1753,1,46.5,25.0,60.0,158.0,411.0,,False,False,False,True,SYNTHETIC_DEMO_DATA
1374,INC-00001374,2026-06-22T09:28:32Z,2026-06-22T09:35:32Z,2026-06-22T10:15:32Z,,,,20260622,925,6,80,16,3,2,16,0,3,16060,1,64.3,7.0,47.0,,,,False,False,False,False,SYNTHETIC_DEMO_DATA
1375,INC-00001375,2025-02-06T15:53:40Z,2025-02-06T16:05:40Z,2025-02-06T16:45:40Z,2025-02-06T17:09:40Z,2025-02-06T19:21:40Z,,20250206,1550,6,216,16,3,4,9,3,3,13599,1,70.1,12.0,52.0,76.0,208.0,,True,False,True,True,SYNTHETIC_DEMO_DATA
1376,INC-00001376,2026-01-24T21:58:57Z,2026-01-24T22:23:57Z,2026-01-24T22:31:57Z,2026-01-24T23:21:57Z,2026-01-25T01:38:57Z,2026-01-25T08:26:57Z,20260124,2155,2,223,44,1,5,18,3,1,4864,1,41.5,25.0,33.0,83.0,220.0,408.0,False,False,True,True,SYNTHETIC_DEMO_DATA
1377,INC-00001377,2026-01-10T18:43:05Z,2026-01-10T19:02:05Z,2026-01-10T19:11:05Z,2026-01-10T19:56:05Z,2026-01-11T02:01:05Z,,20260110,1840,2,119,23,3,4,13,4,3,6692,1,63.0,19.0,28.0,73.0,438.0,,False,False,False,True,SYNTHETIC_DEMO_DATA
1378,INC-00001378,2026-02-06T11:39:41Z,2026-02-06T11:57:41Z,2026-02-06T12:16:41Z,2026-02-06T13:16:41Z,2026-02-06T17:13:41Z,2026-02-07T04:26:41Z,20260206,1135,1,11,5,2,5,5,1,2,4088,1,49.9,18.0,37.0,97.0,334.0,673.0,False,True,False,True,SYNTHETIC_DEMO_DATA
1379,INC-00001379,2026-02-13T12:32:42Z,2026-02-13T12:38:42Z,2026-02-13T12:54:42Z,2026-02-13T16:28:42Z,2026-02-13T22:04:42Z,2026-02-14T07:14:42Z,20260213,1230,5,82,27,1,5,15,1,1,14507,1,45.2,6.0,22.0,236.0,572.0,550.0,False,False,False,True,SYNTHETIC_DEMO_DATA
1380,INC-00001380,2026-01-23T16:26:48Z,2026-01-23T17:12:48Z,2026-01-23T17:20:48Z,2026-01-23T18:21:48Z,2026-01-23T21:09:48Z,,20260123,1625,3,98,6,1,4,8,4,1,83,1,33.2,46.0,54.0,115.0,283.0,,False,False,False,True,SYNTHETIC_DEMO_DATA
1381,INC-00001381,2025-12-20T12:56:33Z,2025-12-20T13:22:33Z,2025-12-20T13:24:33Z,2025-12-20T15:49:33Z,2025-12-20T16:41:33Z,2025-12-20T18:07:33Z,20251220,1255,6,68,20,3,5,3,3,3,12977,1,76.7,26.0,28.0,173.0,225.0,86.0,False,False,True,True,SYNTHETIC_DEMO_DATA
1382,INC-00001382,2025-12-17T09:09:05Z,2025-12-17T09:45:05Z,2025-12-17T10:00:05Z,2025-12-17T13:53:05Z,2025-12-17T15:32:05Z,2025-12-17T16:47:05Z,20251217,905,5,217,33,1,5,12,4,1,14882,1,40.2,36.0,51.0,284.0,383.0,75.0,False,False,False,True,SYNTHETIC_DEMO_DATA
1383,INC-00001383,2025-08-19T21:28:01Z,2025-08-19T21:51:01Z,2025-08-19T22:15:01Z,2025-08-19T23:40:01Z,2025-08-20T01:07:01Z,2025-08-20T04:29:01Z,20250819,2125,3,114,1,2,5,6,1,2,8484,1,62.3,23.0,47.0,132.0,219.0,202.0,False,False,False,True,SYNTHETIC_DEMO_DATA
1384,INC-00001384,2025-12-19T09:18:23Z,2025-12-19T09:56:23Z,2025-12-19T10:58:23Z,2025-12-19T11:20:23Z,2025-12-19T12:18:23Z,2025-12-19T15:01:23Z,20251219,915,5,199,13,3,5,18,3,3,17398,1,77.8,38.0,100.0,122.0,180.0,163.0,False,False,True,True,SYNTHETIC_DEMO_DATA
1385,INC-00001385,2026-07-07T02:04:18Z,2026-07-07T02:11:18Z,2026-07-07T02:46:18Z,2026-07-07T03:22:18Z,2026-07-07T03:45:18Z,2026-07-07T06:16:18Z,20260707,200,7,152,31,1,5,9,1,1,9208,1,29.4,7.0,42.0,78.0,101.0,151.0,False,False,False,True,SYNTHETIC_DEMO_DATA
1386,INC-00001386,2025-05-12T15:26:57Z,2025-05-12T15:45:57Z,2025-05-12T15:54:57Z,2025-05-12T17:57:57Z,2025-05-12T19:07:57Z,2025-05-13T05:32:57Z,20250512,1525,3,146,11,3,5,4,3,3,2234,1,75.3,19.0,28.0,151.0,221.0,625.0,True,False,True,True,SYNTHETIC_DEMO_DATA
1387,INC-00001387,2025-10-02T21:30:06Z,2025-10-02T21:56:06Z,2025-10-02T22:22:06Z,2025-10-03T00:24:06Z,2025-10-03T03:38:06Z,2025-10-03T07:05:06Z,20251002,2130,7,77,42,2,5,14,1,2,5612,1,66.5,26.0,52.0,174.0,368.0,207.0,False,False,False,True,SYNTHETIC_DEMO_DATA
1388,INC-00001388,2025-05-14T01:21:45Z,2025-05-14T01:47:45Z,2025-05-14T02:10:45Z,2025-05-14T04:24:45Z,2025-05-14T07:20:45Z,2025-05-14T17:06:45Z,20250514,120,3,28,24,1,5,6,1,1,16821,1,47.4,26.0,49.0,183.0,359.0,586.0,False,False,False,True,SYNTHETIC_DEMO_DATA
1389,INC-00001389,2025-09-10T13:00:39Z,2025-09-10T13:05:39Z,2025-09-10T13:15:39Z,2025-09-10T18:37:39Z,2025-09-11T02:55:39Z,2025-09-11T07:31:39Z,20250910,1300,6,148,43,2,5,18,1,2,14221,1,47.1,5.0,15.0,337.0,835.0,276.0,False,False,False,True,SYNTHETIC_DEMO_DATA
1390,INC-00001390,2025-10-10T18:29:02Z,2025-10-10T18:40:02Z,2025-10-10T18:44:02Z,2025-10-10T20:12:02Z,2025-10-10T21:45:02Z,2025-10-11T04:24:02Z,20251010,1825,2,164,45,3,5,12,3,3,9173,1,68.7,11.0,15.0,103.0,196.0,399.0,False,False,True,True,SYNTHETIC_DEMO_DATA
1391,INC-00001391,2026-04-27T20:20:27Z,2026-04-27T20:47:27Z,2026-04-27T21:04:27Z,2026-04-27T21:31:27Z,2026-04-28T04:43:27Z,2026-04-28T14:05:27Z,20260427,2020,1,77,14,2,5,4,1,2,8754,1,67.6,27.0,44.0,71.0,503.0,562.0,False,False,False,True,SYNTHETIC_DEMO_DATA
1392,INC-00001392,2025-09-03T14:57:42Z,2025-09-03T15:11:42Z,2025-09-03T15:41:42Z,2025-09-03T16:31:42Z,2025-09-03T17:32:42Z,,20250903,1455,1,218,12,3,4,16,1,3,13854,1,70.8,14.0,44.0,94.0,155.0,,False,False,False,True,SYNTHETIC_DEMO_DATA
1393,INC-00001393,2025-11-28T16:01:31Z,2025-11-28T16:12:31Z,2025-11-28T16:25:31Z,2025-11-28T19:30:31Z,2025-11-29T05:32:31Z,2025-11-29T09:43:31Z,20251128,1600,3,226,13,2,5,0,4,2,1637,1,58.9,11.0,24.0,209.0,811.0,251.0,False,False,False,True,SYNTHETIC_DEMO_DATA
1394,INC-00001394,2025-04-29T08:51:01Z,2025-04-29T09:20:01Z,2025-04-29T09:28:01Z,2025-04-29T10:16:01Z,2025-04-29T12:30:01Z,2025-04-30T00:28:01Z,20250429,850,7,38,5,5,5,4,3,5,5498,1,100,29.0,37.0,85.0,219.0,718.0,True,False,True,False,SYNTHETIC_DEMO_DATA
1395,INC-00001395,2025-12-05T13:28:25Z,2025-12-05T13:57:25Z,2025-12-05T14:09:25Z,2025-12-05T15:43:25Z,2025-12-05T17:22:25Z,2025-12-06T00:26:25Z,20251205,1325,6,79,33,1,5,11,1,1,16463,1,35.7,29.0,41.0,135.0,234.0,424.0,False,False,False,True,SYNTHETIC_DEMO_DATA
1396,INC-00001396,2025-05-21T00:24:23Z,2025-05-21T00:36:23Z,2025-05-21T01:57:23Z,2025-05-21T02:15:23Z,2025-05-21T17:14:23Z,2025-05-21T23:38:23Z,20250521,20,4,3,42,2,5,5,4,2,17871,1,57.9,12.0,93.0,111.0,1010.0,384.0,False,False,False,True,SYNTHETIC_DEMO_DATA
1397,INC-00001397,2026-05-14T14:08:55Z,2026-05-14T14:34:55Z,2026-05-14T14:41:55Z,2026-05-14T17:56:55Z,2026-05-14T21:22:55Z,2026-05-14T23:26:55Z,20260514,1405,3,70,26,2,5,16,1,2,5578,1,67.0,26.0,33.0,228.0,434.0,124.0,True,False,False,True,SYNTHETIC_DEMO_DATA
1398,INC-00001398,2026-04-10T13:47:02Z,2026-04-10T14:07:02Z,2026-04-10T14:29:02Z,2026-04-10T15:59:02Z,2026-04-10T18:53:02Z,2026-04-10T23:41:02Z,20260410,1345,6,63,12,1,5,8,2,1,2675,1,28.7,20.0,42.0,132.0,306.0,288.0,False,False,True,True,SYNTHETIC_DEMO_DATA
1399,INC-00001399,2026-07-13T22:19:55Z,2026-07-13T22:46:55Z,2026-07-13T23:03:55Z,2026-07-14T02:47:55Z,2026-07-14T06:50:55Z,2026-07-14T07:33:55Z,20260713,2215,2,1,8,2,5,2,1,2,11650,1,56.2,27.0,44.0,268.0,511.0,43.0,False,False,False,True,SYNTHETIC_DEMO_DATA
1400,INC-00001400,2025-12-26T13:50:25Z,2025-12-26T14:55:25Z,2025-12-26T15:06:25Z,2025-12-26T16:17:25Z,2025-12-26T17:52:25Z,2025-12-27T01:29:25Z,20251226,1350,4,223,10,3,5,14,1,3,9239,1,65.4,65.0,76.0,147.0,242.0,457.0,False,False,False,False,SYNTHETIC_DEMO_DATA
1401,INC-00001401,2026-05-22T07:25:48Z,2026-05-22T07:44:48Z,2026-05-22T07:56:48Z,2026-05-22T09:00:48Z,2026-05-22T11:28:48Z,2026-05-22T23:17:48Z,20260522,725,1,115,25,3,5,7,1,3,1875,1,63.2,19.0,31.0,95.0,243.0,709.0,False,False,False,True,SYNTHETIC_DEMO_DATA
1402,INC-00001402,2026-03-26T13:24:22Z,2026-03-26T13:40:22Z,2026-03-26T13:49:22Z,2026-03-26T14:25:22Z,2026-03-26T16:19:22Z,2026-03-27T04:02:22Z,20260326,1320,5,52,22,1,5,16,1,1,17004,1,39.2,16.0,25.0,61.0,175.0,703.0,False,False,False,True,SYNTHETIC_DEMO_DATA
1403,INC-00001403,2025-06-03T17:44:19Z,2025-06-03T17:56:19Z,2025-06-03T18:09:19Z,2025-06-03T18:52:19Z,2025-06-04T04:35:19Z,2025-06-04T06:21:19Z,20250603,1740,6,67,28,1,5,9,1,1,11154,1,28.7,12.0,25.0,68.0,651.0,106.0,False,False,False,True,SYNTHETIC_DEMO_DATA
1404,INC-00001404,2026-03-08T13:12:31Z,2026-03-08T13:20:31Z,2026-03-08T13:51:31Z,2026-03-08T15:04:31Z,2026-03-08T21:42:31Z,2026-03-08T23:11:31Z,20260308,1310,7,123,19,3,5,4,2,3,10980,1,71.4,8.0,39.0,112.0,510.0,89.0,False,False,True,True,SYNTHETIC_DEMO_DATA
1405,INC-00001405,2025-06-08T16:30:43Z,2025-06-08T16:51:43Z,2025-06-08T17:14:43Z,2025-06-08T18:18:43Z,2025-06-08T18:57:43Z,2025-06-09T02:54:43Z,20250608,1630,6,146,23,2,5,14,1,2,9142,1,55.1,21.0,44.0,108.0,147.0,477.0,False,False,False,True,SYNTHETIC_DEMO_DATA
1406,INC-00001406,2025-08-21T15:05:30Z,2025-08-21T15:19:30Z,2025-08-21T15:32:30Z,2025-08-21T20:10:30Z,2025-08-22T00:28:30Z,2025-08-22T07:43:30Z,20250821,1505,2,82,44,1,5,6,1,1,13166,1,45.8,14.0,27.0,305.0,563.0,435.0,False,False,False,True,SYNTHETIC_DEMO_DATA
1407,INC-00001407,2026-05-23T02:12:31Z,2026-05-23T02:23:31Z,2026-05-23T02:43:31Z,2026-05-23T04:04:31Z,2026-05-23T05:31:31Z,2026-05-23T08:09:31Z,20260523,210,3,46,23,2,5,18,1,2,11705,1,60.1,11.0,31.0,112.0,199.0,158.0,False,False,False,True,SYNTHETIC_DEMO_DATA
1408,INC-00001408,2025-07-05T16:23:04Z,2025-07-05T17:24:04Z,2025-07-05T17:45:04Z,2025-07-05T20:42:04Z,2025-07-06T05:15:04Z,,20250705,1620,6,44,34,1,4,10,1,1,2765,1,42.3,61.0,82.0,259.0,772.0,,True,False,False,True,SYNTHETIC_DEMO_DATA
1409,INC-00001409,2025-11-06T11:27:49Z,2025-11-06T12:18:49Z,2025-11-06T13:20:49Z,2025-11-06T15:50:49Z,2025-11-06T18:17:49Z,2025-11-06T20:32:49Z,20251106,1125,7,201,43,3,5,5,4,3,12799,1,69.1,51.0,113.0,263.0,410.0,135.0,False,False,False,True,SYNTHETIC_DEMO_DATA
1410,INC-00001410,2026-03-04T15:16:06Z,2026-03-04T15:30:06Z,2026-03-04T15:56:06Z,2026-03-04T18:30:06Z,2026-03-04T21:09:06Z,2026-03-04T22:39:06Z,20260304,1515,4,112,26,2,5,15,1,2,2693,1,49.3,14.0,40.0,194.0,353.0,90.0,False,False,False,True,SYNTHETIC_DEMO_DATA
1411,INC-00001411,2026-03-28T22:52:30Z,2026-03-28T23:07:30Z,2026-03-29T00:12:30Z,2026-03-29T01:45:30Z,2026-03-29T02:13:30Z,2026-03-29T04:28:30Z,20260328,2250,4,171,17,1,5,7,1,1,14116,1,29.0,15.0,80.0,173.0,201.0,135.0,False,False,False,True,SYNTHETIC_DEMO_DATA
1412,INC-00001412,2025-03-15T11:30:41Z,2025-03-15T11:37:41Z,2025-03-15T11:53:41Z,2025-03-15T12:54:41Z,2025-03-15T18:39:41Z,2025-03-16T05:56:41Z,20250315,1130,6,10,37,1,5,18,1,1,2537,1,42.4,7.0,23.0,84.0,429.0,677.0,False,False,False,True,SYNTHETIC_DEMO_DATA
1413,INC-00001413,2025-05-17T18:56:22Z,2025-05-17T19:09:22Z,2025-05-17T19:21:22Z,2025-05-17T19:49:22Z,2025-05-17T23:52:22Z,2025-05-18T01:37:22Z,20250517,1855,4,121,35,3,5,13,1,3,641,1,58.4,13.0,25.0,53.0,296.0,105.0,False,False,False,True,SYNTHETIC_DEMO_DATA
1414,INC-00001414,2026-07-23T13:00:55Z,2026-07-23T13:36:55Z,2026-07-23T13:47:55Z,2026-07-23T14:32:55Z,2026-07-23T17:41:55Z,2026-07-23T23:55:55Z,20260723,1300,7,139,6,2,5,5,4,2,6973,1,51.1,36.0,47.0,92.0,281.0,374.0,False,False,False,True,SYNTHETIC_DEMO_DATA
1415,INC-00001415,2025-11-01T12:35:55Z,2025-11-01T15:10:55Z,2025-11-01T15:31:55Z,2025-11-01T20:37:55Z,2025-11-01T23:31:55Z,2025-11-02T11:16:55Z,20251101,1235,3,27,27,1,5,15,1,1,1754,1,22.3,155.0,176.0,482.0,656.0,705.0,False,False,False,True,SYNTHETIC_DEMO_DATA
1416,INC-00001416,2025-09-04T08:11:47Z,2025-09-04T08:59:47Z,2025-09-04T09:15:47Z,2025-09-04T12:38:47Z,2025-09-04T13:08:47Z,2025-09-04T17:32:47Z,20250904,810,4,206,34,4,5,11,1,4,5964,1,88.0,48.0,64.0,267.0,297.0,264.0,True,False,False,False,SYNTHETIC_DEMO_DATA
1417,INC-00001417,2025-11-16T18:43:00Z,2025-11-16T19:07:00Z,2025-11-16T19:21:00Z,2025-11-16T23:04:00Z,2025-11-17T00:26:00Z,2025-11-17T11:49:00Z,20251116,1840,6,36,34,1,5,1,3,1,13970,1,24.8,24.0,38.0,261.0,343.0,683.0,False,False,True,True,SYNTHETIC_DEMO_DATA
1418,INC-00001418,2026-03-14T22:59:06Z,2026-03-14T23:33:06Z,2026-03-15T00:01:06Z,2026-03-15T01:56:06Z,2026-03-15T03:25:06Z,,20260314,2255,6,168,11,2,4,13,3,2,12006,1,60.1,34.0,62.0,177.0,266.0,,False,False,True,True,SYNTHETIC_DEMO_DATA
1419,INC-00001419,2026-06-11T13:30:26Z,2026-06-11T13:47:26Z,2026-06-11T14:03:26Z,2026-06-11T14:24:26Z,2026-06-11T16:17:26Z,2026-06-11T19:32:26Z,20260611,1330,1,196,17,2,5,6,1,2,14078,1,64.7,17.0,33.0,54.0,167.0,195.0,True,False,False,True,SYNTHETIC_DEMO_DATA
1420,INC-00001420,2025-04-11T17:21:29Z,2025-04-11T17:37:29Z,2025-04-11T17:57:29Z,2025-04-11T19:23:29Z,2025-04-11T20:37:29Z,,20250411,1720,5,101,4,2,4,17,1,2,3663,1,49.1,16.0,36.0,122.0,196.0,,False,False,False,True,SYNTHETIC_DEMO_DATA
1421,INC-00001421,2026-07-05T10:52:57Z,2026-07-05T11:34:57Z,2026-07-05T11:49:57Z,2026-07-05T12:23:57Z,2026-07-05T14:26:57Z,2026-07-05T21:03:57Z,20260705,1050,7,87,20,3,5,11,1,3,4619,1,77.3,42.0,57.0,91.0,214.0,397.0,False,False,False,True,SYNTHETIC_DEMO_DATA
1422,INC-00001422,2025-06-17T10:23:02Z,2025-06-17T10:27:02Z,2025-06-17T10:33:02Z,,,,20250617,1020,7,125,36,4,2,5,0,4,4246,1,92.0,4.0,10.0,,,,True,False,False,False,SYNTHETIC_DEMO_DATA
1423,INC-00001423,2025-09-01T08:02:04Z,2025-09-01T08:13:04Z,2025-09-01T08:25:04Z,2025-09-01T09:06:04Z,2025-09-01T10:51:04Z,,20250901,800,7,145,40,1,4,13,1,1,3557,1,39.1,11.0,23.0,64.0,169.0,,False,False,False,True,SYNTHETIC_DEMO_DATA
1424,INC-00001424,2026-06-05T01:03:42Z,2026-06-05T02:45:42Z,2026-06-05T03:03:42Z,,,,20260605,100,7,105,14,3,2,8,0,3,13637,1,73.3,102.0,120.0,,,,False,False,False,False,SYNTHETIC_DEMO_DATA
1425,INC-00001425,2025-06-02T08:03:43Z,2025-06-02T08:13:43Z,2025-06-02T08:22:43Z,2025-06-02T10:54:43Z,2025-06-02T12:16:43Z,2025-06-02T23:07:43Z,20250602,800,5,79,35,1,5,17,1,1,16425,1,38.1,10.0,19.0,171.0,253.0,651.0,False,False,False,True,SYNTHETIC_DEMO_DATA
1426,INC-00001426,2025-07-28T16:09:42Z,,,,,,20250728,1605,6,95,6,4,1,13,0,4,5379,1,100,,,,,,True,False,False,False,SYNTHETIC_DEMO_DATA
1427,INC-00001427,2025-07-15T17:40:37Z,2025-07-15T17:58:37Z,2025-07-15T18:19:37Z,2025-07-15T21:35:37Z,2025-07-15T23:54:37Z,2025-07-16T06:26:37Z,20250715,1740,1,65,21,1,5,3,2,1,9303,1,37.7,18.0,39.0,235.0,374.0,392.0,False,False,True,True,SYNTHETIC_DEMO_DATA
1428,INC-00001428,2026-06-17T18:09:04Z,2026-06-17T19:04:04Z,2026-06-17T19:19:04Z,2026-06-17T20:43:04Z,2026-06-17T21:10:04Z,2026-06-18T04:56:04Z,20260617,1805,6,2,17,1,5,14,1,1,3578,1,41.6,55.0,70.0,154.0,181.0,466.0,False,False,False,True,SYNTHETIC_DEMO_DATA
1429,INC-00001429,2026-06-24T21:00:06Z,2026-06-24T21:17:06Z,2026-06-24T21:26:06Z,2026-06-24T22:25:06Z,2026-06-24T23:42:06Z,,20260624,2100,1,11,23,5,4,11,3,5,13139,1,100,17.0,26.0,85.0,162.0,,True,False,True,False,SYNTHETIC_DEMO_DATA
1430,INC-00001430,2025-03-18T10:19:48Z,2025-03-18T11:25:48Z,2025-03-18T12:29:48Z,2025-03-18T15:05:48Z,2025-03-18T22:10:48Z,2025-03-19T02:08:48Z,20250318,1015,7,190,32,2,5,1,1,2,168,1,67.5,66.0,130.0,286.0,711.0,238.0,True,False,False,True,SYNTHETIC_DEMO_DATA
1431,INC-00001431,2025-09-11T17:23:07Z,2025-09-11T17:30:07Z,2025-09-11T17:40:07Z,2025-09-11T18:27:07Z,2025-09-11T19:27:07Z,2025-09-12T00:27:07Z,20250911,1720,6,95,24,2,5,12,1,2,7946,1,62.6,7.0,17.0,64.0,124.0,300.0,False,True,False,True,SYNTHETIC_DEMO_DATA
1432,INC-00001432,2026-05-06T13:48:20Z,2026-05-06T14:01:20Z,2026-05-06T14:17:20Z,2026-05-06T15:45:20Z,2026-05-06T16:56:20Z,2026-05-06T22:05:20Z,20260506,1345,4,43,11,1,5,4,4,1,4288,1,39.8,13.0,29.0,117.0,188.0,309.0,False,False,False,True,SYNTHETIC_DEMO_DATA
1433,INC-00001433,2026-06-09T13:44:35Z,2026-06-09T14:49:35Z,2026-06-09T15:06:35Z,2026-06-09T17:22:35Z,2026-06-09T23:41:35Z,,20260609,1340,1,201,5,2,4,16,2,2,5193,1,52.2,65.0,82.0,218.0,597.0,,False,False,True,True,SYNTHETIC_DEMO_DATA
1434,INC-00001434,2025-07-13T14:31:17Z,2025-07-13T14:43:17Z,2025-07-13T15:09:17Z,2025-07-13T15:53:17Z,2025-07-14T05:48:17Z,,20250713,1430,3,6,42,1,4,8,1,1,12344,1,45.8,12.0,38.0,82.0,917.0,,False,False,False,True,SYNTHETIC_DEMO_DATA
1435,INC-00001435,2025-09-28T18:43:34Z,2025-09-28T18:48:34Z,2025-09-28T18:56:34Z,2025-09-29T06:37:34Z,2025-09-30T00:16:34Z,2025-09-30T10:08:34Z,20250928,1840,7,29,3,1,5,1,2,1,3715,1,40.3,5.0,13.0,714.0,1773.0,592.0,False,False,True,True,SYNTHETIC_DEMO_DATA
1436,INC-00001436,2025-12-31T12:15:22Z,2025-12-31T12:45:22Z,2025-12-31T14:14:22Z,2025-12-31T14:22:22Z,2025-12-31T16:04:22Z,,20251231,1215,3,166,42,4,4,15,1,4,12801,1,86.7,30.0,119.0,127.0,229.0,,True,False,False,True,SYNTHETIC_DEMO_DATA
1437,INC-00001437,2025-09-23T03:04:13Z,2025-09-23T03:23:13Z,2025-09-23T03:39:13Z,,,,20250923,300,6,58,24,4,2,8,0,4,9986,1,86.1,19.0,35.0,,,,True,False,False,False,SYNTHETIC_DEMO_DATA
1438,INC-00001438,2026-05-19T16:59:03Z,2026-05-19T17:30:03Z,2026-05-19T17:37:03Z,2026-05-20T00:07:03Z,2026-05-20T04:28:03Z,2026-05-20T10:14:03Z,20260519,1655,6,77,41,2,5,17,3,2,17231,1,65.9,31.0,38.0,428.0,689.0,346.0,False,False,True,True,SYNTHETIC_DEMO_DATA
1439,INC-00001439,2026-01-01T12:20:13Z,2026-01-01T12:26:13Z,2026-01-01T12:36:13Z,2026-01-01T15:37:13Z,2026-01-01T17:38:13Z,2026-01-01T23:43:13Z,20260101,1220,2,61,30,2,5,10,4,2,7274,1,51.3,6.0,16.0,197.0,318.0,365.0,False,False,False,True,SYNTHETIC_DEMO_DATA
1440,INC-00001440,2026-05-20T09:17:57Z,2026-05-20T09:48:57Z,2026-05-20T09:50:57Z,2026-05-20T11:23:57Z,2026-05-20T13:06:57Z,2026-05-20T20:20:57Z,20260520,915,5,218,22,2,5,3,1,2,6179,1,55.5,31.0,33.0,126.0,229.0,434.0,False,False,False,True,SYNTHETIC_DEMO_DATA
1441,INC-00001441,2025-11-30T08:59:40Z,2025-11-30T09:12:40Z,2025-11-30T09:39:40Z,2025-11-30T10:26:40Z,2025-11-30T15:07:40Z,2025-12-01T02:16:40Z,20251130,855,6,219,10,1,5,13,4,1,12509,1,48.2,13.0,40.0,87.0,368.0,669.0,True,False,False,True,SYNTHETIC_DEMO_DATA
1442,INC-00001442,2025-11-28T14:41:27Z,2025-11-28T14:45:27Z,2025-11-28T14:48:27Z,2025-11-28T18:29:27Z,2025-11-28T23:00:27Z,2025-11-29T06:34:27Z,20251128,1440,3,195,16,3,5,8,1,3,2622,1,78.4,4.0,7.0,228.0,499.0,454.0,False,False,False,True,SYNTHETIC_DEMO_DATA
1443,INC-00001443,2025-07-24T19:42:18Z,2025-07-24T20:04:18Z,2025-07-24T20:31:18Z,2025-07-24T23:10:18Z,2025-07-25T01:12:18Z,2025-07-25T12:51:18Z,20250724,1940,7,113,35,2,5,18,3,2,781,1,66.3,22.0,49.0,208.0,330.0,699.0,False,False,True,True,SYNTHETIC_DEMO_DATA
1444,INC-00001444,2025-10-01T16:46:17Z,2025-10-01T17:09:17Z,2025-10-01T17:12:17Z,2025-10-01T18:36:17Z,2025-10-02T02:17:17Z,2025-10-02T09:23:17Z,20251001,1645,5,130,21,2,5,11,2,2,17786,1,47.4,23.0,26.0,110.0,571.0,426.0,False,False,True,True,SYNTHETIC_DEMO_DATA
1445,INC-00001445,2026-05-16T16:55:35Z,2026-05-16T17:13:35Z,2026-05-16T17:32:35Z,2026-05-16T18:17:35Z,2026-05-16T21:31:35Z,2026-05-17T07:17:35Z,20260516,1655,4,93,35,2,5,4,1,2,2175,1,52.7,18.0,37.0,82.0,276.0,586.0,False,False,False,True,SYNTHETIC_DEMO_DATA
1446,INC-00001446,2025-06-23T17:13:46Z,2025-06-23T17:24:46Z,2025-06-23T17:55:46Z,2025-06-23T19:18:46Z,2025-06-23T21:52:46Z,2025-06-24T02:09:46Z,20250623,1710,7,158,10,1,5,14,1,1,12420,1,49.7,11.0,42.0,125.0,279.0,257.0,False,False,False,True,SYNTHETIC_DEMO_DATA
1447,INC-00001447,2025-03-31T06:44:26Z,2025-03-31T06:58:26Z,2025-03-31T07:08:26Z,2025-03-31T07:36:26Z,2025-03-31T09:12:26Z,2025-03-31T09:51:26Z,20250331,640,3,120,6,1,5,7,1,1,17120,1,42.1,14.0,24.0,52.0,148.0,39.0,False,False,False,True,SYNTHETIC_DEMO_DATA
1448,INC-00001448,2025-12-20T16:01:20Z,2025-12-20T16:29:20Z,2025-12-20T16:38:20Z,2025-12-20T17:10:20Z,2025-12-20T19:32:20Z,2025-12-20T20:43:20Z,20251220,1600,2,96,17,1,5,18,1,1,16365,1,45.5,28.0,37.0,69.0,211.0,71.0,False,False,False,True,SYNTHETIC_DEMO_DATA
1449,INC-00001449,2026-02-24T16:49:00Z,2026-02-24T17:09:00Z,2026-02-24T17:28:00Z,2026-02-24T18:10:00Z,2026-02-24T18:33:00Z,2026-02-24T20:54:00Z,20260224,1645,4,5,36,3,5,13,1,3,1004,1,75.1,20.0,39.0,81.0,104.0,141.0,False,False,False,True,SYNTHETIC_DEMO_DATA
1450,INC-00001450,2025-11-28T17:55:48Z,2025-11-28T18:29:48Z,2025-11-28T19:00:48Z,2025-11-28T23:36:48Z,2025-11-29T03:52:48Z,2025-11-29T04:41:48Z,20251128,1755,3,60,28,1,5,4,3,1,1757,1,47.0,34.0,65.0,341.0,597.0,49.0,False,False,True,True,SYNTHETIC_DEMO_DATA
1451,INC-00001451,2026-04-05T08:35:11Z,2026-04-05T09:06:11Z,2026-04-05T10:47:11Z,2026-04-05T11:17:11Z,2026-04-05T18:59:11Z,,20260405,835,1,181,8,1,4,15,1,1,8220,1,48.0,31.0,132.0,162.0,624.0,,False,False,False,True,SYNTHETIC_DEMO_DATA
1452,INC-00001452,2025-06-29T08:18:54Z,2025-06-29T08:25:54Z,2025-06-29T08:59:54Z,,,,20250629,815,4,52,41,3,2,10,0,3,4374,1,79.7,7.0,41.0,,,,True,False,False,False,SYNTHETIC_DEMO_DATA
1453,INC-00001453,2026-01-01T13:25:27Z,2026-01-01T13:34:27Z,2026-01-01T14:00:27Z,2026-01-01T16:45:27Z,2026-01-02T02:29:27Z,2026-01-02T10:44:27Z,20260101,1325,5,224,22,2,5,2,3,2,10932,1,47.3,9.0,35.0,200.0,784.0,495.0,False,False,True,True,SYNTHETIC_DEMO_DATA
1454,INC-00001454,2025-11-30T12:02:15Z,2025-11-30T12:30:15Z,2025-11-30T12:44:15Z,2025-11-30T15:30:15Z,2025-11-30T16:19:15Z,2025-11-30T22:27:15Z,20251130,1200,6,51,37,1,5,12,1,1,10507,1,47.5,28.0,42.0,208.0,257.0,368.0,False,False,False,True,SYNTHETIC_DEMO_DATA
1455,INC-00001455,2026-05-16T05:11:00Z,2026-05-16T05:55:00Z,2026-05-16T06:21:00Z,,,,20260516,510,2,239,17,1,2,5,0,1,156,1,54.1,44.0,70.0,,,,False,False,False,False,SYNTHETIC_DEMO_DATA
1456,INC-00001456,2026-02-19T11:52:08Z,2026-02-19T12:04:08Z,2026-02-19T12:16:08Z,2026-02-19T13:16:08Z,2026-02-19T14:04:08Z,2026-02-19T21:27:08Z,20260219,1150,3,159,40,5,5,2,1,5,16404,1,100,12.0,24.0,84.0,132.0,443.0,True,False,False,False,SYNTHETIC_DEMO_DATA
1457,INC-00001457,2026-01-24T05:53:34Z,2026-01-24T06:09:34Z,2026-01-24T06:33:34Z,2026-01-24T07:12:34Z,2026-01-24T09:54:34Z,2026-01-24T18:49:34Z,20260124,550,1,212,8,2,5,10,1,2,15748,1,65.0,16.0,40.0,79.0,241.0,535.0,False,False,False,True,SYNTHETIC_DEMO_DATA
1458,INC-00001458,2025-07-02T11:23:33Z,2025-07-02T11:42:33Z,2025-07-02T12:06:33Z,2025-07-02T13:21:33Z,2025-07-02T16:09:33Z,2025-07-02T18:25:33Z,20250702,1120,4,198,28,1,5,2,1,1,6832,1,26.2,19.0,43.0,118.0,286.0,136.0,False,False,False,True,SYNTHETIC_DEMO_DATA
1459,INC-00001459,2025-06-09T14:05:07Z,2025-06-09T14:37:07Z,2025-06-09T14:47:07Z,2025-06-09T16:08:07Z,2025-06-09T16:59:07Z,2025-06-09T17:58:07Z,20250609,1405,3,175,13,2,5,14,3,2,15893,1,42.2,32.0,42.0,123.0,174.0,59.0,False,False,True,True,SYNTHETIC_DEMO_DATA
1460,INC-00001460,2026-02-04T06:44:12Z,2026-02-04T08:01:12Z,2026-02-04T08:15:12Z,2026-02-04T08:51:12Z,2026-02-04T14:44:12Z,,20260204,640,2,121,42,3,4,8,3,3,2594,1,57.4,77.0,91.0,127.0,480.0,,False,False,True,False,SYNTHETIC_DEMO_DATA
1461,INC-00001461,2025-08-03T09:33:14Z,2025-08-03T09:40:14Z,2025-08-03T09:49:14Z,2025-08-03T10:10:14Z,2025-08-03T15:35:14Z,2025-08-04T00:16:14Z,20250803,930,4,182,42,5,5,3,1,5,4613,1,100,7.0,16.0,37.0,362.0,521.0,True,False,False,False,SYNTHETIC_DEMO_DATA
1462,INC-00001462,2026-03-26T12:59:27Z,2026-03-26T13:19:27Z,2026-03-26T13:51:27Z,2026-03-26T16:52:27Z,2026-03-27T00:27:27Z,2026-03-27T12:09:27Z,20260326,1255,6,209,4,1,5,10,1,1,8123,1,40.2,20.0,52.0,233.0,688.0,702.0,False,False,False,True,SYNTHETIC_DEMO_DATA
1463,INC-00001463,2025-10-30T09:41:50Z,2025-10-30T10:12:50Z,2025-10-30T10:25:50Z,2025-10-30T13:10:50Z,2025-10-30T18:18:50Z,,20251030,940,6,185,21,1,4,3,3,1,15757,1,59.4,31.0,44.0,209.0,517.0,,True,False,True,True,SYNTHETIC_DEMO_DATA
1464,INC-00001464,2025-08-11T15:09:05Z,2025-08-11T15:19:05Z,2025-08-11T15:49:05Z,2025-08-11T18:54:05Z,,,20250811,1505,4,209,33,3,3,16,0,3,17011,1,67.6,10.0,40.0,225.0,,,False,False,False,False,SYNTHETIC_DEMO_DATA
1465,INC-00001465,2025-07-31T16:38:30Z,2025-07-31T17:09:30Z,2025-07-31T17:23:30Z,2025-07-31T19:40:30Z,2025-08-01T00:36:30Z,2025-08-01T03:43:30Z,20250731,1635,3,150,4,1,5,7,1,1,16068,1,48.2,31.0,45.0,182.0,478.0,187.0,False,False,False,True,SYNTHETIC_DEMO_DATA
1466,INC-00001466,2025-05-29T09:21:14Z,2025-05-29T09:36:14Z,2025-05-29T09:54:14Z,2025-05-29T10:20:14Z,2025-05-29T10:37:14Z,2025-05-29T19:24:14Z,20250529,920,4,30,17,2,5,1,1,2,5143,1,53.9,15.0,33.0,59.0,76.0,527.0,False,False,False,True,SYNTHETIC_DEMO_DATA
1467,INC-00001467,2025-02-24T08:36:05Z,2025-02-24T08:52:05Z,2025-02-24T09:11:05Z,2025-02-24T09:59:05Z,2025-02-24T20:23:05Z,2025-02-24T20:40:05Z,20250224,835,3,48,4,2,5,12,1,2,1378,1,54.6,16.0,35.0,83.0,707.0,17.0,False,False,False,True,SYNTHETIC_DEMO_DATA
1468,INC-00001468,2025-08-17T07:58:33Z,2025-08-17T08:12:33Z,2025-08-17T09:30:33Z,2025-08-17T10:41:33Z,2025-08-17T11:50:33Z,2025-08-17T18:45:33Z,20250817,755,1,132,2,2,5,5,1,2,7123,1,56.9,14.0,92.0,163.0,232.0,415.0,False,False,False,True,SYNTHETIC_DEMO_DATA
1469,INC-00001469,2025-07-14T10:18:59Z,2025-07-14T10:27:59Z,2025-07-14T11:12:59Z,2025-07-14T13:40:59Z,2025-07-14T14:34:59Z,2025-07-14T18:59:59Z,20250714,1015,4,227,11,3,5,17,3,3,5494,1,64.3,9.0,54.0,202.0,256.0,265.0,False,False,True,True,SYNTHETIC_DEMO_DATA
1470,INC-00001470,2025-05-03T14:13:03Z,2025-05-03T16:36:03Z,2025-05-03T17:05:03Z,2025-05-03T22:17:03Z,2025-05-04T00:04:03Z,2025-05-04T02:17:03Z,20250503,1410,2,121,4,1,5,8,3,1,13292,1,29.2,143.0,172.0,484.0,591.0,133.0,False,False,True,True,SYNTHETIC_DEMO_DATA
1471,INC-00001471,2026-04-09T13:21:04Z,2026-04-09T13:34:04Z,2026-04-09T13:52:04Z,2026-04-09T14:46:04Z,2026-04-09T15:57:04Z,2026-04-09T22:26:04Z,20260409,1320,4,86,19,1,5,1,1,1,15576,1,53.9,13.0,31.0,85.0,156.0,389.0,False,False,False,True,SYNTHETIC_DEMO_DATA
1472,INC-00001472,2025-09-17T00:48:02Z,2025-09-17T01:06:02Z,2025-09-17T01:13:02Z,2025-09-17T04:45:02Z,2025-09-17T07:41:02Z,2025-09-17T08:18:02Z,20250917,45,5,119,36,1,5,12,1,1,17115,1,41.9,18.0,25.0,237.0,413.0,37.0,False,False,False,True,SYNTHETIC_DEMO_DATA
1473,INC-00001473,2025-09-24T03:26:00Z,2025-09-24T03:49:00Z,2025-09-24T04:02:00Z,2025-09-24T07:20:00Z,2025-09-24T11:44:00Z,2025-09-24T15:12:00Z,20250924,325,7,109,18,1,5,5,1,1,14300,1,46.5,23.0,36.0,234.0,498.0,208.0,False,False,False,True,SYNTHETIC_DEMO_DATA
1474,INC-00001474,2025-07-30T09:47:03Z,2025-07-30T10:24:03Z,2025-07-30T10:50:03Z,2025-07-30T11:27:03Z,2025-07-30T13:46:03Z,2025-07-30T23:39:03Z,20250730,945,5,30,9,3,5,18,2,3,7063,1,83.5,37.0,63.0,100.0,239.0,593.0,True,False,True,True,SYNTHETIC_DEMO_DATA
1475,INC-00001475,2026-05-29T13:41:15Z,2026-05-29T14:45:15Z,2026-05-29T14:51:15Z,2026-05-29T16:18:15Z,2026-05-29T18:44:15Z,2026-05-30T02:49:15Z,20260529,1340,6,208,32,3,5,11,1,3,2218,1,75.9,64.0,70.0,157.0,303.0,485.0,False,False,False,False,SYNTHETIC_DEMO_DATA
1476,INC-00001476,2025-10-15T13:45:06Z,2025-10-15T13:57:06Z,2025-10-15T14:24:06Z,2025-10-15T17:04:06Z,2025-10-15T21:04:06Z,2025-10-16T07:37:06Z,20251015,1345,4,145,22,3,5,4,2,3,1755,1,76.5,12.0,39.0,199.0,439.0,633.0,False,False,True,True,SYNTHETIC_DEMO_DATA
1477,INC-00001477,2025-08-08T09:32:32Z,2025-08-08T10:06:32Z,2025-08-08T10:18:32Z,2025-08-08T13:44:32Z,2025-08-08T21:41:32Z,2025-08-09T01:03:32Z,20250808,930,1,165,5,2,5,14,1,2,1438,1,48.8,34.0,46.0,252.0,729.0,202.0,False,False,False,True,SYNTHETIC_DEMO_DATA
1478,INC-00001478,2026-05-07T15:14:58Z,2026-05-07T15:21:58Z,2026-05-07T15:33:58Z,2026-05-07T16:09:58Z,2026-05-07T17:48:58Z,2026-05-07T19:42:58Z,20260507,1510,6,122,41,4,5,9,1,4,1766,1,100,7.0,19.0,55.0,154.0,114.0,True,False,False,True,SYNTHETIC_DEMO_DATA
1479,INC-00001479,2025-10-24T16:34:48Z,2025-10-24T17:03:48Z,2025-10-24T17:18:48Z,2025-10-24T18:53:48Z,2025-10-24T23:37:48Z,2025-10-25T02:21:48Z,20251024,1630,5,91,11,2,5,18,2,2,10099,1,60.6,29.0,44.0,139.0,423.0,164.0,False,False,True,True,SYNTHETIC_DEMO_DATA
1480,INC-00001480,2025-03-12T13:57:15Z,2025-03-12T14:08:15Z,2025-03-12T14:20:15Z,2025-03-12T14:57:15Z,2025-03-12T22:15:15Z,,20250312,1355,2,55,20,1,4,10,4,1,5932,1,46.9,11.0,23.0,60.0,498.0,,False,False,False,True,SYNTHETIC_DEMO_DATA
1481,INC-00001481,2026-01-13T00:52:06Z,2026-01-13T00:59:06Z,2026-01-13T01:20:06Z,2026-01-13T02:14:06Z,2026-01-13T08:04:06Z,2026-01-13T14:01:06Z,20260113,50,2,99,33,1,5,3,1,1,12867,1,24.1,7.0,28.0,82.0,432.0,357.0,False,False,False,True,SYNTHETIC_DEMO_DATA
1482,INC-00001482,2025-09-12T07:54:28Z,2025-09-12T08:15:28Z,2025-09-12T08:39:28Z,2025-09-12T10:39:28Z,2025-09-12T14:26:28Z,2025-09-12T16:40:28Z,20250912,750,6,62,33,1,5,14,2,1,12568,1,28.9,21.0,45.0,165.0,392.0,134.0,False,False,True,True,SYNTHETIC_DEMO_DATA
1483,INC-00001483,2026-07-01T10:02:03Z,2026-07-01T10:17:03Z,2026-07-01T10:38:03Z,2026-07-01T13:41:03Z,2026-07-01T16:11:03Z,2026-07-01T23:11:03Z,20260701,1000,6,239,41,1,5,7,2,1,108,1,46.9,15.0,36.0,219.0,369.0,420.0,False,False,True,True,SYNTHETIC_DEMO_DATA
1484,INC-00001484,2025-02-05T08:21:28Z,2025-02-05T08:56:28Z,2025-02-05T09:03:28Z,2025-02-05T09:53:28Z,2025-02-05T18:33:28Z,2025-02-06T05:26:28Z,20250205,820,5,15,12,2,5,1,1,2,15584,1,58.7,35.0,42.0,92.0,612.0,653.0,False,True,False,True,SYNTHETIC_DEMO_DATA
1485,INC-00001485,2025-10-03T22:10:55Z,2025-10-03T22:31:55Z,2025-10-03T23:00:55Z,2025-10-03T23:44:55Z,2025-10-04T04:32:55Z,2025-10-04T05:40:55Z,20251003,2210,1,36,22,2,5,12,1,2,6771,1,49.2,21.0,50.0,94.0,382.0,68.0,True,False,False,True,SYNTHETIC_DEMO_DATA
1486,INC-00001486,2025-08-11T11:29:03Z,2025-08-11T12:05:03Z,2025-08-11T12:22:03Z,2025-08-11T13:55:03Z,2025-08-11T18:52:03Z,2025-08-12T00:27:03Z,20250811,1125,1,160,6,1,5,4,1,1,4505,1,37.3,36.0,53.0,146.0,443.0,335.0,False,False,False,True,SYNTHETIC_DEMO_DATA
1487,INC-00001487,2025-11-10T16:11:11Z,2025-11-10T16:29:11Z,2025-11-10T17:09:11Z,2025-11-10T20:05:11Z,2025-11-10T23:34:11Z,,20251110,1610,2,203,35,1,4,15,1,1,4014,1,49.6,18.0,58.0,234.0,443.0,,False,False,False,True,SYNTHETIC_DEMO_DATA
1488,INC-00001488,2025-07-31T15:19:12Z,2025-07-31T16:11:12Z,2025-07-31T16:33:12Z,2025-07-31T17:09:12Z,2025-07-31T22:32:12Z,2025-07-31T23:39:12Z,20250731,1515,2,231,15,2,5,9,3,2,4643,1,55.6,52.0,74.0,110.0,433.0,67.0,False,False,True,True,SYNTHETIC_DEMO_DATA
1489,INC-00001489,2025-06-03T02:52:52Z,2025-06-03T03:00:52Z,2025-06-03T03:34:52Z,2025-06-03T04:22:52Z,2025-06-03T06:39:52Z,2025-06-03T11:01:52Z,20250603,250,2,75,6,1,5,1,1,1,9836,1,39.4,8.0,42.0,90.0,227.0,262.0,False,False,False,True,SYNTHETIC_DEMO_DATA
1490,INC-00001490,2025-03-01T17:09:22Z,2025-03-01T17:38:22Z,2025-03-01T18:15:22Z,2025-03-01T18:58:22Z,2025-03-02T00:18:22Z,2025-03-02T02:51:22Z,20250301,1705,3,79,9,2,5,13,1,2,3871,1,50.1,29.0,66.0,109.0,429.0,153.0,False,False,False,True,SYNTHETIC_DEMO_DATA
1491,INC-00001491,2026-04-22T12:17:06Z,2026-04-22T12:42:06Z,2026-04-22T12:52:06Z,2026-04-22T16:58:06Z,2026-04-22T21:02:06Z,2026-04-23T06:25:06Z,20260422,1215,4,12,12,1,5,5,1,1,16199,1,35.4,25.0,35.0,281.0,525.0,563.0,False,False,False,True,SYNTHETIC_DEMO_DATA
1492,INC-00001492,2025-10-31T07:46:30Z,2025-10-31T08:08:30Z,2025-10-31T08:14:30Z,2025-10-31T08:42:30Z,2025-10-31T23:29:30Z,2025-11-01T05:59:30Z,20251031,745,4,222,19,1,5,16,3,1,4159,1,45.4,22.0,28.0,56.0,943.0,390.0,False,False,True,True,SYNTHETIC_DEMO_DATA
1493,INC-00001493,2025-04-15T07:56:38Z,2025-04-15T08:35:38Z,2025-04-15T08:49:38Z,2025-04-15T10:24:38Z,2025-04-15T11:32:38Z,2025-04-15T16:20:38Z,20250415,755,3,38,43,2,5,10,1,2,6961,1,48.2,39.0,53.0,148.0,216.0,288.0,False,False,False,True,SYNTHETIC_DEMO_DATA
1494,INC-00001494,2025-10-12T16:00:53Z,2025-10-12T16:38:53Z,2025-10-12T17:39:53Z,2025-10-12T20:50:53Z,2025-10-12T23:09:53Z,2025-10-13T07:51:53Z,20251012,1600,2,230,16,3,5,4,1,3,2920,1,81.4,38.0,99.0,290.0,429.0,522.0,False,False,False,True,SYNTHETIC_DEMO_DATA
1495,INC-00001495,2026-07-04T10:05:41Z,2026-07-04T10:14:41Z,2026-07-04T10:37:41Z,2026-07-04T11:05:41Z,2026-07-05T14:48:41Z,,20260704,1005,5,171,30,1,4,13,1,1,1842,1,27.8,9.0,32.0,60.0,1723.0,,False,False,False,True,SYNTHETIC_DEMO_DATA
1496,INC-00001496,2025-05-22T06:47:27Z,2025-05-22T07:14:27Z,2025-05-22T07:34:27Z,2025-05-22T10:11:27Z,2025-05-22T13:09:27Z,,20250522,645,7,77,13,1,4,6,1,1,6668,1,63.8,27.0,47.0,204.0,382.0,,True,False,False,True,SYNTHETIC_DEMO_DATA
1497,INC-00001497,2025-12-13T15:22:34Z,2025-12-13T15:30:34Z,2025-12-13T15:52:34Z,2025-12-13T17:10:34Z,2025-12-14T03:14:34Z,,20251213,1520,4,10,24,1,4,17,2,1,8124,1,39.4,8.0,30.0,108.0,712.0,,False,False,True,True,SYNTHETIC_DEMO_DATA
1498,INC-00001498,2025-05-04T03:28:52Z,2025-05-04T06:16:52Z,2025-05-04T06:29:52Z,2025-05-04T08:41:52Z,2025-05-04T10:45:52Z,2025-05-04T15:53:52Z,20250504,325,6,109,15,1,5,10,1,1,8326,1,43.1,168.0,181.0,313.0,437.0,308.0,False,False,False,True,SYNTHETIC_DEMO_DATA
1499,INC-00001499,2025-05-21T07:52:42Z,2025-05-21T08:18:42Z,2025-05-21T08:58:42Z,2025-05-21T10:22:42Z,2025-05-21T15:35:42Z,,20250521,750,5,56,24,2,4,4,3,2,11167,1,54.6,26.0,66.0,150.0,463.0,,False,False,True,True,SYNTHETIC_DEMO_DATA
1500,INC-00001500,2025-09-12T16:21:26Z,2025-09-12T16:36:26Z,2025-09-12T17:08:26Z,2025-09-12T17:44:26Z,2025-09-12T18:54:26Z,2025-09-13T03:29:26Z,20250912,1620,6,206,9,5,5,18,1,5,15614,1,99.8,15.0,47.0,83.0,153.0,515.0,True,False,False,False,SYNTHETIC_DEMO_DATA
1501,INC-00001501,2025-04-26T19:01:19Z,2025-04-26T19:17:19Z,2025-04-26T19:47:19Z,2025-04-26T21:57:19Z,2025-04-26T23:11:19Z,2025-04-27T08:19:19Z,20250426,1900,6,104,13,2,5,8,1,2,885,1,64.7,16.0,46.0,176.0,250.0,548.0,False,False,False,True,SYNTHETIC_DEMO_DATA
1502,INC-00001502,2025-03-03T08:55:50Z,2025-03-03T09:03:50Z,2025-03-03T09:12:50Z,2025-03-03T09:38:50Z,2025-03-04T02:03:50Z,2025-03-04T07:24:50Z,20250303,855,1,190,41,2,5,1,3,2,9869,1,57.4,8.0,17.0,43.0,1028.0,321.0,False,False,True,True,SYNTHETIC_DEMO_DATA
1503,INC-00001503,2025-07-25T14:18:59Z,2025-07-25T14:37:59Z,2025-07-25T14:58:59Z,2025-07-25T16:13:59Z,2025-07-26T02:57:59Z,2025-07-26T14:02:59Z,20250725,1415,7,155,28,1,5,11,1,1,10752,1,33.4,19.0,40.0,115.0,759.0,665.0,False,False,False,True,SYNTHETIC_DEMO_DATA
1504,INC-00001504,2025-09-22T20:18:33Z,2025-09-22T20:35:33Z,2025-09-22T20:46:33Z,2025-09-22T21:31:33Z,2025-09-23T06:35:33Z,2025-09-23T09:48:33Z,20250922,2015,6,191,33,2,5,5,1,2,13980,1,48.2,17.0,28.0,73.0,617.0,193.0,False,False,False,True,SYNTHETIC_DEMO_DATA
1505,INC-00001505,2025-06-26T15:07:08Z,2025-06-26T15:27:08Z,2025-06-26T16:21:08Z,2025-06-26T16:32:08Z,2025-06-26T23:51:08Z,2025-06-27T02:28:08Z,20250626,1505,5,51,25,4,5,18,1,4,6574,1,100,20.0,74.0,85.0,524.0,157.0,True,False,False,True,SYNTHETIC_DEMO_DATA
1506,INC-00001506,2026-07-21T08:41:11Z,2026-07-21T08:57:11Z,2026-07-21T09:32:11Z,2026-07-21T11:26:11Z,2026-07-21T12:36:11Z,2026-07-21T15:05:11Z,20260721,840,6,23,32,2,5,9,2,2,9013,1,67.6,16.0,51.0,165.0,235.0,149.0,False,False,True,True,SYNTHETIC_DEMO_DATA
1507,INC-00001507,2026-02-21T17:40:06Z,2026-02-21T17:47:06Z,2026-02-21T18:17:06Z,2026-02-21T20:13:06Z,2026-02-22T00:44:06Z,2026-02-22T05:41:06Z,20260221,1740,2,27,23,2,5,2,3,2,17826,1,48.9,7.0,37.0,153.0,424.0,297.0,True,False,True,True,SYNTHETIC_DEMO_DATA
1508,INC-00001508,2026-04-06T01:35:47Z,2026-04-06T01:46:47Z,2026-04-06T02:39:47Z,2026-04-06T04:20:47Z,2026-04-06T04:56:47Z,2026-04-06T05:16:47Z,20260406,135,2,81,8,2,5,13,1,2,15760,1,43.5,11.0,64.0,165.0,201.0,20.0,False,False,False,True,SYNTHETIC_DEMO_DATA
1509,INC-00001509,2026-04-27T10:44:17Z,2026-04-27T10:59:17Z,2026-04-27T11:10:17Z,2026-04-27T12:55:17Z,2026-04-27T21:18:17Z,2026-04-28T08:59:17Z,20260427,1040,6,111,10,4,5,8,4,4,13665,1,95.2,15.0,26.0,131.0,634.0,701.0,True,False,False,True,SYNTHETIC_DEMO_DATA
1510,INC-00001510,2025-04-16T13:46:09Z,2025-04-16T13:58:09Z,2025-04-16T14:16:09Z,2025-04-16T15:22:09Z,2025-04-16T16:32:09Z,2025-04-16T19:15:09Z,20250416,1345,2,136,35,4,5,1,1,4,17854,1,100,12.0,30.0,96.0,166.0,163.0,True,False,False,True,SYNTHETIC_DEMO_DATA
1511,INC-00001511,2026-02-16T22:09:16Z,2026-02-16T23:20:16Z,2026-02-16T23:43:16Z,2026-02-17T00:26:16Z,2026-02-17T03:43:16Z,2026-02-17T06:44:16Z,20260216,2205,3,200,24,1,5,9,1,1,1068,1,37.5,71.0,94.0,137.0,334.0,181.0,False,False,False,True,SYNTHETIC_DEMO_DATA
1512,INC-00001512,2025-06-01T14:19:15Z,2025-06-01T14:41:15Z,2025-06-01T15:52:15Z,2025-06-01T17:28:15Z,2025-06-01T23:25:15Z,2025-06-02T08:16:15Z,20250601,1415,3,136,30,1,5,2,3,1,17933,1,48.8,22.0,93.0,189.0,546.0,531.0,False,False,True,True,SYNTHETIC_DEMO_DATA
1513,INC-00001513,2026-05-11T15:00:24Z,2026-05-11T15:53:24Z,2026-05-11T16:01:24Z,2026-05-11T17:58:24Z,,,20260511,1500,2,122,17,1,3,13,0,1,833,1,45.5,53.0,61.0,178.0,,,False,False,False,False,SYNTHETIC_DEMO_DATA
1514,INC-00001514,2026-03-27T08:49:43Z,2026-03-27T08:56:43Z,2026-03-27T09:22:43Z,2026-03-27T13:27:43Z,2026-03-27T15:29:43Z,2026-03-27T19:20:43Z,20260327,845,2,160,28,2,5,7,1,2,13195,1,51.7,7.0,33.0,278.0,400.0,231.0,False,False,False,True,SYNTHETIC_DEMO_DATA
1515,INC-00001515,2025-08-30T09:20:59Z,2025-08-30T09:45:59Z,2025-08-30T10:10:59Z,2025-08-30T10:57:59Z,2025-08-30T11:59:59Z,2025-08-30T14:16:59Z,20250830,920,3,183,16,3,5,1,1,3,8964,1,64.5,25.0,50.0,97.0,159.0,137.0,False,False,False,True,SYNTHETIC_DEMO_DATA
1516,INC-00001516,2025-07-04T06:57:28Z,2025-07-04T07:43:28Z,2025-07-04T07:57:28Z,2025-07-04T10:44:28Z,2025-07-04T11:24:28Z,2025-07-04T21:16:28Z,20250704,655,7,138,37,1,5,10,4,1,7813,1,34.0,46.0,60.0,227.0,267.0,592.0,False,False,False,True,SYNTHETIC_DEMO_DATA
1517,INC-00001517,2025-08-15T16:22:55Z,2025-08-15T16:45:55Z,2025-08-15T17:34:55Z,2025-08-15T19:39:55Z,2025-08-15T22:13:55Z,2025-08-16T08:16:55Z,20250815,1620,4,155,6,1,5,3,2,1,1057,1,33.5,23.0,72.0,197.0,351.0,603.0,False,False,True,True,SYNTHETIC_DEMO_DATA
1518,INC-00001518,2026-04-23T15:07:12Z,2026-04-23T15:16:12Z,2026-04-23T15:35:12Z,2026-04-23T16:48:12Z,2026-04-23T18:44:12Z,2026-04-23T23:01:12Z,20260423,1505,6,18,2,1,5,14,4,1,14690,1,33.4,9.0,28.0,101.0,217.0,257.0,True,False,False,True,SYNTHETIC_DEMO_DATA
1519,INC-00001519,2025-10-05T13:54:39Z,2025-10-05T14:25:39Z,2025-10-05T17:43:39Z,2025-10-05T18:26:39Z,2025-10-05T20:37:39Z,2025-10-06T08:08:39Z,20251005,1350,4,119,21,2,5,8,4,2,8841,1,55.5,31.0,229.0,272.0,403.0,691.0,False,False,False,True,SYNTHETIC_DEMO_DATA
1520,INC-00001520,2025-04-30T19:33:54Z,2025-04-30T19:42:54Z,2025-04-30T19:53:54Z,2025-04-30T21:21:54Z,2025-05-01T08:09:54Z,2025-05-01T18:08:54Z,20250430,1930,1,57,18,2,5,1,2,2,13436,1,55.0,9.0,20.0,108.0,756.0,599.0,False,False,True,True,SYNTHETIC_DEMO_DATA
1521,INC-00001521,2026-03-19T14:33:32Z,2026-03-19T14:38:32Z,2026-03-19T14:54:32Z,2026-03-19T15:16:32Z,2026-03-19T17:27:32Z,,20260319,1430,7,100,21,4,4,14,3,4,11478,1,97.1,5.0,21.0,43.0,174.0,,True,False,True,True,SYNTHETIC_DEMO_DATA
1522,INC-00001522,2026-02-20T14:22:50Z,2026-02-20T14:38:50Z,2026-02-20T14:43:50Z,2026-02-20T18:00:50Z,2026-02-20T19:50:50Z,2026-02-21T00:51:50Z,20260220,1420,2,45,2,2,5,5,3,2,13966,1,40.9,16.0,21.0,218.0,328.0,301.0,False,False,True,True,SYNTHETIC_DEMO_DATA
1523,INC-00001523,2026-07-04T23:49:45Z,2026-07-05T00:04:45Z,2026-07-05T00:22:45Z,2026-07-05T04:15:45Z,2026-07-05T06:26:45Z,2026-07-05T12:39:45Z,20260704,2345,3,77,38,3,5,17,1,3,2303,1,79.2,15.0,33.0,266.0,397.0,373.0,False,False,False,True,SYNTHETIC_DEMO_DATA
1524,INC-00001524,2026-01-05T17:41:04Z,2026-01-05T18:17:04Z,2026-01-05T19:33:04Z,2026-01-05T21:28:04Z,2026-01-05T22:33:04Z,2026-01-06T08:22:04Z,20260105,1740,6,99,17,2,5,9,4,2,10920,1,43.6,36.0,112.0,227.0,292.0,589.0,False,False,False,True,SYNTHETIC_DEMO_DATA
1525,INC-00001525,2025-07-16T17:16:48Z,2025-07-16T17:35:48Z,2025-07-16T18:03:48Z,2025-07-16T19:19:48Z,2025-07-17T00:07:48Z,2025-07-17T08:22:48Z,20250716,1715,7,214,4,1,5,1,1,1,10862,1,36.9,19.0,47.0,123.0,411.0,495.0,False,False,False,True,SYNTHETIC_DEMO_DATA
1526,INC-00001526,2026-02-12T10:44:08Z,2026-02-12T10:48:08Z,2026-02-12T11:03:08Z,2026-02-12T11:43:08Z,2026-02-12T17:26:08Z,,20260212,1040,6,215,32,1,4,12,1,1,7417,1,35.8,4.0,19.0,59.0,402.0,,False,False,False,True,SYNTHETIC_DEMO_DATA
1527,INC-00001527,2025-10-09T13:56:52Z,2025-10-09T14:33:52Z,2025-10-09T16:22:52Z,2025-10-09T17:49:52Z,2025-10-09T19:00:52Z,2025-10-10T06:01:52Z,20251009,1355,7,70,30,1,5,5,3,1,16245,1,36.1,37.0,146.0,233.0,304.0,661.0,False,False,True,True,SYNTHETIC_DEMO_DATA
1528,INC-00001528,2025-04-04T11:54:45Z,2025-04-04T12:11:45Z,2025-04-04T12:31:45Z,2025-04-04T14:36:45Z,2025-04-04T17:24:45Z,2025-04-05T01:23:45Z,20250404,1150,2,22,44,1,5,16,1,1,15259,1,31.2,17.0,37.0,162.0,330.0,479.0,False,False,False,True,SYNTHETIC_DEMO_DATA
1529,INC-00001529,2025-03-11T07:24:23Z,2025-03-11T08:05:23Z,2025-03-11T08:22:23Z,2025-03-11T10:27:23Z,2025-03-12T07:30:23Z,2025-03-12T18:24:23Z,20250311,720,5,222,12,1,5,9,1,1,15238,1,57.7,41.0,58.0,183.0,1446.0,654.0,True,False,False,True,SYNTHETIC_DEMO_DATA
1530,INC-00001530,2025-05-03T09:12:03Z,2025-05-03T09:28:03Z,2025-05-03T09:58:03Z,2025-05-03T10:21:03Z,2025-05-03T12:45:03Z,2025-05-03T16:04:03Z,20250503,910,3,200,20,3,5,4,1,3,4235,1,65.2,16.0,46.0,69.0,213.0,199.0,False,False,False,True,SYNTHETIC_DEMO_DATA
1531,INC-00001531,2025-02-04T20:48:38Z,2025-02-04T20:54:38Z,2025-02-04T21:45:38Z,2025-02-05T01:49:38Z,2025-02-05T04:57:38Z,2025-02-05T06:14:38Z,20250204,2045,2,136,7,3,5,15,1,3,8679,1,76.9,6.0,57.0,301.0,489.0,77.0,False,False,False,True,SYNTHETIC_DEMO_DATA
1532,INC-00001532,2026-04-09T06:22:14Z,2026-04-09T07:08:14Z,2026-04-09T07:21:14Z,2026-04-09T15:28:14Z,2026-04-09T19:04:14Z,2026-04-10T00:27:14Z,20260409,620,7,216,42,1,5,6,1,1,10267,1,24.5,46.0,59.0,546.0,762.0,323.0,False,False,False,True,SYNTHETIC_DEMO_DATA
1533,INC-00001533,2026-07-08T19:55:57Z,2026-07-08T20:28:57Z,2026-07-08T20:56:57Z,2026-07-09T00:03:57Z,2026-07-09T01:49:57Z,2026-07-09T07:15:57Z,20260708,1955,2,22,32,1,5,17,1,1,6062,1,31.9,33.0,61.0,248.0,354.0,326.0,False,False,False,True,SYNTHETIC_DEMO_DATA
1534,INC-00001534,2025-04-23T23:52:28Z,2025-04-24T00:02:28Z,2025-04-24T00:31:28Z,2025-04-24T00:55:28Z,2025-04-24T03:51:28Z,2025-04-24T14:55:28Z,20250423,2350,2,13,12,2,5,11,3,2,3906,1,51.2,10.0,39.0,63.0,239.0,664.0,False,False,True,True,SYNTHETIC_DEMO_DATA
1535,INC-00001535,2026-04-03T17:46:28Z,2026-04-03T17:51:28Z,2026-04-03T17:59:28Z,2026-04-03T19:04:28Z,2026-04-03T22:45:28Z,2026-04-04T03:17:28Z,20260403,1745,7,8,18,1,5,3,1,1,85,1,28.9,5.0,13.0,78.0,299.0,272.0,False,False,False,True,SYNTHETIC_DEMO_DATA
1536,INC-00001536,2026-02-15T17:45:45Z,2026-02-15T17:59:45Z,2026-02-15T18:09:45Z,2026-02-15T21:26:45Z,2026-02-16T11:28:45Z,2026-02-16T21:43:45Z,20260215,1745,3,162,35,2,5,15,1,2,14839,1,38.8,14.0,24.0,221.0,1063.0,615.0,False,False,False,True,SYNTHETIC_DEMO_DATA
1537,INC-00001537,2026-02-27T12:11:43Z,2026-02-27T12:22:43Z,2026-02-27T12:35:43Z,2026-02-27T12:56:43Z,2026-02-27T17:12:43Z,2026-02-27T19:31:43Z,20260227,1210,2,218,5,3,5,9,3,3,6304,1,71.8,11.0,24.0,45.0,301.0,139.0,False,True,True,True,SYNTHETIC_DEMO_DATA
1538,INC-00001538,2026-01-14T11:39:03Z,2026-01-14T12:05:03Z,2026-01-14T12:12:03Z,2026-01-14T14:01:03Z,2026-01-14T17:58:03Z,2026-01-15T01:46:03Z,20260114,1135,5,68,28,2,5,1,4,2,15849,1,63.2,26.0,33.0,142.0,379.0,468.0,False,False,False,True,SYNTHETIC_DEMO_DATA
1539,INC-00001539,2025-11-28T11:36:09Z,2025-11-28T12:27:09Z,2025-11-28T13:06:09Z,2025-11-28T14:31:09Z,2025-11-28T14:44:09Z,2025-11-28T18:45:09Z,20251128,1135,1,70,38,4,5,14,1,4,13486,1,97.8,51.0,90.0,175.0,188.0,241.0,True,False,False,False,SYNTHETIC_DEMO_DATA
1540,INC-00001540,2025-05-23T15:28:06Z,2025-05-23T16:25:06Z,2025-05-23T16:44:06Z,2025-05-23T18:11:06Z,2025-05-24T01:02:06Z,2025-05-24T02:42:06Z,20250523,1525,2,125,10,3,5,6,1,3,14635,1,75.6,57.0,76.0,163.0,574.0,100.0,True,False,False,True,SYNTHETIC_DEMO_DATA
1541,INC-00001541,2025-11-11T20:05:06Z,2025-11-11T21:01:06Z,2025-11-11T21:13:06Z,2025-11-11T22:36:06Z,2025-11-12T01:25:06Z,2025-11-12T01:50:06Z,20251111,2005,6,9,27,1,5,15,1,1,15795,1,23.4,56.0,68.0,151.0,320.0,25.0,False,False,False,True,SYNTHETIC_DEMO_DATA
1542,INC-00001542,2026-04-15T09:13:05Z,2026-04-15T09:51:05Z,2026-04-15T10:08:05Z,,,,20260415,910,4,225,16,1,2,8,0,1,6011,1,29.4,38.0,55.0,,,,False,False,False,False,SYNTHETIC_DEMO_DATA
1543,INC-00001543,2025-02-22T11:12:20Z,2025-02-22T11:29:20Z,2025-02-22T11:55:20Z,2025-02-22T12:46:20Z,2025-02-22T14:18:20Z,2025-02-22T17:27:20Z,20250222,1110,7,53,39,2,5,2,1,2,16227,1,50.9,17.0,43.0,94.0,186.0,189.0,False,False,False,True,SYNTHETIC_DEMO_DATA
1544,INC-00001544,2025-12-13T20:09:25Z,2025-12-13T20:28:25Z,2025-12-13T20:40:25Z,2025-12-13T22:24:25Z,2025-12-14T10:17:25Z,,20251213,2005,6,90,33,2,4,13,1,2,12015,1,43.6,19.0,31.0,135.0,848.0,,False,False,False,True,SYNTHETIC_DEMO_DATA
1545,INC-00001545,2025-03-03T10:34:47Z,2025-03-03T12:22:47Z,2025-03-03T12:46:47Z,2025-03-03T16:02:47Z,2025-03-03T17:59:47Z,2025-03-04T01:45:47Z,20250303,1030,6,114,34,1,5,5,1,1,8782,1,42.3,108.0,132.0,328.0,445.0,466.0,False,False,False,True,SYNTHETIC_DEMO_DATA
1546,INC-00001546,2025-10-18T18:00:11Z,2025-10-18T18:31:11Z,2025-10-18T18:43:11Z,2025-10-18T19:42:11Z,2025-10-18T21:26:11Z,2025-10-19T00:30:11Z,20251018,1800,5,102,36,1,5,16,1,1,12986,1,42.8,31.0,43.0,102.0,206.0,184.0,False,False,False,True,SYNTHETIC_DEMO_DATA
1547,INC-00001547,2026-07-02T15:14:08Z,2026-07-02T15:43:08Z,2026-07-02T16:34:08Z,2026-07-02T19:00:08Z,2026-07-02T19:26:08Z,2026-07-03T02:43:08Z,20260702,1510,4,33,41,3,5,11,3,3,16413,1,69.3,29.0,80.0,226.0,252.0,437.0,False,False,True,True,SYNTHETIC_DEMO_DATA
1548,INC-00001548,2025-09-13T11:44:28Z,2025-09-13T12:35:28Z,2025-09-13T13:28:28Z,2025-09-13T22:33:28Z,2025-09-13T23:00:28Z,2025-09-14T05:44:28Z,20250913,1140,3,240,41,2,5,3,4,2,14447,1,59.0,51.0,104.0,649.0,676.0,404.0,False,False,False,True,SYNTHETIC_DEMO_DATA
1549,INC-00001549,2025-09-11T16:31:05Z,2025-09-11T16:40:05Z,2025-09-11T17:16:05Z,2025-09-11T20:17:05Z,2025-09-11T22:46:05Z,2025-09-12T07:42:05Z,20250911,1630,7,226,41,2,5,14,1,2,12833,1,58.2,9.0,45.0,226.0,375.0,536.0,False,False,False,True,SYNTHETIC_DEMO_DATA
1550,INC-00001550,2025-07-28T10:49:03Z,2025-07-28T11:27:03Z,2025-07-28T11:43:03Z,2025-07-28T21:24:03Z,2025-07-29T05:34:03Z,2025-07-29T12:30:03Z,20250728,1045,4,109,37,1,5,6,1,1,8885,1,42.3,38.0,54.0,635.0,1125.0,416.0,False,False,False,True,SYNTHETIC_DEMO_DATA
1551,INC-00001551,2025-07-15T11:23:55Z,2025-07-15T12:15:55Z,2025-07-15T12:24:55Z,2025-07-15T14:56:55Z,2025-07-15T17:48:55Z,2025-07-16T01:53:55Z,20250715,1120,6,177,9,2,5,18,1,2,3537,1,74.4,52.0,61.0,213.0,385.0,485.0,True,False,False,True,SYNTHETIC_DEMO_DATA
1552,INC-00001552,2025-04-23T23:11:55Z,2025-04-23T23:31:55Z,2025-04-23T23:39:55Z,2025-04-24T00:10:55Z,2025-04-24T03:06:55Z,2025-04-24T12:30:55Z,20250423,2310,7,154,43,2,5,11,3,2,7607,1,59.6,20.0,28.0,59.0,235.0,564.0,False,False,True,True,SYNTHETIC_DEMO_DATA
1553,INC-00001553,2025-02-17T17:55:59Z,2025-02-17T18:06:59Z,2025-02-17T18:45:59Z,2025-02-17T19:03:59Z,2025-02-17T20:57:59Z,,20250217,1755,7,36,17,3,4,5,3,3,13765,1,53.9,11.0,50.0,68.0,182.0,,False,False,True,True,SYNTHETIC_DEMO_DATA
1554,INC-00001554,2026-04-11T16:57:45Z,2026-04-11T17:09:45Z,2026-04-11T17:56:45Z,2026-04-11T19:05:45Z,2026-04-12T00:26:45Z,2026-04-12T12:10:45Z,20260411,1655,6,112,1,1,5,14,4,1,11711,1,28.0,12.0,59.0,128.0,449.0,704.0,False,False,False,True,SYNTHETIC_DEMO_DATA
1555,INC-00001555,2025-10-28T00:49:48Z,2025-10-28T01:03:48Z,2025-10-28T01:30:48Z,2025-10-28T02:21:48Z,,,20251028,45,3,148,16,2,3,8,0,2,10539,1,44.4,14.0,41.0,92.0,,,False,False,False,False,SYNTHETIC_DEMO_DATA
1556,INC-00001556,2026-05-04T19:30:14Z,2026-05-04T19:45:14Z,2026-05-04T20:07:14Z,2026-05-04T21:26:14Z,2026-05-04T23:03:14Z,2026-05-05T09:19:14Z,20260504,1930,7,170,16,3,5,2,2,3,991,1,62.3,15.0,37.0,116.0,213.0,616.0,False,False,True,True,SYNTHETIC_DEMO_DATA
1557,INC-00001557,2025-11-21T23:11:55Z,2025-11-21T23:41:55Z,2025-11-21T23:52:55Z,2025-11-22T04:36:55Z,2025-11-22T05:21:55Z,2025-11-22T14:23:55Z,20251121,2310,4,146,38,2,5,12,1,2,7525,1,48.9,30.0,41.0,325.0,370.0,542.0,False,False,False,True,SYNTHETIC_DEMO_DATA
1558,INC-00001558,2025-06-17T11:06:46Z,2025-06-17T11:20:46Z,2025-06-17T11:25:46Z,2025-06-17T12:51:46Z,2025-06-17T17:57:46Z,2025-06-17T19:57:46Z,20250617,1105,6,16,21,3,5,6,1,3,13232,1,70.1,14.0,19.0,105.0,411.0,120.0,False,False,False,True,SYNTHETIC_DEMO_DATA
1559,INC-00001559,2025-04-15T08:26:00Z,2025-04-15T08:46:00Z,2025-04-15T09:02:00Z,2025-04-15T10:03:00Z,2025-04-15T11:44:00Z,2025-04-15T19:23:00Z,20250415,825,7,240,2,2,5,16,1,2,16455,1,63.8,20.0,36.0,97.0,198.0,459.0,False,False,False,True,SYNTHETIC_DEMO_DATA
1560,INC-00001560,2025-08-06T14:58:56Z,2025-08-06T15:49:56Z,2025-08-06T16:02:56Z,2025-08-06T17:42:56Z,2025-08-07T02:23:56Z,2025-08-07T10:13:56Z,20250806,1455,6,79,5,2,5,9,3,2,9565,1,51.1,51.0,64.0,164.0,685.0,470.0,False,False,True,True,SYNTHETIC_DEMO_DATA
1561,INC-00001561,2025-08-26T11:24:44Z,2025-08-26T11:29:44Z,2025-08-26T12:23:44Z,2025-08-26T13:27:44Z,,,20250826,1120,5,63,36,5,3,5,0,5,2954,1,98.3,5.0,59.0,123.0,,,True,False,False,False,SYNTHETIC_DEMO_DATA
1562,INC-00001562,2025-05-28T18:03:05Z,2025-05-28T18:16:05Z,2025-05-28T18:26:05Z,2025-05-28T19:02:05Z,2025-05-28T21:36:05Z,2025-05-29T04:03:05Z,20250528,1800,3,21,25,2,5,13,1,2,1072,1,65.9,13.0,23.0,59.0,213.0,387.0,True,False,False,True,SYNTHETIC_DEMO_DATA
1563,INC-00001563,2025-06-08T16:43:00Z,2025-06-08T16:49:00Z,2025-06-08T17:18:00Z,2025-06-08T18:03:00Z,2025-06-08T18:40:00Z,2025-06-09T02:56:00Z,20250608,1640,6,55,21,3,5,7,1,3,17562,1,75.8,6.0,35.0,80.0,117.0,496.0,False,False,False,True,SYNTHETIC_DEMO_DATA
1564,INC-00001564,2025-03-10T14:59:28Z,2025-03-10T15:15:28Z,2025-03-10T15:30:28Z,2025-03-10T16:36:28Z,2025-03-11T03:32:28Z,2025-03-11T13:48:28Z,20250310,1455,2,104,19,1,5,16,1,1,17127,1,48.7,16.0,31.0,97.0,753.0,616.0,False,False,False,True,SYNTHETIC_DEMO_DATA
1565,INC-00001565,2025-07-11T17:30:39Z,2025-07-11T17:43:39Z,2025-07-11T17:56:39Z,2025-07-11T18:39:39Z,2025-07-11T21:58:39Z,2025-07-12T08:51:39Z,20250711,1730,1,1,35,4,5,12,4,4,1235,1,100,13.0,26.0,69.0,268.0,653.0,True,False,False,True,SYNTHETIC_DEMO_DATA
1566,INC-00001566,2025-04-03T18:37:27Z,2025-04-03T19:37:27Z,2025-04-03T20:17:27Z,2025-04-03T21:04:27Z,2025-04-03T21:25:27Z,2025-04-04T04:06:27Z,20250403,1835,7,133,25,1,5,2,1,1,6475,1,40.5,60.0,100.0,147.0,168.0,401.0,False,False,False,True,SYNTHETIC_DEMO_DATA
1567,INC-00001567,2026-02-20T09:12:26Z,2026-02-20T09:28:26Z,2026-02-20T09:44:26Z,2026-02-20T11:05:26Z,2026-02-20T11:42:26Z,2026-02-20T15:33:26Z,20260220,910,7,173,6,1,5,13,1,1,10852,1,35.6,16.0,32.0,113.0,150.0,231.0,False,False,False,True,SYNTHETIC_DEMO_DATA
1568,INC-00001568,2025-08-26T11:36:51Z,2025-08-26T11:52:51Z,2025-08-26T11:56:51Z,2025-08-26T12:34:51Z,2025-08-26T12:54:51Z,2025-08-26T20:06:51Z,20250826,1135,6,217,13,4,5,9,3,4,4574,1,96.9,16.0,20.0,58.0,78.0,432.0,True,False,True,True,SYNTHETIC_DEMO_DATA
1569,INC-00001569,2025-12-13T16:45:45Z,2025-12-13T17:18:45Z,2025-12-13T18:53:45Z,2025-12-14T02:46:45Z,2025-12-14T04:58:45Z,2025-12-14T13:49:45Z,20251213,1645,3,93,29,2,5,18,1,2,13973,1,49.1,33.0,128.0,601.0,733.0,531.0,False,False,False,True,SYNTHETIC_DEMO_DATA
1570,INC-00001570,2026-03-31T16:30:23Z,2026-03-31T17:03:23Z,2026-03-31T17:20:23Z,2026-03-31T19:39:23Z,2026-03-31T21:06:23Z,,20260331,1630,1,219,34,1,4,10,1,1,17368,1,35.6,33.0,50.0,189.0,276.0,,False,False,False,True,SYNTHETIC_DEMO_DATA
1571,INC-00001571,2025-04-29T17:23:50Z,2025-04-29T17:37:50Z,2025-04-29T17:47:50Z,2025-04-29T18:13:50Z,2025-04-29T19:14:50Z,2025-04-29T21:28:50Z,20250429,1720,5,41,33,3,5,5,1,3,16381,1,77.5,14.0,24.0,50.0,111.0,134.0,False,False,False,True,SYNTHETIC_DEMO_DATA
1572,INC-00001572,2025-02-24T23:24:11Z,2025-02-24T23:36:11Z,2025-02-25T00:01:11Z,2025-02-25T01:54:11Z,2025-02-25T03:56:11Z,2025-02-25T06:08:11Z,20250224,2320,3,178,4,1,5,14,1,1,5647,1,42.9,12.0,37.0,150.0,272.0,132.0,False,False,False,True,SYNTHETIC_DEMO_DATA
1573,INC-00001573,2026-05-15T19:39:28Z,2026-05-15T19:45:28Z,2026-05-15T20:18:28Z,2026-05-15T21:39:28Z,2026-05-15T22:45:28Z,2026-05-15T23:54:28Z,20260515,1935,6,135,33,2,5,8,1,2,11306,1,57.7,6.0,39.0,120.0,186.0,69.0,True,False,False,True,SYNTHETIC_DEMO_DATA
1574,INC-00001574,2026-04-04T12:54:31Z,2026-04-04T13:25:31Z,2026-04-04T13:30:31Z,2026-04-04T14:26:31Z,2026-04-05T01:33:31Z,2026-04-05T10:46:31Z,20260404,1250,7,204,30,1,5,18,1,1,3816,1,45.9,31.0,36.0,92.0,759.0,553.0,False,False,False,True,SYNTHETIC_DEMO_DATA
1575,INC-00001575,2025-11-04T19:56:56Z,2025-11-04T20:24:56Z,2025-11-04T20:40:56Z,2025-11-04T22:50:56Z,2025-11-05T11:11:56Z,2025-11-05T21:14:56Z,20251104,1955,6,122,10,2,5,12,3,2,2856,1,69.4,28.0,44.0,174.0,915.0,603.0,False,False,True,True,SYNTHETIC_DEMO_DATA
1576,INC-00001576,2026-06-17T10:58:36Z,2026-06-17T11:11:36Z,2026-06-17T11:29:36Z,2026-06-17T13:07:36Z,2026-06-17T16:15:36Z,2026-06-17T18:35:36Z,20260617,1055,2,221,23,2,5,5,1,2,7953,1,69.5,13.0,31.0,129.0,317.0,140.0,False,False,False,True,SYNTHETIC_DEMO_DATA
1577,INC-00001577,2025-02-23T07:33:48Z,2025-02-23T07:44:48Z,2025-02-23T08:36:48Z,2025-02-23T11:42:48Z,2025-02-23T14:23:48Z,,20250223,730,3,125,42,1,4,15,1,1,8787,1,36.1,11.0,63.0,249.0,410.0,,False,False,False,True,SYNTHETIC_DEMO_DATA
1578,INC-00001578,2026-07-28T17:26:18Z,2026-07-28T17:49:18Z,2026-07-28T18:54:18Z,,,,20260728,1725,2,4,23,4,2,11,0,4,3069,1,93.0,23.0,88.0,,,,True,False,False,False,SYNTHETIC_DEMO_DATA
1579,INC-00001579,2025-10-30T17:32:48Z,2025-10-30T17:36:48Z,2025-10-30T17:42:48Z,2025-10-30T19:28:48Z,2025-10-30T19:55:48Z,2025-10-31T02:44:48Z,20251030,1730,6,7,18,3,5,3,1,3,9956,1,66.7,4.0,10.0,116.0,143.0,409.0,False,False,False,True,SYNTHETIC_DEMO_DATA
1580,INC-00001580,2026-03-05T13:47:58Z,2026-03-05T13:54:58Z,2026-03-05T14:14:58Z,2026-03-05T15:10:58Z,2026-03-05T15:55:58Z,2026-03-05T19:52:58Z,20260305,1345,3,99,27,2,5,13,4,2,10334,1,37.0,7.0,27.0,83.0,128.0,237.0,False,False,False,True,SYNTHETIC_DEMO_DATA
1581,INC-00001581,2025-03-12T19:08:01Z,2025-03-12T19:20:01Z,2025-03-12T19:36:01Z,2025-03-12T23:44:01Z,2025-03-13T02:35:01Z,,20250312,1905,3,168,44,1,4,5,1,1,10474,1,41.8,12.0,28.0,276.0,447.0,,False,False,False,True,SYNTHETIC_DEMO_DATA
1582,INC-00001582,2026-07-21T17:55:55Z,2026-07-21T18:00:55Z,2026-07-21T18:24:55Z,2026-07-21T19:17:55Z,2026-07-21T19:53:55Z,2026-07-22T05:21:55Z,20260721,1755,3,187,28,3,5,18,1,3,5489,1,70.1,5.0,29.0,82.0,118.0,568.0,False,False,False,True,SYNTHETIC_DEMO_DATA
1583,INC-00001583,2025-08-15T16:56:50Z,2025-08-15T17:11:50Z,2025-08-15T17:20:50Z,2025-08-15T18:06:50Z,2025-08-15T22:01:50Z,2025-08-16T01:28:50Z,20250815,1655,5,76,42,3,5,11,1,3,380,1,58.8,15.0,24.0,70.0,305.0,207.0,False,False,False,True,SYNTHETIC_DEMO_DATA
1584,INC-00001584,2025-09-22T21:20:01Z,2025-09-22T21:26:01Z,2025-09-22T21:48:01Z,2025-09-23T01:39:01Z,2025-09-23T11:17:01Z,2025-09-23T18:02:01Z,20250922,2120,4,129,22,2,5,3,1,2,5243,1,61.3,6.0,28.0,259.0,837.0,405.0,True,False,False,True,SYNTHETIC_DEMO_DATA
1585,INC-00001585,2025-03-01T18:20:43Z,2025-03-01T18:40:43Z,2025-03-01T18:51:43Z,2025-03-01T19:53:43Z,2025-03-01T22:50:43Z,2025-03-02T05:50:43Z,20250301,1820,5,204,37,3,5,15,2,3,14861,1,73.0,20.0,31.0,93.0,270.0,420.0,False,False,True,True,SYNTHETIC_DEMO_DATA
1586,INC-00001586,2026-07-07T09:23:57Z,2026-07-07T09:44:57Z,2026-07-07T10:18:57Z,2026-07-07T12:19:57Z,2026-07-07T14:57:57Z,2026-07-08T02:24:57Z,20260707,920,6,238,39,1,5,6,1,1,1016,1,29.4,21.0,55.0,176.0,334.0,687.0,False,False,False,True,SYNTHETIC_DEMO_DATA
1587,INC-00001587,2026-05-14T13:52:42Z,2026-05-14T14:00:42Z,2026-05-14T14:09:42Z,2026-05-14T14:38:42Z,2026-05-14T15:41:42Z,,20260514,1350,2,223,4,4,4,2,2,4,426,1,90.6,8.0,17.0,46.0,109.0,,True,False,True,True,SYNTHETIC_DEMO_DATA
1588,INC-00001588,2026-06-21T13:21:51Z,2026-06-21T13:27:51Z,2026-06-21T13:39:51Z,,,,20260621,1320,2,126,43,1,2,10,0,1,4845,1,22.1,6.0,18.0,,,,False,False,False,False,SYNTHETIC_DEMO_DATA
1589,INC-00001589,2025-05-19T10:38:14Z,2025-05-19T11:10:14Z,2025-05-19T11:46:14Z,2025-05-19T15:43:14Z,2025-05-19T17:10:14Z,2025-05-19T20:14:14Z,20250519,1035,4,66,9,1,5,3,1,1,12678,1,33.8,32.0,68.0,305.0,392.0,184.0,False,False,False,True,SYNTHETIC_DEMO_DATA
1590,INC-00001590,2026-03-24T15:07:50Z,2026-03-24T15:18:50Z,2026-03-24T15:28:50Z,2026-03-24T15:44:50Z,2026-03-24T18:36:50Z,2026-03-25T03:08:50Z,20260324,1505,7,203,24,2,5,15,1,2,16838,1,63.3,11.0,21.0,37.0,209.0,512.0,False,True,False,True,SYNTHETIC_DEMO_DATA
1591,INC-00001591,2025-06-12T07:36:30Z,2025-06-12T08:19:30Z,2025-06-12T08:29:30Z,2025-06-12T11:12:30Z,2025-06-12T13:06:30Z,2025-06-12T17:48:30Z,20250612,735,3,196,12,1,5,7,3,1,8244,1,41.3,43.0,53.0,216.0,330.0,282.0,False,False,True,True,SYNTHETIC_DEMO_DATA
1592,INC-00001592,2026-05-27T15:08:56Z,2026-05-27T15:51:56Z,2026-05-27T16:13:56Z,2026-05-27T16:44:56Z,2026-05-28T05:39:56Z,2026-05-28T15:32:56Z,20260527,1505,7,227,4,2,5,0,1,2,3015,1,50.6,43.0,65.0,96.0,871.0,593.0,False,False,False,True,SYNTHETIC_DEMO_DATA
1593,INC-00001593,2026-04-24T15:46:04Z,2026-04-24T17:20:04Z,2026-04-24T18:17:04Z,2026-04-24T18:36:04Z,2026-04-25T00:58:04Z,2026-04-25T07:32:04Z,20260424,1545,2,86,23,2,5,12,4,2,10401,1,69.6,94.0,151.0,170.0,552.0,394.0,False,False,False,True,SYNTHETIC_DEMO_DATA
1594,INC-00001594,2025-02-20T08:00:42Z,2025-02-20T09:14:42Z,2025-02-20T10:19:42Z,,,,20250220,800,3,138,40,2,2,5,0,2,14010,1,50.5,74.0,139.0,,,,False,False,False,False,SYNTHETIC_DEMO_DATA
1595,INC-00001595,2026-06-09T12:31:35Z,2026-06-09T12:46:35Z,2026-06-09T12:50:35Z,2026-06-09T17:55:35Z,2026-06-10T07:41:35Z,2026-06-10T09:15:35Z,20260609,1230,1,138,15,2,5,16,1,2,16730,1,63.0,15.0,19.0,324.0,1150.0,94.0,True,False,False,True,SYNTHETIC_DEMO_DATA
1596,INC-00001596,2025-12-04T07:39:08Z,2025-12-04T07:59:08Z,2025-12-04T08:07:08Z,2025-12-04T08:31:08Z,2025-12-04T10:16:08Z,,20251204,735,5,181,41,5,4,12,1,5,8476,1,100,20.0,28.0,52.0,157.0,,True,False,False,False,SYNTHETIC_DEMO_DATA
1597,INC-00001597,2025-11-12T05:03:13Z,2025-11-12T05:36:13Z,2025-11-12T06:32:13Z,2025-11-12T07:23:13Z,2025-11-12T08:00:13Z,2025-11-12T10:05:13Z,20251112,500,6,162,43,4,5,4,1,4,11021,1,82.2,33.0,89.0,140.0,177.0,125.0,True,False,False,False,SYNTHETIC_DEMO_DATA
1598,INC-00001598,2026-06-09T08:12:59Z,2026-06-09T11:16:59Z,2026-06-09T11:48:59Z,2026-06-09T12:45:59Z,2026-06-09T16:55:59Z,,20260609,810,2,178,2,2,4,13,1,2,12380,1,51.9,184.0,216.0,273.0,523.0,,False,False,False,False,SYNTHETIC_DEMO_DATA
1599,INC-00001599,2026-07-21T14:33:09Z,2026-07-21T14:54:09Z,2026-07-21T15:11:09Z,,,,20260721,1430,3,184,27,1,2,5,0,1,745,1,34.7,21.0,38.0,,,,False,False,False,False,SYNTHETIC_DEMO_DATA
1600,INC-00001600,2026-07-26T13:01:19Z,2026-07-26T13:21:19Z,2026-07-26T13:55:19Z,2026-07-26T14:18:19Z,2026-07-26T23:11:19Z,2026-07-27T05:35:19Z,20260726,1300,6,201,29,2,5,17,1,2,15875,1,50.0,20.0,54.0,77.0,610.0,384.0,False,False,False,True,SYNTHETIC_DEMO_DATA
1601,INC-00001601,2025-12-20T07:20:44Z,2025-12-20T07:50:44Z,2025-12-20T08:20:44Z,2025-12-20T09:47:44Z,2025-12-20T12:21:44Z,2025-12-20T16:17:44Z,20251220,720,1,104,27,2,5,10,2,2,14450,1,61.0,30.0,60.0,147.0,301.0,236.0,False,False,True,True,SYNTHETIC_DEMO_DATA
1602,INC-00001602,2025-03-06T13:49:26Z,2025-03-06T13:58:26Z,2025-03-06T14:39:26Z,2025-03-06T15:16:26Z,2025-03-06T20:47:26Z,2025-03-07T03:14:26Z,20250306,1345,6,133,25,2,5,3,1,2,3229,1,48.9,9.0,50.0,87.0,418.0,387.0,False,False,False,True,SYNTHETIC_DEMO_DATA
1603,INC-00001603,2026-02-27T15:43:28Z,2026-02-27T15:55:28Z,2026-02-27T16:03:28Z,2026-02-27T18:06:28Z,2026-02-27T23:03:28Z,,20260227,1540,4,103,9,2,4,14,1,2,394,1,49.2,12.0,20.0,143.0,440.0,,False,False,False,True,SYNTHETIC_DEMO_DATA
1604,INC-00001604,2025-12-03T15:30:55Z,2025-12-03T15:55:55Z,2025-12-03T17:02:55Z,2025-12-03T17:28:55Z,2025-12-03T19:39:55Z,2025-12-04T06:41:55Z,20251203,1530,3,217,24,3,5,8,1,3,10421,1,70.7,25.0,92.0,118.0,249.0,662.0,False,False,False,True,SYNTHETIC_DEMO_DATA
1605,INC-00001605,2025-11-10T17:44:22Z,2025-11-10T18:20:22Z,2025-11-10T18:34:22Z,2025-11-10T21:55:22Z,2025-11-11T05:23:22Z,2025-11-11T13:43:22Z,20251110,1740,2,91,17,1,5,17,1,1,13881,1,39.8,36.0,50.0,251.0,699.0,500.0,False,False,False,True,SYNTHETIC_DEMO_DATA
1606,INC-00001606,2025-10-10T00:55:15Z,2025-10-10T01:27:15Z,2025-10-10T01:40:15Z,2025-10-10T02:16:15Z,2025-10-10T06:37:15Z,2025-10-10T12:30:15Z,20251010,55,3,127,34,4,5,13,1,4,11310,1,96.8,32.0,45.0,81.0,342.0,353.0,True,False,False,False,SYNTHETIC_DEMO_DATA
1607,INC-00001607,2026-03-16T00:14:08Z,2026-03-16T00:22:08Z,2026-03-16T00:28:08Z,2026-03-16T03:17:08Z,2026-03-16T05:49:08Z,,20260316,10,7,158,15,2,4,4,1,2,3221,1,64.6,8.0,14.0,183.0,335.0,,False,False,False,True,SYNTHETIC_DEMO_DATA
1608,INC-00001608,2025-12-04T16:11:56Z,2025-12-04T17:37:56Z,2025-12-04T17:44:56Z,2025-12-04T20:46:56Z,2025-12-05T01:12:56Z,2025-12-05T09:48:56Z,20251204,1610,7,185,43,1,5,14,1,1,7675,1,52.8,86.0,93.0,275.0,541.0,516.0,False,False,False,True,SYNTHETIC_DEMO_DATA
1609,INC-00001609,2025-04-07T12:15:19Z,2025-04-07T12:44:19Z,2025-04-07T13:10:19Z,2025-04-07T13:35:19Z,2025-04-07T16:53:19Z,2025-04-08T03:53:19Z,20250407,1215,5,34,16,2,5,8,4,2,2354,1,53.9,29.0,55.0,80.0,278.0,660.0,False,False,False,True,SYNTHETIC_DEMO_DATA
1610,INC-00001610,2025-05-06T19:07:48Z,2025-05-06T21:12:48Z,2025-05-06T21:27:48Z,2025-05-06T22:50:48Z,2025-05-08T00:25:48Z,2025-05-08T07:27:48Z,20250506,1905,1,75,18,1,5,18,2,1,10903,1,39.3,125.0,140.0,223.0,1758.0,422.0,False,False,True,True,SYNTHETIC_DEMO_DATA
1611,INC-00001611,2025-09-12T14:59:36Z,2025-09-12T15:11:36Z,2025-09-12T15:35:36Z,2025-09-12T16:02:36Z,2025-09-13T02:26:36Z,2025-09-13T11:12:36Z,20250912,1455,1,220,18,5,5,15,1,5,12143,1,100,12.0,36.0,63.0,687.0,526.0,True,False,False,False,SYNTHETIC_DEMO_DATA
1612,INC-00001612,2026-06-11T11:17:59Z,2026-06-11T11:39:59Z,2026-06-11T12:25:59Z,2026-06-11T13:06:59Z,2026-06-11T15:23:59Z,2026-06-12T03:20:59Z,20260611,1115,3,143,37,3,5,6,3,3,14757,1,61.2,22.0,68.0,109.0,246.0,717.0,False,False,True,True,SYNTHETIC_DEMO_DATA
1613,INC-00001613,2025-06-16T21:27:04Z,,,,,,20250616,2125,7,130,42,1,1,15,0,1,3228,1,29.8,,,,,,False,False,False,False,SYNTHETIC_DEMO_DATA
1614,INC-00001614,2025-05-20T15:16:13Z,2025-05-20T15:36:13Z,2025-05-20T15:55:13Z,2025-05-20T20:39:13Z,2025-05-20T21:34:13Z,,20250520,1515,2,132,28,2,4,9,2,2,2692,1,59.0,20.0,39.0,323.0,378.0,,False,False,True,True,SYNTHETIC_DEMO_DATA
1615,INC-00001615,2026-06-19T19:10:05Z,2026-06-19T20:22:05Z,2026-06-19T20:38:05Z,2026-06-19T23:04:05Z,2026-06-20T04:24:05Z,,20260619,1910,2,186,36,1,4,1,1,1,10973,1,45.0,72.0,88.0,234.0,554.0,,False,False,False,True,SYNTHETIC_DEMO_DATA
1616,INC-00001616,2025-10-01T12:53:25Z,2025-10-01T13:50:25Z,2025-10-01T14:00:25Z,2025-10-01T14:44:25Z,2025-10-01T17:26:25Z,2025-10-01T22:19:25Z,20251001,1250,3,92,24,3,5,14,2,3,6880,1,68.4,57.0,67.0,111.0,273.0,293.0,False,False,True,True,SYNTHETIC_DEMO_DATA
1617,INC-00001617,2025-05-12T13:56:53Z,2025-05-12T14:44:53Z,2025-05-12T15:05:53Z,2025-05-12T18:55:53Z,2025-05-12T22:13:53Z,2025-05-13T06:04:53Z,20250512,1355,6,225,13,1,5,5,2,1,9384,1,33.6,48.0,69.0,299.0,497.0,471.0,True,False,True,True,SYNTHETIC_DEMO_DATA
1618,INC-00001618,2026-05-15T07:42:02Z,2026-05-15T08:26:02Z,2026-05-15T08:39:02Z,2026-05-15T10:11:02Z,2026-05-15T13:08:02Z,2026-05-15T18:03:02Z,20260515,740,7,83,43,1,5,16,2,1,14148,1,39.0,44.0,57.0,149.0,326.0,295.0,False,False,True,True,SYNTHETIC_DEMO_DATA
1619,INC-00001619,2025-06-16T16:49:07Z,2025-06-16T17:15:07Z,2025-06-16T17:31:07Z,2025-06-16T19:16:07Z,2025-06-17T02:24:07Z,2025-06-17T13:12:07Z,20250616,1645,3,106,7,1,5,9,1,1,10142,1,42.1,26.0,42.0,147.0,575.0,648.0,False,False,False,True,SYNTHETIC_DEMO_DATA
1620,INC-00001620,2025-11-28T09:56:48Z,2025-11-28T10:09:48Z,2025-11-28T10:28:48Z,2025-11-28T11:07:48Z,2025-11-28T13:40:48Z,2025-11-28T15:51:48Z,20251128,955,4,3,33,1,5,2,2,1,3321,1,38.3,13.0,32.0,71.0,224.0,131.0,False,False,True,True,SYNTHETIC_DEMO_DATA
1621,INC-00001621,2026-02-04T19:28:54Z,2026-02-04T19:52:54Z,2026-02-04T20:20:54Z,2026-02-05T01:44:54Z,2026-02-05T06:21:54Z,,20260204,1925,1,232,12,1,4,13,3,1,14654,1,34.2,24.0,52.0,376.0,653.0,,False,False,True,True,SYNTHETIC_DEMO_DATA
1622,INC-00001622,2025-08-01T16:08:31Z,2025-08-01T16:45:31Z,2025-08-01T16:55:31Z,2025-08-01T18:05:31Z,2025-08-01T20:14:31Z,2025-08-02T05:25:31Z,20250801,1605,5,6,30,3,5,8,1,3,12401,1,69.6,37.0,47.0,117.0,246.0,551.0,False,False,False,True,SYNTHETIC_DEMO_DATA
1623,INC-00001623,2025-05-19T18:40:00Z,2025-05-19T19:08:00Z,2025-05-19T19:24:00Z,,,,20250519,1840,1,10,43,1,2,17,0,1,13299,1,42.1,28.0,44.0,,,,False,False,False,False,SYNTHETIC_DEMO_DATA
1624,INC-00001624,2026-05-22T10:54:02Z,2026-05-22T11:07:02Z,2026-05-22T11:23:02Z,2026-05-22T12:05:02Z,,,20260522,1050,7,189,7,2,3,11,0,2,808,1,42.3,13.0,29.0,71.0,,,False,False,False,False,SYNTHETIC_DEMO_DATA
1625,INC-00001625,2026-07-05T11:30:38Z,2026-07-05T11:36:38Z,2026-07-05T13:07:38Z,2026-07-05T13:57:38Z,2026-07-05T16:05:38Z,,20260705,1130,3,4,5,5,4,7,1,5,3045,1,100,6.0,97.0,147.0,275.0,,True,False,False,False,SYNTHETIC_DEMO_DATA
1626,INC-00001626,2025-08-01T17:10:34Z,2025-08-01T18:08:34Z,2025-08-01T18:13:34Z,2025-08-01T19:05:34Z,2025-08-01T20:22:34Z,,20250801,1710,7,92,17,4,4,17,1,4,6459,1,91.2,58.0,63.0,115.0,192.0,,True,False,False,False,SYNTHETIC_DEMO_DATA
1627,INC-00001627,2026-06-19T22:18:07Z,2026-06-19T22:56:07Z,2026-06-19T23:08:07Z,2026-06-20T02:19:07Z,2026-06-20T06:04:07Z,2026-06-20T17:18:07Z,20260619,2215,6,116,17,2,5,8,1,2,16991,1,48.5,38.0,50.0,241.0,466.0,674.0,False,False,False,True,SYNTHETIC_DEMO_DATA
1628,INC-00001628,2025-04-14T17:29:47Z,2025-04-14T17:49:47Z,2025-04-14T18:16:47Z,2025-04-14T19:31:47Z,2025-04-15T03:30:47Z,2025-04-15T06:37:47Z,20250414,1725,3,58,28,4,5,3,1,4,11904,1,87.7,20.0,47.0,122.0,601.0,187.0,True,False,False,True,SYNTHETIC_DEMO_DATA
1629,INC-00001629,2026-04-10T10:12:03Z,2026-04-10T10:23:03Z,2026-04-10T11:20:03Z,2026-04-10T13:54:03Z,2026-04-10T16:31:03Z,2026-04-10T18:48:03Z,20260410,1010,2,8,11,4,5,14,1,4,2042,1,89.5,11.0,68.0,222.0,379.0,137.0,True,False,False,False,SYNTHETIC_DEMO_DATA
1630,INC-00001630,2025-10-29T12:17:46Z,2025-10-29T12:30:46Z,2025-10-29T12:35:46Z,2025-10-29T13:02:46Z,2025-10-29T16:58:46Z,2025-10-29T21:36:46Z,20251029,1215,3,240,18,4,5,7,1,4,14506,1,99.9,13.0,18.0,45.0,281.0,278.0,True,False,False,True,SYNTHETIC_DEMO_DATA
1631,INC-00001631,2025-03-10T14:31:46Z,2025-03-10T15:06:46Z,2025-03-10T15:16:46Z,2025-03-10T16:31:46Z,2025-03-10T20:32:46Z,2025-03-11T08:15:46Z,20250310,1430,5,217,22,2,5,16,1,2,4747,1,62.3,35.0,45.0,120.0,361.0,703.0,False,False,False,True,SYNTHETIC_DEMO_DATA
1632,INC-00001632,2025-09-27T19:28:04Z,2025-09-27T19:44:04Z,2025-09-27T20:06:04Z,2025-09-27T22:38:04Z,2025-09-28T06:26:04Z,2025-09-28T11:07:04Z,20250927,1925,6,44,11,2,5,9,1,2,6398,1,42.2,16.0,38.0,190.0,658.0,281.0,False,False,False,True,SYNTHETIC_DEMO_DATA
1633,INC-00001633,2026-03-04T17:16:58Z,2026-03-04T17:41:58Z,2026-03-04T18:01:58Z,2026-03-04T18:47:58Z,2026-03-04T19:51:58Z,,20260304,1715,6,213,14,2,4,2,1,2,17197,1,58.7,25.0,45.0,91.0,155.0,,False,False,False,True,SYNTHETIC_DEMO_DATA
1634,INC-00001634,2026-03-04T14:49:59Z,2026-03-04T15:25:59Z,2026-03-04T15:42:59Z,2026-03-04T18:41:59Z,2026-03-04T20:22:59Z,2026-03-04T23:11:59Z,20260304,1445,2,36,18,2,5,13,1,2,996,1,37.3,36.0,53.0,232.0,333.0,169.0,False,False,False,True,SYNTHETIC_DEMO_DATA
1635,INC-00001635,2026-06-11T12:22:50Z,2026-06-11T13:00:50Z,2026-06-11T13:09:50Z,2026-06-11T13:33:50Z,2026-06-11T14:09:50Z,2026-06-11T16:27:50Z,20260611,1220,6,238,23,2,5,6,1,2,15349,1,44.1,38.0,47.0,71.0,107.0,138.0,False,False,False,True,SYNTHETIC_DEMO_DATA
1636,INC-00001636,2025-07-03T12:01:11Z,2025-07-03T12:16:11Z,2025-07-03T12:29:11Z,2025-07-03T13:45:11Z,2025-07-04T01:28:11Z,2025-07-04T07:05:11Z,20250703,1200,3,160,30,2,5,17,2,2,7059,1,53.7,15.0,28.0,104.0,807.0,337.0,False,False,True,True,SYNTHETIC_DEMO_DATA
1637,INC-00001637,2025-09-11T16:23:01Z,2025-09-11T16:31:01Z,2025-09-11T16:50:01Z,2025-09-11T17:33:01Z,2025-09-11T19:13:01Z,2025-09-11T21:48:01Z,20250911,1620,6,227,25,4,5,12,3,4,14330,1,96.7,8.0,27.0,70.0,170.0,155.0,True,False,True,True,SYNTHETIC_DEMO_DATA
1638,INC-00001638,2025-10-09T07:59:03Z,2025-10-09T08:07:03Z,2025-10-09T08:19:03Z,2025-10-09T11:45:03Z,2025-10-09T14:27:03Z,2025-10-10T01:30:03Z,20251009,755,7,234,37,1,5,2,1,1,7124,1,23.6,8.0,20.0,226.0,388.0,663.0,False,False,False,True,SYNTHETIC_DEMO_DATA
1639,INC-00001639,2025-04-22T16:20:08Z,2025-04-22T16:53:08Z,2025-04-22T16:59:08Z,2025-04-22T19:26:08Z,2025-04-22T20:39:08Z,,20250422,1620,1,214,43,2,4,14,2,2,15704,1,68.0,33.0,39.0,186.0,259.0,,True,False,True,True,SYNTHETIC_DEMO_DATA
1640,INC-00001640,2025-09-27T15:36:52Z,2025-09-27T15:48:52Z,2025-09-27T16:00:52Z,2025-09-27T17:11:52Z,2025-09-27T18:59:52Z,2025-09-28T01:18:52Z,20250927,1535,7,183,17,3,5,8,3,3,15819,1,64.7,12.0,24.0,95.0,203.0,379.0,False,False,True,True,SYNTHETIC_DEMO_DATA
1641,INC-00001641,2025-08-31T08:15:41Z,2025-08-31T08:48:41Z,2025-08-31T09:13:41Z,2025-08-31T09:35:41Z,2025-08-31T12:15:41Z,2025-08-31T23:36:41Z,20250831,815,6,121,10,2,5,18,1,2,10371,1,45.3,33.0,58.0,80.0,240.0,681.0,False,False,False,True,SYNTHETIC_DEMO_DATA
1642,INC-00001642,2025-06-30T17:05:19Z,2025-06-30T17:15:19Z,2025-06-30T17:34:19Z,2025-06-30T18:55:19Z,2025-06-30T20:14:19Z,2025-07-01T07:02:19Z,20250630,1705,4,74,28,2,5,11,4,2,12714,1,50.5,10.0,29.0,110.0,189.0,648.0,False,False,False,True,SYNTHETIC_DEMO_DATA
1643,INC-00001643,2026-05-28T19:27:36Z,2026-05-28T19:39:36Z,2026-05-28T19:59:36Z,2026-05-28T21:27:36Z,,,20260528,1925,7,131,32,2,3,4,0,2,5065,1,67.5,12.0,32.0,120.0,,,False,False,False,False,SYNTHETIC_DEMO_DATA
1644,INC-00001644,2025-09-28T13:22:17Z,2025-09-28T14:43:17Z,2025-09-28T15:04:17Z,2025-09-28T15:37:17Z,,,20250928,1320,7,13,35,2,3,15,0,2,14807,1,44.9,81.0,102.0,135.0,,,False,False,False,False,SYNTHETIC_DEMO_DATA
1645,INC-00001645,2025-03-18T16:35:42Z,2025-03-18T17:33:42Z,2025-03-18T17:58:42Z,2025-03-18T18:25:42Z,2025-03-18T21:28:42Z,2025-03-19T03:43:42Z,20250318,1635,4,32,45,1,5,7,1,1,5640,1,53.0,58.0,83.0,110.0,293.0,375.0,False,False,False,True,SYNTHETIC_DEMO_DATA
1646,INC-00001646,2025-09-05T10:15:52Z,2025-09-05T10:31:52Z,2025-09-05T10:48:52Z,2025-09-05T12:32:52Z,2025-09-05T19:55:52Z,,20250905,1015,4,188,21,1,4,18,3,1,8337,1,36.8,16.0,33.0,137.0,580.0,,False,False,True,True,SYNTHETIC_DEMO_DATA
1647,INC-00001647,2025-04-10T12:29:30Z,2025-04-10T12:56:30Z,2025-04-10T13:25:30Z,2025-04-10T18:46:30Z,2025-04-10T21:15:30Z,2025-04-10T22:43:30Z,20250410,1225,1,18,29,2,5,12,3,2,15973,1,42.2,27.0,56.0,377.0,526.0,88.0,False,False,True,True,SYNTHETIC_DEMO_DATA
1648,INC-00001648,2025-07-29T02:11:49Z,2025-07-29T02:17:49Z,2025-07-29T02:24:49Z,2025-07-29T05:13:49Z,2025-07-29T05:47:49Z,2025-07-29T12:02:49Z,20250729,210,1,173,27,2,5,5,2,2,14653,1,58.0,6.0,13.0,182.0,216.0,375.0,False,False,True,True,SYNTHETIC_DEMO_DATA
1649,INC-00001649,2026-06-03T19:31:27Z,2026-06-03T20:08:27Z,2026-06-03T20:20:27Z,2026-06-03T21:33:27Z,2026-06-04T07:19:27Z,2026-06-04T18:41:27Z,20260603,1930,7,220,22,1,5,15,3,1,11019,1,36.0,37.0,49.0,122.0,708.0,682.0,False,False,True,True,SYNTHETIC_DEMO_DATA
1650,INC-00001650,2025-10-17T09:06:26Z,2025-10-17T09:31:26Z,2025-10-17T11:23:26Z,2025-10-17T12:26:26Z,2025-10-17T21:52:26Z,2025-10-18T07:21:26Z,20251017,905,6,228,32,2,5,9,1,2,14202,1,63.7,25.0,137.0,200.0,766.0,569.0,True,False,False,True,SYNTHETIC_DEMO_DATA
1651,INC-00001651,2025-02-27T19:28:17Z,2025-02-27T19:43:17Z,2025-02-27T20:01:17Z,2025-02-27T21:32:17Z,2025-02-27T23:13:17Z,2025-02-28T03:36:17Z,20250227,1925,1,60,11,2,5,2,1,2,5698,1,60.9,15.0,33.0,124.0,225.0,263.0,False,False,False,True,SYNTHETIC_DEMO_DATA
1652,INC-00001652,2025-07-14T14:35:44Z,2025-07-14T15:13:44Z,2025-07-14T15:43:44Z,2025-07-14T16:45:44Z,2025-07-14T17:57:44Z,2025-07-14T20:43:44Z,20250714,1435,6,66,3,1,5,12,3,1,12357,1,34.8,38.0,68.0,130.0,202.0,166.0,False,False,True,True,SYNTHETIC_DEMO_DATA
1653,INC-00001653,2026-07-21T21:51:53Z,,,,,,20260721,2150,1,58,16,2,1,6,0,2,4947,1,50.9,,,,,,False,False,False,False,SYNTHETIC_DEMO_DATA
1654,INC-00001654,2026-04-06T15:06:50Z,2026-04-06T15:20:50Z,2026-04-06T16:11:50Z,2026-04-06T16:59:50Z,2026-04-06T19:47:50Z,2026-04-07T06:00:50Z,20260406,1505,1,97,43,2,5,17,3,2,2566,1,48.2,14.0,65.0,113.0,281.0,613.0,False,False,True,True,SYNTHETIC_DEMO_DATA
1655,INC-00001655,2026-03-01T09:07:12Z,2026-03-01T09:34:12Z,2026-03-01T09:43:12Z,2026-03-01T11:01:12Z,2026-03-01T22:29:12Z,2026-03-02T04:42:12Z,20260301,905,6,62,39,1,5,9,1,1,3291,1,33.9,27.0,36.0,114.0,802.0,373.0,False,False,False,True,SYNTHETIC_DEMO_DATA
1656,INC-00001656,2025-12-27T19:05:42Z,2025-12-27T19:12:42Z,2025-12-27T19:23:42Z,2025-12-27T19:30:42Z,2025-12-27T20:54:42Z,2025-12-28T06:44:42Z,20251227,1905,6,66,30,5,5,6,3,5,6616,1,100,7.0,18.0,25.0,109.0,590.0,True,False,True,True,SYNTHETIC_DEMO_DATA
1657,INC-00001657,2026-02-21T23:23:01Z,2026-02-21T23:50:01Z,2026-02-22T00:05:01Z,2026-02-22T00:41:01Z,2026-02-22T04:49:01Z,,20260221,2320,4,26,29,2,4,14,1,2,10186,1,44.1,27.0,42.0,78.0,326.0,,False,False,False,True,SYNTHETIC_DEMO_DATA
1658,INC-00001658,2025-03-18T17:22:12Z,2025-03-18T17:37:12Z,2025-03-18T18:25:12Z,2025-03-18T19:37:12Z,2025-03-19T00:15:12Z,2025-03-19T00:27:12Z,20250318,1720,5,221,44,1,5,6,3,1,8622,1,54.4,15.0,63.0,135.0,413.0,12.0,False,False,True,True,SYNTHETIC_DEMO_DATA
1659,INC-00001659,2025-05-18T16:57:59Z,2025-05-18T17:40:59Z,2025-05-18T17:54:59Z,2025-05-18T18:17:59Z,2025-05-18T19:49:59Z,2025-05-18T23:20:59Z,20250518,1655,6,5,12,1,5,17,1,1,11850,1,46.4,43.0,57.0,80.0,172.0,211.0,False,False,False,True,SYNTHETIC_DEMO_DATA
1660,INC-00001660,2025-11-01T12:43:18Z,2025-11-01T13:10:18Z,2025-11-01T13:46:18Z,2025-11-01T14:27:18Z,2025-11-01T18:41:18Z,2025-11-01T19:09:18Z,20251101,1240,6,121,8,2,5,11,1,2,5605,1,48.6,27.0,63.0,104.0,358.0,28.0,False,False,False,True,SYNTHETIC_DEMO_DATA
1661,INC-00001661,2025-05-05T06:10:38Z,2025-05-05T06:30:38Z,2025-05-05T06:49:38Z,2025-05-05T07:44:38Z,2025-05-05T10:50:38Z,2025-05-05T19:53:38Z,20250505,610,5,87,37,1,5,3,1,1,9588,1,51.2,20.0,39.0,94.0,280.0,543.0,True,False,False,True,SYNTHETIC_DEMO_DATA
1662,INC-00001662,2025-03-20T14:30:29Z,2025-03-20T15:14:29Z,2025-03-20T15:31:29Z,2025-03-20T21:39:29Z,2025-03-21T02:12:29Z,2025-03-21T05:20:29Z,20250320,1430,1,74,17,1,5,14,1,1,2653,1,39.3,44.0,61.0,429.0,702.0,188.0,False,False,False,True,SYNTHETIC_DEMO_DATA
1663,INC-00001663,2026-06-11T21:47:16Z,2026-06-11T22:38:16Z,2026-06-11T22:51:16Z,2026-06-11T23:37:16Z,2026-06-12T05:49:16Z,2026-06-12T12:31:16Z,20260611,2145,6,173,41,2,5,8,1,2,4695,1,50.2,51.0,64.0,110.0,482.0,402.0,False,False,False,True,SYNTHETIC_DEMO_DATA
1664,INC-00001664,2025-06-07T23:24:41Z,2025-06-07T23:31:41Z,2025-06-07T23:45:41Z,2025-06-08T00:33:41Z,2025-06-08T05:35:41Z,2025-06-08T11:47:41Z,20250607,2320,1,53,17,3,5,2,2,3,1179,1,66.8,7.0,21.0,69.0,371.0,372.0,False,False,True,True,SYNTHETIC_DEMO_DATA
1665,INC-00001665,2025-07-01T17:47:45Z,2025-07-01T18:03:45Z,2025-07-01T18:17:45Z,2025-07-01T20:03:45Z,2025-07-01T20:25:45Z,2025-07-02T06:01:45Z,20250701,1745,3,14,36,3,5,13,1,3,5722,1,81.2,16.0,30.0,136.0,158.0,576.0,False,False,False,True,SYNTHETIC_DEMO_DATA
1666,INC-00001666,2025-08-28T19:12:36Z,2025-08-28T19:49:36Z,2025-08-28T20:09:36Z,2025-08-28T20:56:36Z,2025-08-28T22:07:36Z,2025-08-29T01:59:36Z,20250828,1910,3,204,36,2,5,5,3,2,922,1,59.5,37.0,57.0,104.0,175.0,232.0,False,False,True,True,SYNTHETIC_DEMO_DATA
1667,INC-00001667,2025-12-28T17:54:02Z,2025-12-28T18:43:02Z,2025-12-28T18:56:02Z,2025-12-28T20:54:02Z,2025-12-29T00:10:02Z,2025-12-29T07:53:02Z,20251228,1750,4,120,16,3,5,17,1,3,15176,1,70.3,49.0,62.0,180.0,376.0,463.0,False,False,False,True,SYNTHETIC_DEMO_DATA
1668,INC-00001668,2025-08-03T15:45:20Z,2025-08-03T15:55:20Z,2025-08-03T16:08:20Z,2025-08-03T20:37:20Z,2025-08-04T12:33:20Z,2025-08-04T20:20:20Z,20250803,1545,2,89,35,1,5,8,2,1,12356,1,35.7,10.0,23.0,292.0,1248.0,467.0,False,False,True,True,SYNTHETIC_DEMO_DATA
1669,INC-00001669,2026-01-16T22:10:22Z,2026-01-16T22:25:22Z,2026-01-16T22:58:22Z,2026-01-17T00:21:22Z,2026-01-17T04:31:22Z,2026-01-17T12:51:22Z,20260116,2210,4,168,5,2,5,2,3,2,17604,1,61.9,15.0,48.0,131.0,381.0,500.0,False,False,True,True,SYNTHETIC_DEMO_DATA
1670,INC-00001670,2025-07-20T13:04:48Z,2025-07-20T13:08:48Z,2025-07-20T13:26:48Z,2025-07-20T14:52:48Z,2025-07-20T19:45:48Z,2025-07-20T23:07:48Z,20250720,1300,4,211,37,1,5,12,3,1,10799,1,33.9,4.0,22.0,108.0,401.0,202.0,False,False,True,True,SYNTHETIC_DEMO_DATA
1671,INC-00001671,2025-03-02T17:51:15Z,2025-03-02T18:05:15Z,2025-03-02T18:51:15Z,2025-03-02T19:26:15Z,2025-03-03T04:16:15Z,2025-03-03T11:22:15Z,20250302,1750,1,77,36,2,5,6,2,2,8202,1,67.6,14.0,60.0,95.0,625.0,426.0,False,False,True,True,SYNTHETIC_DEMO_DATA
1672,INC-00001672,2025-06-15T11:16:28Z,2025-06-15T11:45:28Z,2025-06-15T12:25:28Z,2025-06-15T15:37:28Z,2025-06-16T01:33:28Z,2025-06-16T10:57:28Z,20250615,1115,4,71,45,1,5,16,3,1,16711,1,44.7,29.0,69.0,261.0,857.0,564.0,True,False,True,True,SYNTHETIC_DEMO_DATA
1673,INC-00001673,2025-12-18T11:52:35Z,2025-12-18T12:20:35Z,2025-12-18T12:35:35Z,2025-12-18T12:56:35Z,2025-12-18T17:38:35Z,2025-12-18T20:05:35Z,20251218,1150,2,146,16,1,5,9,4,1,17983,1,41.6,28.0,43.0,64.0,346.0,147.0,False,False,False,True,SYNTHETIC_DEMO_DATA
1674,INC-00001674,2025-02-25T09:11:34Z,2025-02-25T09:17:34Z,2025-02-25T09:50:34Z,2025-02-25T11:34:34Z,2025-02-25T13:13:34Z,2025-02-26T00:57:34Z,20250225,910,3,112,27,3,5,4,1,3,1813,1,62.6,6.0,39.0,143.0,242.0,704.0,False,False,False,True,SYNTHETIC_DEMO_DATA
1675,INC-00001675,2025-08-17T15:10:58Z,2025-08-17T15:27:58Z,2025-08-17T15:42:58Z,2025-08-17T17:02:58Z,2025-08-17T18:56:58Z,2025-08-17T21:31:58Z,20250817,1510,3,228,27,2,5,14,1,2,9002,1,56.9,17.0,32.0,112.0,226.0,155.0,False,False,False,True,SYNTHETIC_DEMO_DATA
1676,INC-00001676,2026-05-04T11:51:06Z,2026-05-04T12:00:06Z,2026-05-04T12:13:06Z,2026-05-04T14:38:06Z,2026-05-04T17:54:06Z,2026-05-04T20:21:06Z,20260504,1150,7,112,41,3,5,8,1,3,911,1,59.9,9.0,22.0,167.0,363.0,147.0,False,False,False,True,SYNTHETIC_DEMO_DATA
1677,INC-00001677,2026-07-30T15:52:09Z,2026-07-30T15:59:09Z,2026-07-30T16:37:09Z,,,,20260730,1550,3,86,30,1,2,17,0,1,16779,1,50.9,7.0,45.0,,,,False,False,False,False,SYNTHETIC_DEMO_DATA
1678,INC-00001678,2025-07-12T10:41:19Z,2025-07-12T10:43:19Z,2025-07-12T11:59:19Z,2025-07-12T13:23:19Z,2025-07-12T14:09:19Z,2025-07-12T17:38:19Z,20250712,1040,5,55,14,2,5,11,3,2,5808,1,55.8,2.0,78.0,162.0,208.0,209.0,False,False,True,True,SYNTHETIC_DEMO_DATA
1679,INC-00001679,2026-01-08T19:09:52Z,2026-01-08T19:45:52Z,2026-01-08T20:20:52Z,2026-01-08T21:12:52Z,2026-01-08T22:43:52Z,,20260108,1905,4,192,27,3,4,5,1,3,1149,1,67.2,36.0,71.0,123.0,214.0,,False,False,False,True,SYNTHETIC_DEMO_DATA
1680,INC-00001680,2026-01-24T04:27:27Z,2026-01-24T04:55:27Z,2026-01-24T05:25:27Z,2026-01-24T07:40:27Z,2026-01-24T11:12:27Z,2026-01-24T14:20:27Z,20260124,425,5,151,18,2,5,15,1,2,13991,1,48.4,28.0,58.0,193.0,405.0,188.0,False,False,False,True,SYNTHETIC_DEMO_DATA
1681,INC-00001681,2026-07-21T11:20:21Z,2026-07-21T12:19:21Z,2026-07-21T12:39:21Z,2026-07-21T13:20:21Z,2026-07-22T00:25:21Z,2026-07-22T03:42:21Z,20260721,1120,2,203,12,1,5,7,1,1,339,1,49.6,59.0,79.0,120.0,785.0,197.0,False,False,False,True,SYNTHETIC_DEMO_DATA
1682,INC-00001682,2025-06-12T03:50:54Z,2025-06-12T04:35:54Z,2025-06-12T06:01:54Z,2025-06-12T06:24:54Z,2025-06-12T10:19:54Z,,20250612,350,4,109,27,3,4,2,2,3,16462,1,69.0,45.0,131.0,154.0,389.0,,False,False,True,True,SYNTHETIC_DEMO_DATA
1683,INC-00001683,2025-10-05T02:58:30Z,2025-10-05T03:16:30Z,2025-10-05T03:35:30Z,2025-10-05T05:10:30Z,2025-10-05T13:48:30Z,2025-10-06T00:14:30Z,20251005,255,5,92,43,2,5,12,1,2,3918,1,66.6,18.0,37.0,132.0,650.0,626.0,True,False,False,True,SYNTHETIC_DEMO_DATA
1684,INC-00001684,2025-05-17T09:42:07Z,2025-05-17T10:04:07Z,2025-05-17T10:51:07Z,2025-05-17T13:16:07Z,2025-05-17T18:00:07Z,2025-05-18T03:30:07Z,20250517,940,6,104,22,1,5,4,4,1,8875,1,50.8,22.0,69.0,214.0,498.0,570.0,False,False,False,True,SYNTHETIC_DEMO_DATA
1685,INC-00001685,2025-02-05T15:28:27Z,,,,,,20250205,1525,7,235,14,4,1,18,0,4,14984,1,100,,,,,,True,False,False,False,SYNTHETIC_DEMO_DATA
1686,INC-00001686,2026-03-27T15:56:34Z,2026-03-27T16:24:34Z,2026-03-27T16:44:34Z,2026-03-27T18:52:34Z,2026-03-27T21:43:34Z,2026-03-27T23:17:34Z,20260327,1555,1,204,42,2,5,9,1,2,6159,1,63.5,28.0,48.0,176.0,347.0,94.0,False,False,False,True,SYNTHETIC_DEMO_DATA
1687,INC-00001687,2026-06-12T12:29:51Z,2026-06-12T13:12:51Z,2026-06-12T14:14:51Z,2026-06-12T15:22:51Z,2026-06-12T17:49:51Z,,20260612,1225,2,178,31,1,4,1,1,1,16015,1,42.8,43.0,105.0,173.0,320.0,,False,False,False,True,SYNTHETIC_DEMO_DATA
1688,INC-00001688,2026-06-02T15:31:08Z,2026-06-02T16:18:08Z,2026-06-02T16:36:08Z,2026-06-02T17:49:08Z,2026-06-02T18:43:08Z,2026-06-03T02:51:08Z,20260602,1530,1,55,38,3,5,14,1,3,9164,1,77.5,47.0,65.0,138.0,192.0,488.0,False,False,False,True,SYNTHETIC_DEMO_DATA
1689,INC-00001689,2026-05-04T15:33:42Z,2026-05-04T15:45:42Z,2026-05-04T16:47:42Z,2026-05-04T17:24:42Z,2026-05-04T19:21:42Z,2026-05-04T20:26:42Z,20260504,1530,6,19,2,2,5,6,2,2,7047,1,57.9,12.0,74.0,111.0,228.0,65.0,False,False,True,True,SYNTHETIC_DEMO_DATA
1690,INC-00001690,2026-05-04T10:59:05Z,2026-05-04T11:14:05Z,2026-05-04T11:23:05Z,2026-05-04T18:43:05Z,2026-05-04T20:27:05Z,2026-05-04T21:17:05Z,20260504,1055,6,40,11,1,5,16,1,1,8277,1,36.3,15.0,24.0,464.0,568.0,50.0,False,False,False,True,SYNTHETIC_DEMO_DATA
1691,INC-00001691,2025-07-22T06:43:46Z,2025-07-22T06:52:46Z,2025-07-22T07:15:46Z,2025-07-22T08:09:46Z,2025-07-22T10:02:46Z,,20250722,640,6,140,37,3,4,11,1,3,2644,1,79.2,9.0,32.0,86.0,199.0,,False,False,False,True,SYNTHETIC_DEMO_DATA
1692,INC-00001692,2025-12-11T10:39:04Z,2025-12-11T10:57:04Z,2025-12-11T11:11:04Z,2025-12-11T11:41:04Z,2025-12-11T13:39:04Z,2025-12-11T15:02:04Z,20251211,1035,7,168,9,4,5,5,3,4,8009,1,100,18.0,32.0,62.0,180.0,83.0,True,False,True,True,SYNTHETIC_DEMO_DATA
1693,INC-00001693,2025-05-19T14:42:18Z,2025-05-19T15:17:18Z,2025-05-19T15:33:18Z,2025-05-19T15:45:18Z,,,20250519,1440,3,235,41,2,3,14,0,2,5664,1,63.2,35.0,51.0,63.0,,,False,False,False,False,SYNTHETIC_DEMO_DATA
1694,INC-00001694,2025-03-26T08:04:43Z,2025-03-26T08:22:43Z,2025-03-26T08:54:43Z,2025-03-26T11:03:43Z,2025-03-26T15:26:43Z,2025-03-26T15:45:43Z,20250326,800,6,106,30,4,5,9,1,4,7053,1,95.1,18.0,50.0,179.0,442.0,19.0,True,False,False,True,SYNTHETIC_DEMO_DATA
1695,INC-00001695,2025-10-07T23:43:14Z,2025-10-08T00:46:14Z,2025-10-08T00:59:14Z,2025-10-08T05:57:14Z,2025-10-08T07:44:14Z,2025-10-08T09:49:14Z,20251007,2340,6,140,43,2,5,18,1,2,1468,1,64.9,63.0,76.0,374.0,481.0,125.0,False,False,False,True,SYNTHETIC_DEMO_DATA
1696,INC-00001696,2025-09-09T19:41:40Z,2025-09-09T19:54:40Z,2025-09-09T20:25:40Z,2025-09-09T21:40:40Z,2025-09-10T06:14:40Z,2025-09-10T08:00:40Z,20250909,1940,3,32,29,1,5,10,4,1,17104,1,54.6,13.0,44.0,119.0,633.0,106.0,False,True,False,True,SYNTHETIC_DEMO_DATA
1697,INC-00001697,2026-05-23T06:35:50Z,2026-05-23T08:07:50Z,2026-05-23T08:46:50Z,2026-05-23T10:49:50Z,2026-05-23T15:47:50Z,2026-05-23T18:28:50Z,20260523,635,3,215,23,2,5,4,1,2,8048,1,50.7,92.0,131.0,254.0,552.0,161.0,False,False,False,True,SYNTHETIC_DEMO_DATA
1698,INC-00001698,2025-08-09T06:09:22Z,2025-08-09T06:23:22Z,2025-08-09T06:30:22Z,2025-08-09T08:08:22Z,2025-08-09T18:14:22Z,2025-08-10T05:32:22Z,20250809,605,7,238,4,2,5,15,1,2,15282,1,50.6,14.0,21.0,119.0,725.0,678.0,False,False,False,True,SYNTHETIC_DEMO_DATA
1699,INC-00001699,2026-03-15T09:46:19Z,2026-03-15T09:56:19Z,2026-03-15T10:11:19Z,,,,20260315,945,2,212,31,1,2,7,0,1,13055,1,50.5,10.0,25.0,,,,False,False,False,False,SYNTHETIC_DEMO_DATA
1700,INC-00001700,2025-06-02T15:56:07Z,2025-06-02T16:29:07Z,2025-06-02T16:50:07Z,2025-06-02T18:03:07Z,2025-06-02T23:57:07Z,2025-06-03T05:46:07Z,20250602,1555,3,127,42,2,5,1,1,2,12527,1,63.6,33.0,54.0,127.0,481.0,349.0,False,False,False,True,SYNTHETIC_DEMO_DATA
1701,INC-00001701,2026-04-11T13:02:48Z,2026-04-11T13:18:48Z,2026-04-11T14:05:48Z,2026-04-11T15:34:48Z,2026-04-11T17:47:48Z,2026-04-12T02:00:48Z,20260411,1300,3,19,11,2,5,12,1,2,23,1,63.4,16.0,63.0,152.0,285.0,493.0,False,False,False,True,SYNTHETIC_DEMO_DATA
1702,INC-00001702,2025-02-12T12:05:35Z,2025-02-12T12:31:35Z,2025-02-12T13:48:35Z,2025-02-12T15:08:35Z,2025-02-12T17:01:35Z,,20250212,1205,2,101,18,1,4,4,1,1,13184,1,42.9,26.0,103.0,183.0,296.0,,False,False,False,True,SYNTHETIC_DEMO_DATA
1703,INC-00001703,2025-07-18T14:10:24Z,2025-07-18T14:25:24Z,2025-07-18T14:51:24Z,2025-07-18T19:18:24Z,2025-07-18T22:50:24Z,2025-07-19T00:19:24Z,20250718,1410,2,158,44,1,5,15,2,1,9387,1,51.4,15.0,41.0,308.0,520.0,89.0,False,False,True,True,SYNTHETIC_DEMO_DATA
1704,INC-00001704,2026-01-29T19:52:44Z,2026-01-29T20:04:44Z,2026-01-29T20:31:44Z,2026-01-29T21:43:44Z,2026-01-29T22:38:44Z,2026-01-30T02:49:44Z,20260129,1950,2,180,2,4,5,11,1,4,6917,1,79.2,12.0,39.0,111.0,166.0,251.0,True,False,False,True,SYNTHETIC_DEMO_DATA
1705,INC-00001705,2026-05-21T12:49:26Z,2026-05-21T13:00:26Z,2026-05-21T13:10:26Z,2026-05-21T19:04:26Z,2026-05-21T21:03:26Z,2026-05-22T01:21:26Z,20260521,1245,3,33,27,1,5,1,3,1,1364,1,56.5,11.0,21.0,375.0,494.0,258.0,True,False,True,True,SYNTHETIC_DEMO_DATA
1706,INC-00001706,2026-01-28T11:20:57Z,2026-01-28T12:03:57Z,2026-01-28T12:18:57Z,2026-01-28T14:09:57Z,2026-01-28T17:41:57Z,2026-01-29T05:06:57Z,20260128,1120,3,239,5,3,5,14,1,3,700,1,84.6,43.0,58.0,169.0,381.0,685.0,False,False,False,True,SYNTHETIC_DEMO_DATA
1707,INC-00001707,2025-04-01T11:12:16Z,2025-04-01T11:49:16Z,2025-04-01T12:07:16Z,2025-04-01T14:24:16Z,2025-04-01T16:51:16Z,2025-04-02T01:34:16Z,20250401,1110,2,197,13,2,5,6,1,2,10465,1,42.4,37.0,55.0,192.0,339.0,523.0,False,False,False,True,SYNTHETIC_DEMO_DATA
1708,INC-00001708,2026-02-21T18:41:40Z,2026-02-21T19:08:40Z,2026-02-21T19:16:40Z,2026-02-21T20:40:40Z,2026-02-22T03:35:40Z,2026-02-22T10:57:40Z,20260221,1840,4,133,40,2,5,17,1,2,11225,1,54.6,27.0,35.0,119.0,534.0,442.0,False,False,False,True,SYNTHETIC_DEMO_DATA
1709,INC-00001709,2025-04-28T04:52:53Z,2025-04-28T05:57:53Z,2025-04-28T06:46:53Z,2025-04-28T07:57:53Z,2025-04-28T15:14:53Z,2025-04-28T15:49:53Z,20250428,450,4,32,39,1,5,9,2,1,5899,1,49.9,65.0,114.0,185.0,622.0,35.0,False,False,True,True,SYNTHETIC_DEMO_DATA
1710,INC-00001710,2025-11-12T16:04:22Z,2025-11-12T16:35:22Z,2025-11-12T16:56:22Z,2025-11-12T17:54:22Z,2025-11-12T22:31:22Z,2025-11-13T03:57:22Z,20251112,1600,1,231,38,2,5,3,1,2,8356,1,57.6,31.0,52.0,110.0,387.0,326.0,False,False,False,True,SYNTHETIC_DEMO_DATA
1711,INC-00001711,2026-01-23T11:14:06Z,2026-01-23T11:32:06Z,2026-01-23T11:51:06Z,2026-01-23T13:01:06Z,2026-01-23T17:15:06Z,2026-01-23T18:14:06Z,20260123,1110,5,178,11,2,5,14,2,2,12169,1,57.1,18.0,37.0,107.0,361.0,59.0,False,False,True,True,SYNTHETIC_DEMO_DATA
1712,INC-00001712,2025-02-22T15:32:11Z,2025-02-22T15:50:11Z,2025-02-22T16:05:11Z,2025-02-22T16:14:11Z,2025-02-22T19:24:11Z,2025-02-23T04:49:11Z,20250222,1530,3,222,40,2,5,7,1,2,5117,1,57.7,18.0,33.0,42.0,232.0,565.0,False,False,False,True,SYNTHETIC_DEMO_DATA
1713,INC-00001713,2025-06-30T11:35:16Z,2025-06-30T12:05:16Z,2025-06-30T12:42:16Z,2025-06-30T13:29:16Z,2025-06-30T14:18:16Z,2025-06-30T22:47:16Z,20250630,1135,6,84,21,2,5,18,1,2,4796,1,56.0,30.0,67.0,114.0,163.0,509.0,False,False,False,True,SYNTHETIC_DEMO_DATA
1714,INC-00001714,2026-05-14T15:18:46Z,2026-05-14T15:40:46Z,2026-05-14T15:51:46Z,2026-05-14T17:05:46Z,2026-05-14T17:56:46Z,2026-05-15T04:12:46Z,20260514,1515,2,119,35,3,5,12,3,3,12936,1,71.4,22.0,33.0,107.0,158.0,616.0,False,False,True,True,SYNTHETIC_DEMO_DATA
1715,INC-00001715,2026-04-29T18:58:21Z,2026-04-29T19:15:21Z,2026-04-29T19:49:21Z,2026-04-29T20:20:21Z,2026-04-30T05:37:21Z,2026-04-30T12:15:21Z,20260429,1855,6,234,9,1,5,3,2,1,17529,1,29.7,17.0,51.0,82.0,639.0,398.0,False,False,True,True,SYNTHETIC_DEMO_DATA
1716,INC-00001716,2025-12-30T12:50:53Z,2025-12-30T13:26:53Z,2025-12-30T14:12:53Z,2025-12-30T14:39:53Z,2025-12-31T19:36:53Z,2026-01-01T01:41:53Z,20251230,1250,7,146,15,1,5,14,3,1,7801,1,47.2,36.0,82.0,109.0,1846.0,365.0,True,False,True,True,SYNTHETIC_DEMO_DATA
1717,INC-00001717,2025-12-26T14:06:53Z,2025-12-26T14:20:53Z,2025-12-26T14:51:53Z,2025-12-26T15:23:53Z,2025-12-26T19:38:53Z,2025-12-26T23:28:53Z,20251226,1405,2,85,5,1,5,7,1,1,1493,1,29.0,14.0,45.0,77.0,332.0,230.0,False,False,False,True,SYNTHETIC_DEMO_DATA
1718,INC-00001718,2026-03-24T21:54:41Z,2026-03-24T22:14:41Z,2026-03-24T22:19:41Z,2026-03-24T23:17:41Z,2026-03-25T02:48:41Z,2026-03-25T03:00:41Z,20260324,2150,1,49,5,2,5,1,1,2,9656,1,42.6,20.0,25.0,83.0,294.0,12.0,False,False,False,True,SYNTHETIC_DEMO_DATA
1719,INC-00001719,2025-02-17T00:46:49Z,2025-02-17T00:52:49Z,2025-02-17T01:51:49Z,2025-02-17T03:56:49Z,2025-02-17T19:25:49Z,2025-02-18T05:43:49Z,20250217,45,3,225,32,2,5,12,1,2,3846,1,37.1,6.0,65.0,190.0,1119.0,618.0,False,False,False,True,SYNTHETIC_DEMO_DATA
1720,INC-00001720,2026-07-08T15:49:25Z,2026-07-08T16:22:25Z,2026-07-08T16:35:25Z,2026-07-08T17:10:25Z,2026-07-09T02:06:25Z,2026-07-09T13:55:25Z,20260708,1545,7,239,26,3,5,6,4,3,9336,1,82.1,33.0,46.0,81.0,617.0,709.0,False,False,False,True,SYNTHETIC_DEMO_DATA
1721,INC-00001721,2026-05-31T17:51:19Z,2026-05-31T18:08:19Z,2026-05-31T18:31:19Z,2026-05-31T19:07:19Z,2026-05-31T20:28:19Z,2026-06-01T03:41:19Z,20260531,1750,1,187,34,2,5,16,1,2,3469,1,55.9,17.0,40.0,76.0,157.0,433.0,False,False,False,True,SYNTHETIC_DEMO_DATA
1722,INC-00001722,2025-05-11T02:36:27Z,2025-05-11T02:52:27Z,2025-05-11T02:54:27Z,2025-05-11T03:48:27Z,2025-05-11T04:13:27Z,,20250511,235,3,75,15,1,4,8,4,1,16387,1,39.1,16.0,18.0,72.0,97.0,,False,False,False,True,SYNTHETIC_DEMO_DATA
1723,INC-00001723,2026-06-11T10:04:03Z,2026-06-11T10:25:03Z,2026-06-11T10:32:03Z,2026-06-11T11:54:03Z,2026-06-12T14:02:03Z,,20260611,1000,4,197,1,1,4,1,1,1,451,1,27.1,21.0,28.0,110.0,1678.0,,False,False,False,True,SYNTHETIC_DEMO_DATA
1724,INC-00001724,2025-08-24T04:27:18Z,2025-08-24T04:36:18Z,2025-08-24T04:44:18Z,2025-08-24T09:09:18Z,2025-08-24T13:29:18Z,2025-08-24T18:42:18Z,20250824,425,1,176,28,1,5,12,4,1,3026,1,54.7,9.0,17.0,282.0,542.0,313.0,False,False,False,True,SYNTHETIC_DEMO_DATA
1725,INC-00001725,2026-03-22T20:24:16Z,2026-03-22T20:31:16Z,2026-03-22T20:58:16Z,2026-03-22T22:14:16Z,2026-03-23T01:11:16Z,2026-03-23T08:58:16Z,20260322,2020,6,10,33,2,5,6,1,2,8506,1,59.0,7.0,34.0,110.0,287.0,467.0,False,False,False,True,SYNTHETIC_DEMO_DATA
1726,INC-00001726,2026-03-03T22:58:32Z,2026-03-03T23:23:32Z,2026-03-04T00:30:32Z,2026-03-04T00:57:32Z,2026-03-04T08:37:32Z,2026-03-04T13:17:32Z,20260303,2255,3,56,20,1,5,16,1,1,11649,1,34.7,25.0,92.0,119.0,579.0,280.0,False,False,False,True,SYNTHETIC_DEMO_DATA
1727,INC-00001727,2025-05-22T15:54:48Z,2025-05-22T15:59:48Z,2025-05-22T16:16:48Z,2025-05-22T17:34:48Z,2025-05-23T04:27:48Z,2025-05-23T13:22:48Z,20250522,1550,2,184,4,5,5,13,2,5,8940,1,100,5.0,22.0,100.0,753.0,535.0,True,False,True,False,SYNTHETIC_DEMO_DATA
1728,INC-00001728,2025-07-03T20:36:18Z,2025-07-03T20:58:18Z,2025-07-03T21:19:18Z,2025-07-03T22:24:18Z,2025-07-04T02:09:18Z,,20250703,2035,1,60,13,1,4,2,1,1,16466,1,47.3,22.0,43.0,108.0,333.0,,False,False,False,True,SYNTHETIC_DEMO_DATA
1729,INC-00001729,2025-11-11T14:12:13Z,2025-11-11T14:34:13Z,2025-11-11T14:57:13Z,2025-11-11T16:03:13Z,,,20251111,1410,6,95,25,1,3,13,0,1,10528,1,49.8,22.0,45.0,111.0,,,False,False,False,False,SYNTHETIC_DEMO_DATA
1730,INC-00001730,2025-08-12T16:35:52Z,2025-08-12T16:45:52Z,2025-08-12T17:47:52Z,2025-08-12T19:27:52Z,2025-08-12T21:58:52Z,2025-08-13T03:26:52Z,20250812,1635,5,77,31,1,5,6,3,1,6339,1,45.7,10.0,72.0,172.0,323.0,328.0,False,False,True,True,SYNTHETIC_DEMO_DATA
1731,INC-00001731,2025-06-28T10:19:12Z,2025-06-28T10:46:12Z,2025-06-28T11:57:12Z,2025-06-28T13:06:12Z,2025-06-28T19:49:12Z,2025-06-29T02:58:12Z,20250628,1015,2,165,4,1,5,17,1,1,15884,1,36.4,27.0,98.0,167.0,570.0,429.0,False,False,False,True,SYNTHETIC_DEMO_DATA
1732,INC-00001732,2025-07-23T19:20:50Z,2025-07-23T19:43:50Z,2025-07-23T20:03:50Z,2025-07-23T21:04:50Z,2025-07-23T22:53:50Z,2025-07-24T04:26:50Z,20250723,1920,7,123,12,2,5,11,1,2,16128,1,60.7,23.0,43.0,104.0,213.0,333.0,False,False,False,True,SYNTHETIC_DEMO_DATA
1733,INC-00001733,2025-04-24T08:05:57Z,2025-04-24T08:31:57Z,2025-04-24T09:25:57Z,2025-04-24T09:49:57Z,2025-04-24T15:16:57Z,2025-04-24T17:46:57Z,20250424,805,6,201,30,5,5,7,2,5,896,1,100,26.0,80.0,104.0,431.0,150.0,True,False,True,False,SYNTHETIC_DEMO_DATA
1734,INC-00001734,2026-06-13T14:24:08Z,2026-06-13T14:48:08Z,2026-06-13T15:02:08Z,2026-06-13T16:02:08Z,2026-06-13T19:06:08Z,2026-06-13T20:57:08Z,20260613,1420,3,61,27,2,5,15,1,2,1197,1,54.6,24.0,38.0,98.0,282.0,111.0,False,False,False,True,SYNTHETIC_DEMO_DATA
1735,INC-00001735,2025-02-26T15:59:13Z,,,,,,20250226,1555,3,73,1,4,1,10,0,4,10949,1,100,,,,,,True,False,False,False,SYNTHETIC_DEMO_DATA
1736,INC-00001736,2026-06-23T12:33:59Z,2026-06-23T14:02:59Z,2026-06-23T15:20:59Z,2026-06-23T18:46:59Z,2026-06-23T23:24:59Z,2026-06-24T01:52:59Z,20260623,1230,3,10,23,2,5,1,2,2,15963,1,57.6,89.0,167.0,373.0,651.0,148.0,False,False,True,True,SYNTHETIC_DEMO_DATA
1737,INC-00001737,2025-06-25T13:37:14Z,2025-06-25T13:54:14Z,2025-06-25T13:59:14Z,,,,20250625,1335,1,191,45,3,2,13,0,3,12647,1,72.1,17.0,22.0,,,,False,False,False,False,SYNTHETIC_DEMO_DATA
1738,INC-00001738,2025-08-14T05:56:05Z,2025-08-14T07:11:05Z,2025-08-14T07:26:05Z,2025-08-14T09:42:05Z,2025-08-14T13:11:05Z,,20250814,555,6,51,6,3,4,6,3,3,7737,1,90.8,75.0,90.0,226.0,435.0,,True,False,True,False,SYNTHETIC_DEMO_DATA
1739,INC-00001739,2026-06-03T16:46:32Z,2026-06-03T17:05:32Z,2026-06-03T17:29:32Z,2026-06-03T17:55:32Z,2026-06-03T23:22:32Z,2026-06-04T08:29:32Z,20260603,1645,5,55,8,1,5,15,1,1,6139,1,39.0,19.0,43.0,69.0,396.0,547.0,False,False,False,True,SYNTHETIC_DEMO_DATA
1740,INC-00001740,2025-03-17T12:32:13Z,2025-03-17T12:42:13Z,2025-03-17T13:28:13Z,2025-03-17T14:33:13Z,2025-03-17T20:33:13Z,2025-03-17T22:45:13Z,20250317,1230,6,52,4,1,5,8,1,1,14706,1,33.8,10.0,56.0,121.0,481.0,132.0,False,False,False,True,SYNTHETIC_DEMO_DATA
1741,INC-00001741,2025-11-11T16:07:50Z,2025-11-11T16:21:50Z,2025-11-11T16:32:50Z,2025-11-11T16:53:50Z,2025-11-11T21:24:50Z,2025-11-12T02:21:50Z,20251111,1605,7,16,30,2,5,2,1,2,14362,1,52.2,14.0,25.0,46.0,317.0,297.0,False,False,False,True,SYNTHETIC_DEMO_DATA
1742,INC-00001742,2025-08-30T17:55:48Z,2025-08-30T18:34:48Z,2025-08-30T18:48:48Z,2025-08-30T19:25:48Z,2025-08-31T01:47:48Z,2025-08-31T02:01:48Z,20250830,1755,3,103,27,2,5,13,3,2,16629,1,51.9,39.0,53.0,90.0,472.0,14.0,False,False,True,True,SYNTHETIC_DEMO_DATA
1743,INC-00001743,2026-01-22T09:49:32Z,2026-01-22T10:11:32Z,2026-01-22T10:24:32Z,2026-01-22T11:06:32Z,2026-01-22T18:35:32Z,2026-01-23T06:18:32Z,20260122,945,6,119,29,2,5,6,1,2,15616,1,56.1,22.0,35.0,77.0,526.0,703.0,False,False,False,True,SYNTHETIC_DEMO_DATA
1744,INC-00001744,2025-09-29T08:56:00Z,2025-09-29T09:23:00Z,2025-09-29T10:07:00Z,2025-09-29T10:53:00Z,2025-09-29T18:30:00Z,,20250929,855,2,107,29,2,4,17,2,2,9544,1,44.2,27.0,71.0,117.0,574.0,,False,False,True,True,SYNTHETIC_DEMO_DATA
1745,INC-00001745,2026-01-22T16:26:36Z,2026-01-22T17:12:36Z,2026-01-22T17:49:36Z,2026-01-22T19:12:36Z,2026-01-22T21:26:36Z,2026-01-22T23:46:36Z,20260122,1625,6,29,28,3,5,11,3,3,1079,1,66.6,46.0,83.0,166.0,300.0,140.0,False,False,True,True,SYNTHETIC_DEMO_DATA
1746,INC-00001746,2026-05-20T18:40:17Z,2026-05-20T19:00:17Z,2026-05-20T19:23:17Z,2026-05-20T20:28:17Z,2026-05-20T22:52:17Z,2026-05-21T04:05:17Z,20260520,1840,7,135,43,1,5,2,1,1,8911,1,24.0,20.0,43.0,108.0,252.0,313.0,False,False,False,True,SYNTHETIC_DEMO_DATA
1747,INC-00001747,2025-07-13T16:51:49Z,2025-07-13T17:10:49Z,2025-07-13T17:38:49Z,2025-07-13T22:09:49Z,2025-07-14T02:49:49Z,2025-07-14T08:16:49Z,20250713,1650,4,192,4,3,5,15,1,3,13641,1,67.8,19.0,47.0,318.0,598.0,327.0,False,False,False,True,SYNTHETIC_DEMO_DATA
1748,INC-00001748,2025-07-23T02:13:04Z,,,,,,20250723,210,6,138,5,1,1,6,0,1,12339,1,33.9,,,,,,False,False,False,False,SYNTHETIC_DEMO_DATA
1749,INC-00001749,2026-02-01T13:04:42Z,2026-02-01T13:06:42Z,2026-02-01T13:28:42Z,2026-02-01T14:28:42Z,2026-02-01T22:58:42Z,2026-02-02T05:50:42Z,20260201,1300,6,202,37,2,5,18,2,2,614,1,56.8,2.0,24.0,84.0,594.0,412.0,True,True,True,True,SYNTHETIC_DEMO_DATA
1750,INC-00001750,2026-06-17T08:58:38Z,2026-06-17T10:07:38Z,2026-06-17T10:24:38Z,2026-06-17T11:51:38Z,2026-06-17T14:30:38Z,2026-06-17T17:24:38Z,20260617,855,2,106,12,1,5,10,1,1,14859,1,37.7,69.0,86.0,173.0,332.0,174.0,False,False,False,True,SYNTHETIC_DEMO_DATA
1751,INC-00001751,2025-04-27T08:50:28Z,2025-04-27T09:02:28Z,2025-04-27T09:28:28Z,2025-04-27T10:03:28Z,2025-04-27T15:35:28Z,2025-04-27T17:00:28Z,20250427,850,6,43,23,1,5,3,1,1,1660,1,41.5,12.0,38.0,73.0,405.0,85.0,False,False,False,True,SYNTHETIC_DEMO_DATA
1752,INC-00001752,2026-04-06T09:00:49Z,2026-04-06T09:11:49Z,2026-04-06T09:29:49Z,2026-04-06T09:38:49Z,2026-04-06T10:24:49Z,2026-04-06T17:43:49Z,20260406,900,1,70,17,3,5,16,3,3,282,1,66.3,11.0,29.0,38.0,84.0,439.0,False,False,True,True,SYNTHETIC_DEMO_DATA
1753,INC-00001753,2025-12-02T08:10:51Z,2025-12-02T08:39:51Z,2025-12-02T08:48:51Z,2025-12-02T11:06:51Z,2025-12-02T18:36:51Z,2025-12-02T20:35:51Z,20251202,810,5,192,6,2,5,8,2,2,10547,1,48.8,29.0,38.0,176.0,626.0,119.0,False,False,True,True,SYNTHETIC_DEMO_DATA
1754,INC-00001754,2026-01-21T16:31:18Z,2026-01-21T16:38:18Z,2026-01-21T16:44:18Z,2026-01-21T17:48:18Z,2026-01-21T19:49:18Z,2026-01-22T00:48:18Z,20260121,1630,5,239,30,3,5,2,1,3,8576,1,81.6,7.0,13.0,77.0,198.0,299.0,False,False,False,True,SYNTHETIC_DEMO_DATA
1755,INC-00001755,2025-12-12T20:24:32Z,2025-12-12T20:31:32Z,2025-12-12T20:38:32Z,2025-12-12T21:10:32Z,2025-12-12T22:15:32Z,2025-12-13T09:50:32Z,20251212,2020,3,76,11,1,5,11,1,1,5119,1,28.5,7.0,14.0,46.0,111.0,695.0,False,False,False,True,SYNTHETIC_DEMO_DATA
1756,INC-00001756,2025-06-22T12:46:26Z,2025-06-22T12:56:26Z,2025-06-22T13:36:26Z,2025-06-22T15:07:26Z,2025-06-22T15:55:26Z,2025-06-23T02:10:26Z,20250622,1245,4,85,24,1,5,4,1,1,6090,1,35.9,10.0,50.0,141.0,189.0,615.0,False,False,False,True,SYNTHETIC_DEMO_DATA
1757,INC-00001757,2025-02-11T19:05:12Z,2025-02-11T19:16:12Z,2025-02-11T19:34:12Z,2025-02-11T20:15:12Z,2025-02-12T00:16:12Z,2025-02-12T03:29:12Z,20250211,1905,4,194,21,2,5,16,2,2,2270,1,68.9,11.0,29.0,70.0,311.0,193.0,False,False,True,True,SYNTHETIC_DEMO_DATA
1758,INC-00001758,2025-07-25T09:40:43Z,2025-07-25T10:17:43Z,2025-07-25T10:49:43Z,2025-07-25T12:27:43Z,2025-07-25T14:53:43Z,2025-07-25T21:29:43Z,20250725,940,1,168,37,1,5,8,1,1,15671,1,47.0,37.0,69.0,167.0,313.0,396.0,False,False,False,True,SYNTHETIC_DEMO_DATA
1759,INC-00001759,2025-11-27T03:32:11Z,2025-11-27T03:51:11Z,2025-11-27T04:02:11Z,2025-11-27T05:43:11Z,2025-11-27T08:32:11Z,2025-11-27T15:58:11Z,20251127,330,5,181,39,2,5,2,1,2,10181,1,57.6,19.0,30.0,131.0,300.0,446.0,False,False,False,True,SYNTHETIC_DEMO_DATA
1760,INC-00001760,2025-04-16T18:39:08Z,2025-04-16T18:47:08Z,2025-04-16T19:20:08Z,2025-04-16T20:48:08Z,2025-04-16T22:38:08Z,2025-04-17T06:45:08Z,20250416,1835,6,167,12,2,5,13,3,2,13404,1,77.4,8.0,41.0,129.0,239.0,487.0,True,False,True,True,SYNTHETIC_DEMO_DATA
1761,INC-00001761,2025-09-04T19:05:26Z,2025-09-04T19:19:26Z,2025-09-04T19:32:26Z,2025-09-04T21:09:26Z,2025-09-05T08:01:26Z,2025-09-05T13:36:26Z,20250904,1905,3,113,7,1,5,5,1,1,15557,1,54.1,14.0,27.0,124.0,776.0,335.0,False,False,False,True,SYNTHETIC_DEMO_DATA
1762,INC-00001762,2025-02-27T22:36:17Z,2025-02-27T23:14:17Z,2025-02-27T23:23:17Z,2025-02-28T00:30:17Z,2025-02-28T04:49:17Z,2025-02-28T12:00:17Z,20250227,2235,1,99,23,1,5,16,2,1,570,1,30.6,38.0,47.0,114.0,373.0,431.0,False,False,True,True,SYNTHETIC_DEMO_DATA
1763,INC-00001763,2026-02-19T00:09:15Z,2026-02-19T00:16:15Z,2026-02-19T00:24:15Z,2026-02-19T00:53:15Z,2026-02-19T01:34:15Z,,20260219,5,5,49,15,4,4,12,1,4,9815,1,87.2,7.0,15.0,44.0,85.0,,True,False,False,True,SYNTHETIC_DEMO_DATA
1764,INC-00001764,2025-04-20T10:28:28Z,2025-04-20T10:34:28Z,2025-04-20T10:41:28Z,2025-04-20T12:02:28Z,2025-04-20T13:00:28Z,,20250420,1025,2,3,32,5,4,6,1,5,14006,1,100,6.0,13.0,94.0,152.0,,True,False,False,False,SYNTHETIC_DEMO_DATA
1765,INC-00001765,2025-07-16T17:23:59Z,2025-07-16T17:26:59Z,2025-07-16T17:32:59Z,2025-07-16T21:57:59Z,2025-07-16T23:29:59Z,2025-07-17T04:22:59Z,20250716,1720,4,97,36,1,5,13,3,1,2748,1,34.9,3.0,9.0,274.0,366.0,293.0,False,False,True,True,SYNTHETIC_DEMO_DATA
1766,INC-00001766,2025-02-07T10:32:46Z,2025-02-07T10:52:46Z,2025-02-07T11:06:46Z,2025-02-07T11:56:46Z,2025-02-07T15:52:46Z,2025-02-07T21:24:46Z,20250207,1030,1,52,12,1,5,6,1,1,13892,1,39.4,20.0,34.0,84.0,320.0,332.0,False,False,False,True,SYNTHETIC_DEMO_DATA
1767,INC-00001767,2026-05-12T18:14:32Z,2026-05-12T18:16:32Z,2026-05-12T19:03:32Z,2026-05-12T19:56:32Z,2026-05-12T22:21:32Z,2026-05-13T08:26:32Z,20260512,1810,1,64,35,1,5,17,1,1,11183,1,45.1,2.0,49.0,102.0,247.0,605.0,False,False,False,True,SYNTHETIC_DEMO_DATA
1768,INC-00001768,2026-07-14T07:42:46Z,2026-07-14T07:52:46Z,2026-07-14T08:19:46Z,2026-07-14T11:45:46Z,2026-07-14T15:51:46Z,2026-07-15T03:35:46Z,20260714,740,2,139,21,2,5,11,3,2,6315,1,47.1,10.0,37.0,243.0,489.0,704.0,False,False,True,True,SYNTHETIC_DEMO_DATA
1769,INC-00001769,2025-03-26T13:00:59Z,2025-03-26T13:04:59Z,2025-03-26T13:24:59Z,2025-03-26T14:27:59Z,2025-03-26T19:23:59Z,2025-03-27T04:31:59Z,20250326,1300,6,77,22,3,5,5,1,3,7287,1,83.4,4.0,24.0,87.0,383.0,548.0,False,False,False,True,SYNTHETIC_DEMO_DATA
1770,INC-00001770,2026-03-15T19:05:17Z,2026-03-15T19:41:17Z,2026-03-15T20:10:17Z,2026-03-15T20:40:17Z,2026-03-15T22:31:17Z,2026-03-16T03:05:17Z,20260315,1905,2,129,12,3,5,16,2,3,5458,1,64.9,36.0,65.0,95.0,206.0,274.0,False,False,True,True,SYNTHETIC_DEMO_DATA
1771,INC-00001771,2025-08-09T17:59:42Z,2025-08-09T18:08:42Z,2025-08-09T18:23:42Z,2025-08-09T19:13:42Z,2025-08-09T21:15:42Z,2025-08-10T06:56:42Z,20250809,1755,5,231,21,1,5,7,2,1,4622,1,54.3,9.0,24.0,74.0,196.0,581.0,True,False,True,True,SYNTHETIC_DEMO_DATA
1772,INC-00001772,2025-03-08T07:59:28Z,2025-03-08T08:21:28Z,2025-03-08T08:29:28Z,2025-03-08T09:02:28Z,2025-03-09T00:50:28Z,2025-03-09T01:35:28Z,20250308,755,7,156,42,2,5,1,2,2,9429,1,52.5,22.0,30.0,63.0,1011.0,45.0,False,False,True,True,SYNTHETIC_DEMO_DATA
1773,INC-00001773,2026-05-13T15:05:59Z,2026-05-13T15:14:59Z,2026-05-13T16:33:59Z,2026-05-13T16:42:59Z,2026-05-14T00:40:59Z,2026-05-14T05:12:59Z,20260513,1505,6,50,28,1,5,11,1,1,10735,1,49.8,9.0,88.0,97.0,575.0,272.0,False,False,False,True,SYNTHETIC_DEMO_DATA
1774,INC-00001774,2025-04-13T18:15:56Z,2025-04-13T18:40:56Z,2025-04-13T19:20:56Z,2025-04-13T21:04:56Z,2025-04-14T01:02:56Z,2025-04-14T12:17:56Z,20250413,1815,6,150,30,2,5,5,1,2,7611,1,62.4,25.0,65.0,169.0,407.0,675.0,False,False,False,True,SYNTHETIC_DEMO_DATA
1775,INC-00001775,2026-02-09T06:41:58Z,2026-02-09T06:53:58Z,2026-02-09T07:16:58Z,2026-02-09T08:51:58Z,2026-02-09T13:31:58Z,2026-02-09T23:46:58Z,20260209,640,6,40,41,1,5,15,1,1,6641,1,32.1,12.0,35.0,130.0,410.0,615.0,False,False,False,True,SYNTHETIC_DEMO_DATA
1776,INC-00001776,2026-06-17T07:52:23Z,2026-06-17T08:04:23Z,2026-06-17T08:15:23Z,,,,20260617,750,2,143,15,3,2,10,0,3,4295,1,58.0,12.0,23.0,,,,False,False,False,False,SYNTHETIC_DEMO_DATA
1777,INC-00001777,2025-08-08T15:08:52Z,2025-08-08T15:21:52Z,2025-08-08T15:39:52Z,2025-08-08T16:42:52Z,2025-08-08T19:03:52Z,,20250808,1505,1,83,13,3,4,3,3,3,15251,1,66.4,13.0,31.0,94.0,235.0,,False,False,True,True,SYNTHETIC_DEMO_DATA
1778,INC-00001778,2026-01-02T10:01:01Z,2026-01-02T10:19:01Z,2026-01-02T10:29:01Z,2026-01-02T17:15:01Z,2026-01-03T01:46:01Z,2026-01-03T07:40:01Z,20260102,1000,7,48,7,1,5,12,2,1,17774,1,42.7,18.0,28.0,434.0,945.0,354.0,False,False,True,True,SYNTHETIC_DEMO_DATA
1779,INC-00001779,2025-02-20T14:10:40Z,2025-02-20T14:28:40Z,2025-02-20T14:42:40Z,2025-02-20T18:54:40Z,2025-02-20T19:30:40Z,2025-02-20T23:33:40Z,20250220,1410,5,194,25,1,5,5,1,1,5234,1,46.0,18.0,32.0,284.0,320.0,243.0,False,False,False,True,SYNTHETIC_DEMO_DATA
1780,INC-00001780,2025-10-28T16:12:46Z,2025-10-28T16:24:46Z,2025-10-28T16:59:46Z,2025-10-28T18:43:46Z,2025-10-28T21:09:46Z,2025-10-29T08:20:46Z,20251028,1610,5,51,4,3,5,18,1,3,13341,1,76.7,12.0,47.0,151.0,297.0,671.0,False,False,False,True,SYNTHETIC_DEMO_DATA
1781,INC-00001781,2025-03-05T11:54:35Z,2025-03-05T12:24:35Z,2025-03-05T12:41:35Z,2025-03-05T14:34:35Z,2025-03-05T18:21:35Z,2025-03-06T02:07:35Z,20250305,1150,3,217,15,1,5,9,4,1,10691,1,45.7,30.0,47.0,160.0,387.0,466.0,False,False,False,True,SYNTHETIC_DEMO_DATA
1782,INC-00001782,2026-06-22T19:31:37Z,2026-06-22T19:43:37Z,2026-06-22T20:02:37Z,2026-06-23T02:38:37Z,2026-06-23T05:41:37Z,2026-06-23T14:47:37Z,20260622,1930,3,1,15,2,5,3,1,2,11250,1,73.7,12.0,31.0,427.0,610.0,546.0,True,False,False,True,SYNTHETIC_DEMO_DATA
1783,INC-00001783,2025-09-10T16:33:05Z,2025-09-10T16:44:05Z,2025-09-10T17:00:05Z,2025-09-10T18:07:05Z,2025-09-11T00:40:05Z,2025-09-11T04:58:05Z,20250910,1630,3,35,11,3,5,15,2,3,9688,1,65.2,11.0,27.0,94.0,487.0,258.0,False,False,True,True,SYNTHETIC_DEMO_DATA
1784,INC-00001784,2026-06-04T08:27:08Z,2026-06-04T08:43:08Z,2026-06-04T09:33:08Z,2026-06-04T10:47:08Z,2026-06-04T17:51:08Z,2026-06-05T01:14:08Z,20260604,825,1,122,11,5,5,10,3,5,3911,1,100,16.0,66.0,140.0,564.0,443.0,True,False,True,False,SYNTHETIC_DEMO_DATA
1785,INC-00001785,2026-02-01T17:33:50Z,2026-02-01T17:54:50Z,2026-02-01T18:10:50Z,2026-02-01T21:22:50Z,2026-02-01T22:02:50Z,,20260201,1730,1,190,1,2,4,18,1,2,13412,1,60.5,21.0,37.0,229.0,269.0,,False,False,False,True,SYNTHETIC_DEMO_DATA
1786,INC-00001786,2025-05-26T14:08:35Z,2025-05-26T14:50:35Z,2025-05-26T15:21:35Z,2025-05-26T17:38:35Z,2025-05-26T20:25:35Z,,20250526,1405,3,206,44,2,4,11,2,2,5336,1,51.4,42.0,73.0,210.0,377.0,,False,False,True,True,SYNTHETIC_DEMO_DATA
1787,INC-00001787,2025-08-13T17:31:20Z,2025-08-13T18:20:20Z,2025-08-13T19:42:20Z,2025-08-13T20:29:20Z,2025-08-13T22:14:20Z,2025-08-14T02:25:20Z,20250813,1730,1,231,11,2,5,4,1,2,2863,1,55.1,49.0,131.0,178.0,283.0,251.0,False,False,False,True,SYNTHETIC_DEMO_DATA
1788,INC-00001788,2025-12-31T17:24:37Z,2025-12-31T18:41:37Z,2025-12-31T19:18:37Z,2025-12-31T20:30:37Z,2026-01-01T05:09:37Z,2026-01-01T09:52:37Z,20251231,1720,2,147,10,1,5,14,3,1,9980,1,35.8,77.0,114.0,186.0,705.0,283.0,False,False,True,True,SYNTHETIC_DEMO_DATA
1789,INC-00001789,2025-05-23T09:54:49Z,2025-05-23T10:05:49Z,2025-05-23T10:17:49Z,2025-05-23T16:27:49Z,2025-05-23T17:56:49Z,2025-05-24T05:10:49Z,20250523,950,2,175,31,1,5,7,1,1,26,1,30.9,11.0,23.0,393.0,482.0,674.0,False,False,False,True,SYNTHETIC_DEMO_DATA
1790,INC-00001790,2025-11-06T07:52:32Z,2025-11-06T08:13:32Z,2025-11-06T08:37:32Z,2025-11-06T10:58:32Z,2025-11-07T00:27:32Z,2025-11-07T01:07:32Z,20251106,750,3,5,29,4,5,3,2,4,12165,1,100,21.0,45.0,186.0,995.0,40.0,True,False,True,False,SYNTHETIC_DEMO_DATA
1791,INC-00001791,2026-06-12T09:41:18Z,2026-06-12T10:35:18Z,2026-06-12T11:11:18Z,2026-06-12T12:53:18Z,2026-06-12T16:50:18Z,2026-06-12T23:12:18Z,20260612,940,1,51,4,1,5,0,2,1,9494,1,40.8,54.0,90.0,192.0,429.0,382.0,False,False,True,True,SYNTHETIC_DEMO_DATA
1792,INC-00001792,2025-02-15T18:31:26Z,2025-02-15T18:48:26Z,2025-02-15T19:04:26Z,2025-02-15T21:23:26Z,2025-02-16T02:02:26Z,2025-02-16T07:09:26Z,20250215,1830,2,93,29,2,5,5,2,2,5888,1,49.1,17.0,33.0,172.0,451.0,307.0,False,False,True,True,SYNTHETIC_DEMO_DATA
1793,INC-00001793,2026-04-23T16:55:17Z,2026-04-23T17:13:17Z,2026-04-23T17:39:17Z,2026-04-23T18:48:17Z,2026-04-23T19:19:17Z,2026-04-23T23:49:17Z,20260423,1655,5,133,12,2,5,16,3,2,12955,1,67.2,18.0,44.0,113.0,144.0,270.0,True,False,True,True,SYNTHETIC_DEMO_DATA
1794,INC-00001794,2025-12-06T14:50:40Z,2025-12-06T14:53:40Z,2025-12-06T15:03:40Z,2025-12-06T15:37:40Z,2025-12-06T16:19:40Z,2025-12-07T02:38:40Z,20251206,1450,3,201,32,4,5,11,1,4,14314,1,95.4,3.0,13.0,47.0,89.0,619.0,True,False,False,True,SYNTHETIC_DEMO_DATA
1795,INC-00001795,2025-06-07T08:06:40Z,2025-06-07T08:38:40Z,2025-06-07T10:39:40Z,2025-06-07T11:20:40Z,2025-06-08T03:34:40Z,2025-06-08T14:54:40Z,20250607,805,1,180,12,1,5,1,1,1,2327,1,30.9,32.0,153.0,194.0,1168.0,680.0,False,False,False,True,SYNTHETIC_DEMO_DATA
1796,INC-00001796,2025-12-31T14:08:49Z,2025-12-31T15:22:49Z,2025-12-31T15:36:49Z,2025-12-31T16:09:49Z,2025-12-31T17:31:49Z,2025-12-31T21:16:49Z,20251231,1405,1,113,4,2,5,13,3,2,6610,1,66.4,74.0,88.0,121.0,203.0,225.0,False,False,True,True,SYNTHETIC_DEMO_DATA
1797,INC-00001797,2026-07-31T11:57:06Z,2026-07-31T12:11:06Z,2026-07-31T13:10:06Z,2026-07-31T16:43:06Z,2026-08-01T09:11:06Z,2026-08-01T15:31:06Z,20260731,1155,6,31,10,1,5,5,1,1,3505,1,34.1,14.0,73.0,286.0,1274.0,380.0,False,False,False,True,SYNTHETIC_DEMO_DATA
1798,INC-00001798,2026-01-06T14:09:41Z,2026-01-06T15:12:41Z,2026-01-06T15:20:41Z,2026-01-06T16:32:41Z,2026-01-06T17:54:41Z,,20260106,1405,1,231,44,1,4,16,2,1,15522,1,42.3,63.0,71.0,143.0,225.0,,False,False,True,True,SYNTHETIC_DEMO_DATA
1799,INC-00001799,2026-05-10T10:57:01Z,2026-05-10T12:08:01Z,2026-05-10T12:42:01Z,2026-05-11T02:04:01Z,2026-05-11T14:15:01Z,2026-05-11T15:28:01Z,20260510,1055,7,219,36,1,5,9,1,1,10391,1,41.7,71.0,105.0,907.0,1638.0,73.0,False,False,False,True,SYNTHETIC_DEMO_DATA
1800,INC-00001800,2025-10-28T11:48:34Z,2025-10-28T12:24:34Z,2025-10-28T12:45:34Z,2025-10-28T15:20:34Z,2025-10-28T17:58:34Z,2025-10-29T03:41:34Z,20251028,1145,3,221,22,1,5,2,1,1,9867,1,47.1,36.0,57.0,212.0,370.0,583.0,False,False,False,True,SYNTHETIC_DEMO_DATA
1801,INC-00001801,2025-08-15T08:00:51Z,2025-08-15T08:06:51Z,2025-08-15T08:15:51Z,2025-08-15T10:14:51Z,2025-08-15T12:52:51Z,2025-08-15T20:02:51Z,20250815,800,1,58,33,3,5,15,3,3,14834,1,57.9,6.0,15.0,134.0,292.0,430.0,False,False,True,True,SYNTHETIC_DEMO_DATA
1802,INC-00001802,2026-05-01T17:17:06Z,2026-05-01T17:27:06Z,2026-05-01T17:42:06Z,,,,20260501,1715,6,216,36,1,2,6,0,1,17258,1,29.2,10.0,25.0,,,,False,False,False,False,SYNTHETIC_DEMO_DATA
1803,INC-00001803,2026-05-18T14:38:40Z,2026-05-18T15:01:40Z,2026-05-18T15:22:40Z,2026-05-18T16:37:40Z,2026-05-18T21:54:40Z,2026-05-19T05:32:40Z,20260518,1435,6,215,32,1,5,17,1,1,1267,1,36.1,23.0,44.0,119.0,436.0,458.0,False,False,False,True,SYNTHETIC_DEMO_DATA
1804,INC-00001804,2025-10-17T20:26:23Z,2025-10-17T20:38:23Z,2025-10-17T20:54:23Z,2025-10-17T21:27:23Z,2025-10-17T22:15:23Z,2025-10-17T23:57:23Z,20251017,2025,3,158,3,3,5,12,1,3,12592,1,96.4,12.0,28.0,61.0,109.0,102.0,True,False,False,True,SYNTHETIC_DEMO_DATA
1805,INC-00001805,2025-05-04T17:10:35Z,2025-05-04T17:44:35Z,2025-05-04T18:08:35Z,2025-05-04T19:31:35Z,2025-05-04T23:13:35Z,2025-05-05T00:21:35Z,20250504,1710,7,131,27,1,5,3,1,1,2911,1,54.1,34.0,58.0,141.0,363.0,68.0,False,False,False,True,SYNTHETIC_DEMO_DATA
1806,INC-00001806,2025-02-10T10:44:11Z,2025-02-10T10:58:11Z,2025-02-10T11:38:11Z,2025-02-10T13:18:11Z,2025-02-10T22:28:11Z,2025-02-11T09:36:11Z,20250210,1040,3,81,35,2,5,15,1,2,17260,1,42.3,14.0,54.0,154.0,704.0,668.0,False,False,False,True,SYNTHETIC_DEMO_DATA
1807,INC-00001807,2026-03-17T09:35:04Z,2026-03-17T09:45:04Z,2026-03-17T10:10:04Z,2026-03-17T17:03:04Z,2026-03-17T22:05:04Z,2026-03-17T22:22:04Z,20260317,935,6,211,28,2,5,8,1,2,7840,1,44.4,10.0,35.0,448.0,750.0,17.0,False,False,False,True,SYNTHETIC_DEMO_DATA
1808,INC-00001808,2025-10-22T20:07:49Z,2025-10-22T20:34:49Z,2025-10-22T21:11:49Z,,,,20251022,2005,2,163,40,1,2,18,0,1,7336,1,48.6,27.0,64.0,,,,False,False,False,False,SYNTHETIC_DEMO_DATA
1809,INC-00001809,2025-04-14T14:08:38Z,2025-04-14T14:36:38Z,2025-04-14T14:43:38Z,2025-04-14T15:29:38Z,2025-04-14T19:20:38Z,2025-04-15T03:11:38Z,20250414,1405,6,157,37,3,5,13,3,3,4952,1,59.3,28.0,35.0,81.0,312.0,471.0,False,False,True,True,SYNTHETIC_DEMO_DATA
1810,INC-00001810,2026-07-04T20:12:21Z,2026-07-04T20:28:21Z,2026-07-04T20:53:21Z,2026-07-04T22:43:21Z,2026-07-05T00:51:21Z,2026-07-05T08:12:21Z,20260704,2010,7,53,31,1,5,4,1,1,9716,1,35.5,16.0,41.0,151.0,279.0,441.0,False,False,False,True,SYNTHETIC_DEMO_DATA
1811,INC-00001811,2025-05-23T16:28:30Z,2025-05-23T17:06:30Z,2025-05-23T17:14:30Z,2025-05-23T19:05:30Z,2025-05-23T19:46:30Z,2025-05-23T21:00:30Z,20250523,1625,2,53,17,1,5,15,4,1,7251,1,30.2,38.0,46.0,157.0,198.0,74.0,False,False,False,True,SYNTHETIC_DEMO_DATA
1812,INC-00001812,2026-06-30T07:44:48Z,2026-06-30T07:49:48Z,2026-06-30T08:14:48Z,,,,20260630,740,4,93,25,2,2,9,0,2,14459,1,55.6,5.0,30.0,,,,False,False,False,False,SYNTHETIC_DEMO_DATA
1813,INC-00001813,2026-01-03T10:30:06Z,2026-01-03T10:55:06Z,2026-01-03T11:28:06Z,2026-01-03T11:58:06Z,2026-01-03T16:47:06Z,,20260103,1030,6,180,6,2,4,2,1,2,6581,1,42.2,25.0,58.0,88.0,377.0,,False,False,False,True,SYNTHETIC_DEMO_DATA
1814,INC-00001814,2025-10-10T20:19:37Z,2025-10-10T20:28:37Z,2025-10-10T20:56:37Z,2025-10-10T21:46:37Z,2025-10-11T02:19:37Z,2025-10-11T11:29:37Z,20251010,2015,1,196,33,1,5,12,3,1,7504,1,33.3,9.0,37.0,87.0,360.0,550.0,False,False,True,True,SYNTHETIC_DEMO_DATA
1815,INC-00001815,2025-11-14T14:37:31Z,2025-11-14T14:46:31Z,2025-11-14T14:54:31Z,2025-11-14T15:13:31Z,2025-11-14T17:58:31Z,2025-11-14T22:27:31Z,20251114,1435,2,238,26,1,5,5,1,1,9475,1,45.0,9.0,17.0,36.0,201.0,269.0,True,False,False,True,SYNTHETIC_DEMO_DATA
1816,INC-00001816,2026-05-09T14:18:45Z,2026-05-09T14:58:45Z,2026-05-09T15:08:45Z,2026-05-09T15:36:45Z,2026-05-09T16:53:45Z,2026-05-10T02:06:45Z,20260509,1415,3,131,3,4,5,1,3,4,17091,1,100,40.0,50.0,78.0,155.0,553.0,True,False,True,False,SYNTHETIC_DEMO_DATA
1817,INC-00001817,2025-12-15T05:52:56Z,2025-12-15T05:59:56Z,2025-12-15T06:37:56Z,2025-12-15T07:29:56Z,2025-12-15T15:44:56Z,2025-12-15T20:41:56Z,20251215,550,6,73,10,1,5,9,1,1,10092,1,48.6,7.0,45.0,97.0,592.0,297.0,False,False,False,True,SYNTHETIC_DEMO_DATA
1818,INC-00001818,2025-06-04T18:59:15Z,2025-06-04T20:24:15Z,2025-06-04T21:08:15Z,2025-06-05T00:38:15Z,2025-06-05T07:33:15Z,2025-06-05T08:37:15Z,20250604,1855,4,46,28,1,5,2,1,1,1792,1,42.5,85.0,129.0,339.0,754.0,64.0,False,False,False,True,SYNTHETIC_DEMO_DATA
1819,INC-00001819,2026-06-02T19:01:11Z,2026-06-02T19:17:11Z,2026-06-02T19:33:11Z,2026-06-02T20:22:11Z,2026-06-03T00:18:11Z,2026-06-03T05:56:11Z,20260602,1900,3,110,2,2,5,14,1,2,14510,1,56.9,16.0,32.0,81.0,317.0,338.0,False,False,False,True,SYNTHETIC_DEMO_DATA
1820,INC-00001820,2025-11-30T11:54:27Z,2025-11-30T12:14:27Z,2025-11-30T12:43:27Z,,,,20251130,1150,7,165,31,4,2,9,0,4,14320,1,94.1,20.0,49.0,,,,True,False,False,False,SYNTHETIC_DEMO_DATA
1821,INC-00001821,2026-04-28T18:30:59Z,2026-04-28T19:05:59Z,2026-04-28T19:49:59Z,2026-04-28T19:54:59Z,2026-04-29T09:03:59Z,2026-04-29T13:50:59Z,20260428,1830,7,229,3,1,5,17,4,1,14531,1,30.6,35.0,79.0,84.0,873.0,287.0,False,False,False,True,SYNTHETIC_DEMO_DATA
1822,INC-00001822,2026-02-15T07:07:50Z,2026-02-15T07:51:50Z,2026-02-15T07:59:50Z,2026-02-15T09:43:50Z,2026-02-15T11:56:50Z,2026-02-15T20:35:50Z,20260215,705,4,98,18,1,5,10,4,1,9414,1,36.1,44.0,52.0,156.0,289.0,519.0,False,False,False,True,SYNTHETIC_DEMO_DATA
1823,INC-00001823,2025-10-27T12:05:07Z,2025-10-27T12:13:07Z,2025-10-27T12:20:07Z,,,,20251027,1205,2,14,11,4,2,6,0,4,3887,1,100,8.0,15.0,,,,True,False,False,False,SYNTHETIC_DEMO_DATA
1824,INC-00001824,2025-09-30T11:10:19Z,2025-09-30T11:19:19Z,2025-09-30T12:09:19Z,2025-09-30T13:56:19Z,2025-09-30T16:30:19Z,2025-09-30T21:40:19Z,20250930,1110,5,149,40,3,5,16,3,3,8274,1,79.3,9.0,59.0,166.0,320.0,310.0,False,False,True,True,SYNTHETIC_DEMO_DATA
1825,INC-00001825,2025-08-12T17:51:23Z,2025-08-12T20:05:23Z,2025-08-12T20:53:23Z,2025-08-12T23:33:23Z,2025-08-13T01:02:23Z,2025-08-13T09:38:23Z,20250812,1750,2,79,23,1,5,7,3,1,6083,1,35.0,134.0,182.0,342.0,431.0,516.0,False,False,True,True,SYNTHETIC_DEMO_DATA
1826,INC-00001826,2025-07-07T09:45:39Z,2025-07-07T10:19:39Z,2025-07-07T10:34:39Z,2025-07-07T10:50:39Z,2025-07-07T12:56:39Z,2025-07-07T19:14:39Z,20250707,945,3,229,12,3,5,2,2,3,14833,1,73.8,34.0,49.0,65.0,191.0,378.0,True,False,True,True,SYNTHETIC_DEMO_DATA
1827,INC-00001827,2025-08-10T17:13:27Z,2025-08-10T17:48:27Z,2025-08-10T18:05:27Z,2025-08-10T20:44:27Z,2025-08-10T21:50:27Z,2025-08-11T02:18:27Z,20250810,1710,2,102,28,1,5,11,1,1,4016,1,38.9,35.0,52.0,211.0,277.0,268.0,False,False,False,True,SYNTHETIC_DEMO_DATA
1828,INC-00001828,2025-02-26T10:22:12Z,2025-02-26T10:27:12Z,2025-02-26T11:04:12Z,2025-02-26T11:21:12Z,2025-02-26T12:46:12Z,2025-02-26T15:18:12Z,20250226,1020,3,101,33,4,5,7,4,4,3366,1,94.0,5.0,42.0,59.0,144.0,152.0,True,False,False,True,SYNTHETIC_DEMO_DATA
1829,INC-00001829,2025-12-03T11:29:21Z,2025-12-03T11:40:21Z,2025-12-03T12:02:21Z,2025-12-03T13:06:21Z,2025-12-03T19:05:21Z,2025-12-03T20:07:21Z,20251203,1125,1,8,27,2,5,16,1,2,3281,1,46.0,11.0,33.0,97.0,456.0,62.0,False,False,False,True,SYNTHETIC_DEMO_DATA
1830,INC-00001830,2025-09-07T18:03:02Z,2025-09-07T18:08:02Z,2025-09-07T18:57:02Z,2025-09-07T23:51:02Z,2025-09-10T13:34:02Z,2025-09-10T22:52:02Z,20250907,1800,2,203,3,1,5,8,1,1,14750,1,46.7,5.0,54.0,348.0,4051.0,558.0,False,False,False,True,SYNTHETIC_DEMO_DATA
1831,INC-00001831,2025-06-01T15:32:32Z,2025-06-01T17:02:32Z,2025-06-01T17:25:32Z,2025-06-01T21:20:32Z,2025-06-01T22:22:32Z,2025-06-02T04:28:32Z,20250601,1530,3,169,38,2,5,2,2,2,17548,1,48.7,90.0,113.0,348.0,410.0,366.0,False,False,True,True,SYNTHETIC_DEMO_DATA
1832,INC-00001832,2026-06-16T20:45:12Z,2026-06-16T20:58:12Z,2026-06-16T21:16:12Z,2026-06-16T23:11:12Z,2026-06-17T07:16:12Z,2026-06-17T13:20:12Z,20260616,2045,6,105,7,2,5,13,2,2,13826,1,63.0,13.0,31.0,146.0,631.0,364.0,False,False,True,True,SYNTHETIC_DEMO_DATA
1833,INC-00001833,2026-05-16T14:00:31Z,2026-05-16T14:41:31Z,2026-05-16T14:52:31Z,2026-05-16T16:07:31Z,2026-05-17T00:17:31Z,2026-05-17T09:26:31Z,20260516,1400,1,135,35,3,5,7,3,3,14762,1,59.9,41.0,52.0,127.0,617.0,549.0,False,False,True,True,SYNTHETIC_DEMO_DATA
1834,INC-00001834,2025-06-18T09:36:46Z,2025-06-18T09:51:46Z,2025-06-18T10:24:46Z,2025-06-18T11:50:46Z,2025-06-18T13:59:46Z,2025-06-19T00:29:46Z,20250618,935,2,180,35,2,5,17,1,2,16975,1,40.4,15.0,48.0,134.0,263.0,630.0,False,False,False,True,SYNTHETIC_DEMO_DATA
1835,INC-00001835,2026-04-29T06:19:53Z,2026-04-29T06:46:53Z,2026-04-29T07:02:53Z,2026-04-29T09:34:53Z,2026-04-29T15:11:53Z,2026-04-29T18:56:53Z,20260429,615,3,113,37,1,5,9,1,1,15503,1,52.1,27.0,43.0,195.0,532.0,225.0,False,False,False,True,SYNTHETIC_DEMO_DATA
1836,INC-00001836,2026-03-31T17:25:31Z,2026-03-31T17:47:31Z,2026-03-31T17:56:31Z,2026-03-31T18:21:31Z,2026-03-31T18:56:31Z,2026-04-01T03:52:31Z,20260331,1725,2,42,33,3,5,4,1,3,9552,1,76.5,22.0,31.0,56.0,91.0,536.0,False,False,False,True,SYNTHETIC_DEMO_DATA
1837,INC-00001837,2025-12-11T09:26:12Z,2025-12-11T09:37:12Z,2025-12-11T09:43:12Z,2025-12-11T11:34:12Z,2025-12-11T13:34:12Z,2025-12-11T19:28:12Z,20251211,925,2,187,24,1,5,13,1,1,11475,1,53.9,11.0,17.0,128.0,248.0,354.0,True,False,False,True,SYNTHETIC_DEMO_DATA
1838,INC-00001838,2026-01-11T06:25:15Z,2026-01-11T06:32:15Z,2026-01-11T07:05:15Z,,,,20260111,625,5,3,6,3,2,8,0,3,14259,1,65.4,7.0,40.0,,,,False,False,False,False,SYNTHETIC_DEMO_DATA
1839,INC-00001839,2025-03-17T08:54:20Z,2025-03-17T09:06:20Z,2025-03-17T09:46:20Z,2025-03-17T10:14:20Z,2025-03-17T15:07:20Z,2025-03-17T21:38:20Z,20250317,850,4,46,24,2,5,18,1,2,12612,1,61.3,12.0,52.0,80.0,373.0,391.0,False,False,False,True,SYNTHETIC_DEMO_DATA
1840,INC-00001840,2025-04-13T10:41:06Z,2025-04-13T10:54:06Z,2025-04-13T11:08:06Z,2025-04-13T13:30:06Z,2025-04-13T16:16:06Z,2025-04-14T00:58:06Z,20250413,1040,2,128,37,2,5,11,3,2,5441,1,52.2,13.0,27.0,169.0,335.0,522.0,False,False,True,True,SYNTHETIC_DEMO_DATA
1841,INC-00001841,2025-12-18T14:46:56Z,2025-12-18T14:52:56Z,2025-12-18T15:02:56Z,2025-12-18T15:23:56Z,2025-12-18T15:50:56Z,2025-12-19T01:19:56Z,20251218,1445,1,52,27,4,5,6,4,4,8121,1,93.8,6.0,16.0,37.0,64.0,569.0,True,False,False,True,SYNTHETIC_DEMO_DATA
1842,INC-00001842,2025-05-14T13:57:14Z,2025-05-14T14:40:14Z,2025-05-14T14:55:14Z,2025-05-14T16:23:14Z,2025-05-14T18:08:14Z,2025-05-15T00:24:14Z,20250514,1355,3,67,20,2,5,15,3,2,5943,1,47.9,43.0,58.0,146.0,251.0,376.0,False,False,True,True,SYNTHETIC_DEMO_DATA
1843,INC-00001843,2025-09-05T11:09:55Z,2025-09-05T11:15:55Z,2025-09-05T11:28:55Z,2025-09-05T13:17:55Z,2025-09-05T14:33:55Z,2025-09-05T18:46:55Z,20250905,1105,3,25,42,1,5,7,1,1,8741,1,41.7,6.0,19.0,128.0,204.0,253.0,False,False,False,True,SYNTHETIC_DEMO_DATA
1844,INC-00001844,2025-03-28T14:29:16Z,2025-03-28T14:51:16Z,2025-03-28T15:45:16Z,2025-03-28T16:15:16Z,2025-03-29T12:10:16Z,2025-03-29T18:59:16Z,20250328,1425,7,23,18,1,5,18,2,1,1727,1,52.6,22.0,76.0,106.0,1301.0,409.0,False,False,True,True,SYNTHETIC_DEMO_DATA
1845,INC-00001845,2026-06-13T17:30:42Z,2026-06-13T18:34:42Z,2026-06-13T19:22:42Z,,,,20260613,1730,3,211,38,1,2,11,0,1,17202,1,34.5,64.0,112.0,,,,False,False,False,False,SYNTHETIC_DEMO_DATA
1846,INC-00001846,2025-12-31T09:30:15Z,2025-12-31T09:45:15Z,2025-12-31T13:15:15Z,2025-12-31T14:07:15Z,2025-12-31T15:08:15Z,2025-12-31T20:01:15Z,20251231,930,5,98,23,5,5,8,1,5,17776,1,100,15.0,225.0,277.0,338.0,293.0,True,False,False,False,SYNTHETIC_DEMO_DATA
1847,INC-00001847,2025-07-30T18:30:17Z,2025-07-30T18:45:17Z,2025-07-30T18:58:17Z,2025-07-30T19:07:17Z,2025-07-30T20:45:17Z,,20250730,1830,7,57,17,3,4,17,3,3,11437,1,65.0,15.0,28.0,37.0,135.0,,False,False,True,True,SYNTHETIC_DEMO_DATA
1848,INC-00001848,2026-01-16T06:26:42Z,2026-01-16T06:44:42Z,2026-01-16T07:01:42Z,2026-01-16T07:46:42Z,2026-01-16T08:15:42Z,2026-01-16T11:51:42Z,20260116,625,6,226,16,4,5,11,1,4,15066,1,100,18.0,35.0,80.0,109.0,216.0,True,False,False,True,SYNTHETIC_DEMO_DATA
1849,INC-00001849,2025-06-27T10:39:08Z,2025-06-27T11:11:08Z,2025-06-27T11:37:08Z,2025-06-27T16:39:08Z,2025-06-27T17:59:08Z,2025-06-27T21:24:08Z,20250627,1035,7,134,5,1,5,1,4,1,15886,1,31.2,32.0,58.0,360.0,440.0,205.0,False,False,False,True,SYNTHETIC_DEMO_DATA
1850,INC-00001850,2026-07-10T12:30:28Z,2026-07-10T13:20:28Z,2026-07-10T13:24:28Z,2026-07-10T14:58:28Z,2026-07-10T16:48:28Z,,20260710,1230,6,151,30,1,4,12,3,1,9046,1,35.8,50.0,54.0,148.0,258.0,,False,False,True,True,SYNTHETIC_DEMO_DATA
1851,INC-00001851,2026-01-25T13:28:49Z,2026-01-25T13:56:49Z,2026-01-25T14:08:49Z,2026-01-25T15:58:49Z,2026-01-25T21:32:49Z,2026-01-26T06:13:49Z,20260125,1325,1,68,38,2,5,6,1,2,7522,1,66.3,28.0,40.0,150.0,484.0,521.0,False,False,False,True,SYNTHETIC_DEMO_DATA
1852,INC-00001852,2025-07-09T17:20:23Z,2025-07-09T17:34:23Z,2025-07-09T17:52:23Z,2025-07-09T18:25:23Z,2025-07-09T19:07:23Z,2025-07-10T03:23:23Z,20250709,1720,1,128,35,4,5,1,1,4,16731,1,93.9,14.0,32.0,65.0,107.0,496.0,True,False,False,True,SYNTHETIC_DEMO_DATA
1853,INC-00001853,2025-05-05T11:29:42Z,2025-05-05T12:07:42Z,2025-05-05T12:22:42Z,2025-05-05T12:54:42Z,2025-05-05T14:47:42Z,2025-05-05T17:19:42Z,20250505,1125,5,109,16,1,5,9,1,1,3350,1,43.3,38.0,53.0,85.0,198.0,152.0,False,False,False,True,SYNTHETIC_DEMO_DATA
1854,INC-00001854,2025-02-01T20:22:00Z,,,,,,20250201,2020,3,191,37,1,1,2,0,1,11899,1,36.4,,,,,,False,False,False,False,SYNTHETIC_DEMO_DATA
1855,INC-00001855,2026-03-15T09:35:31Z,2026-03-15T09:56:31Z,2026-03-15T10:02:31Z,2026-03-15T18:23:31Z,2026-03-15T23:53:31Z,2026-03-16T01:07:31Z,20260315,935,7,154,16,2,5,14,1,2,3671,1,62.8,21.0,27.0,528.0,858.0,74.0,False,True,False,True,SYNTHETIC_DEMO_DATA
1856,INC-00001856,2026-01-28T12:07:36Z,2026-01-28T12:11:36Z,2026-01-28T12:55:36Z,2026-01-28T14:16:36Z,2026-01-28T21:39:36Z,2026-01-29T02:53:36Z,20260128,1205,1,142,21,1,5,6,1,1,11160,1,34.8,4.0,48.0,129.0,572.0,314.0,False,False,False,True,SYNTHETIC_DEMO_DATA
1857,INC-00001857,2026-07-22T08:15:46Z,2026-07-22T08:22:46Z,2026-07-22T08:51:46Z,,,,20260722,815,7,100,22,2,2,18,0,2,1408,1,59.0,7.0,36.0,,,,False,False,False,False,SYNTHETIC_DEMO_DATA
1858,INC-00001858,2025-07-09T09:51:51Z,2025-07-09T10:13:51Z,2025-07-09T10:23:51Z,,,,20250709,950,3,158,45,1,2,10,0,1,7079,1,47.7,22.0,32.0,,,,False,False,False,False,SYNTHETIC_DEMO_DATA
1859,INC-00001859,2026-02-02T01:30:17Z,2026-02-02T02:27:17Z,2026-02-02T03:25:17Z,2026-02-02T04:21:17Z,2026-02-02T06:14:17Z,2026-02-02T12:39:17Z,20260202,130,6,168,6,2,5,4,1,2,7990,1,74.3,57.0,115.0,171.0,284.0,385.0,True,False,False,True,SYNTHETIC_DEMO_DATA
1860,INC-00001860,2025-03-26T14:00:15Z,2025-03-26T15:01:15Z,2025-03-26T15:16:15Z,2025-03-26T15:47:15Z,2025-03-26T17:18:15Z,2025-03-26T18:03:15Z,20250326,1400,1,205,38,3,5,16,1,3,3130,1,70.5,61.0,76.0,107.0,198.0,45.0,False,False,False,False,SYNTHETIC_DEMO_DATA
1861,INC-00001861,2025-11-09T07:36:36Z,2025-11-09T08:03:36Z,2025-11-09T08:16:36Z,2025-11-09T08:27:36Z,2025-11-09T14:29:36Z,2025-11-09T14:46:36Z,20251109,735,7,19,3,2,5,8,1,2,16998,1,58.4,27.0,40.0,51.0,413.0,17.0,False,False,False,True,SYNTHETIC_DEMO_DATA
1862,INC-00001862,2025-12-31T12:09:41Z,2025-12-31T12:27:41Z,2025-12-31T13:40:41Z,2025-12-31T14:01:41Z,2025-12-31T15:09:41Z,2025-12-31T18:34:41Z,20251231,1205,6,23,37,3,5,2,1,3,442,1,79.1,18.0,91.0,112.0,180.0,205.0,False,False,False,True,SYNTHETIC_DEMO_DATA
1863,INC-00001863,2026-02-01T18:39:42Z,2026-02-01T19:19:42Z,2026-02-01T20:44:42Z,2026-02-02T03:53:42Z,2026-02-02T09:22:42Z,2026-02-02T13:34:42Z,20260201,1835,7,74,34,1,5,11,1,1,2651,1,39.8,40.0,125.0,554.0,883.0,252.0,False,False,False,True,SYNTHETIC_DEMO_DATA
1864,INC-00001864,2026-01-22T18:09:59Z,2026-01-22T18:31:59Z,2026-01-22T18:52:59Z,2026-01-22T22:23:59Z,2026-01-23T02:54:59Z,2026-01-23T10:10:59Z,20260122,1805,7,212,30,1,5,4,1,1,1501,1,50.6,22.0,43.0,254.0,525.0,436.0,False,False,False,True,SYNTHETIC_DEMO_DATA
1865,INC-00001865,2025-02-18T09:05:15Z,2025-02-18T09:09:15Z,2025-02-18T09:20:15Z,2025-02-18T10:04:15Z,2025-02-18T10:29:15Z,2025-02-18T12:23:15Z,20250218,905,3,197,22,4,5,18,4,4,17745,1,90.6,4.0,15.0,59.0,84.0,114.0,True,False,False,True,SYNTHETIC_DEMO_DATA
1866,INC-00001866,2026-05-24T09:12:10Z,2026-05-24T09:44:10Z,2026-05-24T09:55:10Z,2026-05-24T12:12:10Z,2026-05-24T13:46:10Z,2026-05-25T01:08:10Z,20260524,910,3,43,23,4,5,11,1,4,3102,1,96.8,32.0,43.0,180.0,274.0,682.0,True,False,False,False,SYNTHETIC_DEMO_DATA
1867,INC-00001867,2025-10-14T16:04:02Z,2025-10-14T16:08:02Z,2025-10-14T16:28:02Z,2025-10-14T17:31:02Z,2025-10-14T20:27:02Z,2025-10-15T02:19:02Z,20251014,1600,5,28,42,2,5,2,1,2,1289,1,59.8,4.0,24.0,87.0,263.0,352.0,False,False,False,True,SYNTHETIC_DEMO_DATA
1868,INC-00001868,2026-04-16T08:38:26Z,2026-04-16T09:17:26Z,2026-04-16T09:27:26Z,2026-04-16T16:10:26Z,2026-04-16T21:52:26Z,,20260416,835,4,161,14,3,4,14,1,3,16879,1,65.7,39.0,49.0,452.0,794.0,,False,False,False,False,SYNTHETIC_DEMO_DATA
1869,INC-00001869,2026-03-25T16:16:15Z,2026-03-25T16:51:15Z,2026-03-25T17:04:15Z,2026-03-25T19:49:15Z,2026-03-25T21:44:15Z,2026-03-26T03:37:15Z,20260325,1615,5,51,5,1,5,5,1,1,15632,1,42.5,35.0,48.0,213.0,328.0,353.0,False,False,False,True,SYNTHETIC_DEMO_DATA
1870,INC-00001870,2025-04-10T18:23:34Z,2025-04-10T18:34:34Z,2025-04-10T19:07:34Z,2025-04-10T19:51:34Z,2025-04-10T22:58:34Z,2025-04-11T10:30:34Z,20250410,1820,6,16,35,2,5,17,1,2,15947,1,65.0,11.0,44.0,88.0,275.0,692.0,True,False,False,True,SYNTHETIC_DEMO_DATA
1871,INC-00001871,2025-06-19T08:24:58Z,2025-06-19T09:18:58Z,2025-06-19T09:29:58Z,2025-06-19T15:02:58Z,2025-06-19T19:23:58Z,2025-06-20T01:10:58Z,20250619,820,6,163,26,1,5,9,2,1,5407,1,41.0,54.0,65.0,398.0,659.0,347.0,False,False,True,True,SYNTHETIC_DEMO_DATA
1872,INC-00001872,2025-05-06T10:49:04Z,2025-05-06T11:41:04Z,2025-05-06T12:15:04Z,2025-05-06T14:06:04Z,2025-05-06T16:04:04Z,,20250506,1045,3,226,14,1,4,2,3,1,5154,1,43.4,52.0,86.0,197.0,315.0,,False,False,True,True,SYNTHETIC_DEMO_DATA
1873,INC-00001873,2026-07-13T11:32:57Z,2026-07-13T11:51:57Z,2026-07-13T12:01:57Z,2026-07-13T13:46:57Z,2026-07-13T14:01:57Z,2026-07-13T16:22:57Z,20260713,1130,5,240,18,4,5,16,1,4,8963,1,97.8,19.0,29.0,134.0,149.0,141.0,True,False,False,True,SYNTHETIC_DEMO_DATA
1874,INC-00001874,2026-02-26T10:09:37Z,2026-02-26T11:30:37Z,2026-02-26T11:39:37Z,2026-02-26T13:33:37Z,2026-02-26T16:20:37Z,2026-02-26T20:22:37Z,20260226,1005,3,3,10,1,5,6,1,1,15536,1,38.0,81.0,90.0,204.0,371.0,242.0,False,False,False,True,SYNTHETIC_DEMO_DATA
1875,INC-00001875,2025-12-03T16:52:47Z,2025-12-03T17:18:47Z,2025-12-03T17:25:47Z,2025-12-03T22:00:47Z,2025-12-04T02:38:47Z,2025-12-04T05:17:47Z,20251203,1650,2,49,8,1,5,17,1,1,6322,1,31.2,26.0,33.0,308.0,586.0,159.0,False,False,False,True,SYNTHETIC_DEMO_DATA
1876,INC-00001876,2025-05-07T21:27:50Z,2025-05-07T22:08:50Z,2025-05-07T22:21:50Z,2025-05-07T23:48:50Z,2025-05-08T09:06:50Z,2025-05-08T16:55:50Z,20250507,2125,3,227,8,1,5,10,3,1,7141,1,35.7,41.0,54.0,141.0,699.0,469.0,False,False,True,True,SYNTHETIC_DEMO_DATA
1877,INC-00001877,2025-05-06T08:21:46Z,2025-05-06T08:35:46Z,2025-05-06T09:00:46Z,2025-05-06T09:27:46Z,2025-05-06T12:17:46Z,2025-05-06T23:40:46Z,20250506,820,7,122,38,1,5,3,1,1,10163,1,54.5,14.0,39.0,66.0,236.0,683.0,False,False,False,True,SYNTHETIC_DEMO_DATA
1878,INC-00001878,2026-05-07T18:11:31Z,2026-05-07T18:36:31Z,2026-05-07T18:43:31Z,2026-05-07T20:08:31Z,2026-05-07T22:16:31Z,2026-05-08T00:03:31Z,20260507,1810,3,222,23,2,5,15,1,2,3524,1,55.4,25.0,32.0,117.0,245.0,107.0,False,False,False,True,SYNTHETIC_DEMO_DATA
1879,INC-00001879,2025-06-30T13:30:06Z,2025-06-30T13:59:06Z,2025-06-30T14:24:06Z,2025-06-30T14:56:06Z,2025-06-30T16:29:06Z,2025-07-01T01:05:06Z,20250630,1330,3,229,26,3,5,9,3,3,3406,1,66.6,29.0,54.0,86.0,179.0,516.0,False,False,True,True,SYNTHETIC_DEMO_DATA
1880,INC-00001880,2026-07-17T20:57:32Z,2026-07-17T21:37:32Z,2026-07-17T21:49:32Z,2026-07-17T23:25:32Z,2026-07-17T23:52:32Z,2026-07-18T03:49:32Z,20260717,2055,7,226,41,1,5,18,2,1,10662,1,40.1,40.0,52.0,148.0,175.0,237.0,False,False,True,True,SYNTHETIC_DEMO_DATA
1881,INC-00001881,2025-12-24T16:06:48Z,2025-12-24T16:37:48Z,2025-12-24T17:22:48Z,2025-12-24T19:37:48Z,2025-12-25T01:12:48Z,2025-12-25T04:04:48Z,20251224,1605,5,120,33,3,5,13,3,3,16805,1,75.5,31.0,76.0,211.0,546.0,172.0,True,False,True,True,SYNTHETIC_DEMO_DATA
1882,INC-00001882,2025-12-19T11:28:20Z,2025-12-19T11:57:20Z,2025-12-19T12:18:20Z,2025-12-19T12:51:20Z,2025-12-19T18:29:20Z,2025-12-20T02:13:20Z,20251219,1125,4,206,5,1,5,4,2,1,14460,1,27.6,29.0,50.0,83.0,421.0,464.0,False,False,True,True,SYNTHETIC_DEMO_DATA
1883,INC-00001883,2025-12-17T19:55:09Z,2025-12-17T20:14:09Z,2025-12-17T20:41:09Z,2025-12-17T21:17:09Z,2025-12-17T23:53:09Z,2025-12-18T04:06:09Z,20251217,1955,2,99,28,4,5,18,1,4,15189,1,81.3,19.0,46.0,82.0,238.0,253.0,True,False,False,True,SYNTHETIC_DEMO_DATA
1884,INC-00001884,2025-05-07T15:48:41Z,2025-05-07T16:09:41Z,2025-05-07T16:29:41Z,2025-05-07T19:40:41Z,2025-05-07T20:24:41Z,2025-05-08T01:53:41Z,20250507,1545,6,239,4,1,5,8,3,1,7236,1,50.9,21.0,41.0,232.0,276.0,329.0,False,False,True,True,SYNTHETIC_DEMO_DATA
1885,INC-00001885,2025-02-07T15:06:24Z,2025-02-07T15:28:24Z,2025-02-07T16:12:24Z,2025-02-07T18:09:24Z,2025-02-07T18:47:24Z,2025-02-08T00:25:24Z,20250207,1505,3,1,37,3,5,3,3,3,8450,1,71.1,22.0,66.0,183.0,221.0,338.0,False,False,True,True,SYNTHETIC_DEMO_DATA
1886,INC-00001886,2025-06-18T10:17:10Z,2025-06-18T10:31:10Z,2025-06-18T11:03:10Z,2025-06-18T13:08:10Z,2025-06-18T17:17:10Z,2025-06-18T18:10:10Z,20250618,1015,1,141,35,2,5,13,1,2,9045,1,55.9,14.0,46.0,171.0,420.0,53.0,False,False,False,True,SYNTHETIC_DEMO_DATA
1887,INC-00001887,2025-10-10T15:21:47Z,2025-10-10T15:37:47Z,2025-10-10T15:53:47Z,2025-10-10T18:13:47Z,2025-10-11T08:41:47Z,2025-10-11T19:15:47Z,20251010,1520,5,175,30,1,5,5,1,1,17450,1,34.8,16.0,32.0,172.0,1040.0,634.0,False,False,False,True,SYNTHETIC_DEMO_DATA
1888,INC-00001888,2026-06-20T08:06:49Z,2026-06-20T08:17:49Z,2026-06-20T08:43:49Z,2026-06-20T10:40:49Z,2026-06-20T12:45:49Z,2026-06-20T23:05:49Z,20260620,805,3,149,33,4,5,1,3,4,5259,1,100,11.0,37.0,154.0,279.0,620.0,True,False,True,True,SYNTHETIC_DEMO_DATA
1889,INC-00001889,2025-03-29T10:47:05Z,2025-03-29T11:24:05Z,2025-03-29T12:22:05Z,2025-03-29T13:45:05Z,2025-03-29T21:23:05Z,2025-03-30T07:18:05Z,20250329,1045,2,61,9,1,5,9,1,1,4727,1,38.0,37.0,95.0,178.0,636.0,595.0,False,False,False,True,SYNTHETIC_DEMO_DATA
1890,INC-00001890,2026-03-26T10:19:41Z,2026-03-26T12:28:41Z,2026-03-26T12:55:41Z,2026-03-26T16:19:41Z,2026-03-27T03:41:41Z,2026-03-27T04:08:41Z,20260326,1015,3,239,4,3,5,4,1,3,11100,1,84.8,129.0,156.0,360.0,1042.0,27.0,False,False,False,False,SYNTHETIC_DEMO_DATA
1891,INC-00001891,2025-12-15T15:07:17Z,2025-12-15T15:13:17Z,2025-12-15T15:27:17Z,2025-12-15T15:57:17Z,2025-12-15T17:30:17Z,,20251215,1505,1,154,41,4,4,16,1,4,11903,1,100,6.0,20.0,50.0,143.0,,True,False,False,True,SYNTHETIC_DEMO_DATA
1892,INC-00001892,2025-12-18T11:03:47Z,2025-12-18T11:21:47Z,2025-12-18T12:00:47Z,2025-12-18T12:27:47Z,2025-12-18T14:05:47Z,2025-12-18T21:50:47Z,20251218,1100,7,178,24,4,5,9,2,4,17267,1,99.4,18.0,57.0,84.0,182.0,465.0,True,False,True,True,SYNTHETIC_DEMO_DATA
1893,INC-00001893,2025-02-19T15:05:54Z,2025-02-19T15:34:54Z,2025-02-19T15:52:54Z,2025-02-19T19:39:54Z,2025-02-19T21:45:54Z,2025-02-20T05:25:54Z,20250219,1505,2,113,42,2,5,18,2,2,3629,1,65.8,29.0,47.0,274.0,400.0,460.0,False,False,True,True,SYNTHETIC_DEMO_DATA
1894,INC-00001894,2026-07-27T09:29:11Z,2026-07-27T09:40:11Z,2026-07-27T09:55:11Z,2026-07-27T10:25:11Z,2026-07-27T11:08:11Z,2026-07-27T13:21:11Z,20260727,925,4,72,27,2,5,11,4,2,12452,1,45.4,11.0,26.0,56.0,99.0,133.0,False,False,False,True,SYNTHETIC_DEMO_DATA
1895,INC-00001895,2025-03-11T19:43:59Z,2025-03-11T19:57:59Z,2025-03-11T20:50:59Z,2025-03-11T22:49:59Z,2025-03-12T00:30:59Z,2025-03-12T02:22:59Z,20250311,1940,6,186,17,1,5,3,1,1,6770,1,43.3,14.0,67.0,186.0,287.0,112.0,False,False,False,True,SYNTHETIC_DEMO_DATA
1896,INC-00001896,2025-06-11T08:39:36Z,2025-06-11T10:26:36Z,2025-06-11T10:38:36Z,2025-06-11T12:46:36Z,2025-06-11T16:27:36Z,2025-06-11T17:56:36Z,20250611,835,6,30,32,1,5,14,3,1,6345,1,42.7,107.0,119.0,247.0,468.0,89.0,False,False,True,True,SYNTHETIC_DEMO_DATA
1897,INC-00001897,2025-05-28T09:19:31Z,2025-05-28T09:27:31Z,2025-05-28T10:08:31Z,2025-05-28T11:13:31Z,2025-05-28T18:20:31Z,2025-05-28T18:33:31Z,20250528,915,1,31,18,3,5,9,1,3,11941,1,66.2,8.0,49.0,114.0,541.0,13.0,False,False,False,True,SYNTHETIC_DEMO_DATA
1898,INC-00001898,2026-03-12T14:20:32Z,2026-03-12T14:54:32Z,2026-03-12T15:20:32Z,2026-03-12T15:44:32Z,2026-03-12T19:46:32Z,2026-03-13T02:50:32Z,20260312,1420,5,98,19,2,5,1,1,2,2141,1,50.5,34.0,60.0,84.0,326.0,424.0,False,False,False,True,SYNTHETIC_DEMO_DATA
1899,INC-00001899,2025-10-22T07:03:36Z,2025-10-22T07:11:36Z,2025-10-22T07:18:36Z,2025-10-22T08:03:36Z,2025-10-22T08:34:36Z,2025-10-22T11:11:36Z,20251022,700,5,60,6,4,5,14,1,4,13175,1,100,8.0,15.0,60.0,91.0,157.0,True,False,False,True,SYNTHETIC_DEMO_DATA
1900,INC-00001900,2025-03-29T04:51:31Z,2025-03-29T05:03:31Z,2025-03-29T05:10:31Z,2025-03-29T05:28:31Z,2025-03-29T07:02:31Z,2025-03-29T07:34:31Z,20250329,450,2,11,26,4,5,7,3,4,4821,1,94.7,12.0,19.0,37.0,131.0,32.0,True,False,True,True,SYNTHETIC_DEMO_DATA
1901,INC-00001901,2025-11-19T07:39:15Z,2025-11-19T07:44:15Z,2025-11-19T08:02:15Z,2025-11-19T08:37:15Z,2025-11-19T11:52:15Z,2025-11-19T14:05:15Z,20251119,735,6,192,37,3,5,17,2,3,14445,1,69.2,5.0,23.0,58.0,253.0,133.0,False,False,True,True,SYNTHETIC_DEMO_DATA
1902,INC-00001902,2025-05-07T11:51:21Z,2025-05-07T12:02:21Z,2025-05-07T13:04:21Z,2025-05-07T15:50:21Z,2025-05-07T19:06:21Z,,20250507,1150,7,234,43,3,4,10,3,3,13893,1,60.5,11.0,73.0,239.0,435.0,,False,False,True,True,SYNTHETIC_DEMO_DATA
1903,INC-00001903,2025-10-30T07:02:27Z,2025-10-30T07:21:27Z,2025-10-30T07:29:27Z,2025-10-30T08:12:27Z,2025-10-30T20:45:27Z,2025-10-31T07:25:27Z,20251030,700,4,166,11,1,5,1,1,1,16126,1,43.0,19.0,27.0,70.0,823.0,640.0,True,False,False,True,SYNTHETIC_DEMO_DATA
1904,INC-00001904,2025-09-11T10:47:24Z,2025-09-11T11:07:24Z,2025-09-11T11:16:24Z,2025-09-11T11:47:24Z,2025-09-11T13:15:24Z,,20250911,1045,6,113,26,1,4,12,1,1,7377,1,50.0,20.0,29.0,60.0,148.0,,False,False,False,True,SYNTHETIC_DEMO_DATA
1905,INC-00001905,2026-04-28T12:29:24Z,2026-04-28T13:09:24Z,2026-04-28T13:20:24Z,2026-04-28T14:22:24Z,2026-04-28T16:12:24Z,,20260428,1225,1,138,10,2,4,6,4,2,1608,1,54.7,40.0,51.0,113.0,223.0,,False,False,False,True,SYNTHETIC_DEMO_DATA
1906,INC-00001906,2025-06-24T14:04:19Z,2025-06-24T14:50:19Z,2025-06-24T15:08:19Z,2025-06-24T15:55:19Z,2025-06-24T19:30:19Z,2025-06-25T05:46:19Z,20250624,1400,3,170,33,1,5,16,1,1,477,1,30.5,46.0,64.0,111.0,326.0,616.0,False,False,False,True,SYNTHETIC_DEMO_DATA
1907,INC-00001907,2025-08-29T11:15:12Z,2025-08-29T11:39:12Z,2025-08-29T11:51:12Z,2025-08-29T13:56:12Z,,,20250829,1115,1,232,6,1,3,9,0,1,3021,1,37.6,24.0,36.0,161.0,,,False,False,False,False,SYNTHETIC_DEMO_DATA
1908,INC-00001908,2025-08-10T14:26:18Z,2025-08-10T15:13:18Z,2025-08-10T16:09:18Z,2025-08-10T17:37:18Z,2025-08-10T21:28:18Z,2025-08-11T01:52:18Z,20250810,1425,7,237,18,2,5,3,1,2,13816,1,56.1,47.0,103.0,191.0,422.0,264.0,False,True,False,True,SYNTHETIC_DEMO_DATA
1909,INC-00001909,2025-04-18T15:45:46Z,2025-04-18T16:00:46Z,2025-04-18T16:08:46Z,2025-04-18T17:49:46Z,2025-04-18T22:37:46Z,2025-04-19T10:02:46Z,20250418,1545,6,74,35,1,5,13,1,1,5539,1,36.7,15.0,23.0,124.0,412.0,685.0,False,False,False,True,SYNTHETIC_DEMO_DATA
1910,INC-00001910,2025-05-25T22:18:03Z,2025-05-25T22:36:03Z,2025-05-25T23:06:03Z,2025-05-26T02:11:03Z,2025-05-26T04:55:03Z,2025-05-26T08:58:03Z,20250525,2215,1,76,27,2,5,7,3,2,4008,1,44.1,18.0,48.0,233.0,397.0,243.0,False,False,True,True,SYNTHETIC_DEMO_DATA
1911,INC-00001911,2025-10-05T09:51:07Z,2025-10-05T10:17:07Z,2025-10-05T10:46:07Z,2025-10-05T12:56:07Z,2025-10-05T14:28:07Z,2025-10-05T16:57:07Z,20251005,950,1,236,39,1,5,17,4,1,10109,1,42.9,26.0,55.0,185.0,277.0,149.0,False,False,False,True,SYNTHETIC_DEMO_DATA
1912,INC-00001912,2026-05-22T13:28:43Z,2026-05-22T13:49:43Z,2026-05-22T14:13:43Z,2026-05-22T17:22:43Z,2026-05-22T20:36:43Z,2026-05-22T21:42:43Z,20260522,1325,4,181,12,2,5,11,2,2,10918,1,55.8,21.0,45.0,234.0,428.0,66.0,False,False,True,True,SYNTHETIC_DEMO_DATA
1913,INC-00001913,2025-07-11T21:02:22Z,2025-07-11T21:06:22Z,2025-07-11T21:26:22Z,2025-07-12T00:59:22Z,2025-07-12T09:16:22Z,2025-07-12T14:41:22Z,20250711,2100,6,68,44,3,5,5,3,3,15802,1,83.2,4.0,24.0,237.0,734.0,325.0,False,False,True,True,SYNTHETIC_DEMO_DATA
1914,INC-00001914,2025-12-29T12:08:17Z,2025-12-29T13:03:17Z,2025-12-29T13:34:17Z,2025-12-29T17:54:17Z,2025-12-29T19:38:17Z,2025-12-30T01:55:17Z,20251229,1205,5,173,20,2,5,15,1,2,3368,1,63.7,55.0,86.0,346.0,450.0,377.0,True,False,False,True,SYNTHETIC_DEMO_DATA
1915,INC-00001915,2026-04-17T09:22:07Z,2026-04-17T10:04:07Z,2026-04-17T10:10:07Z,2026-04-17T10:55:07Z,2026-04-17T11:21:07Z,2026-04-17T14:52:07Z,20260417,920,4,118,36,3,5,9,1,3,10523,1,71.1,42.0,48.0,93.0,119.0,211.0,False,False,False,True,SYNTHETIC_DEMO_DATA
1916,INC-00001916,2026-05-24T20:55:21Z,2026-05-24T21:12:21Z,2026-05-24T21:34:21Z,2026-05-24T22:38:21Z,2026-05-25T03:11:21Z,2026-05-25T11:42:21Z,20260524,2055,1,176,6,2,5,1,1,2,5813,1,69.1,17.0,39.0,103.0,376.0,511.0,False,False,False,True,SYNTHETIC_DEMO_DATA
1917,INC-00001917,2025-09-11T13:48:49Z,2025-09-11T13:49:49Z,2025-09-11T14:37:49Z,2025-09-11T16:33:49Z,2025-09-12T07:45:49Z,2025-09-12T12:40:49Z,20250911,1345,1,65,7,2,5,12,1,2,8986,1,50.2,1.0,49.0,165.0,1077.0,295.0,False,False,False,True,SYNTHETIC_DEMO_DATA
1918,INC-00001918,2026-01-22T13:08:39Z,2026-01-22T13:51:39Z,2026-01-22T14:06:39Z,2026-01-22T22:02:39Z,2026-01-23T06:47:39Z,2026-01-23T15:03:39Z,20260122,1305,7,227,43,1,5,4,1,1,14500,1,33.3,43.0,58.0,534.0,1059.0,496.0,False,False,False,True,SYNTHETIC_DEMO_DATA
1919,INC-00001919,2026-02-19T12:35:57Z,2026-02-19T12:42:57Z,2026-02-19T13:40:57Z,,,,20260219,1235,5,59,24,3,2,17,0,3,1762,1,75.4,7.0,65.0,,,,False,False,False,False,SYNTHETIC_DEMO_DATA
1920,INC-00001920,2026-01-09T16:25:13Z,2026-01-09T16:48:13Z,2026-01-09T17:39:13Z,2026-01-09T17:45:13Z,2026-01-10T00:26:13Z,2026-01-10T06:27:13Z,20260109,1625,7,208,6,1,5,8,1,1,2881,1,40.9,23.0,74.0,80.0,481.0,361.0,False,False,False,True,SYNTHETIC_DEMO_DATA
1921,INC-00001921,2026-04-10T11:11:07Z,2026-04-10T11:20:07Z,2026-04-10T11:49:07Z,2026-04-10T12:14:07Z,2026-04-10T13:05:07Z,2026-04-11T00:25:07Z,20260410,1110,6,56,7,4,5,4,1,4,16534,1,95.8,9.0,38.0,63.0,114.0,680.0,True,False,False,True,SYNTHETIC_DEMO_DATA
1922,INC-00001922,2026-06-02T08:52:50Z,2026-06-02T09:41:50Z,2026-06-02T10:33:50Z,2026-06-02T12:44:50Z,2026-06-02T15:09:50Z,2026-06-02T19:22:50Z,20260602,850,5,108,23,2,5,13,1,2,6477,1,41.9,49.0,101.0,232.0,377.0,253.0,False,False,False,True,SYNTHETIC_DEMO_DATA
1923,INC-00001923,2025-09-05T12:37:47Z,2025-09-05T12:43:47Z,2025-09-05T12:56:47Z,2025-09-05T14:33:47Z,2025-09-05T15:58:47Z,2025-09-05T19:26:47Z,20250905,1235,6,77,11,1,5,5,1,1,4854,1,53.1,6.0,19.0,116.0,201.0,208.0,False,False,False,True,SYNTHETIC_DEMO_DATA
1924,INC-00001924,2025-04-10T07:42:37Z,2025-04-10T07:49:37Z,2025-04-10T08:13:37Z,2025-04-10T09:03:37Z,2025-04-10T11:24:37Z,2025-04-10T18:17:37Z,20250410,740,2,194,1,1,5,16,1,1,11010,1,47.5,7.0,31.0,81.0,222.0,413.0,False,False,False,True,SYNTHETIC_DEMO_DATA
1925,INC-00001925,2025-11-14T21:19:14Z,2025-11-14T21:34:14Z,2025-11-14T21:51:14Z,2025-11-14T22:17:14Z,2025-11-15T03:27:14Z,2025-11-15T07:45:14Z,20251114,2115,3,217,28,1,5,9,3,1,13964,1,60.2,15.0,32.0,58.0,368.0,258.0,True,False,True,True,SYNTHETIC_DEMO_DATA
1926,INC-00001926,2025-04-08T11:38:59Z,2025-04-08T12:10:59Z,2025-04-08T12:24:59Z,,,,20250408,1135,2,95,4,2,2,3,0,2,11724,1,66.5,32.0,46.0,,,,False,False,False,False,SYNTHETIC_DEMO_DATA
1927,INC-00001927,2025-07-08T13:32:38Z,2025-07-08T14:16:38Z,2025-07-08T14:37:38Z,2025-07-08T16:04:38Z,2025-07-08T21:54:38Z,2025-07-09T06:56:38Z,20250708,1330,1,101,18,1,5,13,1,1,9988,1,42.9,44.0,65.0,152.0,502.0,542.0,False,False,False,True,SYNTHETIC_DEMO_DATA
1928,INC-00001928,2025-05-15T14:34:08Z,2025-05-15T14:56:08Z,2025-05-15T15:14:08Z,2025-05-15T19:23:08Z,2025-05-15T21:04:08Z,2025-05-16T03:36:08Z,20250515,1430,5,145,1,2,5,7,1,2,5760,1,62.7,22.0,40.0,289.0,390.0,392.0,False,False,False,True,SYNTHETIC_DEMO_DATA
1929,INC-00001929,2025-07-30T11:12:17Z,2025-07-30T11:19:17Z,2025-07-30T11:31:17Z,2025-07-30T12:56:17Z,2025-07-31T00:46:17Z,,20250730,1110,2,58,36,1,4,17,3,1,14092,1,34.2,7.0,19.0,104.0,814.0,,False,False,True,True,SYNTHETIC_DEMO_DATA
1930,INC-00001930,2025-11-18T23:41:50Z,2025-11-18T23:53:50Z,2025-11-19T00:06:50Z,2025-11-19T00:41:50Z,2025-11-19T01:59:50Z,2025-11-19T03:57:50Z,20251118,2340,1,164,5,2,5,11,1,2,3482,1,55.6,12.0,25.0,60.0,138.0,118.0,False,False,False,True,SYNTHETIC_DEMO_DATA
1931,INC-00001931,2025-08-31T19:10:08Z,2025-08-31T19:55:08Z,2025-08-31T20:06:08Z,2025-08-31T21:59:08Z,2025-09-01T01:52:08Z,2025-09-01T10:35:08Z,20250831,1910,3,30,37,1,5,3,1,1,11717,1,38.8,45.0,56.0,169.0,402.0,523.0,False,False,False,True,SYNTHETIC_DEMO_DATA
1932,INC-00001932,2025-06-29T07:30:57Z,2025-06-29T07:37:57Z,2025-06-29T07:55:57Z,2025-06-29T10:38:57Z,2025-06-29T11:29:57Z,2025-06-29T15:46:57Z,20250629,730,2,61,36,4,5,17,1,4,13668,1,93.1,7.0,25.0,188.0,239.0,257.0,True,False,False,False,SYNTHETIC_DEMO_DATA
1933,INC-00001933,2026-03-03T11:31:58Z,2026-03-03T11:43:58Z,2026-03-03T11:50:58Z,2026-03-03T16:58:58Z,2026-03-03T18:48:58Z,2026-03-03T19:11:58Z,20260303,1130,3,229,6,1,5,7,1,1,5202,1,32.6,12.0,19.0,327.0,437.0,23.0,False,False,False,True,SYNTHETIC_DEMO_DATA
1934,INC-00001934,2026-03-01T18:22:36Z,2026-03-01T18:39:36Z,2026-03-01T18:56:36Z,2026-03-01T20:12:36Z,2026-03-01T21:53:36Z,2026-03-02T08:20:36Z,20260301,1820,2,216,44,1,5,18,1,1,15353,1,23.5,17.0,34.0,110.0,211.0,627.0,False,False,False,True,SYNTHETIC_DEMO_DATA
1935,INC-00001935,2026-04-08T15:21:06Z,2026-04-08T15:39:06Z,2026-04-08T16:21:06Z,2026-04-08T18:11:06Z,2026-04-09T05:02:06Z,2026-04-09T10:20:06Z,20260408,1520,3,105,26,2,5,12,1,2,11790,1,62.1,18.0,60.0,170.0,821.0,318.0,False,False,False,True,SYNTHETIC_DEMO_DATA
1936,INC-00001936,2025-12-14T20:13:23Z,2025-12-14T20:33:23Z,2025-12-14T21:00:23Z,2025-12-14T22:33:23Z,2025-12-14T23:31:23Z,2025-12-15T03:07:23Z,20251214,2010,6,85,21,3,5,6,1,3,5126,1,77.5,20.0,47.0,140.0,198.0,216.0,True,False,False,True,SYNTHETIC_DEMO_DATA
1937,INC-00001937,2026-05-15T05:00:14Z,2026-05-15T05:24:14Z,2026-05-15T06:06:14Z,2026-05-15T07:06:14Z,2026-05-15T13:21:14Z,2026-05-15T19:47:14Z,20260515,500,1,110,28,1,5,15,1,1,13161,1,40.5,24.0,66.0,126.0,501.0,386.0,False,False,False,True,SYNTHETIC_DEMO_DATA
1938,INC-00001938,2025-05-29T07:42:29Z,2025-05-29T08:27:29Z,2025-05-29T08:39:29Z,2025-05-29T10:59:29Z,2025-05-29T18:04:29Z,2025-05-29T22:30:29Z,20250529,740,7,66,45,1,5,8,2,1,11442,1,34.6,45.0,57.0,197.0,622.0,266.0,False,False,True,True,SYNTHETIC_DEMO_DATA
1939,INC-00001939,2025-06-12T17:34:21Z,2025-06-12T17:41:21Z,2025-06-12T18:24:21Z,2025-06-12T19:33:21Z,2025-06-12T21:29:21Z,2025-06-13T05:44:21Z,20250612,1730,6,7,18,4,5,4,1,4,4103,1,96.7,7.0,50.0,119.0,235.0,495.0,True,False,False,True,SYNTHETIC_DEMO_DATA
1940,INC-00001940,2026-01-10T10:39:18Z,2026-01-10T13:29:18Z,2026-01-10T13:44:18Z,2026-01-10T15:36:18Z,2026-01-11T01:32:18Z,2026-01-11T03:05:18Z,20260110,1035,6,236,30,2,5,13,1,2,8294,1,49.0,170.0,185.0,297.0,893.0,93.0,False,False,False,False,SYNTHETIC_DEMO_DATA
1941,INC-00001941,2026-06-04T14:40:54Z,2026-06-04T15:34:54Z,2026-06-04T16:13:54Z,2026-06-04T16:33:54Z,2026-06-04T17:16:54Z,2026-06-05T01:05:54Z,20260604,1440,1,181,3,5,5,9,1,5,17787,1,100,54.0,93.0,113.0,156.0,469.0,True,False,False,False,SYNTHETIC_DEMO_DATA
1942,INC-00001942,2026-05-19T22:33:08Z,2026-05-19T22:41:08Z,2026-05-19T23:02:08Z,2026-05-19T23:36:08Z,2026-05-20T02:48:08Z,2026-05-20T04:30:08Z,20260519,2230,6,18,37,4,5,1,4,4,16209,1,83.0,8.0,29.0,63.0,255.0,102.0,True,False,False,True,SYNTHETIC_DEMO_DATA
1943,INC-00001943,2025-02-20T13:11:59Z,2025-02-20T13:22:59Z,2025-02-20T13:25:59Z,2025-02-20T15:05:59Z,2025-02-20T17:19:59Z,2025-02-21T03:02:59Z,20250220,1310,6,84,33,1,5,9,1,1,17591,1,36.8,11.0,14.0,114.0,248.0,583.0,False,False,False,True,SYNTHETIC_DEMO_DATA
1944,INC-00001944,2025-02-28T17:39:17Z,2025-02-28T17:52:17Z,2025-02-28T19:08:17Z,2025-02-28T19:53:17Z,2025-02-28T22:13:17Z,2025-03-01T08:18:17Z,20250228,1735,7,23,44,2,5,3,3,2,3387,1,65.6,13.0,89.0,134.0,274.0,605.0,False,False,True,True,SYNTHETIC_DEMO_DATA
1945,INC-00001945,2026-07-15T18:23:51Z,2026-07-15T18:49:51Z,2026-07-15T19:25:51Z,2026-07-15T19:47:51Z,2026-07-16T01:08:51Z,2026-07-16T12:00:51Z,20260715,1820,1,32,30,2,5,14,1,2,10755,1,67.7,26.0,62.0,84.0,405.0,652.0,False,False,False,True,SYNTHETIC_DEMO_DATA
1946,INC-00001946,2025-06-30T16:18:45Z,2025-06-30T16:39:45Z,2025-06-30T16:55:45Z,2025-06-30T19:39:45Z,2025-06-30T21:22:45Z,2025-07-01T07:42:45Z,20250630,1615,6,7,4,1,5,6,4,1,2016,1,38.9,21.0,37.0,201.0,304.0,620.0,False,False,False,True,SYNTHETIC_DEMO_DATA
1947,INC-00001947,2025-05-10T12:48:25Z,2025-05-10T13:03:25Z,2025-05-10T13:44:25Z,2025-05-10T14:53:25Z,2025-05-10T19:24:25Z,2025-05-11T03:24:25Z,20250510,1245,4,141,4,2,5,18,1,2,6894,1,75.0,15.0,56.0,125.0,396.0,480.0,True,False,False,True,SYNTHETIC_DEMO_DATA
1948,INC-00001948,2025-10-02T02:54:03Z,2025-10-02T03:47:03Z,2025-10-02T04:02:03Z,2025-10-02T05:14:03Z,2025-10-02T07:25:03Z,2025-10-02T16:09:03Z,20251002,250,5,91,42,1,5,10,3,1,15674,1,48.8,53.0,68.0,140.0,271.0,524.0,False,False,True,True,SYNTHETIC_DEMO_DATA
1949,INC-00001949,2025-11-24T18:22:07Z,2025-11-24T18:47:07Z,2025-11-24T19:11:07Z,2025-11-24T19:19:07Z,2025-11-24T21:07:07Z,2025-11-25T07:15:07Z,20251124,1820,5,183,23,2,5,4,3,2,13998,1,57.7,25.0,49.0,57.0,165.0,608.0,False,False,True,True,SYNTHETIC_DEMO_DATA
1950,INC-00001950,2025-02-14T20:59:39Z,2025-02-14T21:40:39Z,2025-02-14T21:55:39Z,2025-02-14T22:13:39Z,2025-02-14T22:57:39Z,2025-02-15T08:44:39Z,20250214,2055,6,93,24,2,5,15,2,2,11056,1,53.8,41.0,56.0,74.0,118.0,587.0,False,False,True,True,SYNTHETIC_DEMO_DATA
1951,INC-00001951,2025-02-09T12:46:05Z,2025-02-09T13:07:05Z,2025-02-09T14:19:05Z,2025-02-09T15:50:05Z,2025-02-09T16:39:05Z,2025-02-09T19:57:05Z,20250209,1245,5,156,20,2,5,8,2,2,17862,1,49.2,21.0,93.0,184.0,233.0,198.0,False,False,True,True,SYNTHETIC_DEMO_DATA
1952,INC-00001952,2025-09-22T13:32:05Z,2025-09-22T13:44:05Z,2025-09-22T14:01:05Z,2025-09-22T21:01:05Z,2025-09-23T01:05:05Z,2025-09-23T11:32:05Z,20250922,1330,1,209,9,2,5,1,1,2,12871,1,53.3,12.0,29.0,449.0,693.0,627.0,False,False,False,True,SYNTHETIC_DEMO_DATA
1953,INC-00001953,2025-10-29T01:20:14Z,2025-10-29T01:32:14Z,2025-10-29T01:49:14Z,2025-10-29T03:06:14Z,2025-10-29T04:45:14Z,2025-10-29T06:42:14Z,20251029,120,1,106,16,1,5,11,1,1,7695,1,35.8,12.0,29.0,106.0,205.0,117.0,False,False,False,True,SYNTHETIC_DEMO_DATA
1954,INC-00001954,2026-04-10T17:52:52Z,2026-04-10T18:04:52Z,2026-04-10T18:13:52Z,2026-04-10T18:34:52Z,2026-04-10T21:22:52Z,2026-04-10T22:33:52Z,20260410,1750,5,80,14,2,5,5,1,2,14989,1,50.1,12.0,21.0,42.0,210.0,71.0,False,False,False,True,SYNTHETIC_DEMO_DATA
1955,INC-00001955,2026-04-07T18:01:20Z,2026-04-07T18:23:20Z,2026-04-07T18:43:20Z,2026-04-07T19:06:20Z,2026-04-07T20:38:20Z,2026-04-08T01:50:20Z,20260407,1800,2,100,5,3,5,17,1,3,777,1,73.9,22.0,42.0,65.0,157.0,312.0,False,False,False,True,SYNTHETIC_DEMO_DATA
1956,INC-00001956,2025-04-24T18:51:57Z,2025-04-24T19:03:57Z,2025-04-24T19:14:57Z,,,,20250424,1850,6,181,6,3,2,10,0,3,8895,1,72.0,12.0,23.0,,,,False,False,False,False,SYNTHETIC_DEMO_DATA
1957,INC-00001957,2026-06-07T11:20:37Z,2026-06-07T12:06:37Z,2026-06-07T12:33:37Z,2026-06-07T12:59:37Z,2026-06-07T15:57:37Z,2026-06-07T23:32:37Z,20260607,1120,3,206,43,3,5,3,1,3,9811,1,64.0,46.0,73.0,99.0,277.0,455.0,False,False,False,True,SYNTHETIC_DEMO_DATA
1958,INC-00001958,2026-05-07T10:57:44Z,2026-05-07T12:04:44Z,2026-05-07T12:13:44Z,2026-05-07T12:22:44Z,2026-05-08T04:27:44Z,2026-05-08T08:19:44Z,20260507,1055,4,56,33,1,5,12,1,1,3684,1,49.1,67.0,76.0,85.0,1050.0,232.0,True,False,False,True,SYNTHETIC_DEMO_DATA
1959,INC-00001959,2026-07-03T19:09:50Z,2026-07-03T19:34:50Z,2026-07-03T19:43:50Z,2026-07-03T20:08:50Z,2026-07-03T23:50:50Z,2026-07-04T00:58:50Z,20260703,1905,2,125,36,3,5,7,1,3,3665,1,57.3,25.0,34.0,59.0,281.0,68.0,False,False,False,True,SYNTHETIC_DEMO_DATA
1960,INC-00001960,2025-03-05T22:54:56Z,2025-03-05T23:28:56Z,2025-03-05T23:54:56Z,2025-03-06T00:44:56Z,2025-03-06T04:04:56Z,2025-03-06T12:33:56Z,20250305,2250,6,146,10,1,5,16,1,1,13062,1,40.6,34.0,60.0,110.0,310.0,509.0,False,False,False,True,SYNTHETIC_DEMO_DATA
1961,INC-00001961,2026-03-25T21:54:26Z,2026-03-25T22:28:26Z,2026-03-25T22:34:26Z,2026-03-26T00:51:26Z,2026-03-26T17:26:26Z,2026-03-27T02:54:26Z,20260325,2150,3,57,34,1,5,9,3,1,3890,1,40.4,34.0,40.0,177.0,1172.0,568.0,False,True,True,True,SYNTHETIC_DEMO_DATA
1962,INC-00001962,2025-10-22T11:39:44Z,2025-10-22T11:49:44Z,2025-10-22T12:09:44Z,2025-10-22T12:50:44Z,2025-10-22T16:08:44Z,2025-10-23T02:54:44Z,20251022,1135,7,11,12,2,5,3,1,2,7422,1,57.0,10.0,30.0,71.0,269.0,646.0,False,False,False,True,SYNTHETIC_DEMO_DATA
1963,INC-00001963,2025-08-26T13:16:17Z,2025-08-26T13:59:17Z,2025-08-26T14:14:17Z,2025-08-26T14:51:17Z,2025-08-26T15:11:17Z,2025-08-27T01:47:17Z,20250826,1315,4,109,30,3,5,15,1,3,9402,1,73.4,43.0,58.0,95.0,115.0,636.0,False,False,False,True,SYNTHETIC_DEMO_DATA
1964,INC-00001964,2025-05-11T10:50:29Z,2025-05-11T10:57:29Z,2025-05-11T11:22:29Z,2025-05-11T11:48:29Z,2025-05-11T12:57:29Z,2025-05-11T15:57:29Z,20250511,1050,6,240,28,3,5,8,4,3,7889,1,74.1,7.0,32.0,58.0,127.0,180.0,False,False,False,True,SYNTHETIC_DEMO_DATA
1965,INC-00001965,2025-09-24T13:26:13Z,2025-09-24T13:39:13Z,2025-09-24T13:58:13Z,2025-09-24T14:51:13Z,2025-09-24T15:23:13Z,2025-09-25T01:49:13Z,20250924,1325,7,158,34,2,5,18,1,2,341,1,62.8,13.0,32.0,85.0,117.0,626.0,False,False,False,True,SYNTHETIC_DEMO_DATA
1966,INC-00001966,2025-09-18T16:37:21Z,2025-09-18T17:13:21Z,2025-09-18T17:51:21Z,2025-09-18T18:15:21Z,2025-09-18T22:13:21Z,2025-09-18T23:39:21Z,20250918,1635,6,51,3,1,5,10,3,1,9590,1,45.3,36.0,74.0,98.0,336.0,86.0,False,False,True,True,SYNTHETIC_DEMO_DATA
1967,INC-00001967,2025-02-25T13:40:03Z,2025-02-25T14:01:03Z,2025-02-25T14:10:03Z,2025-02-25T14:58:03Z,2025-02-25T21:08:03Z,2025-02-26T00:58:03Z,20250225,1340,6,188,12,1,5,3,1,1,6222,1,31.1,21.0,30.0,78.0,448.0,230.0,False,False,False,True,SYNTHETIC_DEMO_DATA
1968,INC-00001968,2026-04-27T15:50:20Z,2026-04-27T17:00:20Z,2026-04-27T17:15:20Z,2026-04-27T21:52:20Z,2026-04-28T03:59:20Z,2026-04-28T05:26:20Z,20260427,1550,7,63,9,1,5,14,1,1,6412,1,23.5,70.0,85.0,362.0,729.0,87.0,False,False,False,True,SYNTHETIC_DEMO_DATA
1969,INC-00001969,2025-04-22T19:23:18Z,2025-04-22T19:39:18Z,2025-04-22T19:45:18Z,2025-04-22T20:57:18Z,2025-04-23T00:15:18Z,2025-04-23T02:51:18Z,20250422,1920,5,191,7,2,5,8,1,2,1968,1,67.6,16.0,22.0,94.0,292.0,156.0,True,False,False,True,SYNTHETIC_DEMO_DATA
1970,INC-00001970,2025-10-05T09:55:49Z,2025-10-05T10:24:49Z,2025-10-05T10:41:49Z,2025-10-05T11:40:49Z,2025-10-05T13:47:49Z,2025-10-05T15:51:49Z,20251005,955,2,14,29,2,5,1,3,2,6889,1,64.2,29.0,46.0,105.0,232.0,124.0,False,False,True,True,SYNTHETIC_DEMO_DATA
1971,INC-00001971,2025-07-12T21:36:10Z,2025-07-12T21:50:10Z,2025-07-12T22:00:10Z,2025-07-12T23:10:10Z,2025-07-13T01:26:10Z,2025-07-13T02:56:10Z,20250712,2135,2,24,18,2,5,12,1,2,16114,1,62.8,14.0,24.0,94.0,230.0,90.0,False,False,False,True,SYNTHETIC_DEMO_DATA
1972,INC-00001972,2026-03-14T18:12:40Z,2026-03-14T18:46:40Z,2026-03-14T19:19:40Z,2026-03-14T21:59:40Z,2026-03-15T02:17:40Z,,20260314,1810,6,123,34,5,4,8,1,5,14102,1,100,34.0,67.0,227.0,485.0,,True,False,False,False,SYNTHETIC_DEMO_DATA
1973,INC-00001973,2026-04-17T12:37:25Z,2026-04-17T12:57:25Z,2026-04-17T13:51:25Z,2026-04-17T15:51:25Z,2026-04-17T19:27:25Z,2026-04-17T20:34:25Z,20260417,1235,1,212,8,1,5,15,1,1,3631,1,54.5,20.0,74.0,194.0,410.0,67.0,False,False,False,True,SYNTHETIC_DEMO_DATA
1974,INC-00001974,2025-08-21T14:45:23Z,2025-08-21T15:13:23Z,2025-08-21T15:26:23Z,2025-08-21T16:44:23Z,2025-08-21T17:45:23Z,2025-08-22T04:35:23Z,20250821,1445,3,140,43,2,5,9,1,2,8155,1,67.2,28.0,41.0,119.0,180.0,650.0,False,False,False,True,SYNTHETIC_DEMO_DATA
1975,INC-00001975,2025-08-05T18:00:20Z,2025-08-05T18:11:20Z,2025-08-05T18:20:20Z,2025-08-05T23:09:20Z,2025-08-06T02:14:20Z,2025-08-06T12:23:20Z,20250805,1800,3,172,11,3,5,3,1,3,5239,1,71.7,11.0,20.0,309.0,494.0,609.0,False,False,False,True,SYNTHETIC_DEMO_DATA
1976,INC-00001976,2025-03-29T12:39:04Z,2025-03-29T14:07:04Z,2025-03-29T14:26:04Z,2025-03-29T14:46:04Z,2025-03-29T20:45:04Z,,20250329,1235,7,83,23,1,4,12,1,1,13280,1,34.1,88.0,107.0,127.0,486.0,,False,False,False,True,SYNTHETIC_DEMO_DATA
1977,INC-00001977,2026-03-13T11:32:08Z,2026-03-13T11:48:08Z,2026-03-13T12:05:08Z,2026-03-13T15:39:08Z,2026-03-13T18:20:08Z,2026-03-13T21:11:08Z,20260313,1130,4,116,21,4,5,8,1,4,10246,1,89.8,16.0,33.0,247.0,408.0,171.0,True,False,False,False,SYNTHETIC_DEMO_DATA
1978,INC-00001978,2026-06-02T05:48:09Z,2026-06-02T06:25:09Z,2026-06-02T06:32:09Z,2026-06-02T09:37:09Z,2026-06-02T12:28:09Z,2026-06-02T19:02:09Z,20260602,545,2,122,23,1,5,16,2,1,17489,1,52.8,37.0,44.0,229.0,400.0,394.0,False,False,True,True,SYNTHETIC_DEMO_DATA
1979,INC-00001979,2025-02-28T07:39:30Z,2025-02-28T08:34:30Z,2025-02-28T08:45:30Z,2025-02-28T10:16:30Z,2025-02-28T15:10:30Z,2025-02-28T20:51:30Z,20250228,735,5,47,29,3,5,11,1,3,15358,1,70.6,55.0,66.0,157.0,451.0,341.0,False,False,False,True,SYNTHETIC_DEMO_DATA
1980,INC-00001980,2025-11-25T15:37:58Z,2025-11-25T16:23:58Z,2025-11-25T17:20:58Z,2025-11-25T17:58:58Z,2025-11-25T21:01:58Z,,20251125,1535,1,113,22,1,4,2,3,1,16854,1,65.4,46.0,103.0,141.0,324.0,,True,False,True,True,SYNTHETIC_DEMO_DATA
1981,INC-00001981,2026-06-19T11:09:25Z,2026-06-19T11:17:25Z,2026-06-19T11:43:25Z,2026-06-19T14:59:25Z,2026-06-19T16:05:25Z,2026-06-19T20:59:25Z,20260619,1105,7,118,5,2,5,14,1,2,3003,1,55.8,8.0,34.0,230.0,296.0,294.0,False,False,False,True,SYNTHETIC_DEMO_DATA
1982,INC-00001982,2026-01-13T16:05:08Z,2026-01-13T16:56:08Z,2026-01-13T17:24:08Z,2026-01-14T00:04:08Z,2026-01-14T01:57:08Z,2026-01-14T06:39:08Z,20260113,1605,4,60,29,1,5,6,2,1,14732,1,47.4,51.0,79.0,479.0,592.0,282.0,False,False,True,True,SYNTHETIC_DEMO_DATA
1983,INC-00001983,2026-04-28T16:50:25Z,2026-04-28T17:00:25Z,2026-04-28T17:28:25Z,2026-04-28T20:43:25Z,2026-04-28T23:16:25Z,2026-04-28T23:34:25Z,20260428,1650,3,147,3,1,5,17,2,1,15001,1,36.5,10.0,38.0,233.0,386.0,18.0,False,False,True,True,SYNTHETIC_DEMO_DATA
1984,INC-00001984,2026-05-30T21:36:16Z,2026-05-30T22:00:16Z,2026-05-30T22:19:16Z,2026-05-30T22:54:16Z,2026-05-30T23:09:16Z,2026-05-31T01:25:16Z,20260530,2135,6,152,41,3,5,12,1,3,14019,1,64.9,24.0,43.0,78.0,93.0,136.0,False,False,False,True,SYNTHETIC_DEMO_DATA
1985,INC-00001985,2025-12-27T11:53:49Z,2025-12-27T12:20:49Z,2025-12-27T12:30:49Z,2025-12-27T14:13:49Z,2025-12-27T18:16:49Z,2025-12-28T01:40:49Z,20251227,1150,5,88,40,2,5,4,1,2,5637,1,57.8,27.0,37.0,140.0,383.0,444.0,False,False,False,True,SYNTHETIC_DEMO_DATA
1986,INC-00001986,2025-03-24T20:08:37Z,2025-03-24T20:15:37Z,2025-03-24T20:28:37Z,2025-03-24T21:56:37Z,2025-03-25T01:02:37Z,2025-03-25T04:31:37Z,20250324,2005,2,133,12,2,5,15,1,2,16014,1,54.6,7.0,20.0,108.0,294.0,209.0,False,False,False,True,SYNTHETIC_DEMO_DATA
1987,INC-00001987,2025-08-25T20:17:28Z,2025-08-25T20:36:28Z,2025-08-25T20:39:28Z,2025-08-25T21:16:28Z,2025-08-25T22:13:28Z,2025-08-26T03:26:28Z,20250825,2015,4,226,12,3,5,9,3,3,17466,1,76.1,19.0,22.0,59.0,116.0,313.0,False,False,True,True,SYNTHETIC_DEMO_DATA
1988,INC-00001988,2026-01-24T12:31:36Z,2026-01-24T12:42:36Z,2026-01-24T13:00:36Z,2026-01-24T18:58:36Z,2026-01-24T22:36:36Z,2026-01-25T03:33:36Z,20260124,1230,2,195,4,2,5,1,3,2,8338,1,61.6,11.0,29.0,387.0,605.0,297.0,False,False,True,True,SYNTHETIC_DEMO_DATA
1989,INC-00001989,2025-10-23T20:58:26Z,2025-10-23T21:32:26Z,2025-10-23T21:46:26Z,2025-10-23T23:12:26Z,2025-10-24T23:19:26Z,,20251023,2055,7,91,7,2,4,12,4,2,2658,1,61.9,34.0,48.0,134.0,1581.0,,False,False,False,True,SYNTHETIC_DEMO_DATA
1990,INC-00001990,2026-06-29T18:27:02Z,2026-06-29T18:45:02Z,2026-06-29T18:57:02Z,,,,20260629,1825,1,21,19,4,2,0,0,4,10200,1,97.7,18.0,30.0,,,,True,False,False,False,SYNTHETIC_DEMO_DATA
1991,INC-00001991,2025-03-28T10:00:43Z,2025-03-28T10:08:43Z,2025-03-28T10:24:43Z,2025-03-28T13:59:43Z,2025-03-28T15:11:43Z,2025-03-28T22:25:43Z,20250328,1000,6,194,12,2,5,16,2,2,2203,1,79.6,8.0,24.0,239.0,311.0,434.0,True,False,True,True,SYNTHETIC_DEMO_DATA
1992,INC-00001992,2026-03-14T13:05:38Z,2026-03-14T13:22:38Z,2026-03-14T13:35:38Z,,,,20260314,1305,6,225,42,5,2,12,0,5,10726,1,100,17.0,30.0,,,,True,False,False,False,SYNTHETIC_DEMO_DATA
1993,INC-00001993,2025-07-13T16:36:34Z,2025-07-13T16:50:34Z,2025-07-13T17:13:34Z,2025-07-13T19:02:34Z,2025-07-13T20:40:34Z,2025-07-14T03:20:34Z,20250713,1635,6,233,17,1,5,1,1,1,14088,1,35.9,14.0,37.0,146.0,244.0,400.0,False,False,False,True,SYNTHETIC_DEMO_DATA
1994,INC-00001994,2026-07-01T13:24:42Z,2026-07-01T14:02:42Z,2026-07-01T14:21:42Z,2026-07-01T15:31:42Z,2026-07-01T16:06:42Z,2026-07-01T18:07:42Z,20260701,1320,7,171,18,3,5,14,1,3,8998,1,53.6,38.0,57.0,127.0,162.0,121.0,False,False,False,True,SYNTHETIC_DEMO_DATA
1995,INC-00001995,2025-06-19T21:13:54Z,2025-06-19T21:23:54Z,2025-06-19T21:38:54Z,2025-06-19T23:27:54Z,2025-06-20T11:23:54Z,2025-06-20T22:14:54Z,20250619,2110,3,207,5,1,5,5,1,1,4011,1,30.6,10.0,25.0,134.0,850.0,651.0,False,False,False,True,SYNTHETIC_DEMO_DATA
1996,INC-00001996,2025-06-16T12:54:15Z,2025-06-16T13:09:15Z,2025-06-16T13:15:15Z,2025-06-16T15:20:15Z,2025-06-16T19:48:15Z,2025-06-16T23:59:15Z,20250616,1250,4,29,37,3,5,18,1,3,11329,1,71.2,15.0,21.0,146.0,414.0,251.0,False,False,False,True,SYNTHETIC_DEMO_DATA
1997,INC-00001997,2025-04-21T17:24:48Z,2025-04-21T17:32:48Z,2025-04-21T17:43:48Z,2025-04-21T18:22:48Z,2025-04-21T21:26:48Z,2025-04-22T05:17:48Z,20250421,1720,5,86,37,2,5,10,1,2,6584,1,62.3,8.0,19.0,58.0,242.0,471.0,False,False,False,True,SYNTHETIC_DEMO_DATA
1998,INC-00001998,2025-05-31T16:32:29Z,2025-05-31T16:56:29Z,2025-05-31T17:19:29Z,2025-05-31T19:33:29Z,,,20250531,1630,6,133,18,2,3,3,0,2,12699,1,54.4,24.0,47.0,181.0,,,False,False,False,False,SYNTHETIC_DEMO_DATA
1999,INC-00001999,2025-10-27T07:41:00Z,2025-10-27T07:58:00Z,2025-10-27T08:16:00Z,2025-10-27T10:42:00Z,2025-10-27T11:28:00Z,2025-10-27T23:04:00Z,20251027,740,1,162,45,2,5,14,2,2,2852,1,41.5,17.0,35.0,181.0,227.0,696.0,False,False,True,True,SYNTHETIC_DEMO_DATA
2000,INC-00002000,2025-11-11T21:01:09Z,2025-11-11T21:13:09Z,2025-11-11T21:15:09Z,2025-11-11T22:51:09Z,2025-11-12T02:33:09Z,2025-11-12T12:06:09Z,20251111,2100,7,46,18,3,5,8,1,3,2652,1,70.4,12.0,14.0,110.0,332.0,573.0,False,False,False,True,SYNTHETIC_DEMO_DATA
2001,INC-00002001,2025-08-10T11:45:52Z,2025-08-10T12:00:52Z,2025-08-10T12:49:52Z,2025-08-10T13:00:52Z,2025-08-10T15:58:52Z,2025-08-10T18:21:52Z,20250810,1145,6,139,23,5,5,3,1,5,14530,1,100,15.0,64.0,75.0,253.0,143.0,True,False,False,False,SYNTHETIC_DEMO_DATA
2002,INC-00002002,2025-10-26T11:10:30Z,2025-10-26T11:35:30Z,2025-10-26T11:50:30Z,,,,20251026,1110,7,24,7,2,2,11,0,2,9293,1,74.2,25.0,40.0,,,,True,False,False,False,SYNTHETIC_DEMO_DATA
2003,INC-00002003,2025-06-29T07:12:22Z,2025-06-29T07:17:22Z,2025-06-29T07:22:22Z,2025-06-29T07:42:22Z,2025-06-29T08:52:22Z,2025-06-29T17:34:22Z,20250629,710,7,158,31,4,5,6,1,4,1047,1,100,5.0,10.0,30.0,100.0,522.0,True,False,False,True,SYNTHETIC_DEMO_DATA
2004,INC-00002004,2026-05-20T14:35:12Z,2026-05-20T14:45:12Z,2026-05-20T15:12:12Z,2026-05-20T17:30:12Z,2026-05-20T18:46:12Z,2026-05-20T19:06:12Z,20260520,1435,7,11,1,2,5,15,1,2,13847,1,56.6,10.0,37.0,175.0,251.0,20.0,False,False,False,True,SYNTHETIC_DEMO_DATA
2005,INC-00002005,2025-08-19T11:30:03Z,2025-08-19T12:02:03Z,2025-08-19T12:35:03Z,2025-08-19T13:33:03Z,2025-08-19T17:19:03Z,2025-08-19T23:58:03Z,20250819,1130,5,16,37,1,5,7,1,1,10504,1,39.9,32.0,65.0,123.0,349.0,399.0,False,False,False,True,SYNTHETIC_DEMO_DATA
2006,INC-00002006,2025-05-19T13:26:48Z,2025-05-19T13:45:48Z,2025-05-19T14:09:48Z,2025-05-19T14:38:48Z,2025-05-19T16:01:48Z,,20250519,1325,4,174,11,3,4,2,1,3,11484,1,63.6,19.0,43.0,72.0,155.0,,False,False,False,True,SYNTHETIC_DEMO_DATA
2007,INC-00002007,2026-07-03T09:17:49Z,,,,,,20260703,915,7,99,4,1,1,11,0,1,4698,1,24.1,,,,,,False,False,False,False,SYNTHETIC_DEMO_DATA
2008,INC-00002008,2026-04-23T13:44:32Z,2026-04-23T14:03:32Z,2026-04-23T14:29:32Z,2026-04-23T15:22:32Z,2026-04-23T21:18:32Z,2026-04-23T21:53:32Z,20260423,1340,6,119,43,3,5,6,1,3,8027,1,68.1,19.0,45.0,98.0,454.0,35.0,False,False,False,True,SYNTHETIC_DEMO_DATA
2009,INC-00002009,2025-04-08T22:46:22Z,2025-04-08T22:54:22Z,2025-04-08T23:01:22Z,2025-04-09T00:34:22Z,2025-04-09T03:19:22Z,2025-04-09T05:46:22Z,20250408,2245,3,142,4,1,5,15,1,1,12674,1,35.6,8.0,15.0,108.0,273.0,147.0,False,False,False,True,SYNTHETIC_DEMO_DATA
2010,INC-00002010,2026-03-24T09:02:51Z,2026-03-24T09:24:51Z,2026-03-24T09:54:51Z,2026-03-24T13:33:51Z,2026-03-24T18:22:51Z,2026-03-25T00:00:51Z,20260324,900,6,232,32,2,5,9,2,2,729,1,55.1,22.0,52.0,271.0,560.0,338.0,False,False,True,True,SYNTHETIC_DEMO_DATA
2011,INC-00002011,2025-03-30T13:31:39Z,2025-03-30T13:44:39Z,2025-03-30T14:28:39Z,2025-03-30T15:43:39Z,2025-03-30T20:35:39Z,2025-03-31T00:00:39Z,20250330,1330,1,92,33,4,5,4,4,4,11130,1,92.6,13.0,57.0,132.0,424.0,205.0,True,False,False,True,SYNTHETIC_DEMO_DATA
2012,INC-00002012,2025-08-08T20:16:36Z,2025-08-08T20:37:36Z,2025-08-08T21:22:36Z,2025-08-08T23:16:36Z,2025-08-09T02:12:36Z,,20250808,2015,5,56,8,2,4,13,1,2,5263,1,51.9,21.0,66.0,180.0,356.0,,False,False,False,True,SYNTHETIC_DEMO_DATA
2013,INC-00002013,2026-01-25T00:53:05Z,2026-01-25T00:59:05Z,2026-01-25T01:36:05Z,2026-01-25T02:52:05Z,2026-01-25T05:55:05Z,2026-01-25T06:23:05Z,20260125,50,6,154,17,1,5,5,4,1,10716,1,55.7,6.0,43.0,119.0,302.0,28.0,True,False,False,True,SYNTHETIC_DEMO_DATA
2014,INC-00002014,2025-08-17T14:36:59Z,2025-08-17T14:52:59Z,2025-08-17T15:08:59Z,2025-08-17T15:52:59Z,2025-08-17T16:58:59Z,,20250817,1435,5,155,41,3,4,18,1,3,9668,1,72.1,16.0,32.0,76.0,142.0,,False,True,False,True,SYNTHETIC_DEMO_DATA
2015,INC-00002015,2026-02-25T14:35:20Z,2026-02-25T14:42:20Z,2026-02-25T15:40:20Z,2026-02-25T16:24:20Z,2026-02-25T18:39:20Z,,20260225,1435,3,218,36,3,4,11,1,3,4232,1,69.5,7.0,65.0,109.0,244.0,,False,False,False,True,SYNTHETIC_DEMO_DATA
2016,INC-00002016,2026-06-08T11:32:02Z,2026-06-08T11:45:02Z,2026-06-08T12:12:02Z,2026-06-08T13:18:02Z,2026-06-08T15:42:02Z,,20260608,1130,4,171,12,1,4,2,1,1,17769,1,25.6,13.0,40.0,106.0,250.0,,False,False,False,True,SYNTHETIC_DEMO_DATA
2017,INC-00002017,2026-02-05T06:19:44Z,2026-02-05T06:51:44Z,2026-02-05T07:37:44Z,2026-02-05T07:57:44Z,2026-02-05T10:24:44Z,2026-02-05T19:23:44Z,20260205,615,6,20,12,2,5,14,3,2,14672,1,57.2,32.0,78.0,98.0,245.0,539.0,False,False,True,True,SYNTHETIC_DEMO_DATA
2018,INC-00002018,2026-06-15T11:45:31Z,2026-06-15T11:53:31Z,2026-06-15T12:05:31Z,2026-06-15T12:46:31Z,2026-06-15T13:20:31Z,2026-06-15T15:12:31Z,20260615,1145,1,147,24,3,5,8,1,3,16834,1,68.4,8.0,20.0,61.0,95.0,112.0,False,False,False,True,SYNTHETIC_DEMO_DATA
2019,INC-00002019,2026-05-04T04:37:54Z,2026-05-04T04:49:54Z,2026-05-04T05:20:54Z,2026-05-04T10:34:54Z,2026-05-04T16:57:54Z,2026-05-04T17:35:54Z,20260504,435,7,17,17,1,5,17,1,1,13409,1,30.3,12.0,43.0,357.0,740.0,38.0,False,False,False,True,SYNTHETIC_DEMO_DATA
2020,INC-00002020,2025-12-06T12:44:50Z,2025-12-06T14:23:50Z,2025-12-06T14:53:50Z,2025-12-06T15:11:50Z,2025-12-06T16:37:50Z,2025-12-07T04:26:50Z,20251206,1240,7,76,2,1,5,10,1,1,5749,1,28.6,99.0,129.0,147.0,233.0,709.0,False,False,False,True,SYNTHETIC_DEMO_DATA
2021,INC-00002021,2025-03-20T18:25:23Z,2025-03-20T19:03:23Z,2025-03-20T19:11:23Z,2025-03-20T21:23:23Z,2025-03-21T00:15:23Z,,20250320,1825,6,119,11,1,4,3,2,1,12188,1,35.7,38.0,46.0,178.0,350.0,,False,False,True,True,SYNTHETIC_DEMO_DATA
2022,INC-00002022,2025-04-03T10:37:22Z,2025-04-03T11:11:22Z,2025-04-03T11:32:22Z,2025-04-03T12:29:22Z,2025-04-03T14:10:22Z,2025-04-03T23:19:22Z,20250403,1035,1,146,15,1,5,14,1,1,10038,1,35.2,34.0,55.0,112.0,213.0,549.0,False,False,False,True,SYNTHETIC_DEMO_DATA
2023,INC-00002023,2025-12-28T15:03:58Z,,,,,,20251228,1500,7,220,3,1,1,7,0,1,16478,1,28.8,,,,,,False,False,False,False,SYNTHETIC_DEMO_DATA
2024,INC-00002024,2025-04-24T11:32:52Z,2025-04-24T11:36:52Z,2025-04-24T11:45:52Z,2025-04-24T12:18:52Z,2025-04-24T14:37:52Z,2025-04-24T22:27:52Z,20250424,1130,3,26,21,5,5,4,1,5,275,1,100,4.0,13.0,46.0,185.0,470.0,True,False,False,True,SYNTHETIC_DEMO_DATA
2025,INC-00002025,2025-04-04T15:41:34Z,2025-04-04T15:57:34Z,2025-04-04T16:10:34Z,2025-04-04T16:57:34Z,2025-04-04T18:28:34Z,2025-04-04T23:02:34Z,20250404,1540,7,165,23,3,5,13,3,3,5839,1,64.7,16.0,29.0,76.0,167.0,274.0,False,False,True,True,SYNTHETIC_DEMO_DATA
2026,INC-00002026,2025-11-28T14:30:58Z,2025-11-28T14:46:58Z,2025-11-28T14:59:58Z,2025-11-28T15:57:58Z,2025-11-28T22:55:58Z,2025-11-29T05:09:58Z,20251128,1430,3,100,13,1,5,4,3,1,13728,1,47.9,16.0,29.0,87.0,505.0,374.0,False,False,True,True,SYNTHETIC_DEMO_DATA
2027,INC-00002027,2026-07-07T16:25:18Z,2026-07-07T16:39:18Z,2026-07-07T16:44:18Z,2026-07-07T20:02:18Z,,,20260707,1625,4,166,27,1,3,15,0,1,6784,1,32.6,14.0,19.0,217.0,,,False,False,False,False,SYNTHETIC_DEMO_DATA
2028,INC-00002028,2025-11-27T17:04:58Z,2025-11-27T17:24:58Z,2025-11-27T17:39:58Z,2025-11-27T20:05:58Z,2025-11-28T09:39:58Z,2025-11-28T14:10:58Z,20251127,1700,4,160,22,2,5,9,2,2,14629,1,50.3,20.0,35.0,181.0,995.0,271.0,False,False,True,True,SYNTHETIC_DEMO_DATA
2029,INC-00002029,2025-05-15T09:39:21Z,2025-05-15T09:54:21Z,2025-05-15T10:05:21Z,2025-05-15T11:05:21Z,2025-05-15T15:23:21Z,2025-05-16T02:49:21Z,20250515,935,7,131,9,1,5,1,1,1,16521,1,54.5,15.0,26.0,86.0,344.0,686.0,False,False,False,True,SYNTHETIC_DEMO_DATA
2030,INC-00002030,2026-07-05T16:42:21Z,2026-07-05T17:10:21Z,2026-07-05T17:23:21Z,2026-07-05T20:22:21Z,2026-07-05T23:08:21Z,2026-07-06T10:54:21Z,20260705,1640,2,51,3,2,5,13,3,2,6982,1,59.0,28.0,41.0,220.0,386.0,706.0,False,False,True,True,SYNTHETIC_DEMO_DATA
2031,INC-00002031,2025-08-13T14:10:50Z,2025-08-13T14:27:50Z,2025-08-13T16:17:50Z,2025-08-13T21:33:50Z,2025-08-13T22:28:50Z,2025-08-14T06:13:50Z,20250813,1410,6,143,43,2,5,6,3,2,212,1,44.6,17.0,127.0,443.0,498.0,465.0,False,False,True,True,SYNTHETIC_DEMO_DATA
2032,INC-00002032,2025-07-23T12:51:06Z,2025-07-23T12:55:06Z,2025-07-23T13:09:06Z,2025-07-23T13:28:06Z,2025-07-23T14:10:06Z,,20250723,1250,2,164,24,5,4,2,1,5,6679,1,100,4.0,18.0,37.0,79.0,,True,False,False,True,SYNTHETIC_DEMO_DATA
2033,INC-00002033,2026-05-18T10:43:45Z,2026-05-18T10:52:45Z,2026-05-18T11:59:45Z,2026-05-18T18:41:45Z,2026-05-18T20:00:45Z,2026-05-19T03:59:45Z,20260518,1040,7,14,18,3,5,11,2,3,13434,1,81.8,9.0,76.0,478.0,557.0,479.0,False,False,True,False,SYNTHETIC_DEMO_DATA
2034,INC-00002034,2026-07-29T07:54:54Z,2026-07-29T08:04:54Z,2026-07-29T08:33:54Z,2026-07-29T11:37:54Z,,,20260729,750,6,129,42,2,3,3,0,2,7033,1,54.5,10.0,39.0,223.0,,,False,False,False,False,SYNTHETIC_DEMO_DATA
2035,INC-00002035,2026-03-04T10:16:48Z,2026-03-04T10:27:48Z,2026-03-04T10:42:48Z,2026-03-04T12:50:48Z,2026-03-04T15:36:48Z,2026-03-05T01:42:48Z,20260304,1015,5,176,24,1,5,13,2,1,2584,1,66.4,11.0,26.0,154.0,320.0,606.0,True,False,True,True,SYNTHETIC_DEMO_DATA
2036,INC-00002036,2025-02-25T13:34:33Z,2025-02-25T13:51:33Z,2025-02-25T13:58:33Z,2025-02-25T15:28:33Z,2025-02-25T16:20:33Z,2025-02-26T00:14:33Z,20250225,1330,6,185,2,4,5,9,1,4,13437,1,100,17.0,24.0,114.0,166.0,474.0,True,False,False,True,SYNTHETIC_DEMO_DATA
2037,INC-00002037,2026-06-27T10:12:39Z,2026-06-27T10:28:39Z,2026-06-27T10:38:39Z,2026-06-27T12:33:39Z,2026-06-28T01:36:39Z,,20260627,1010,5,232,35,2,4,18,3,2,17348,1,56.9,16.0,26.0,141.0,924.0,,False,False,True,True,SYNTHETIC_DEMO_DATA
2038,INC-00002038,2026-03-04T11:23:50Z,2026-03-04T11:41:50Z,2026-03-04T12:01:50Z,2026-03-04T12:38:50Z,2026-03-04T16:10:50Z,2026-03-05T02:27:50Z,20260304,1120,3,108,33,1,5,10,1,1,7797,1,27.0,18.0,38.0,75.0,287.0,617.0,False,False,False,True,SYNTHETIC_DEMO_DATA
2039,INC-00002039,2026-06-05T16:26:04Z,2026-06-05T16:55:04Z,2026-06-05T17:11:04Z,2026-06-05T19:10:04Z,2026-06-06T04:35:04Z,2026-06-06T09:40:04Z,20260605,1625,2,48,10,1,5,3,3,1,3737,1,41.9,29.0,45.0,164.0,729.0,305.0,False,False,True,True,SYNTHETIC_DEMO_DATA
2040,INC-00002040,2025-02-04T13:31:45Z,2025-02-04T13:49:45Z,2025-02-04T14:16:45Z,2025-02-04T16:32:45Z,2025-02-04T17:17:45Z,2025-02-04T22:22:45Z,20250204,1330,2,163,20,2,5,15,1,2,1739,1,58.3,18.0,45.0,181.0,226.0,305.0,False,False,False,True,SYNTHETIC_DEMO_DATA
2041,INC-00002041,2026-02-06T09:30:40Z,2026-02-06T09:42:40Z,2026-02-06T10:25:40Z,2026-02-06T12:52:40Z,2026-02-06T14:37:40Z,2026-02-06T17:09:40Z,20260206,930,6,69,40,3,5,9,3,3,5092,1,70.7,12.0,55.0,202.0,307.0,152.0,False,False,True,True,SYNTHETIC_DEMO_DATA
2042,INC-00002042,2025-08-02T18:20:30Z,2025-08-02T18:28:30Z,2025-08-02T18:46:30Z,2025-08-02T21:30:30Z,2025-08-02T22:32:30Z,2025-08-03T06:57:30Z,20250802,1820,6,183,41,3,5,2,3,3,8721,1,65.5,8.0,26.0,190.0,252.0,505.0,False,False,True,True,SYNTHETIC_DEMO_DATA
2043,INC-00002043,2026-06-05T09:34:29Z,2026-06-05T10:40:29Z,2026-06-05T10:56:29Z,2026-06-05T13:48:29Z,2026-06-06T03:17:29Z,2026-06-06T12:53:29Z,20260605,930,3,126,23,1,5,11,2,1,4209,1,24.1,66.0,82.0,254.0,1063.0,576.0,False,False,True,True,SYNTHETIC_DEMO_DATA
2044,INC-00002044,2026-06-26T06:42:06Z,2026-06-26T07:21:06Z,2026-06-26T07:34:06Z,2026-06-26T09:04:06Z,2026-06-26T15:40:06Z,2026-06-26T20:22:06Z,20260626,640,3,110,11,2,5,5,4,2,582,1,57.1,39.0,52.0,142.0,538.0,282.0,False,False,False,True,SYNTHETIC_DEMO_DATA
2045,INC-00002045,2026-04-01T09:10:28Z,2026-04-01T09:58:28Z,2026-04-01T10:35:28Z,2026-04-01T14:57:28Z,2026-04-02T02:26:28Z,2026-04-02T02:51:28Z,20260401,910,2,87,3,1,5,15,3,1,11115,1,39.9,48.0,85.0,347.0,1036.0,25.0,False,False,True,True,SYNTHETIC_DEMO_DATA
2046,INC-00002046,2025-11-26T16:18:22Z,2025-11-26T16:39:22Z,2025-11-26T17:34:22Z,2025-11-26T19:16:22Z,2025-11-26T21:48:22Z,2025-11-27T09:21:22Z,20251126,1615,6,121,26,4,5,11,1,4,4939,1,91.7,21.0,76.0,178.0,330.0,693.0,True,False,False,True,SYNTHETIC_DEMO_DATA
2047,INC-00002047,2025-10-10T14:17:37Z,2025-10-10T15:22:37Z,2025-10-10T15:34:37Z,2025-10-10T17:13:37Z,2025-10-10T18:36:37Z,2025-10-10T21:17:37Z,20251010,1415,1,9,4,1,5,1,1,1,6674,1,27.0,65.0,77.0,176.0,259.0,161.0,False,False,False,True,SYNTHETIC_DEMO_DATA
2048,INC-00002048,2026-05-01T16:52:54Z,2026-05-01T17:14:54Z,2026-05-01T17:25:54Z,2026-05-01T18:29:54Z,2026-05-01T22:10:54Z,,20260501,1650,7,206,9,1,4,12,1,1,17859,1,28.4,22.0,33.0,97.0,318.0,,False,False,False,True,SYNTHETIC_DEMO_DATA
2049,INC-00002049,2025-04-15T13:36:07Z,2025-04-15T13:46:07Z,2025-04-15T14:08:07Z,2025-04-15T17:07:07Z,2025-04-15T18:26:07Z,2025-04-15T23:23:07Z,20250415,1335,3,47,36,2,5,6,1,2,14782,1,52.9,10.0,32.0,211.0,290.0,297.0,False,False,False,True,SYNTHETIC_DEMO_DATA
2050,INC-00002050,2026-02-26T17:23:52Z,2026-02-26T17:39:52Z,2026-02-26T17:47:52Z,2026-02-26T20:25:52Z,2026-02-26T21:32:52Z,2026-02-26T22:39:52Z,20260226,1720,1,1,16,1,5,16,3,1,3038,1,39.0,16.0,24.0,182.0,249.0,67.0,False,False,True,True,SYNTHETIC_DEMO_DATA
2051,INC-00002051,2025-07-03T13:03:04Z,2025-07-03T13:09:04Z,2025-07-03T13:37:04Z,2025-07-03T14:18:04Z,2025-07-03T14:35:04Z,2025-07-03T15:41:04Z,20250703,1300,4,207,34,4,5,12,1,4,11844,1,83.4,6.0,34.0,75.0,92.0,66.0,True,False,False,True,SYNTHETIC_DEMO_DATA
2052,INC-00002052,2026-05-26T15:06:11Z,2026-05-26T15:39:11Z,2026-05-26T16:11:11Z,,,,20260526,1505,2,52,45,1,2,2,0,1,15977,1,34.9,33.0,65.0,,,,False,False,False,False,SYNTHETIC_DEMO_DATA
2053,INC-00002053,2025-03-23T16:27:58Z,2025-03-23T16:31:58Z,2025-03-23T16:53:58Z,2025-03-23T18:27:58Z,2025-03-24T02:41:58Z,2025-03-24T04:04:58Z,20250323,1625,1,51,38,4,5,16,1,4,7217,1,100,4.0,26.0,120.0,614.0,83.0,True,False,False,True,SYNTHETIC_DEMO_DATA
2054,INC-00002054,2025-08-16T13:46:12Z,2025-08-16T14:03:12Z,2025-08-16T14:30:12Z,2025-08-16T15:10:12Z,2025-08-16T16:58:12Z,2025-08-17T02:55:12Z,20250816,1345,4,44,43,1,5,6,2,1,1728,1,32.2,17.0,44.0,84.0,192.0,597.0,False,False,True,True,SYNTHETIC_DEMO_DATA
2055,INC-00002055,2026-05-25T18:20:57Z,2026-05-25T18:40:57Z,2026-05-25T19:03:57Z,2026-05-26T00:52:57Z,2026-05-26T06:09:57Z,,20260525,1820,1,96,27,1,4,17,1,1,3901,1,42.6,20.0,43.0,392.0,709.0,,False,False,False,True,SYNTHETIC_DEMO_DATA
2056,INC-00002056,2025-07-17T16:18:51Z,2025-07-17T16:25:51Z,2025-07-17T16:39:51Z,2025-07-17T19:36:51Z,2025-07-17T21:58:51Z,2025-07-18T00:54:51Z,20250717,1615,7,208,3,2,5,11,3,2,2014,1,55.9,7.0,21.0,198.0,340.0,176.0,False,False,True,True,SYNTHETIC_DEMO_DATA
2057,INC-00002057,2025-05-07T09:11:29Z,2025-05-07T09:59:29Z,2025-05-07T10:47:29Z,2025-05-07T15:00:29Z,2025-05-07T18:56:29Z,2025-05-07T20:01:29Z,20250507,910,5,26,41,3,5,5,3,3,9554,1,76.6,48.0,96.0,349.0,585.0,65.0,True,False,True,True,SYNTHETIC_DEMO_DATA
2058,INC-00002058,2026-01-13T09:00:15Z,2026-01-13T09:05:15Z,2026-01-13T09:10:15Z,2026-01-13T10:08:15Z,2026-01-13T12:36:15Z,2026-01-13T14:52:15Z,20260113,900,2,213,6,2,5,15,1,2,7999,1,63.3,5.0,10.0,68.0,216.0,136.0,False,False,False,True,SYNTHETIC_DEMO_DATA
2059,INC-00002059,2025-05-19T03:25:43Z,2025-05-19T04:26:43Z,2025-05-19T04:56:43Z,2025-05-19T10:40:43Z,2025-05-19T14:37:43Z,,20250519,325,1,30,1,2,4,8,1,2,13246,1,54.5,61.0,91.0,435.0,672.0,,False,False,False,True,SYNTHETIC_DEMO_DATA
2060,INC-00002060,2025-10-23T12:44:19Z,2025-10-23T13:17:19Z,2025-10-23T13:35:19Z,2025-10-23T14:59:19Z,2025-10-23T17:12:19Z,,20251023,1240,2,89,22,1,4,18,1,1,12679,1,34.1,33.0,51.0,135.0,268.0,,False,False,False,True,SYNTHETIC_DEMO_DATA
2061,INC-00002061,2026-02-25T17:15:59Z,2026-02-25T17:31:59Z,2026-02-25T17:55:59Z,2026-02-25T20:48:59Z,2026-02-26T07:42:59Z,2026-02-26T09:44:59Z,20260225,1715,2,124,41,1,5,11,2,1,14250,1,41.7,16.0,40.0,213.0,867.0,122.0,False,False,True,True,SYNTHETIC_DEMO_DATA
2062,INC-00002062,2025-06-14T16:53:36Z,2025-06-14T17:24:36Z,2025-06-14T17:40:36Z,2025-06-14T18:35:36Z,2025-06-15T01:09:36Z,2025-06-15T11:00:36Z,20250614,1650,2,58,33,1,5,4,1,1,1690,1,32.1,31.0,47.0,102.0,496.0,591.0,False,False,False,True,SYNTHETIC_DEMO_DATA
2063,INC-00002063,2025-09-02T15:30:28Z,2025-09-02T16:46:28Z,2025-09-02T17:15:28Z,2025-09-02T17:46:28Z,2025-09-02T19:39:28Z,2025-09-03T04:27:28Z,20250902,1530,6,136,15,1,5,15,1,1,2186,1,40.2,76.0,105.0,136.0,249.0,528.0,False,False,False,True,SYNTHETIC_DEMO_DATA
2064,INC-00002064,2026-01-26T09:47:11Z,2026-01-26T10:03:11Z,2026-01-26T10:10:11Z,2026-01-26T10:42:11Z,2026-01-26T10:56:11Z,2026-01-26T12:40:11Z,20260126,945,7,171,45,3,5,10,1,3,6988,1,56.9,16.0,23.0,55.0,69.0,104.0,False,False,False,True,SYNTHETIC_DEMO_DATA
2065,INC-00002065,2026-07-26T15:12:27Z,2026-07-26T16:07:27Z,2026-07-26T16:18:27Z,2026-07-26T16:41:27Z,2026-07-26T18:50:27Z,,20260726,1510,1,88,27,5,4,5,1,5,7863,1,100,55.0,66.0,89.0,218.0,,True,False,False,False,SYNTHETIC_DEMO_DATA
2066,INC-00002066,2025-08-19T15:50:21Z,2025-08-19T16:20:21Z,2025-08-19T17:01:21Z,2025-08-19T17:59:21Z,2025-08-20T01:30:21Z,2025-08-20T03:54:21Z,20250819,1550,4,196,3,2,5,13,3,2,7875,1,56.3,30.0,71.0,129.0,580.0,144.0,False,False,True,True,SYNTHETIC_DEMO_DATA
2067,INC-00002067,2026-06-06T20:42:36Z,2026-06-06T21:05:36Z,2026-06-06T21:17:36Z,2026-06-06T22:06:36Z,2026-06-06T23:07:36Z,2026-06-07T06:43:36Z,20260606,2040,1,6,4,1,5,5,1,1,5382,1,43.7,23.0,35.0,84.0,145.0,456.0,False,True,False,True,SYNTHETIC_DEMO_DATA
2068,INC-00002068,2026-01-17T16:08:46Z,2026-01-17T16:42:46Z,2026-01-17T17:14:46Z,2026-01-17T23:27:46Z,2026-01-18T01:05:46Z,2026-01-18T10:48:46Z,20260117,1605,6,25,8,1,5,16,3,1,1201,1,45.7,34.0,66.0,439.0,537.0,583.0,True,False,True,True,SYNTHETIC_DEMO_DATA
2069,INC-00002069,2025-12-29T12:50:18Z,2025-12-29T13:04:18Z,2025-12-29T13:20:18Z,2025-12-29T17:32:18Z,2025-12-29T22:25:18Z,2025-12-30T06:26:18Z,20251229,1250,6,193,42,2,5,10,1,2,7450,1,44.8,14.0,30.0,282.0,575.0,481.0,False,False,False,True,SYNTHETIC_DEMO_DATA
2070,INC-00002070,2026-02-21T15:25:16Z,2026-02-21T16:05:16Z,2026-02-21T16:19:16Z,2026-02-21T16:47:16Z,2026-02-21T17:39:16Z,2026-02-22T02:38:16Z,20260221,1525,6,48,5,4,5,5,1,4,4935,1,99.3,40.0,54.0,82.0,134.0,539.0,True,False,False,False,SYNTHETIC_DEMO_DATA
2071,INC-00002071,2026-06-30T08:53:15Z,2026-06-30T10:14:15Z,2026-06-30T10:43:15Z,2026-06-30T11:09:15Z,2026-06-30T14:26:15Z,,20260630,850,3,163,4,1,4,13,1,1,17568,1,46.7,81.0,110.0,136.0,333.0,,False,False,False,True,SYNTHETIC_DEMO_DATA
2072,INC-00002072,2026-01-14T20:11:59Z,2026-01-14T20:13:59Z,2026-01-14T20:41:59Z,2026-01-14T21:16:59Z,2026-01-14T23:36:59Z,2026-01-15T08:27:59Z,20260114,2010,1,72,22,2,5,7,2,2,14896,1,41.0,2.0,30.0,65.0,205.0,531.0,False,False,True,True,SYNTHETIC_DEMO_DATA
2073,INC-00002073,2025-12-16T14:09:52Z,2025-12-16T14:39:52Z,2025-12-16T14:50:52Z,2025-12-16T16:00:52Z,2025-12-16T17:39:52Z,2025-12-16T19:30:52Z,20251216,1405,3,151,37,1,5,17,1,1,6044,1,37.7,30.0,41.0,111.0,210.0,111.0,False,False,False,True,SYNTHETIC_DEMO_DATA
2074,INC-00002074,2026-03-14T17:31:24Z,2026-03-14T17:39:24Z,2026-03-14T17:48:24Z,2026-03-14T20:33:24Z,2026-03-15T08:37:24Z,,20260314,1730,4,221,12,2,4,11,4,2,8081,1,63.9,8.0,17.0,182.0,906.0,,False,False,False,True,SYNTHETIC_DEMO_DATA
2075,INC-00002075,2026-04-19T08:32:06Z,2026-04-19T08:50:06Z,2026-04-19T08:56:06Z,2026-04-19T10:10:06Z,2026-04-19T10:40:06Z,2026-04-19T21:46:06Z,20260419,830,3,160,39,5,5,7,3,5,7811,1,100,18.0,24.0,98.0,128.0,666.0,True,False,True,False,SYNTHETIC_DEMO_DATA
2076,INC-00002076,2025-03-27T16:21:47Z,2025-03-27T16:36:47Z,2025-03-27T16:49:47Z,2025-03-27T18:38:47Z,2025-03-27T18:57:47Z,2025-03-27T22:18:47Z,20250327,1620,5,63,28,1,5,14,2,1,3700,1,23.6,15.0,28.0,137.0,156.0,201.0,False,False,True,True,SYNTHETIC_DEMO_DATA
2077,INC-00002077,2025-11-09T09:03:33Z,2025-11-09T09:34:33Z,2025-11-09T10:08:33Z,2025-11-09T11:39:33Z,2025-11-09T21:21:33Z,2025-11-10T02:46:33Z,20251109,900,7,67,37,1,5,7,1,1,13078,1,34.2,31.0,65.0,156.0,738.0,325.0,False,False,False,True,SYNTHETIC_DEMO_DATA
2078,INC-00002078,2025-08-09T16:10:11Z,2025-08-09T16:21:11Z,2025-08-09T16:39:11Z,2025-08-09T19:40:11Z,2025-08-10T04:01:11Z,,20250809,1610,6,161,39,1,4,18,3,1,776,1,30.8,11.0,29.0,210.0,711.0,,False,False,True,True,SYNTHETIC_DEMO_DATA
2079,INC-00002079,2026-06-24T09:01:15Z,2026-06-24T09:07:15Z,2026-06-24T09:15:15Z,2026-06-24T11:07:15Z,2026-06-24T13:12:15Z,2026-06-24T21:10:15Z,20260624,900,7,11,23,3,5,13,1,3,17157,1,83.4,6.0,14.0,126.0,251.0,478.0,True,False,False,True,SYNTHETIC_DEMO_DATA
2080,INC-00002080,2025-11-18T05:27:06Z,2025-11-18T05:40:06Z,2025-11-18T05:51:06Z,2025-11-18T07:14:06Z,2025-11-18T10:39:06Z,2025-11-18T18:21:06Z,20251118,525,4,62,38,2,5,5,3,2,5220,1,49.7,13.0,24.0,107.0,312.0,462.0,False,False,True,True,SYNTHETIC_DEMO_DATA
2081,INC-00002081,2025-06-11T19:38:31Z,2025-06-11T19:48:31Z,2025-06-11T19:57:31Z,2025-06-11T20:15:31Z,2025-06-11T22:17:31Z,2025-06-12T03:25:31Z,20250611,1935,1,239,29,1,5,15,1,1,10535,1,50.3,10.0,19.0,37.0,159.0,308.0,False,False,False,True,SYNTHETIC_DEMO_DATA
2082,INC-00002082,2025-12-24T11:21:42Z,2025-12-24T11:31:42Z,2025-12-24T12:09:42Z,2025-12-24T12:45:42Z,2025-12-24T13:54:42Z,2025-12-24T22:22:42Z,20251224,1120,3,149,13,4,5,11,1,4,6629,1,100,10.0,48.0,84.0,153.0,508.0,True,False,False,True,SYNTHETIC_DEMO_DATA
2083,INC-00002083,2025-06-18T13:21:31Z,2025-06-18T13:36:31Z,2025-06-18T13:58:31Z,2025-06-18T15:04:31Z,2025-06-18T17:36:31Z,2025-06-19T05:11:31Z,20250618,1320,6,218,21,4,5,4,2,4,8587,1,92.9,15.0,37.0,103.0,255.0,695.0,True,False,True,True,SYNTHETIC_DEMO_DATA
2084,INC-00002084,2026-01-10T19:16:55Z,2026-01-10T19:21:55Z,2026-01-10T20:00:55Z,2026-01-10T21:38:55Z,2026-01-11T03:17:55Z,2026-01-11T11:38:55Z,20260110,1915,7,69,29,1,5,12,1,1,3830,1,39.4,5.0,44.0,142.0,481.0,501.0,False,False,False,True,SYNTHETIC_DEMO_DATA
2085,INC-00002085,2025-11-16T17:24:44Z,2025-11-16T17:35:44Z,2025-11-16T17:54:44Z,2025-11-16T18:39:44Z,2025-11-17T00:29:44Z,,20251116,1720,2,128,24,2,4,6,1,2,13706,1,50.8,11.0,30.0,75.0,425.0,,False,False,False,True,SYNTHETIC_DEMO_DATA
2086,INC-00002086,2025-06-24T09:10:43Z,2025-06-24T09:17:43Z,2025-06-24T09:31:43Z,2025-06-24T10:49:43Z,2025-06-24T17:35:43Z,2025-06-24T20:34:43Z,20250624,910,3,136,18,1,5,16,2,1,12812,1,46.5,7.0,21.0,99.0,505.0,179.0,False,False,True,True,SYNTHETIC_DEMO_DATA
2087,INC-00002087,2026-01-02T06:55:52Z,2026-01-02T07:11:52Z,2026-01-02T07:35:52Z,2026-01-02T08:17:52Z,2026-01-02T09:32:52Z,2026-01-02T14:43:52Z,20260102,655,6,76,3,3,5,11,1,3,15742,1,57.9,16.0,40.0,82.0,157.0,311.0,False,False,False,True,SYNTHETIC_DEMO_DATA
2088,INC-00002088,2025-04-13T11:29:57Z,2025-04-13T11:57:57Z,2025-04-13T12:08:57Z,2025-04-13T12:33:57Z,2025-04-13T15:08:57Z,2025-04-14T00:07:57Z,20250413,1125,4,155,2,2,5,3,1,2,11172,1,49.3,28.0,39.0,64.0,219.0,539.0,False,False,False,True,SYNTHETIC_DEMO_DATA
2089,INC-00002089,2025-07-16T10:27:24Z,2025-07-16T11:30:24Z,2025-07-16T11:40:24Z,2025-07-16T13:25:24Z,2025-07-16T20:09:24Z,2025-07-17T06:56:24Z,20250716,1025,3,91,22,1,5,13,1,1,10488,1,39.6,63.0,73.0,178.0,582.0,647.0,False,False,False,True,SYNTHETIC_DEMO_DATA
2090,INC-00002090,2026-05-08T13:56:53Z,2026-05-08T14:20:53Z,2026-05-08T14:42:53Z,2026-05-08T15:47:53Z,2026-05-08T20:53:53Z,2026-05-08T23:58:53Z,20260508,1355,3,221,9,1,5,6,1,1,17301,1,57.2,24.0,46.0,111.0,417.0,185.0,True,False,False,True,SYNTHETIC_DEMO_DATA
2091,INC-00002091,2025-11-09T11:53:33Z,2025-11-09T12:50:33Z,2025-11-09T13:13:33Z,2025-11-09T16:19:33Z,2025-11-09T18:54:33Z,,20251109,1150,1,174,4,1,4,17,3,1,13240,1,33.1,57.0,80.0,266.0,421.0,,False,False,True,True,SYNTHETIC_DEMO_DATA
2092,INC-00002092,2025-04-16T13:27:59Z,2025-04-16T13:57:59Z,2025-04-16T14:26:59Z,2025-04-16T19:15:59Z,2025-04-16T19:49:59Z,2025-04-16T20:11:59Z,20250416,1325,5,165,35,1,5,10,1,1,15400,1,38.6,30.0,59.0,348.0,382.0,22.0,False,False,False,True,SYNTHETIC_DEMO_DATA
2093,INC-00002093,2025-02-25T19:40:34Z,2025-02-25T19:57:34Z,2025-02-25T20:33:34Z,2025-02-25T21:58:34Z,2025-02-25T23:20:34Z,2025-02-26T00:14:34Z,20250225,1940,6,60,23,3,5,5,1,3,7700,1,72.3,17.0,53.0,138.0,220.0,54.0,False,False,False,True,SYNTHETIC_DEMO_DATA
2094,INC-00002094,2025-02-19T06:50:54Z,2025-02-19T07:35:54Z,2025-02-19T09:52:54Z,2025-02-19T11:24:54Z,2025-02-19T14:35:54Z,2025-02-19T23:36:54Z,20250219,650,3,104,29,3,5,16,1,3,3815,1,84.4,45.0,182.0,274.0,465.0,541.0,False,False,False,True,SYNTHETIC_DEMO_DATA
2095,INC-00002095,2026-04-15T07:37:13Z,2026-04-15T07:51:13Z,2026-04-15T08:08:13Z,2026-04-15T11:58:13Z,2026-04-15T23:17:13Z,2026-04-16T04:23:13Z,20260415,735,4,144,37,2,5,8,1,2,9831,1,36.5,14.0,31.0,261.0,940.0,306.0,False,False,False,True,SYNTHETIC_DEMO_DATA
2096,INC-00002096,2025-03-20T11:10:56Z,2025-03-20T12:08:56Z,2025-03-20T12:17:56Z,2025-03-20T14:19:56Z,2025-03-20T16:23:56Z,2025-03-21T00:29:56Z,20250320,1110,4,61,8,3,5,2,1,3,9107,1,65.4,58.0,67.0,189.0,313.0,486.0,False,False,False,True,SYNTHETIC_DEMO_DATA
2097,INC-00002097,2026-01-02T13:35:21Z,2026-01-02T16:56:21Z,2026-01-02T17:38:21Z,2026-01-02T19:05:21Z,2026-01-02T20:22:21Z,2026-01-03T05:25:21Z,20260102,1335,7,103,26,2,5,12,3,2,1203,1,44.2,201.0,243.0,330.0,407.0,543.0,False,False,True,False,SYNTHETIC_DEMO_DATA
2098,INC-00002098,2025-10-07T09:41:39Z,2025-10-07T09:45:39Z,2025-10-07T10:10:39Z,2025-10-07T12:15:39Z,2025-10-07T13:38:39Z,2025-10-08T01:21:39Z,20251007,940,7,189,44,4,5,7,4,4,50,1,84.8,4.0,29.0,154.0,237.0,703.0,True,False,False,True,SYNTHETIC_DEMO_DATA
2099,INC-00002099,2025-04-09T11:25:36Z,2025-04-09T11:29:36Z,2025-04-09T11:49:36Z,2025-04-09T15:41:36Z,2025-04-09T18:19:36Z,2025-04-10T03:15:36Z,20250409,1125,7,89,6,3,5,17,3,3,11631,1,65.5,4.0,24.0,256.0,414.0,536.0,False,False,True,True,SYNTHETIC_DEMO_DATA
2100,INC-00002100,2026-01-23T23:04:45Z,2026-01-24T00:00:45Z,2026-01-24T00:26:45Z,2026-01-24T03:29:45Z,2026-01-24T04:50:45Z,2026-01-24T06:04:45Z,20260123,2300,3,36,39,1,5,8,3,1,8893,1,30.3,56.0,82.0,265.0,346.0,74.0,False,False,True,True,SYNTHETIC_DEMO_DATA
2101,INC-00002101,2025-07-14T18:45:55Z,2025-07-14T19:37:55Z,2025-07-14T19:47:55Z,2025-07-14T21:33:55Z,2025-07-14T23:35:55Z,2025-07-14T23:48:55Z,20250714,1845,7,237,35,2,5,2,3,2,14534,1,63.2,52.0,62.0,168.0,290.0,13.0,True,False,True,True,SYNTHETIC_DEMO_DATA
2102,INC-00002102,2026-06-24T18:23:25Z,2026-06-24T18:50:25Z,2026-06-24T19:04:25Z,2026-06-25T02:33:25Z,2026-06-25T03:29:25Z,2026-06-25T12:31:25Z,20260624,1820,1,225,18,2,5,13,1,2,7998,1,37.0,27.0,41.0,490.0,546.0,542.0,False,False,False,True,SYNTHETIC_DEMO_DATA
2103,INC-00002103,2025-11-02T23:46:22Z,2025-11-03T00:11:22Z,2025-11-03T00:41:22Z,2025-11-03T02:37:22Z,2025-11-03T03:32:22Z,2025-11-03T13:19:22Z,20251102,2345,3,10,43,4,5,8,1,4,16920,1,97.1,25.0,55.0,171.0,226.0,587.0,True,False,False,True,SYNTHETIC_DEMO_DATA
2104,INC-00002104,2026-03-05T17:29:02Z,2026-03-05T17:38:02Z,2026-03-05T17:41:02Z,2026-03-05T18:14:02Z,2026-03-06T01:06:02Z,2026-03-06T06:45:02Z,20260305,1725,5,48,23,2,5,17,3,2,1664,1,53.4,9.0,12.0,45.0,457.0,339.0,False,False,True,True,SYNTHETIC_DEMO_DATA
2105,INC-00002105,2026-07-31T09:21:19Z,2026-07-31T09:48:19Z,2026-07-31T10:58:19Z,2026-07-31T14:18:19Z,2026-07-31T15:33:19Z,2026-08-01T02:46:19Z,20260731,920,7,239,30,1,5,9,1,1,709,1,48.2,27.0,97.0,297.0,372.0,673.0,False,False,False,True,SYNTHETIC_DEMO_DATA
2106,INC-00002106,2025-11-15T12:23:05Z,2025-11-15T12:32:05Z,2025-11-15T13:10:05Z,2025-11-15T13:51:05Z,2025-11-15T15:10:05Z,2025-11-16T02:05:05Z,20251115,1220,5,15,24,2,5,3,1,2,7242,1,57.8,9.0,47.0,88.0,167.0,655.0,False,False,False,True,SYNTHETIC_DEMO_DATA
2107,INC-00002107,2025-11-19T22:01:44Z,2025-11-19T22:14:44Z,2025-11-19T22:25:44Z,2025-11-19T22:29:44Z,2025-11-20T00:51:44Z,2025-11-20T08:03:44Z,20251119,2200,4,62,45,5,5,17,1,5,14832,1,100,13.0,24.0,28.0,170.0,432.0,True,False,False,True,SYNTHETIC_DEMO_DATA
2108,INC-00002108,2026-04-29T22:58:16Z,2026-04-29T23:11:16Z,2026-04-30T00:43:16Z,2026-04-30T01:37:16Z,2026-04-30T09:20:16Z,2026-04-30T17:36:16Z,20260429,2255,1,188,35,1,5,6,1,1,12551,1,30.5,13.0,105.0,159.0,622.0,496.0,False,False,False,True,SYNTHETIC_DEMO_DATA
2109,INC-00002109,2025-07-03T08:35:38Z,2025-07-03T08:48:38Z,2025-07-03T09:19:38Z,,,,20250703,835,2,51,15,3,2,1,0,3,9394,1,71.1,13.0,44.0,,,,False,False,False,False,SYNTHETIC_DEMO_DATA
2110,INC-00002110,2026-02-19T11:56:17Z,2026-02-19T12:12:17Z,2026-02-19T12:30:17Z,2026-02-19T13:37:17Z,2026-02-19T15:03:17Z,2026-02-19T22:56:17Z,20260219,1155,1,100,5,3,5,12,3,3,2436,1,76.1,16.0,34.0,101.0,187.0,473.0,False,False,True,True,SYNTHETIC_DEMO_DATA
2111,INC-00002111,2025-11-06T05:55:42Z,2025-11-06T06:45:42Z,2025-11-06T06:53:42Z,2025-11-06T09:24:42Z,2025-11-06T10:30:42Z,2025-11-06T14:21:42Z,20251106,555,5,104,12,5,5,7,4,5,14231,1,100,50.0,58.0,209.0,275.0,231.0,True,False,False,False,SYNTHETIC_DEMO_DATA
2112,INC-00002112,2025-02-15T09:48:00Z,2025-02-15T10:08:00Z,2025-02-15T11:08:00Z,2025-02-15T12:06:00Z,2025-02-15T17:53:00Z,2025-02-16T05:27:00Z,20250215,945,1,121,13,1,5,14,1,1,1988,1,44.6,20.0,80.0,138.0,485.0,694.0,True,False,False,True,SYNTHETIC_DEMO_DATA
2113,INC-00002113,2025-10-13T17:08:36Z,,,,,,20251013,1705,3,12,42,1,1,7,0,1,299,1,36.6,,,,,,False,False,False,False,SYNTHETIC_DEMO_DATA
2114,INC-00002114,2026-01-02T08:35:32Z,2026-01-02T08:49:32Z,2026-01-02T09:06:32Z,2026-01-02T10:07:32Z,2026-01-02T11:58:32Z,2026-01-02T16:52:32Z,20260102,835,1,22,13,2,5,1,3,2,9410,1,51.3,14.0,31.0,92.0,203.0,294.0,False,False,True,True,SYNTHETIC_DEMO_DATA
2115,INC-00002115,2025-05-28T06:45:10Z,2025-05-28T07:00:10Z,2025-05-28T07:15:10Z,2025-05-28T08:04:10Z,2025-05-28T11:35:10Z,2025-05-28T19:24:10Z,20250528,645,6,205,36,1,5,11,1,1,15978,1,38.4,15.0,30.0,79.0,290.0,469.0,False,False,False,True,SYNTHETIC_DEMO_DATA
2116,INC-00002116,2025-04-13T01:56:46Z,2025-04-13T02:27:46Z,2025-04-13T02:46:46Z,2025-04-13T03:43:46Z,2025-04-13T08:06:46Z,2025-04-13T10:38:46Z,20250413,155,7,233,18,1,5,4,4,1,11723,1,33.2,31.0,50.0,107.0,370.0,152.0,False,False,False,True,SYNTHETIC_DEMO_DATA
2117,INC-00002117,2025-09-14T00:33:41Z,2025-09-14T01:01:41Z,2025-09-14T01:27:41Z,2025-09-14T02:42:41Z,2025-09-14T08:14:41Z,2025-09-14T09:55:41Z,20250914,30,5,92,2,1,5,15,1,1,2680,1,36.7,28.0,54.0,129.0,461.0,101.0,False,False,False,True,SYNTHETIC_DEMO_DATA
2118,INC-00002118,2026-07-03T22:05:27Z,2026-07-03T22:22:27Z,2026-07-03T23:11:27Z,2026-07-03T23:43:27Z,2026-07-04T07:02:27Z,2026-07-04T07:43:27Z,20260703,2205,4,232,15,4,5,11,4,4,10819,1,99.1,17.0,66.0,98.0,537.0,41.0,True,False,False,True,SYNTHETIC_DEMO_DATA
2119,INC-00002119,2026-07-05T16:07:40Z,,,,,,20260705,1605,6,186,34,4,1,4,0,4,12464,1,100,,,,,,True,False,False,False,SYNTHETIC_DEMO_DATA
2120,INC-00002120,2026-02-19T12:54:58Z,2026-02-19T13:06:58Z,2026-02-19T13:26:58Z,2026-02-19T14:27:58Z,2026-02-19T18:18:58Z,2026-02-19T23:49:58Z,20260219,1250,7,186,26,2,5,13,1,2,16959,1,63.8,12.0,32.0,93.0,324.0,331.0,False,True,False,True,SYNTHETIC_DEMO_DATA
2121,INC-00002121,2025-09-28T15:40:10Z,2025-09-28T15:55:10Z,2025-09-28T16:03:10Z,2025-09-28T17:19:10Z,2025-09-29T00:26:10Z,2025-09-29T04:51:10Z,20250928,1540,5,77,5,2,5,6,1,2,10390,1,63.4,15.0,23.0,99.0,526.0,265.0,False,False,False,True,SYNTHETIC_DEMO_DATA
2122,INC-00002122,2026-07-09T10:27:25Z,2026-07-09T10:36:25Z,2026-07-09T10:50:25Z,2026-07-09T12:29:25Z,2026-07-09T12:49:25Z,2026-07-09T18:36:25Z,20260709,1025,6,141,30,2,5,17,1,2,8546,1,63.3,9.0,23.0,122.0,142.0,347.0,False,False,False,True,SYNTHETIC_DEMO_DATA
2123,INC-00002123,2025-10-02T19:58:49Z,2025-10-02T20:16:49Z,2025-10-02T21:08:49Z,2025-10-02T22:58:49Z,2025-10-03T06:12:49Z,2025-10-03T13:22:49Z,20251002,1955,6,155,28,1,5,9,1,1,1003,1,54.4,18.0,70.0,180.0,614.0,430.0,True,False,False,True,SYNTHETIC_DEMO_DATA
2124,INC-00002124,2025-09-08T15:20:12Z,2025-09-08T15:38:12Z,2025-09-08T16:38:12Z,,,,20250908,1520,4,23,4,3,2,4,0,3,7595,1,76.2,18.0,78.0,,,,False,False,False,False,SYNTHETIC_DEMO_DATA
2125,INC-00002125,2025-11-20T17:09:40Z,2025-11-20T17:28:40Z,2025-11-20T17:40:40Z,2025-11-20T19:33:40Z,2025-11-20T21:32:40Z,2025-11-21T09:04:40Z,20251120,1705,3,28,5,4,5,16,3,4,12755,1,97.4,19.0,31.0,144.0,263.0,692.0,True,False,True,True,SYNTHETIC_DEMO_DATA
2126,INC-00002126,2025-07-08T15:18:49Z,2025-07-08T15:59:49Z,2025-07-08T16:27:49Z,2025-07-08T17:27:49Z,2025-07-08T20:41:49Z,2025-07-09T05:12:49Z,20250708,1515,6,103,40,2,5,7,1,2,3858,1,48.4,41.0,69.0,129.0,323.0,511.0,False,False,False,True,SYNTHETIC_DEMO_DATA
2127,INC-00002127,2026-01-05T13:19:34Z,2026-01-05T13:37:34Z,2026-01-05T13:44:34Z,2026-01-05T19:26:34Z,2026-01-06T00:28:34Z,2026-01-06T01:51:34Z,20260105,1315,6,38,38,1,5,17,3,1,16257,1,39.8,18.0,25.0,367.0,669.0,83.0,False,False,True,True,SYNTHETIC_DEMO_DATA
2128,INC-00002128,2025-10-29T17:14:30Z,2025-10-29T17:43:30Z,2025-10-29T18:03:30Z,2025-10-29T21:25:30Z,2025-10-30T00:25:30Z,2025-10-30T06:06:30Z,20251029,1710,3,25,5,1,5,10,3,1,12179,1,33.8,29.0,49.0,251.0,431.0,341.0,False,False,True,True,SYNTHETIC_DEMO_DATA
2129,INC-00002129,2026-04-26T13:34:21Z,2026-04-26T15:05:21Z,2026-04-26T15:26:21Z,2026-04-26T16:35:21Z,2026-04-27T07:49:21Z,2026-04-27T12:13:21Z,20260426,1330,6,240,6,1,5,3,1,1,11000,1,45.8,91.0,112.0,181.0,1095.0,264.0,False,False,False,True,SYNTHETIC_DEMO_DATA
2130,INC-00002130,2026-05-28T17:05:44Z,2026-05-28T17:45:44Z,2026-05-28T18:05:44Z,2026-05-28T20:12:44Z,2026-05-28T22:10:44Z,,20260528,1705,1,87,12,2,4,15,2,2,1785,1,60.1,40.0,60.0,187.0,305.0,,False,False,True,True,SYNTHETIC_DEMO_DATA
2131,INC-00002131,2025-05-14T07:53:39Z,2025-05-14T08:01:39Z,2025-05-14T08:53:39Z,2025-05-14T09:59:39Z,2025-05-14T10:44:39Z,2025-05-14T19:47:39Z,20250514,750,6,197,23,3,5,9,2,3,8104,1,61.5,8.0,60.0,126.0,171.0,543.0,False,False,True,True,SYNTHETIC_DEMO_DATA
2132,INC-00002132,2025-05-30T22:26:18Z,2025-05-30T22:39:18Z,2025-05-30T22:44:18Z,2025-05-30T23:22:18Z,2025-05-31T01:18:18Z,2025-05-31T10:57:18Z,20250530,2225,5,33,10,2,5,1,3,2,3131,1,56.6,13.0,18.0,56.0,172.0,579.0,False,False,True,True,SYNTHETIC_DEMO_DATA
2133,INC-00002133,2025-04-01T15:35:23Z,2025-04-01T15:52:23Z,2025-04-01T16:24:23Z,2025-04-01T19:34:23Z,2025-04-02T00:28:23Z,2025-04-02T06:15:23Z,20250401,1535,1,97,41,1,5,11,1,1,1335,1,33.4,17.0,49.0,239.0,533.0,347.0,False,False,False,True,SYNTHETIC_DEMO_DATA
2134,INC-00002134,2025-06-13T12:54:13Z,2025-06-13T13:15:13Z,2025-06-13T13:24:13Z,2025-06-13T14:28:13Z,2025-06-13T16:13:13Z,2025-06-13T16:59:13Z,20250613,1250,5,102,42,3,5,6,1,3,15872,1,75.8,21.0,30.0,94.0,199.0,46.0,True,False,False,True,SYNTHETIC_DEMO_DATA
2135,INC-00002135,2025-07-08T17:06:53Z,2025-07-08T17:15:53Z,2025-07-08T17:32:53Z,2025-07-08T17:59:53Z,2025-07-08T20:41:53Z,2025-07-09T05:08:53Z,20250708,1705,3,78,6,4,5,18,1,4,16502,1,100,9.0,26.0,53.0,215.0,507.0,True,False,False,True,SYNTHETIC_DEMO_DATA
2136,INC-00002136,2026-01-14T10:40:23Z,2026-01-14T10:48:23Z,2026-01-14T11:28:23Z,2026-01-14T12:04:23Z,2026-01-14T12:55:23Z,2026-01-14T17:24:23Z,20260114,1040,6,152,8,3,5,10,1,3,9794,1,67.0,8.0,48.0,84.0,135.0,269.0,False,False,False,True,SYNTHETIC_DEMO_DATA
2137,INC-00002137,2026-02-20T18:12:32Z,2026-02-20T18:40:32Z,2026-02-20T19:21:32Z,2026-02-20T20:16:32Z,2026-02-20T20:42:32Z,2026-02-21T07:13:32Z,20260220,1810,4,169,5,2,5,2,1,2,11067,1,51.1,28.0,69.0,124.0,150.0,631.0,False,False,False,True,SYNTHETIC_DEMO_DATA
2138,INC-00002138,2025-12-28T15:59:54Z,2025-12-28T16:11:54Z,2025-12-28T16:25:54Z,2025-12-28T16:46:54Z,2025-12-29T01:16:54Z,,20251228,1555,1,99,41,1,4,12,2,1,13077,1,28.3,12.0,26.0,47.0,557.0,,False,False,True,True,SYNTHETIC_DEMO_DATA
2139,INC-00002139,2025-10-13T02:13:25Z,2025-10-13T02:19:25Z,2025-10-13T02:27:25Z,2025-10-13T04:34:25Z,2025-10-13T06:49:25Z,2025-10-13T15:09:25Z,20251013,210,7,238,40,4,5,8,1,4,9546,1,84.4,6.0,14.0,141.0,276.0,500.0,True,False,False,True,SYNTHETIC_DEMO_DATA
2140,INC-00002140,2025-03-31T21:07:12Z,2025-03-31T21:34:12Z,2025-03-31T21:48:12Z,2025-03-31T22:01:12Z,2025-03-31T23:29:12Z,,20250331,2105,3,202,6,1,4,16,1,1,12999,1,35.3,27.0,41.0,54.0,142.0,,False,False,False,True,SYNTHETIC_DEMO_DATA
2141,INC-00002141,2026-01-13T15:39:01Z,2026-01-13T16:01:01Z,2026-01-13T16:05:01Z,2026-01-13T17:10:01Z,2026-01-13T18:21:01Z,2026-01-14T06:17:01Z,20260113,1535,2,44,30,2,5,10,3,2,12369,1,43.0,22.0,26.0,91.0,162.0,716.0,False,False,True,True,SYNTHETIC_DEMO_DATA
2142,INC-00002142,2026-05-15T06:16:26Z,2026-05-15T06:28:26Z,2026-05-15T06:41:26Z,2026-05-15T07:30:26Z,2026-05-15T17:03:26Z,2026-05-16T01:21:26Z,20260515,615,2,40,28,1,5,2,1,1,3944,1,35.8,12.0,25.0,74.0,647.0,498.0,False,False,False,True,SYNTHETIC_DEMO_DATA
2143,INC-00002143,2025-07-04T15:22:34Z,2025-07-04T18:30:34Z,2025-07-04T18:57:34Z,2025-07-05T00:56:34Z,2025-07-05T02:34:34Z,2025-07-05T08:03:34Z,20250704,1520,6,203,28,1,5,13,1,1,7247,1,48.9,188.0,215.0,574.0,672.0,329.0,False,False,False,True,SYNTHETIC_DEMO_DATA
2144,INC-00002144,2026-07-12T20:29:56Z,2026-07-12T21:19:56Z,2026-07-12T21:35:56Z,2026-07-12T23:02:56Z,2026-07-13T08:53:56Z,2026-07-13T16:12:56Z,20260712,2025,6,31,37,2,5,7,1,2,1984,1,42.3,50.0,66.0,153.0,744.0,439.0,False,False,False,True,SYNTHETIC_DEMO_DATA
2145,INC-00002145,2025-06-03T00:21:49Z,2025-06-03T00:50:49Z,2025-06-03T01:27:49Z,2025-06-03T02:09:49Z,2025-06-03T04:42:49Z,2025-06-03T05:46:49Z,20250603,20,7,67,19,1,5,17,3,1,1914,1,45.6,29.0,66.0,108.0,261.0,64.0,True,False,True,True,SYNTHETIC_DEMO_DATA
2146,INC-00002146,2025-08-20T09:37:56Z,2025-08-20T10:03:56Z,2025-08-20T10:14:56Z,2025-08-20T11:14:56Z,2025-08-20T12:57:56Z,2025-08-20T23:46:56Z,20250820,935,7,25,28,1,5,10,3,1,7307,1,34.9,26.0,37.0,97.0,200.0,649.0,False,False,True,True,SYNTHETIC_DEMO_DATA
2147,INC-00002147,2025-04-16T16:58:56Z,2025-04-16T17:48:56Z,2025-04-16T18:20:56Z,2025-04-16T19:51:56Z,2025-04-17T09:56:56Z,2025-04-17T19:36:56Z,20250416,1655,4,165,16,1,5,3,1,1,7265,1,36.5,50.0,82.0,173.0,1018.0,580.0,False,False,False,True,SYNTHETIC_DEMO_DATA
2148,INC-00002148,2025-06-03T13:41:48Z,2025-06-03T14:27:48Z,2025-06-03T15:14:48Z,2025-06-03T17:18:48Z,2025-06-03T17:38:48Z,2025-06-04T03:38:48Z,20250603,1340,7,140,15,1,5,14,1,1,13813,1,53.2,46.0,93.0,217.0,237.0,600.0,False,False,False,True,SYNTHETIC_DEMO_DATA
2149,INC-00002149,2025-02-24T10:53:54Z,2025-02-24T11:16:54Z,2025-02-24T12:11:54Z,2025-02-24T13:19:54Z,2025-02-24T14:07:54Z,2025-02-24T22:46:54Z,20250224,1050,1,84,18,4,5,10,3,4,6392,1,94.4,23.0,78.0,146.0,194.0,519.0,True,False,True,True,SYNTHETIC_DEMO_DATA
2150,INC-00002150,2025-05-28T08:54:59Z,2025-05-28T09:21:59Z,2025-05-28T09:40:59Z,2025-05-28T13:24:59Z,2025-05-28T18:08:59Z,2025-05-29T03:22:59Z,20250528,850,2,167,7,2,5,1,3,2,7347,1,60.8,27.0,46.0,270.0,554.0,554.0,False,False,True,True,SYNTHETIC_DEMO_DATA
2151,INC-00002151,2025-04-22T20:40:15Z,2025-04-22T20:49:15Z,2025-04-22T21:14:15Z,2025-04-23T01:09:15Z,2025-04-23T03:37:15Z,2025-04-23T13:39:15Z,20250422,2040,2,138,2,2,5,12,1,2,5784,1,52.4,9.0,34.0,269.0,417.0,602.0,False,False,False,True,SYNTHETIC_DEMO_DATA
2152,INC-00002152,2026-02-24T10:41:29Z,,,,,,20260224,1040,1,154,14,3,1,6,0,3,2267,1,70.0,,,,,,False,False,False,False,SYNTHETIC_DEMO_DATA
2153,INC-00002153,2025-06-09T16:17:54Z,2025-06-09T16:41:54Z,2025-06-09T17:04:54Z,2025-06-09T18:20:54Z,2025-06-09T20:00:54Z,2025-06-10T01:39:54Z,20250609,1615,5,205,31,2,5,16,2,2,11278,1,54.4,24.0,47.0,123.0,223.0,339.0,False,False,True,True,SYNTHETIC_DEMO_DATA
2154,INC-00002154,2025-04-26T10:33:38Z,2025-04-26T10:41:38Z,2025-04-26T10:55:38Z,2025-04-26T12:56:38Z,2025-04-26T16:49:38Z,2025-04-26T20:50:38Z,20250426,1030,2,37,9,2,5,9,3,2,14305,1,61.4,8.0,22.0,143.0,376.0,241.0,False,False,True,True,SYNTHETIC_DEMO_DATA
2155,INC-00002155,2025-07-31T16:23:38Z,2025-07-31T16:34:38Z,2025-07-31T16:56:38Z,2025-07-31T18:31:38Z,2025-08-01T04:05:38Z,2025-08-01T08:08:38Z,20250731,1620,4,103,20,2,5,2,1,2,1962,1,50.3,11.0,33.0,128.0,702.0,243.0,False,False,False,True,SYNTHETIC_DEMO_DATA
2156,INC-00002156,2026-01-10T13:39:34Z,2026-01-10T14:14:34Z,2026-01-10T14:18:34Z,2026-01-10T15:41:34Z,2026-01-11T08:14:34Z,2026-01-11T09:27:34Z,20260110,1335,3,205,39,1,5,12,1,1,3514,1,52.9,35.0,39.0,122.0,1115.0,73.0,True,False,False,True,SYNTHETIC_DEMO_DATA
2157,INC-00002157,2026-06-17T12:14:08Z,2026-06-17T12:24:08Z,2026-06-17T12:44:08Z,2026-06-17T15:19:08Z,2026-06-17T15:46:08Z,2026-06-18T01:59:08Z,20260617,1210,2,173,17,2,5,6,1,2,10944,1,50.6,10.0,30.0,185.0,212.0,613.0,False,False,False,True,SYNTHETIC_DEMO_DATA
2158,INC-00002158,2025-05-01T17:19:25Z,2025-05-01T17:40:25Z,2025-05-01T18:12:25Z,2025-05-01T18:40:25Z,2025-05-02T00:12:25Z,,20250501,1715,4,82,19,2,4,17,2,2,4897,1,59.6,21.0,53.0,81.0,413.0,,False,False,True,True,SYNTHETIC_DEMO_DATA
2159,INC-00002159,2025-03-23T06:47:17Z,2025-03-23T07:02:17Z,2025-03-23T07:59:17Z,2025-03-23T09:03:17Z,2025-03-23T10:18:17Z,2025-03-23T15:55:17Z,20250323,645,1,73,26,2,5,10,1,2,11562,1,55.1,15.0,72.0,136.0,211.0,337.0,False,False,False,True,SYNTHETIC_DEMO_DATA
2160,INC-00002160,2025-12-29T12:12:53Z,2025-12-29T12:43:53Z,2025-12-29T12:50:53Z,2025-12-29T13:35:53Z,2025-12-29T15:34:53Z,,20251229,1210,6,89,32,3,4,4,3,3,13951,1,61.3,31.0,38.0,83.0,202.0,,False,False,True,True,SYNTHETIC_DEMO_DATA
2161,INC-00002161,2026-02-03T01:19:52Z,2026-02-03T02:07:52Z,2026-02-03T02:19:52Z,2026-02-03T02:56:52Z,2026-02-03T04:16:52Z,2026-02-03T06:10:52Z,20260203,115,7,126,12,3,5,15,1,3,7654,1,59.2,48.0,60.0,97.0,177.0,114.0,False,False,False,True,SYNTHETIC_DEMO_DATA
2162,INC-00002162,2025-06-16T21:06:32Z,2025-06-16T21:33:32Z,2025-06-16T22:16:32Z,2025-06-16T22:40:32Z,2025-06-17T00:15:32Z,2025-06-17T10:09:32Z,20250616,2105,5,150,4,1,5,6,1,1,14014,1,42.2,27.0,70.0,94.0,189.0,594.0,False,False,False,True,SYNTHETIC_DEMO_DATA
2163,INC-00002163,2025-11-26T08:56:52Z,2025-11-26T09:11:52Z,2025-11-26T09:23:52Z,2025-11-26T13:26:52Z,2025-11-26T14:11:52Z,2025-11-26T19:43:52Z,20251126,855,7,55,22,2,5,18,3,2,4653,1,59.4,15.0,27.0,270.0,315.0,332.0,False,False,True,True,SYNTHETIC_DEMO_DATA
2164,INC-00002164,2026-04-24T11:05:00Z,2026-04-24T11:37:00Z,2026-04-24T11:57:00Z,2026-04-24T13:12:00Z,2026-04-24T15:44:00Z,2026-04-24T19:37:00Z,20260424,1105,1,96,28,1,5,10,1,1,3160,1,48.1,32.0,52.0,127.0,279.0,233.0,False,False,False,True,SYNTHETIC_DEMO_DATA
2165,INC-00002165,2026-07-22T22:53:41Z,2026-07-22T23:11:41Z,2026-07-22T23:32:41Z,2026-07-23T09:47:41Z,2026-07-23T12:41:41Z,2026-07-23T16:34:41Z,20260722,2250,6,104,18,1,5,3,1,1,11609,1,53.9,18.0,39.0,654.0,828.0,233.0,False,False,False,True,SYNTHETIC_DEMO_DATA
2166,INC-00002166,2026-03-06T13:48:53Z,2026-03-06T14:00:53Z,2026-03-06T14:53:53Z,,,,20260306,1345,6,87,28,3,2,16,0,3,4734,1,75.8,12.0,65.0,,,,False,False,False,False,SYNTHETIC_DEMO_DATA
2167,INC-00002167,2025-04-30T16:41:18Z,2025-04-30T16:58:18Z,2025-04-30T17:09:18Z,2025-04-30T18:15:18Z,2025-05-01T01:50:18Z,2025-05-01T09:34:18Z,20250430,1640,3,183,32,3,5,9,1,3,8617,1,75.2,17.0,28.0,94.0,549.0,464.0,True,False,False,True,SYNTHETIC_DEMO_DATA
2168,INC-00002168,2025-07-04T19:50:37Z,2025-07-04T20:05:37Z,2025-07-04T21:06:37Z,2025-07-05T00:34:37Z,2025-07-05T01:25:37Z,,20250704,1950,4,122,42,2,4,1,1,2,12095,1,63.0,15.0,76.0,284.0,335.0,,False,False,False,True,SYNTHETIC_DEMO_DATA
2169,INC-00002169,2025-04-20T20:12:04Z,2025-04-20T20:18:04Z,2025-04-20T20:30:04Z,2025-04-20T21:15:04Z,2025-04-20T22:23:04Z,,20250420,2010,3,228,44,5,4,15,1,5,10203,1,100,6.0,18.0,63.0,131.0,,True,False,False,False,SYNTHETIC_DEMO_DATA
2170,INC-00002170,2025-11-27T09:40:58Z,2025-11-27T09:58:58Z,2025-11-27T10:15:58Z,2025-11-27T12:35:58Z,2025-11-28T07:05:58Z,2025-11-28T09:18:58Z,20251127,940,1,18,34,2,5,5,1,2,11840,1,36.2,18.0,35.0,175.0,1285.0,133.0,False,False,False,True,SYNTHETIC_DEMO_DATA
2171,INC-00002171,2026-04-07T18:45:00Z,2026-04-07T18:56:00Z,2026-04-07T20:26:00Z,2026-04-07T21:19:00Z,2026-04-07T23:49:00Z,2026-04-08T01:26:00Z,20260407,1845,6,204,32,2,5,16,2,2,1102,1,55.2,11.0,101.0,154.0,304.0,97.0,False,False,True,True,SYNTHETIC_DEMO_DATA
2172,INC-00002172,2026-05-08T05:23:34Z,2026-05-08T06:17:34Z,2026-05-08T06:24:34Z,2026-05-08T07:08:34Z,2026-05-08T11:28:34Z,2026-05-08T22:29:34Z,20260508,520,7,148,4,1,5,8,3,1,9711,1,29.6,54.0,61.0,105.0,365.0,661.0,False,False,True,True,SYNTHETIC_DEMO_DATA
2173,INC-00002173,2025-07-01T07:12:02Z,2025-07-01T07:54:02Z,2025-07-01T08:23:02Z,2025-07-01T08:38:02Z,2025-07-01T10:26:02Z,2025-07-01T17:58:02Z,20250701,710,1,228,35,1,5,1,1,1,12220,1,35.9,42.0,71.0,86.0,194.0,452.0,False,True,False,True,SYNTHETIC_DEMO_DATA
2174,INC-00002174,2025-08-14T14:53:45Z,2025-08-14T15:30:45Z,2025-08-14T15:51:45Z,2025-08-14T16:52:45Z,2025-08-14T20:53:45Z,2025-08-14T21:41:45Z,20250814,1450,3,225,5,2,5,13,1,2,11549,1,42.7,37.0,58.0,119.0,360.0,48.0,False,False,False,True,SYNTHETIC_DEMO_DATA
2175,INC-00002175,2025-11-11T17:53:00Z,2025-11-11T18:25:00Z,2025-11-11T18:50:00Z,2025-11-11T20:00:00Z,2025-11-11T21:25:00Z,2025-11-12T02:19:00Z,20251111,1750,6,126,15,2,5,6,4,2,13002,1,44.9,32.0,57.0,127.0,212.0,294.0,False,False,False,True,SYNTHETIC_DEMO_DATA
2176,INC-00002176,2026-01-10T19:39:01Z,2026-01-10T19:54:01Z,2026-01-10T20:02:01Z,2026-01-10T20:41:01Z,2026-01-10T23:38:01Z,,20260110,1935,1,97,44,5,4,2,1,5,2431,1,100,15.0,23.0,62.0,239.0,,True,False,False,False,SYNTHETIC_DEMO_DATA
2177,INC-00002177,2026-05-23T15:18:32Z,2026-05-23T16:38:32Z,2026-05-23T16:48:32Z,2026-05-23T17:21:32Z,2026-05-23T18:34:32Z,2026-05-24T04:43:32Z,20260523,1515,2,30,1,1,5,9,3,1,13336,1,37.7,80.0,90.0,123.0,196.0,609.0,False,False,True,True,SYNTHETIC_DEMO_DATA
2178,INC-00002178,2025-11-20T09:17:33Z,2025-11-20T09:55:33Z,2025-11-20T10:12:33Z,2025-11-20T11:29:33Z,2025-11-20T13:51:33Z,2025-11-20T15:37:33Z,20251120,915,4,119,31,2,5,3,1,2,17052,1,66.8,38.0,55.0,132.0,274.0,106.0,True,False,False,True,SYNTHETIC_DEMO_DATA
2179,INC-00002179,2025-10-18T14:46:44Z,2025-10-18T14:54:44Z,2025-10-18T15:14:44Z,2025-10-18T16:58:44Z,2025-10-18T20:28:44Z,,20251018,1445,3,163,2,3,4,15,3,3,10251,1,73.9,8.0,28.0,132.0,342.0,,False,False,True,True,SYNTHETIC_DEMO_DATA
2180,INC-00002180,2026-07-31T21:51:03Z,2026-07-31T22:14:03Z,2026-07-31T22:36:03Z,2026-08-01T01:33:03Z,2026-08-01T03:38:03Z,2026-08-01T08:27:03Z,20260731,2150,2,185,12,4,5,9,1,4,5338,1,100,23.0,45.0,222.0,347.0,289.0,True,False,False,False,SYNTHETIC_DEMO_DATA
2181,INC-00002181,2026-04-10T16:00:53Z,2026-04-10T16:03:53Z,2026-04-10T16:26:53Z,2026-04-10T18:44:53Z,2026-04-11T10:46:53Z,2026-04-11T17:07:53Z,20260410,1600,2,49,40,1,5,17,1,1,16742,1,30.4,3.0,26.0,164.0,1126.0,381.0,False,False,False,True,SYNTHETIC_DEMO_DATA
2182,INC-00002182,2025-04-22T08:19:34Z,2025-04-22T08:27:34Z,2025-04-22T08:43:34Z,2025-04-22T08:55:34Z,2025-04-22T09:22:34Z,,20250422,815,4,22,33,4,4,13,3,4,4497,1,84.4,8.0,24.0,36.0,63.0,,True,False,True,True,SYNTHETIC_DEMO_DATA
2183,INC-00002183,2025-03-01T23:25:31Z,2025-03-01T23:29:31Z,2025-03-02T00:01:31Z,2025-03-02T00:28:31Z,2025-03-02T01:16:31Z,2025-03-02T08:08:31Z,20250301,2325,7,92,26,4,5,6,2,4,11223,1,95.1,4.0,36.0,63.0,111.0,412.0,True,False,True,True,SYNTHETIC_DEMO_DATA
2184,INC-00002184,2025-06-04T10:11:21Z,2025-06-04T10:29:21Z,2025-06-04T10:52:21Z,2025-06-04T11:08:21Z,2025-06-04T13:01:21Z,2025-06-04T13:40:21Z,20250604,1010,4,102,11,5,5,18,1,5,9192,1,100,18.0,41.0,57.0,170.0,39.0,True,False,False,False,SYNTHETIC_DEMO_DATA
2185,INC-00002185,2026-01-05T12:33:12Z,2026-01-05T12:56:12Z,2026-01-05T13:05:12Z,2026-01-05T14:09:12Z,2026-01-05T14:54:12Z,2026-01-05T22:50:12Z,20260105,1230,3,191,34,3,5,9,1,3,1779,1,66.2,23.0,32.0,96.0,141.0,476.0,False,False,False,True,SYNTHETIC_DEMO_DATA
2186,INC-00002186,2025-06-01T13:03:33Z,2025-06-01T13:12:33Z,2025-06-01T15:02:33Z,2025-06-01T16:14:33Z,2025-06-01T18:00:33Z,2025-06-02T01:12:33Z,20250601,1300,6,215,3,1,5,18,1,1,793,1,29.4,9.0,119.0,191.0,297.0,432.0,False,False,False,True,SYNTHETIC_DEMO_DATA
2187,INC-00002187,2025-08-19T23:41:05Z,2025-08-19T23:51:05Z,2025-08-20T00:06:05Z,2025-08-20T01:55:05Z,2025-08-20T06:04:05Z,,20250819,2340,6,206,24,2,4,12,3,2,6575,1,51.1,10.0,25.0,134.0,383.0,,False,False,True,True,SYNTHETIC_DEMO_DATA
2188,INC-00002188,2025-06-17T15:43:13Z,2025-06-17T16:27:13Z,2025-06-17T16:52:13Z,2025-06-17T17:18:13Z,2025-06-17T20:17:13Z,,20250617,1540,5,63,14,3,4,6,2,3,12430,1,53.9,44.0,69.0,95.0,274.0,,False,False,True,True,SYNTHETIC_DEMO_DATA
2189,INC-00002189,2025-02-04T11:09:12Z,2025-02-04T11:52:12Z,2025-02-04T12:23:12Z,2025-02-04T14:33:12Z,2025-02-04T21:21:12Z,2025-02-05T03:32:12Z,20250204,1105,6,134,24,1,5,0,1,1,15767,1,45.8,43.0,74.0,204.0,612.0,371.0,True,False,False,True,SYNTHETIC_DEMO_DATA
2190,INC-00002190,2026-04-17T17:30:59Z,2026-04-17T17:47:59Z,2026-04-17T17:57:59Z,2026-04-17T19:40:59Z,2026-04-17T22:00:59Z,2026-04-18T05:54:59Z,20260417,1730,5,185,38,1,5,8,2,1,7735,1,46.4,17.0,27.0,130.0,270.0,474.0,False,False,True,True,SYNTHETIC_DEMO_DATA
2191,INC-00002191,2026-03-29T17:40:35Z,2026-03-29T18:12:35Z,2026-03-29T19:05:35Z,,,,20260329,1740,7,155,40,1,2,1,0,1,3600,1,37.9,32.0,85.0,,,,False,False,False,False,SYNTHETIC_DEMO_DATA
2192,INC-00002192,2025-02-22T21:20:02Z,2025-02-22T21:42:02Z,2025-02-22T21:49:02Z,2025-02-22T22:31:02Z,2025-02-22T23:21:02Z,2025-02-23T08:53:02Z,20250222,2120,5,167,45,3,5,14,3,3,17424,1,77.8,22.0,29.0,71.0,121.0,572.0,False,False,True,True,SYNTHETIC_DEMO_DATA
2193,INC-00002193,2025-05-11T02:59:28Z,2025-05-11T03:37:28Z,2025-05-11T03:51:28Z,2025-05-11T04:28:28Z,2025-05-11T07:41:28Z,,20250511,255,7,60,11,2,4,6,3,2,6974,1,59.2,38.0,52.0,89.0,282.0,,False,False,True,True,SYNTHETIC_DEMO_DATA
2194,INC-00002194,2026-02-19T11:28:54Z,2026-02-19T11:38:54Z,2026-02-19T14:30:54Z,2026-02-19T16:21:54Z,2026-02-19T20:45:54Z,2026-02-19T22:49:54Z,20260219,1125,2,61,17,3,5,18,1,3,4121,1,71.8,10.0,182.0,293.0,557.0,124.0,False,False,False,True,SYNTHETIC_DEMO_DATA
2195,INC-00002195,2026-07-31T10:00:15Z,2026-07-31T10:21:15Z,2026-07-31T10:25:15Z,2026-07-31T11:40:15Z,2026-07-31T13:12:15Z,2026-07-31T22:54:15Z,20260731,1000,6,108,33,1,5,9,1,1,14624,1,26.2,21.0,25.0,100.0,192.0,582.0,False,False,False,True,SYNTHETIC_DEMO_DATA
2196,INC-00002196,2026-07-24T14:13:34Z,2026-07-24T14:23:34Z,2026-07-24T14:31:34Z,2026-07-24T15:50:34Z,2026-07-24T18:02:34Z,2026-07-25T03:12:34Z,20260724,1410,5,7,14,5,5,6,1,5,7558,1,100,10.0,18.0,97.0,229.0,550.0,True,False,False,False,SYNTHETIC_DEMO_DATA
2197,INC-00002197,2025-07-05T22:55:00Z,2025-07-06T00:12:00Z,2025-07-06T00:44:00Z,2025-07-06T01:11:00Z,2025-07-06T03:34:00Z,2025-07-06T10:42:00Z,20250705,2255,3,199,29,1,5,13,2,1,15147,1,41.7,77.0,109.0,136.0,279.0,428.0,False,False,True,True,SYNTHETIC_DEMO_DATA
2198,INC-00002198,2025-02-22T00:32:28Z,2025-02-22T00:57:28Z,2025-02-22T01:07:28Z,2025-02-22T02:24:28Z,2025-02-22T03:59:28Z,,20250222,30,1,182,34,1,4,6,3,1,14363,1,41.6,25.0,35.0,112.0,207.0,,False,False,True,True,SYNTHETIC_DEMO_DATA
2199,INC-00002199,2026-06-16T15:42:52Z,2026-06-16T17:41:52Z,2026-06-16T17:48:52Z,2026-06-16T18:51:52Z,2026-06-17T02:07:52Z,2026-06-17T07:02:52Z,20260616,1540,3,104,28,1,5,17,2,1,15996,1,51.8,119.0,126.0,189.0,625.0,295.0,False,False,True,True,SYNTHETIC_DEMO_DATA
2200,INC-00002200,2025-02-09T15:39:33Z,2025-02-09T17:38:33Z,2025-02-09T17:44:33Z,2025-02-09T18:21:33Z,2025-02-09T20:10:33Z,2025-02-10T07:02:33Z,20250209,1535,3,217,15,2,5,11,3,2,2451,1,72.2,119.0,125.0,162.0,271.0,652.0,True,False,True,True,SYNTHETIC_DEMO_DATA
2201,INC-00002201,2025-10-09T17:10:02Z,2025-10-09T17:19:02Z,2025-10-09T17:24:02Z,2025-10-09T18:33:02Z,2025-10-10T00:07:02Z,2025-10-10T01:56:02Z,20251009,1710,6,71,12,1,5,3,4,1,14752,1,30.3,9.0,14.0,83.0,417.0,109.0,False,False,False,True,SYNTHETIC_DEMO_DATA
2202,INC-00002202,2025-09-15T10:35:10Z,2025-09-15T11:27:10Z,2025-09-15T11:45:10Z,2025-09-15T13:57:10Z,2025-09-16T04:43:10Z,,20250915,1035,3,158,5,1,4,14,1,1,7044,1,47.6,52.0,70.0,202.0,1088.0,,False,False,False,True,SYNTHETIC_DEMO_DATA
2203,INC-00002203,2025-05-21T18:59:50Z,2025-05-21T19:09:50Z,2025-05-21T19:51:50Z,2025-05-21T20:34:50Z,2025-05-22T00:23:50Z,2025-05-22T03:17:50Z,20250521,1855,7,200,40,3,5,9,3,3,7776,1,67.0,10.0,52.0,95.0,324.0,174.0,False,False,True,True,SYNTHETIC_DEMO_DATA
2204,INC-00002204,2026-06-27T10:16:45Z,2026-06-27T11:34:45Z,2026-06-27T11:43:45Z,2026-06-27T12:08:45Z,2026-06-27T12:20:45Z,2026-06-27T18:26:45Z,20260627,1015,6,101,41,1,5,18,4,1,16419,1,41.7,78.0,87.0,112.0,124.0,366.0,False,False,False,True,SYNTHETIC_DEMO_DATA
2205,INC-00002205,2025-11-17T15:53:04Z,2025-11-17T16:26:04Z,2025-11-17T16:33:04Z,2025-11-17T18:03:04Z,2025-11-17T23:05:04Z,2025-11-18T06:52:04Z,20251117,1550,2,169,26,2,5,12,1,2,8076,1,56.8,33.0,40.0,130.0,432.0,467.0,False,False,False,True,SYNTHETIC_DEMO_DATA
2206,INC-00002206,2026-03-08T10:56:32Z,2026-03-08T11:18:32Z,2026-03-08T11:34:32Z,2026-03-08T16:37:32Z,2026-03-09T00:21:32Z,2026-03-09T05:44:32Z,20260308,1055,6,157,37,1,5,4,1,1,6057,1,31.2,22.0,38.0,341.0,805.0,323.0,False,False,False,True,SYNTHETIC_DEMO_DATA
2207,INC-00002207,2025-11-05T07:34:27Z,2025-11-05T07:46:27Z,2025-11-05T07:58:27Z,2025-11-05T09:46:27Z,2025-11-05T13:20:27Z,2025-11-06T00:05:27Z,20251105,730,2,96,23,1,5,15,3,1,15384,1,41.3,12.0,24.0,132.0,346.0,645.0,False,False,True,True,SYNTHETIC_DEMO_DATA
2208,INC-00002208,2026-07-10T05:50:12Z,2026-07-10T06:05:12Z,2026-07-10T06:31:12Z,2026-07-10T07:35:12Z,2026-07-10T09:32:12Z,2026-07-10T16:04:12Z,20260710,550,7,67,13,1,5,8,1,1,13714,1,36.9,15.0,41.0,105.0,222.0,392.0,False,False,False,True,SYNTHETIC_DEMO_DATA
2209,INC-00002209,2025-07-24T10:23:02Z,2025-07-24T10:39:02Z,2025-07-24T11:20:02Z,2025-07-24T11:48:02Z,2025-07-24T13:03:02Z,2025-07-24T19:12:02Z,20250724,1020,7,34,21,4,5,4,2,4,2866,1,97.4,16.0,57.0,85.0,160.0,369.0,True,False,True,True,SYNTHETIC_DEMO_DATA
2210,INC-00002210,2025-12-01T07:52:43Z,2025-12-01T08:16:43Z,2025-12-01T08:28:43Z,2025-12-01T08:52:43Z,2025-12-01T10:34:43Z,2025-12-01T15:59:43Z,20251201,750,4,43,24,4,5,15,1,4,10627,1,92.1,24.0,36.0,60.0,162.0,325.0,True,False,False,True,SYNTHETIC_DEMO_DATA
2211,INC-00002211,2025-10-28T15:42:41Z,2025-10-28T16:15:41Z,2025-10-28T16:47:41Z,2025-10-28T18:26:41Z,2025-10-28T20:25:41Z,2025-10-28T22:31:41Z,20251028,1540,4,14,26,1,5,5,1,1,16366,1,61.2,33.0,65.0,164.0,283.0,126.0,True,False,False,True,SYNTHETIC_DEMO_DATA
2212,INC-00002212,2026-01-09T12:59:19Z,2026-01-09T13:38:19Z,2026-01-09T14:03:19Z,2026-01-09T14:36:19Z,2026-01-09T15:40:19Z,2026-01-09T15:55:19Z,20260109,1255,6,142,3,1,5,16,1,1,1346,1,39.8,39.0,64.0,97.0,161.0,15.0,False,False,False,True,SYNTHETIC_DEMO_DATA
2213,INC-00002213,2025-08-11T15:21:31Z,2025-08-11T15:42:31Z,2025-08-11T16:06:31Z,2025-08-12T05:34:31Z,2025-08-12T08:09:31Z,2025-08-12T12:23:31Z,20250811,1520,4,172,17,2,5,10,1,2,9258,1,55.5,21.0,45.0,853.0,1008.0,254.0,False,False,False,False,SYNTHETIC_DEMO_DATA
2214,INC-00002214,2026-02-03T15:36:55Z,2026-02-03T15:56:55Z,2026-02-03T16:26:55Z,2026-02-03T16:42:55Z,2026-02-04T01:07:55Z,2026-02-04T09:19:55Z,20260203,1535,2,30,11,2,5,3,4,2,15272,1,54.7,20.0,50.0,66.0,571.0,492.0,False,False,False,True,SYNTHETIC_DEMO_DATA
2215,INC-00002215,2025-10-15T09:30:01Z,2025-10-15T09:39:01Z,2025-10-15T09:43:01Z,2025-10-15T13:56:01Z,2025-10-15T22:54:01Z,2025-10-16T09:39:01Z,20251015,930,3,9,29,1,5,13,1,1,8615,1,24.1,9.0,13.0,266.0,804.0,645.0,False,False,False,True,SYNTHETIC_DEMO_DATA
2216,INC-00002216,2025-06-13T10:25:19Z,2025-06-13T10:42:19Z,2025-06-13T10:56:19Z,,,,20250613,1025,3,172,8,1,2,6,0,1,14539,1,43.7,17.0,31.0,,,,False,False,False,False,SYNTHETIC_DEMO_DATA
2217,INC-00002217,2025-05-27T11:46:03Z,2025-05-27T12:18:03Z,2025-05-27T12:49:03Z,2025-05-27T13:14:03Z,2025-05-27T17:51:03Z,2025-05-27T22:08:03Z,20250527,1145,6,163,25,2,5,18,1,2,13424,1,63.0,32.0,63.0,88.0,365.0,257.0,False,False,False,True,SYNTHETIC_DEMO_DATA
2218,INC-00002218,2026-01-15T16:43:42Z,2026-01-15T17:05:42Z,2026-01-15T17:36:42Z,2026-01-15T18:23:42Z,2026-01-16T00:46:42Z,2026-01-16T04:33:42Z,20260115,1640,2,127,33,1,5,10,1,1,4953,1,47.2,22.0,53.0,100.0,483.0,227.0,False,False,False,True,SYNTHETIC_DEMO_DATA
2219,INC-00002219,2026-01-16T17:35:12Z,2026-01-16T17:48:12Z,2026-01-16T17:57:12Z,2026-01-16T19:55:12Z,2026-01-17T01:00:12Z,2026-01-17T04:48:12Z,20260116,1735,7,205,12,1,5,3,4,1,2197,1,35.0,13.0,22.0,140.0,445.0,228.0,False,False,False,True,SYNTHETIC_DEMO_DATA
2220,INC-00002220,2026-04-22T14:46:37Z,2026-04-22T15:57:37Z,2026-04-22T16:08:37Z,2026-04-22T18:02:37Z,2026-04-22T21:33:37Z,2026-04-23T06:45:37Z,20260422,1445,7,3,38,1,5,14,2,1,5701,1,36.1,71.0,82.0,196.0,407.0,552.0,False,False,True,True,SYNTHETIC_DEMO_DATA
2221,INC-00002221,2026-07-07T17:24:28Z,2026-07-07T17:47:28Z,2026-07-07T18:09:28Z,2026-07-07T20:19:28Z,2026-07-08T04:08:28Z,2026-07-08T15:32:28Z,20260707,1720,3,4,38,2,5,8,1,2,293,1,50.0,23.0,45.0,175.0,644.0,684.0,False,False,False,True,SYNTHETIC_DEMO_DATA
2222,INC-00002222,2026-04-23T12:20:49Z,2026-04-23T12:39:49Z,2026-04-23T12:51:49Z,2026-04-23T14:59:49Z,2026-04-23T16:25:49Z,2026-04-24T01:19:49Z,20260423,1220,3,144,24,2,5,1,1,2,5646,1,56.4,19.0,31.0,159.0,245.0,534.0,True,False,False,True,SYNTHETIC_DEMO_DATA
2223,INC-00002223,2026-07-20T12:02:15Z,2026-07-20T12:09:15Z,2026-07-20T12:14:15Z,2026-07-20T13:57:15Z,2026-07-20T15:36:15Z,2026-07-21T00:53:15Z,20260720,1200,1,124,27,1,5,11,1,1,13154,1,40.4,7.0,12.0,115.0,214.0,557.0,False,False,False,True,SYNTHETIC_DEMO_DATA
2224,INC-00002224,2025-06-23T18:11:43Z,2025-06-23T18:43:43Z,2025-06-23T19:00:43Z,2025-06-23T22:01:43Z,2025-06-24T01:18:43Z,2025-06-24T01:32:43Z,20250623,1810,1,82,44,1,5,4,1,1,4911,1,47.9,32.0,49.0,230.0,427.0,14.0,False,False,False,True,SYNTHETIC_DEMO_DATA
2225,INC-00002225,2026-06-09T01:58:56Z,2026-06-09T02:10:56Z,2026-06-09T02:26:56Z,2026-06-09T03:04:56Z,2026-06-09T07:36:56Z,2026-06-09T09:11:56Z,20260609,155,5,145,42,3,5,17,1,3,1035,1,70.1,12.0,28.0,66.0,338.0,95.0,False,False,False,True,SYNTHETIC_DEMO_DATA
2226,INC-00002226,2026-02-24T02:05:37Z,2026-02-24T02:35:37Z,2026-02-24T02:49:37Z,2026-02-24T03:57:37Z,2026-02-24T04:58:37Z,2026-02-24T09:19:37Z,20260224,205,7,234,3,1,5,8,1,1,9137,1,22.2,30.0,44.0,112.0,173.0,261.0,False,True,False,True,SYNTHETIC_DEMO_DATA
2227,INC-00002227,2026-07-29T11:36:47Z,2026-07-29T11:41:47Z,2026-07-29T11:57:47Z,2026-07-29T13:12:47Z,2026-07-29T13:33:47Z,2026-07-29T18:33:47Z,20260729,1135,4,55,12,5,5,5,1,5,2089,1,100,5.0,21.0,96.0,117.0,300.0,True,False,False,False,SYNTHETIC_DEMO_DATA
2228,INC-00002228,2025-03-03T16:52:29Z,2025-03-03T17:17:29Z,2025-03-03T17:27:29Z,2025-03-03T17:56:29Z,2025-03-03T23:34:29Z,,20250303,1650,5,211,25,1,4,12,1,1,9968,1,36.2,25.0,35.0,64.0,402.0,,False,False,False,True,SYNTHETIC_DEMO_DATA
2229,INC-00002229,2025-12-17T09:35:11Z,2025-12-17T09:57:11Z,2025-12-17T10:08:11Z,2025-12-17T10:38:11Z,2025-12-17T14:14:11Z,,20251217,935,2,1,26,3,4,7,1,3,105,1,69.3,22.0,33.0,63.0,279.0,,False,False,False,True,SYNTHETIC_DEMO_DATA
2230,INC-00002230,2026-06-14T20:52:50Z,2026-06-14T21:07:50Z,2026-06-14T21:34:50Z,2026-06-14T22:28:50Z,2026-06-14T23:47:50Z,2026-06-15T02:45:50Z,20260614,2050,3,40,34,1,5,16,3,1,9030,1,36.9,15.0,42.0,96.0,175.0,178.0,False,False,True,True,SYNTHETIC_DEMO_DATA
2231,INC-00002231,2026-02-03T18:52:06Z,2026-02-03T19:12:06Z,2026-02-03T19:35:06Z,2026-02-04T01:28:06Z,2026-02-04T03:20:06Z,2026-02-04T14:06:06Z,20260203,1850,3,237,43,1,5,9,1,1,13141,1,38.9,20.0,43.0,396.0,508.0,646.0,False,False,False,True,SYNTHETIC_DEMO_DATA
2232,INC-00002232,2026-01-21T11:15:37Z,2026-01-21T12:57:37Z,2026-01-21T13:25:37Z,2026-01-21T15:34:37Z,2026-01-21T20:24:37Z,2026-01-22T05:58:37Z,20260121,1115,2,148,25,1,5,2,4,1,1593,1,31.3,102.0,130.0,259.0,549.0,574.0,False,False,False,True,SYNTHETIC_DEMO_DATA
2233,INC-00002233,2026-04-28T09:30:28Z,2026-04-28T09:39:28Z,2026-04-28T09:59:28Z,2026-04-28T10:30:28Z,2026-04-28T11:09:28Z,,20260428,930,1,125,22,2,4,14,1,2,14099,1,57.2,9.0,29.0,60.0,99.0,,True,False,False,True,SYNTHETIC_DEMO_DATA
2234,INC-00002234,2025-07-24T16:24:33Z,2025-07-24T16:44:33Z,2025-07-24T16:49:33Z,,,,20250724,1620,7,115,34,1,2,6,0,1,174,1,35.5,20.0,25.0,,,,False,False,False,False,SYNTHETIC_DEMO_DATA
2235,INC-00002235,2025-06-20T11:40:40Z,2025-06-20T12:14:40Z,2025-06-20T12:33:40Z,,,,20250620,1140,4,101,4,2,2,18,0,2,9091,1,54.1,34.0,53.0,,,,False,False,False,False,SYNTHETIC_DEMO_DATA
2236,INC-00002236,2025-04-10T13:35:39Z,2025-04-10T14:00:39Z,2025-04-10T14:11:39Z,2025-04-10T16:01:39Z,2025-04-11T11:28:39Z,2025-04-11T23:27:39Z,20250410,1335,2,230,27,1,5,10,3,1,16535,1,53.0,25.0,36.0,146.0,1313.0,719.0,False,False,True,True,SYNTHETIC_DEMO_DATA
2237,INC-00002237,2025-10-07T22:31:55Z,2025-10-07T22:42:55Z,2025-10-07T23:07:55Z,2025-10-08T01:10:55Z,2025-10-08T06:15:55Z,2025-10-08T15:26:55Z,20251007,2230,3,15,1,3,5,5,1,3,9430,1,70.5,11.0,36.0,159.0,464.0,551.0,False,False,False,True,SYNTHETIC_DEMO_DATA
2238,INC-00002238,2026-02-04T09:12:24Z,2026-02-04T09:45:24Z,2026-02-04T10:02:24Z,2026-02-04T10:52:24Z,2026-02-04T11:20:24Z,2026-02-04T17:22:24Z,20260204,910,7,92,21,5,5,18,1,5,12820,1,100,33.0,50.0,100.0,128.0,362.0,True,False,False,False,SYNTHETIC_DEMO_DATA
2239,INC-00002239,2025-08-14T21:06:04Z,2025-08-14T21:44:04Z,2025-08-14T22:15:04Z,,,,20250814,2105,2,127,16,2,2,8,0,2,3202,1,61.9,38.0,69.0,,,,False,False,False,False,SYNTHETIC_DEMO_DATA
2240,INC-00002240,2025-11-30T09:05:47Z,2025-11-30T09:22:47Z,2025-11-30T09:44:47Z,2025-11-30T09:58:47Z,2025-11-30T12:31:47Z,,20251130,905,1,93,30,4,4,3,1,4,11574,1,97.3,17.0,39.0,53.0,206.0,,True,False,False,True,SYNTHETIC_DEMO_DATA
2241,INC-00002241,2025-06-12T12:20:31Z,2025-06-12T13:37:31Z,2025-06-12T14:16:31Z,2025-06-12T15:08:31Z,2025-06-12T16:18:31Z,2025-06-13T02:27:31Z,20250612,1220,1,61,14,2,5,12,1,2,9026,1,50.2,77.0,116.0,168.0,238.0,609.0,False,False,False,True,SYNTHETIC_DEMO_DATA
2242,INC-00002242,2025-10-22T07:06:33Z,2025-10-22T07:20:33Z,2025-10-22T07:36:33Z,2025-10-22T07:56:33Z,2025-10-22T09:14:33Z,2025-10-22T18:17:33Z,20251022,705,2,104,33,1,5,4,1,1,17117,1,53.5,14.0,30.0,50.0,128.0,543.0,False,False,False,True,SYNTHETIC_DEMO_DATA
2243,INC-00002243,2025-09-24T09:53:09Z,2025-09-24T09:57:09Z,2025-09-24T10:10:09Z,,,,20250924,950,6,45,20,3,2,17,0,3,13393,1,52.2,4.0,17.0,,,,False,False,False,False,SYNTHETIC_DEMO_DATA
2244,INC-00002244,2025-05-13T10:38:01Z,2025-05-13T10:48:01Z,2025-05-13T10:55:01Z,,,,20250513,1035,7,105,32,4,2,11,0,4,15245,1,96.0,10.0,17.0,,,,True,False,False,False,SYNTHETIC_DEMO_DATA
2245,INC-00002245,2025-09-14T14:55:55Z,2025-09-14T16:16:55Z,2025-09-14T16:31:55Z,2025-09-14T23:19:55Z,2025-09-15T02:28:55Z,2025-09-15T10:53:55Z,20250914,1455,1,58,27,1,5,1,3,1,9538,1,33.9,81.0,96.0,504.0,693.0,505.0,False,False,True,True,SYNTHETIC_DEMO_DATA
2246,INC-00002246,2026-06-01T12:41:13Z,2026-06-01T13:08:13Z,2026-06-01T13:33:13Z,2026-06-01T15:45:13Z,2026-06-01T22:42:13Z,,20260601,1240,7,139,29,1,4,12,1,1,16969,1,33.7,27.0,52.0,184.0,601.0,,False,False,False,True,SYNTHETIC_DEMO_DATA
2247,INC-00002247,2026-05-23T13:14:32Z,,,,,,20260523,1310,1,171,3,3,1,7,0,3,16077,1,52.0,,,,,,False,False,False,False,SYNTHETIC_DEMO_DATA
2248,INC-00002248,2026-07-01T17:33:43Z,2026-07-01T17:54:43Z,2026-07-01T18:21:43Z,,,,20260701,1730,1,1,37,1,2,16,0,1,6223,1,41.7,21.0,48.0,,,,False,False,False,False,SYNTHETIC_DEMO_DATA
2249,INC-00002249,2026-04-04T10:36:34Z,2026-04-04T10:56:34Z,2026-04-04T11:26:34Z,2026-04-04T12:10:34Z,2026-04-04T17:11:34Z,2026-04-04T20:57:34Z,20260404,1035,7,52,18,2,5,10,2,2,10098,1,57.8,20.0,50.0,94.0,395.0,226.0,False,False,True,True,SYNTHETIC_DEMO_DATA
2250,INC-00002250,2025-08-02T15:19:07Z,2025-08-02T15:55:07Z,2025-08-02T16:16:07Z,2025-08-02T20:08:07Z,2025-08-02T21:44:07Z,,20250802,1515,1,160,15,2,4,3,3,2,2130,1,53.3,36.0,57.0,289.0,385.0,,False,False,True,True,SYNTHETIC_DEMO_DATA
2251,INC-00002251,2025-02-22T14:32:16Z,2025-02-22T14:59:16Z,2025-02-22T15:30:16Z,,,,20250222,1430,7,212,33,1,2,13,0,1,6170,1,47.8,27.0,58.0,,,,False,False,False,False,SYNTHETIC_DEMO_DATA
2252,INC-00002252,2025-12-17T10:09:38Z,2025-12-17T11:09:38Z,2025-12-17T11:34:38Z,2025-12-17T14:22:38Z,2025-12-17T21:07:38Z,2025-12-18T06:28:38Z,20251217,1005,2,215,44,2,5,7,1,2,14982,1,46.5,60.0,85.0,253.0,658.0,561.0,False,False,False,True,SYNTHETIC_DEMO_DATA
2253,INC-00002253,2026-02-05T12:33:16Z,2026-02-05T12:59:16Z,2026-02-05T13:13:16Z,2026-02-05T14:04:16Z,2026-02-05T15:04:16Z,2026-02-05T22:16:16Z,20260205,1230,5,222,18,4,5,2,1,4,7237,1,100,26.0,40.0,91.0,151.0,432.0,True,False,False,True,SYNTHETIC_DEMO_DATA
2254,INC-00002254,2025-11-11T17:20:41Z,2025-11-11T17:28:41Z,2025-11-11T17:51:41Z,2025-11-11T18:36:41Z,2025-11-12T11:36:41Z,2025-11-12T21:48:41Z,20251111,1720,2,3,1,2,5,11,4,2,5956,1,53.6,8.0,31.0,76.0,1096.0,612.0,False,False,False,True,SYNTHETIC_DEMO_DATA
2255,INC-00002255,2025-05-28T17:13:55Z,2025-05-28T18:13:55Z,2025-05-28T18:33:55Z,2025-05-28T21:21:55Z,2025-05-29T00:26:55Z,2025-05-29T03:48:55Z,20250528,1710,7,158,19,1,5,3,1,1,8062,1,60.1,60.0,80.0,248.0,433.0,202.0,True,False,False,True,SYNTHETIC_DEMO_DATA
2256,INC-00002256,2025-02-19T16:05:00Z,2025-02-19T16:34:00Z,2025-02-19T17:13:00Z,2025-02-19T19:22:00Z,2025-02-19T21:49:00Z,2025-02-20T07:41:00Z,20250219,1605,2,221,3,1,5,14,1,1,17496,1,46.7,29.0,68.0,197.0,344.0,592.0,False,False,False,True,SYNTHETIC_DEMO_DATA
2257,INC-00002257,2025-11-05T13:11:36Z,2025-11-05T13:44:36Z,2025-11-05T15:19:36Z,2025-11-05T17:32:36Z,2025-11-05T21:49:36Z,2025-11-06T04:44:36Z,20251105,1310,3,152,4,1,5,7,2,1,7632,1,33.4,33.0,128.0,261.0,518.0,415.0,False,False,True,True,SYNTHETIC_DEMO_DATA
2258,INC-00002258,2026-07-26T09:42:42Z,2026-07-26T10:18:42Z,2026-07-26T10:29:42Z,2026-07-26T11:45:42Z,2026-07-26T12:07:42Z,,20260726,940,7,96,23,2,4,1,1,2,8289,1,61.1,36.0,47.0,123.0,145.0,,False,False,False,True,SYNTHETIC_DEMO_DATA
2259,INC-00002259,2026-03-02T20:30:07Z,2026-03-02T20:42:07Z,2026-03-02T21:09:07Z,2026-03-02T22:10:07Z,2026-03-02T23:19:07Z,2026-03-02T23:45:07Z,20260302,2030,2,235,10,5,5,15,1,5,5276,1,100,12.0,39.0,100.0,169.0,26.0,True,False,False,False,SYNTHETIC_DEMO_DATA
2260,INC-00002260,2025-08-23T20:27:35Z,2025-08-23T20:48:35Z,2025-08-23T20:55:35Z,2025-08-24T01:32:35Z,2025-08-24T03:15:35Z,2025-08-24T07:05:35Z,20250823,2025,2,147,18,1,5,4,1,1,15715,1,42.3,21.0,28.0,305.0,408.0,230.0,False,False,False,True,SYNTHETIC_DEMO_DATA
2261,INC-00002261,2026-06-09T14:35:32Z,2026-06-09T14:49:32Z,2026-06-09T14:57:32Z,2026-06-09T18:03:32Z,2026-06-10T05:39:32Z,2026-06-10T15:52:32Z,20260609,1435,5,151,8,1,5,15,3,1,8996,1,37.8,14.0,22.0,208.0,904.0,613.0,False,False,True,True,SYNTHETIC_DEMO_DATA
2262,INC-00002262,2025-10-23T20:44:42Z,2025-10-23T20:57:42Z,2025-10-23T21:12:42Z,2025-10-24T00:39:42Z,2025-10-24T03:38:42Z,2025-10-24T14:17:42Z,20251023,2040,6,238,34,2,5,9,2,2,14184,1,47.4,13.0,28.0,235.0,414.0,639.0,False,False,True,True,SYNTHETIC_DEMO_DATA
2263,INC-00002263,2025-10-27T15:51:58Z,2025-10-27T16:08:58Z,2025-10-27T16:38:58Z,,,,20251027,1550,3,230,18,2,2,2,0,2,17922,1,65.1,17.0,47.0,,,,False,False,False,False,SYNTHETIC_DEMO_DATA
2264,INC-00002264,2025-12-12T19:48:37Z,2025-12-12T20:36:37Z,2025-12-12T20:45:37Z,2025-12-12T23:06:37Z,2025-12-13T03:34:37Z,2025-12-13T06:52:37Z,20251212,1945,3,67,39,3,5,14,1,3,3379,1,62.0,48.0,57.0,198.0,466.0,198.0,False,False,False,True,SYNTHETIC_DEMO_DATA
2265,INC-00002265,2026-04-01T12:19:20Z,2026-04-01T12:38:20Z,2026-04-01T13:01:20Z,2026-04-01T14:47:20Z,2026-04-02T02:38:20Z,,20260401,1215,3,55,28,1,4,5,3,1,15320,1,42.3,19.0,42.0,148.0,859.0,,False,False,True,True,SYNTHETIC_DEMO_DATA
2266,INC-00002266,2025-07-27T17:45:13Z,2025-07-27T18:12:13Z,2025-07-27T18:50:13Z,2025-07-27T19:37:13Z,2025-07-27T20:30:13Z,2025-07-28T04:02:13Z,20250727,1745,3,28,23,2,5,17,1,2,15130,1,72.3,27.0,65.0,112.0,165.0,452.0,True,False,False,True,SYNTHETIC_DEMO_DATA
2267,INC-00002267,2025-09-21T12:44:54Z,2025-09-21T13:10:54Z,2025-09-21T13:40:54Z,2025-09-21T14:39:54Z,2025-09-21T19:45:54Z,2025-09-21T20:16:54Z,20250921,1240,5,164,37,1,5,9,1,1,17297,1,36.9,26.0,56.0,115.0,421.0,31.0,False,False,False,True,SYNTHETIC_DEMO_DATA
2268,INC-00002268,2025-04-29T04:55:22Z,2025-04-29T05:17:22Z,2025-04-29T05:45:22Z,2025-04-29T06:44:22Z,2025-04-29T08:17:22Z,2025-04-29T10:29:22Z,20250429,455,3,115,10,3,5,4,4,3,4489,1,64.6,22.0,50.0,109.0,202.0,132.0,False,False,False,True,SYNTHETIC_DEMO_DATA
2269,INC-00002269,2026-07-15T16:05:42Z,2026-07-15T16:31:42Z,2026-07-15T16:46:42Z,2026-07-15T19:15:42Z,2026-07-15T21:18:42Z,2026-07-16T09:11:42Z,20260715,1605,1,186,44,1,5,13,4,1,10685,1,48.6,26.0,41.0,190.0,313.0,713.0,False,False,False,True,SYNTHETIC_DEMO_DATA
2270,INC-00002270,2026-02-06T10:03:34Z,2026-02-06T10:27:34Z,2026-02-06T10:42:34Z,2026-02-06T12:30:34Z,2026-02-06T17:39:34Z,2026-02-06T19:47:34Z,20260206,1000,1,56,5,3,5,8,1,3,10232,1,72.6,24.0,39.0,147.0,456.0,128.0,False,False,False,True,SYNTHETIC_DEMO_DATA
2271,INC-00002271,2025-10-12T10:08:06Z,2025-10-12T11:07:06Z,2025-10-12T11:19:06Z,2025-10-12T13:36:06Z,2025-10-12T19:27:06Z,2025-10-13T01:04:06Z,20251012,1005,7,121,18,1,5,17,2,1,3650,1,28.4,59.0,71.0,208.0,559.0,337.0,False,False,True,True,SYNTHETIC_DEMO_DATA
2272,INC-00002272,2026-06-11T14:56:28Z,2026-06-11T15:01:28Z,2026-06-11T15:23:28Z,2026-06-11T16:16:28Z,2026-06-11T19:00:28Z,2026-06-11T22:29:28Z,20260611,1455,1,74,12,3,5,12,3,3,17498,1,63.2,5.0,27.0,80.0,244.0,209.0,False,False,True,True,SYNTHETIC_DEMO_DATA
2273,INC-00002273,2026-02-24T18:40:15Z,2026-02-24T18:51:15Z,2026-02-24T19:11:15Z,2026-02-24T20:58:15Z,2026-02-24T22:33:15Z,,20260224,1840,3,89,10,4,4,6,4,4,14934,1,87.7,11.0,31.0,138.0,233.0,,True,False,False,True,SYNTHETIC_DEMO_DATA
2274,INC-00002274,2026-05-27T11:12:43Z,2026-05-27T11:31:43Z,2026-05-27T11:41:43Z,,,,20260527,1110,1,225,4,2,2,15,0,2,6383,1,44.1,19.0,29.0,,,,False,False,False,False,SYNTHETIC_DEMO_DATA
2275,INC-00002275,2025-12-03T06:19:45Z,2025-12-03T06:22:45Z,2025-12-03T06:30:45Z,2025-12-03T08:06:45Z,2025-12-03T11:52:45Z,2025-12-03T13:00:45Z,20251203,615,2,106,44,3,5,9,1,3,11419,1,63.9,3.0,11.0,107.0,333.0,68.0,False,False,False,True,SYNTHETIC_DEMO_DATA
2276,INC-00002276,2026-05-03T18:45:16Z,2026-05-03T18:58:16Z,2026-05-03T19:15:16Z,2026-05-04T00:17:16Z,2026-05-04T10:01:16Z,2026-05-04T17:24:16Z,20260503,1845,1,197,25,1,5,18,1,1,10651,1,36.4,13.0,30.0,332.0,916.0,443.0,False,False,False,True,SYNTHETIC_DEMO_DATA
2277,INC-00002277,2025-11-09T11:20:17Z,2025-11-09T11:27:17Z,2025-11-09T12:12:17Z,2025-11-09T13:12:17Z,2025-11-09T14:25:17Z,,20251109,1120,2,22,28,4,4,14,2,4,12139,1,89.0,7.0,52.0,112.0,185.0,,True,False,True,True,SYNTHETIC_DEMO_DATA
2278,INC-00002278,2025-03-15T10:46:28Z,2025-03-15T11:12:28Z,2025-03-15T11:23:28Z,2025-03-15T11:32:28Z,2025-03-16T12:15:28Z,2025-03-16T14:46:28Z,20250315,1045,3,232,1,3,5,6,1,3,16772,1,66.7,26.0,37.0,46.0,1529.0,151.0,False,False,False,False,SYNTHETIC_DEMO_DATA
2279,INC-00002279,2025-02-02T03:35:40Z,2025-02-02T04:07:40Z,2025-02-02T05:36:40Z,2025-02-02T07:03:40Z,2025-02-02T09:43:40Z,2025-02-02T19:24:40Z,20250202,335,2,95,23,1,5,15,1,1,5920,1,46.4,32.0,121.0,208.0,368.0,581.0,False,True,False,True,SYNTHETIC_DEMO_DATA
2280,INC-00002280,2026-04-30T09:37:34Z,2026-04-30T10:17:34Z,2026-04-30T10:52:34Z,2026-04-30T13:45:34Z,2026-04-30T17:48:34Z,2026-05-01T00:31:34Z,20260430,935,3,210,41,1,5,8,1,1,10082,1,42.4,40.0,75.0,248.0,491.0,403.0,False,False,False,True,SYNTHETIC_DEMO_DATA
2281,INC-00002281,2025-05-03T17:49:40Z,2025-05-03T17:58:40Z,2025-05-03T18:22:40Z,2025-05-03T18:43:40Z,2025-05-03T19:57:40Z,2025-05-04T04:46:40Z,20250503,1745,1,55,18,2,5,2,3,2,13106,1,57.9,9.0,33.0,54.0,128.0,529.0,False,False,True,True,SYNTHETIC_DEMO_DATA
2282,INC-00002282,2025-07-05T18:08:58Z,2025-07-05T18:20:58Z,2025-07-05T18:57:58Z,2025-07-05T22:10:58Z,2025-07-05T23:29:58Z,,20250705,1805,6,190,43,2,4,13,4,2,5062,1,62.2,12.0,49.0,242.0,321.0,,False,False,False,True,SYNTHETIC_DEMO_DATA
2283,INC-00002283,2025-03-15T17:47:47Z,2025-03-15T18:18:47Z,2025-03-15T18:27:47Z,2025-03-15T19:03:47Z,2025-03-15T20:40:47Z,2025-03-16T06:20:47Z,20250315,1745,3,194,41,1,5,5,3,1,17890,1,50.7,31.0,40.0,76.0,173.0,580.0,False,False,True,True,SYNTHETIC_DEMO_DATA
2284,INC-00002284,2025-11-05T03:21:36Z,2025-11-05T03:58:36Z,2025-11-05T05:48:36Z,2025-11-05T08:33:36Z,2025-11-05T12:56:36Z,2025-11-05T17:10:36Z,20251105,320,3,71,20,2,5,17,3,2,13818,1,44.5,37.0,147.0,312.0,575.0,254.0,False,False,True,True,SYNTHETIC_DEMO_DATA
2285,INC-00002285,2025-03-31T19:33:50Z,2025-03-31T20:09:50Z,2025-03-31T20:18:50Z,2025-03-31T22:31:50Z,2025-04-01T16:08:50Z,2025-04-01T17:46:50Z,20250331,1930,2,36,10,1,5,9,2,1,14588,1,27.0,36.0,45.0,178.0,1235.0,98.0,False,False,True,True,SYNTHETIC_DEMO_DATA
2286,INC-00002286,2025-08-09T03:31:31Z,2025-08-09T03:47:31Z,2025-08-09T04:03:31Z,2025-08-09T05:59:31Z,2025-08-09T10:03:31Z,2025-08-09T19:58:31Z,20250809,330,5,79,19,3,5,4,2,3,14730,1,69.0,16.0,32.0,148.0,392.0,595.0,False,False,True,True,SYNTHETIC_DEMO_DATA
2287,INC-00002287,2025-10-01T00:00:32Z,2025-10-01T00:18:32Z,2025-10-01T00:28:32Z,2025-10-01T01:18:32Z,2025-10-01T04:12:32Z,2025-10-01T12:40:32Z,20251001,0,3,21,35,5,5,17,1,5,15172,1,100,18.0,28.0,78.0,252.0,508.0,True,False,False,False,SYNTHETIC_DEMO_DATA
2288,INC-00002288,2026-07-21T11:52:38Z,2026-07-21T12:42:38Z,2026-07-21T12:50:38Z,2026-07-21T14:48:38Z,2026-07-21T16:49:38Z,2026-07-22T03:56:38Z,20260721,1150,2,113,29,1,5,6,2,1,7917,1,60.0,50.0,58.0,176.0,297.0,667.0,True,False,True,True,SYNTHETIC_DEMO_DATA
2289,INC-00002289,2025-11-26T16:31:39Z,2025-11-26T17:02:39Z,2025-11-26T17:13:39Z,2025-11-26T18:19:39Z,2025-11-26T21:52:39Z,2025-11-27T08:33:39Z,20251126,1630,3,149,23,3,5,1,3,3,1109,1,76.4,31.0,42.0,108.0,321.0,641.0,False,False,True,True,SYNTHETIC_DEMO_DATA
2290,INC-00002290,2026-03-20T17:07:56Z,2026-03-20T17:22:56Z,2026-03-20T18:33:56Z,2026-03-20T23:02:56Z,2026-03-21T07:38:56Z,2026-03-21T12:19:56Z,20260320,1705,5,80,30,1,5,10,1,1,11874,1,34.2,15.0,86.0,355.0,871.0,281.0,False,False,False,True,SYNTHETIC_DEMO_DATA
2291,INC-00002291,2025-07-11T15:25:46Z,2025-07-11T15:38:46Z,2025-07-11T15:47:46Z,2025-07-11T16:39:46Z,2025-07-11T19:00:46Z,2025-07-11T20:12:46Z,20250711,1525,5,180,17,4,5,6,1,4,11865,1,87.4,13.0,22.0,74.0,215.0,72.0,True,False,False,True,SYNTHETIC_DEMO_DATA
2292,INC-00002292,2026-01-20T15:38:55Z,2026-01-20T15:51:55Z,2026-01-20T16:18:55Z,2026-01-20T16:55:55Z,2026-01-20T22:00:55Z,2026-01-21T08:38:55Z,20260120,1535,1,169,33,1,5,14,1,1,11702,1,40.0,13.0,40.0,77.0,382.0,638.0,False,False,False,True,SYNTHETIC_DEMO_DATA
2293,INC-00002293,2026-06-04T05:46:13Z,2026-06-04T06:07:13Z,2026-06-04T06:42:13Z,2026-06-04T10:15:13Z,2026-06-04T20:55:13Z,2026-06-05T06:14:13Z,20260604,545,1,136,23,2,5,8,2,2,5337,1,63.8,21.0,56.0,269.0,909.0,559.0,False,False,True,True,SYNTHETIC_DEMO_DATA
2294,INC-00002294,2026-02-01T18:10:38Z,2026-02-01T18:32:38Z,2026-02-01T18:50:38Z,2026-02-01T19:56:38Z,2026-02-01T21:58:38Z,2026-02-02T04:12:38Z,20260201,1810,5,215,35,3,5,2,4,3,1305,1,62.0,22.0,40.0,106.0,228.0,374.0,False,False,False,True,SYNTHETIC_DEMO_DATA
2295,INC-00002295,2025-02-26T09:49:44Z,2025-02-26T10:18:44Z,2025-02-26T11:04:44Z,2025-02-26T12:54:44Z,2025-02-26T15:05:44Z,2025-02-27T01:19:44Z,20250226,945,1,224,20,2,5,12,1,2,8050,1,48.0,29.0,75.0,185.0,316.0,614.0,False,False,False,True,SYNTHETIC_DEMO_DATA
2296,INC-00002296,2025-06-27T15:09:42Z,2025-06-27T15:23:42Z,2025-06-27T15:44:42Z,2025-06-27T16:30:42Z,2025-06-27T18:18:42Z,2025-06-27T21:22:42Z,20250627,1505,3,239,12,3,5,6,1,3,12881,1,81.1,14.0,35.0,81.0,189.0,184.0,False,False,False,True,SYNTHETIC_DEMO_DATA
2297,INC-00002297,2026-03-17T06:32:33Z,2026-03-17T06:41:33Z,2026-03-17T07:11:33Z,2026-03-17T08:41:33Z,2026-03-17T13:29:33Z,2026-03-17T23:12:33Z,20260317,630,2,79,30,3,5,17,1,3,10422,1,65.7,9.0,39.0,129.0,417.0,583.0,False,False,False,True,SYNTHETIC_DEMO_DATA
2298,INC-00002298,2026-04-28T19:24:15Z,2026-04-28T20:00:15Z,2026-04-28T20:15:15Z,2026-04-29T03:49:15Z,2026-04-29T05:20:15Z,2026-04-29T05:30:15Z,20260428,1920,3,62,36,1,5,8,3,1,7554,1,33.9,36.0,51.0,505.0,596.0,10.0,False,False,True,True,SYNTHETIC_DEMO_DATA
2299,INC-00002299,2026-05-19T13:42:43Z,2026-05-19T14:27:43Z,2026-05-19T14:41:43Z,2026-05-19T16:30:43Z,2026-05-19T20:04:43Z,2026-05-19T23:20:43Z,20260519,1340,6,7,14,3,5,3,1,3,3141,1,78.7,45.0,59.0,168.0,382.0,196.0,True,False,False,True,SYNTHETIC_DEMO_DATA
2300,INC-00002300,2025-04-16T09:49:21Z,2025-04-16T10:25:21Z,2025-04-16T10:39:21Z,2025-04-16T10:56:21Z,2025-04-16T13:05:21Z,,20250416,945,1,114,23,3,4,14,4,3,12888,1,76.0,36.0,50.0,67.0,196.0,,False,False,False,True,SYNTHETIC_DEMO_DATA
2301,INC-00002301,2025-06-02T21:21:54Z,2025-06-02T21:48:54Z,2025-06-02T22:09:54Z,,,,20250602,2120,1,235,13,1,2,5,0,1,3581,1,46.4,27.0,48.0,,,,False,False,False,False,SYNTHETIC_DEMO_DATA
2302,INC-00002302,2025-11-05T15:13:10Z,2025-11-05T15:22:10Z,2025-11-05T15:41:10Z,2025-11-05T16:25:10Z,2025-11-05T21:25:10Z,2025-11-06T01:03:10Z,20251105,1510,3,147,13,2,5,17,1,2,1462,1,49.9,9.0,28.0,72.0,372.0,218.0,False,False,False,True,SYNTHETIC_DEMO_DATA
2303,INC-00002303,2026-04-23T14:17:50Z,2026-04-23T14:19:50Z,2026-04-23T14:46:50Z,2026-04-23T16:15:50Z,2026-04-23T21:06:50Z,2026-04-24T06:26:50Z,20260423,1415,5,120,24,2,5,10,1,2,4694,1,54.3,2.0,29.0,118.0,409.0,560.0,False,False,False,True,SYNTHETIC_DEMO_DATA
2304,INC-00002304,2026-07-27T14:38:43Z,2026-07-27T15:11:43Z,2026-07-27T15:32:43Z,2026-07-27T20:24:43Z,,,20260727,1435,5,60,3,3,3,4,0,3,5630,1,78.3,33.0,54.0,346.0,,,False,False,False,False,SYNTHETIC_DEMO_DATA
2305,INC-00002305,2026-02-04T10:47:58Z,2026-02-04T11:02:58Z,2026-02-04T11:09:58Z,2026-02-04T12:10:58Z,2026-02-04T13:44:58Z,2026-02-04T15:26:58Z,20260204,1045,5,153,1,4,5,16,3,4,8257,1,83.0,15.0,22.0,83.0,177.0,102.0,True,False,True,True,SYNTHETIC_DEMO_DATA
2306,INC-00002306,2025-07-08T07:45:22Z,2025-07-08T08:21:22Z,2025-07-08T08:25:22Z,2025-07-08T09:13:22Z,2025-07-08T11:52:22Z,,20250708,745,5,31,25,1,4,6,1,1,5594,1,35.2,36.0,40.0,88.0,247.0,,False,False,False,True,SYNTHETIC_DEMO_DATA
2307,INC-00002307,2026-06-11T05:57:02Z,2026-06-11T06:25:02Z,2026-06-11T06:40:02Z,2026-06-11T07:45:02Z,2026-06-11T09:04:02Z,2026-06-11T14:35:02Z,20260611,555,4,1,6,4,5,2,1,4,6166,1,98.2,28.0,43.0,108.0,187.0,331.0,True,False,False,True,SYNTHETIC_DEMO_DATA
2308,INC-00002308,2025-12-23T08:13:36Z,2025-12-23T08:23:36Z,2025-12-23T09:26:36Z,2025-12-23T11:36:36Z,2025-12-23T15:46:36Z,2025-12-23T21:07:36Z,20251223,810,2,91,28,1,5,10,1,1,15714,1,45.9,10.0,73.0,203.0,453.0,321.0,False,False,False,True,SYNTHETIC_DEMO_DATA
2309,INC-00002309,2025-11-21T16:25:33Z,2025-11-21T16:57:33Z,2025-11-21T17:17:33Z,2025-11-22T00:38:33Z,2025-11-22T08:48:33Z,2025-11-22T17:02:33Z,20251121,1625,5,14,38,2,5,4,2,2,4886,1,69.8,32.0,52.0,493.0,983.0,494.0,False,False,True,True,SYNTHETIC_DEMO_DATA
2310,INC-00002310,2025-06-16T11:10:16Z,2025-06-16T11:15:16Z,2025-06-16T11:28:16Z,2025-06-16T13:31:16Z,2025-06-16T15:17:16Z,2025-06-16T15:45:16Z,20250616,1110,3,46,36,2,5,15,1,2,10855,1,73.2,5.0,18.0,141.0,247.0,28.0,True,False,False,True,SYNTHETIC_DEMO_DATA
2311,INC-00002311,2025-09-09T18:07:48Z,2025-09-09T18:10:48Z,2025-09-09T18:42:48Z,,,,20250909,1805,6,51,41,5,2,11,0,5,16171,1,100,3.0,35.0,,,,True,False,False,False,SYNTHETIC_DEMO_DATA
2312,INC-00002312,2025-12-05T09:15:20Z,2025-12-05T09:39:20Z,2025-12-05T10:01:20Z,2025-12-05T12:46:20Z,2025-12-05T23:00:20Z,2025-12-06T02:15:20Z,20251205,915,1,35,34,1,5,18,1,1,5501,1,34.7,24.0,46.0,211.0,825.0,195.0,False,False,False,True,SYNTHETIC_DEMO_DATA
2313,INC-00002313,2025-10-21T12:54:25Z,2025-10-21T13:25:25Z,2025-10-21T13:49:25Z,2025-10-21T21:31:25Z,2025-10-21T23:08:25Z,2025-10-22T02:41:25Z,20251021,1250,7,145,35,1,5,11,1,1,3400,1,48.3,31.0,55.0,517.0,614.0,213.0,False,False,False,True,SYNTHETIC_DEMO_DATA
2314,INC-00002314,2025-02-12T16:02:13Z,2025-02-12T16:16:13Z,2025-02-12T16:33:13Z,2025-02-12T18:31:13Z,,,20250212,1600,6,99,3,1,3,4,0,1,13859,1,30.3,14.0,31.0,149.0,,,False,False,False,False,SYNTHETIC_DEMO_DATA
2315,INC-00002315,2026-04-06T12:01:57Z,2026-04-06T12:36:57Z,2026-04-06T12:51:57Z,2026-04-06T13:42:57Z,2026-04-06T16:50:57Z,2026-04-07T02:09:57Z,20260406,1200,4,207,5,1,5,15,1,1,16263,1,23.1,35.0,50.0,101.0,289.0,559.0,False,False,False,True,SYNTHETIC_DEMO_DATA
2316,INC-00002316,2025-12-06T17:23:40Z,2025-12-06T17:30:40Z,2025-12-06T17:43:40Z,,,,20251206,1720,6,104,11,3,2,10,0,3,6089,1,83.4,7.0,20.0,,,,False,False,False,False,SYNTHETIC_DEMO_DATA
2317,INC-00002317,2025-05-08T08:11:36Z,2025-05-08T08:51:36Z,2025-05-08T09:04:36Z,2025-05-08T09:16:36Z,2025-05-08T10:03:36Z,2025-05-08T19:19:36Z,20250508,810,5,162,14,2,5,2,1,2,9560,1,44.9,40.0,53.0,65.0,112.0,556.0,False,False,False,True,SYNTHETIC_DEMO_DATA
2318,INC-00002318,2025-09-25T09:44:59Z,2025-09-25T10:27:59Z,2025-09-25T10:56:59Z,2025-09-25T12:46:59Z,2025-09-25T15:59:59Z,2025-09-25T16:44:59Z,20250925,940,2,54,42,3,5,14,1,3,16976,1,56.1,43.0,72.0,182.0,375.0,45.0,False,False,False,True,SYNTHETIC_DEMO_DATA
2319,INC-00002319,2025-03-14T20:10:29Z,2025-03-14T21:21:29Z,2025-03-14T21:36:29Z,2025-03-14T22:29:29Z,2025-03-15T01:59:29Z,2025-03-15T04:54:29Z,20250314,2010,2,240,11,3,5,7,1,3,1214,1,70.6,71.0,86.0,139.0,349.0,175.0,False,False,False,False,SYNTHETIC_DEMO_DATA
2320,INC-00002320,2025-12-15T17:29:51Z,2025-12-15T17:55:51Z,2025-12-15T19:04:51Z,2025-12-15T21:10:51Z,2025-12-16T01:30:51Z,2025-12-16T11:33:51Z,20251215,1725,1,169,7,1,5,16,2,1,17823,1,35.2,26.0,95.0,221.0,481.0,603.0,False,False,True,True,SYNTHETIC_DEMO_DATA
2321,INC-00002321,2026-07-22T17:49:15Z,2026-07-22T17:59:15Z,2026-07-22T18:20:15Z,,,,20260722,1745,1,74,14,3,2,11,0,3,48,1,78.4,10.0,31.0,,,,True,False,False,False,SYNTHETIC_DEMO_DATA
2322,INC-00002322,2025-11-17T12:39:41Z,2025-11-17T15:16:41Z,2025-11-17T15:43:41Z,2025-11-17T16:12:41Z,2025-11-18T06:23:41Z,2025-11-18T10:43:41Z,20251117,1235,2,78,32,2,5,3,1,2,4705,1,61.4,157.0,184.0,213.0,1064.0,260.0,False,False,False,False,SYNTHETIC_DEMO_DATA
2323,INC-00002323,2025-11-26T14:51:56Z,2025-11-26T15:25:56Z,2025-11-26T15:35:56Z,2025-11-26T16:16:56Z,2025-11-26T19:40:56Z,2025-11-27T02:42:56Z,20251126,1450,3,63,33,2,5,14,3,2,15998,1,37.6,34.0,44.0,85.0,289.0,422.0,False,False,True,True,SYNTHETIC_DEMO_DATA
2324,INC-00002324,2026-07-26T11:59:02Z,2026-07-26T12:16:02Z,2026-07-26T12:32:02Z,,,,20260726,1155,7,47,17,2,2,7,0,2,14731,1,56.0,17.0,33.0,,,,False,False,False,False,SYNTHETIC_DEMO_DATA
2325,INC-00002325,2025-10-31T18:33:46Z,2025-10-31T18:35:46Z,2025-10-31T19:11:46Z,2025-10-31T23:55:46Z,2025-11-01T00:50:46Z,2025-11-01T10:48:46Z,20251031,1830,1,103,24,5,5,3,1,5,15989,1,100,2.0,38.0,322.0,377.0,598.0,True,False,False,False,SYNTHETIC_DEMO_DATA
2326,INC-00002326,2025-07-25T16:45:04Z,2025-07-25T17:14:04Z,2025-07-25T17:29:04Z,2025-07-25T19:05:04Z,2025-07-25T21:28:04Z,2025-07-26T06:45:04Z,20250725,1645,4,51,34,3,5,12,2,3,10667,1,73.7,29.0,44.0,140.0,283.0,557.0,False,False,True,True,SYNTHETIC_DEMO_DATA
2327,INC-00002327,2026-06-01T08:42:14Z,2026-06-01T09:20:14Z,2026-06-01T09:33:14Z,,,,20260601,840,2,185,12,2,2,4,0,2,5541,1,68.2,38.0,51.0,,,,False,False,False,False,SYNTHETIC_DEMO_DATA
2328,INC-00002328,2025-04-13T05:42:58Z,2025-04-13T05:50:58Z,2025-04-13T06:12:58Z,2025-04-13T07:39:58Z,2025-04-13T11:56:58Z,2025-04-13T15:01:58Z,20250413,540,3,48,39,5,5,18,1,5,7016,1,100,8.0,30.0,117.0,374.0,185.0,True,False,False,False,SYNTHETIC_DEMO_DATA
2329,INC-00002329,2026-07-07T22:20:55Z,2026-07-07T22:32:55Z,2026-07-07T23:33:55Z,2026-07-08T02:46:55Z,2026-07-08T06:18:55Z,2026-07-08T07:54:55Z,20260707,2220,3,119,28,1,5,7,1,1,1140,1,37.7,12.0,73.0,266.0,478.0,96.0,False,False,False,True,SYNTHETIC_DEMO_DATA
2330,INC-00002330,2026-07-20T07:01:54Z,2026-07-20T07:51:54Z,2026-07-20T07:55:54Z,,,,20260720,700,3,234,24,2,2,1,0,2,6994,1,43.2,50.0,54.0,,,,False,False,False,False,SYNTHETIC_DEMO_DATA
2331,INC-00002331,2025-07-30T12:30:38Z,2025-07-30T13:10:38Z,2025-07-30T13:53:38Z,2025-07-30T14:38:38Z,2025-07-30T16:00:38Z,2025-07-30T17:44:38Z,20250730,1230,3,111,12,2,5,12,1,2,12267,1,48.2,40.0,83.0,128.0,210.0,104.0,False,False,False,True,SYNTHETIC_DEMO_DATA
2332,INC-00002332,2025-03-20T17:09:53Z,2025-03-20T17:12:53Z,2025-03-20T17:17:53Z,2025-03-20T18:34:53Z,2025-03-21T02:54:53Z,2025-03-21T10:54:53Z,20250320,1705,6,101,25,1,5,4,1,1,1569,1,51.0,3.0,8.0,85.0,585.0,480.0,True,True,False,True,SYNTHETIC_DEMO_DATA
2333,INC-00002333,2025-10-07T07:57:27Z,2025-10-07T08:12:27Z,2025-10-07T09:01:27Z,2025-10-07T09:29:27Z,2025-10-07T10:07:27Z,2025-10-07T18:30:27Z,20251007,755,3,95,11,2,5,16,1,2,11535,1,63.7,15.0,64.0,92.0,130.0,503.0,False,False,False,True,SYNTHETIC_DEMO_DATA
2334,INC-00002334,2026-05-01T01:03:40Z,2026-05-01T01:16:40Z,2026-05-01T01:33:40Z,2026-05-01T03:44:40Z,2026-05-01T07:51:40Z,2026-05-01T13:55:40Z,20260501,100,7,222,16,2,5,9,1,2,16042,1,59.7,13.0,30.0,161.0,408.0,364.0,False,False,False,True,SYNTHETIC_DEMO_DATA
2335,INC-00002335,2025-06-23T11:09:21Z,2025-06-23T11:28:21Z,2025-06-23T11:59:21Z,2025-06-23T14:06:21Z,2025-06-23T23:17:21Z,2025-06-24T05:46:21Z,20250623,1105,3,24,45,1,5,1,1,1,9578,1,41.0,19.0,50.0,177.0,728.0,389.0,False,False,False,True,SYNTHETIC_DEMO_DATA
2336,INC-00002336,2025-09-02T11:03:12Z,2025-09-02T11:24:12Z,2025-09-02T11:38:12Z,2025-09-02T19:05:12Z,2025-09-02T20:04:12Z,2025-09-03T07:37:12Z,20250902,1100,6,76,44,2,5,13,1,2,2997,1,43.6,21.0,35.0,482.0,541.0,693.0,False,False,False,True,SYNTHETIC_DEMO_DATA
2337,INC-00002337,2026-06-22T08:28:42Z,2026-06-22T09:21:42Z,2026-06-22T10:12:42Z,2026-06-22T12:05:42Z,2026-06-22T13:34:42Z,2026-06-22T23:56:42Z,20260622,825,7,203,30,1,5,5,1,1,11470,1,50.3,53.0,104.0,217.0,306.0,622.0,False,False,False,True,SYNTHETIC_DEMO_DATA
2338,INC-00002338,2025-03-19T10:05:06Z,2025-03-19T10:19:06Z,2025-03-19T11:09:06Z,2025-03-19T12:01:06Z,2025-03-19T16:46:06Z,2025-03-20T00:14:06Z,20250319,1005,2,157,4,2,5,17,1,2,11796,1,48.5,14.0,64.0,116.0,401.0,448.0,False,False,False,True,SYNTHETIC_DEMO_DATA
2339,INC-00002339,2026-05-12T11:33:57Z,2026-05-12T11:50:57Z,2026-05-12T12:06:57Z,2026-05-12T13:13:57Z,2026-05-12T15:19:57Z,2026-05-12T20:07:57Z,20260512,1130,6,155,10,1,5,9,1,1,5439,1,42.8,17.0,33.0,100.0,226.0,288.0,False,False,False,True,SYNTHETIC_DEMO_DATA
2340,INC-00002340,2025-03-06T06:21:47Z,2025-03-06T06:36:47Z,2025-03-06T06:41:47Z,2025-03-06T08:31:47Z,2025-03-06T10:49:47Z,2025-03-06T14:12:47Z,20250306,620,4,99,18,1,5,2,1,1,4007,1,21.7,15.0,20.0,130.0,268.0,203.0,False,False,False,True,SYNTHETIC_DEMO_DATA
2341,INC-00002341,2025-02-01T14:49:53Z,2025-02-01T14:57:53Z,2025-02-01T15:31:53Z,2025-02-01T18:40:53Z,2025-02-01T21:38:53Z,2025-02-02T03:56:53Z,20250201,1445,5,208,39,1,5,13,1,1,7048,1,46.0,8.0,42.0,231.0,409.0,378.0,False,False,False,True,SYNTHETIC_DEMO_DATA
2342,INC-00002342,2026-05-21T23:28:52Z,2026-05-22T00:18:52Z,2026-05-22T01:39:52Z,2026-05-22T02:23:52Z,2026-05-22T08:51:52Z,2026-05-22T15:59:52Z,20260521,2325,3,64,19,1,5,6,2,1,15448,1,43.8,50.0,131.0,175.0,563.0,428.0,False,False,True,True,SYNTHETIC_DEMO_DATA
2343,INC-00002343,2025-03-29T14:30:40Z,2025-03-29T15:44:40Z,2025-03-29T17:00:40Z,2025-03-29T20:03:40Z,2025-03-29T22:25:40Z,2025-03-30T06:52:40Z,20250329,1430,1,182,14,2,5,18,1,2,12253,1,64.5,74.0,150.0,333.0,475.0,507.0,True,False,False,True,SYNTHETIC_DEMO_DATA
2344,INC-00002344,2025-12-16T12:24:56Z,2025-12-16T13:17:56Z,2025-12-16T13:30:56Z,2025-12-16T14:59:56Z,2025-12-16T19:41:56Z,2025-12-17T01:50:56Z,20251216,1220,4,180,31,1,5,10,1,1,263,1,24.8,53.0,66.0,155.0,437.0,369.0,False,False,False,True,SYNTHETIC_DEMO_DATA
2345,INC-00002345,2025-08-31T15:18:23Z,2025-08-31T15:51:23Z,2025-08-31T16:15:23Z,2025-08-31T17:42:23Z,2025-08-31T21:19:23Z,2025-09-01T07:09:23Z,20250831,1515,2,181,43,1,5,3,3,1,4604,1,46.3,33.0,57.0,144.0,361.0,590.0,False,False,True,True,SYNTHETIC_DEMO_DATA
2346,INC-00002346,2025-03-13T12:30:12Z,2025-03-13T12:49:12Z,2025-03-13T13:02:12Z,2025-03-13T14:17:12Z,2025-03-13T15:23:12Z,2025-03-13T21:44:12Z,20250313,1230,7,208,37,4,5,17,3,4,17057,1,100,19.0,32.0,107.0,173.0,381.0,True,False,True,True,SYNTHETIC_DEMO_DATA
2347,INC-00002347,2026-02-22T12:37:49Z,2026-02-22T13:09:49Z,2026-02-22T14:26:49Z,2026-02-22T14:56:49Z,2026-02-22T15:55:49Z,,20260222,1235,1,200,15,3,4,9,1,3,1702,1,64.4,32.0,109.0,139.0,198.0,,False,False,False,True,SYNTHETIC_DEMO_DATA
2348,INC-00002348,2026-05-27T09:33:59Z,2026-05-27T10:51:59Z,2026-05-27T11:30:59Z,2026-05-27T11:57:59Z,2026-05-28T00:30:59Z,2026-05-28T01:22:59Z,20260527,930,5,32,36,2,5,1,1,2,12293,1,66.7,78.0,117.0,144.0,897.0,52.0,False,False,False,True,SYNTHETIC_DEMO_DATA
2349,INC-00002349,2025-04-26T10:49:31Z,2025-04-26T10:59:31Z,2025-04-26T11:36:31Z,2025-04-26T14:12:31Z,2025-04-26T19:33:31Z,2025-04-27T02:21:31Z,20250426,1045,5,11,13,1,5,11,3,1,12729,1,35.9,10.0,47.0,203.0,524.0,408.0,False,False,True,True,SYNTHETIC_DEMO_DATA
2350,INC-00002350,2026-07-05T09:26:37Z,2026-07-05T09:37:37Z,2026-07-05T10:12:37Z,2026-07-05T10:33:37Z,2026-07-05T13:50:37Z,2026-07-06T00:31:37Z,20260705,925,5,103,25,3,5,6,2,3,4012,1,57.6,11.0,46.0,67.0,264.0,641.0,False,False,True,True,SYNTHETIC_DEMO_DATA
2351,INC-00002351,2025-03-30T13:21:50Z,2025-03-30T14:22:50Z,2025-03-30T14:45:50Z,,,,20250330,1320,6,64,2,1,2,15,0,1,15544,1,41.2,61.0,84.0,,,,False,False,False,False,SYNTHETIC_DEMO_DATA
2352,INC-00002352,2025-11-28T18:14:01Z,2025-11-28T18:15:01Z,2025-11-28T18:23:01Z,2025-11-28T19:45:01Z,2025-11-29T00:37:01Z,2025-11-29T03:40:01Z,20251128,1810,3,150,30,3,5,10,3,3,4264,1,71.0,1.0,9.0,91.0,383.0,183.0,False,False,True,True,SYNTHETIC_DEMO_DATA
2353,INC-00002353,2025-12-18T12:41:08Z,2025-12-18T13:36:08Z,2025-12-18T13:50:08Z,2025-12-18T14:48:08Z,2025-12-19T09:06:08Z,,20251218,1240,2,116,35,2,4,2,1,2,17288,1,51.3,55.0,69.0,127.0,1225.0,,False,False,False,True,SYNTHETIC_DEMO_DATA
2354,INC-00002354,2025-10-27T18:19:43Z,2025-10-27T19:33:43Z,2025-10-27T20:41:43Z,2025-10-27T22:30:43Z,2025-10-28T02:52:43Z,2025-10-28T11:39:43Z,20251027,1815,1,230,16,1,5,12,3,1,4425,1,61.5,74.0,142.0,251.0,513.0,527.0,True,False,True,True,SYNTHETIC_DEMO_DATA
2355,INC-00002355,2025-10-13T17:43:25Z,2025-10-13T17:48:25Z,2025-10-13T17:57:25Z,2025-10-13T18:27:25Z,2025-10-13T22:56:25Z,2025-10-14T05:37:25Z,20251013,1740,2,5,21,3,5,7,1,3,8225,1,81.7,5.0,14.0,44.0,313.0,401.0,False,False,False,True,SYNTHETIC_DEMO_DATA
2356,INC-00002356,2025-07-30T17:52:34Z,2025-07-30T18:32:34Z,2025-07-30T19:37:34Z,2025-07-30T21:00:34Z,2025-07-31T02:04:34Z,2025-07-31T08:43:34Z,20250730,1750,7,43,7,1,5,16,1,1,17935,1,38.9,40.0,105.0,188.0,492.0,399.0,False,False,False,True,SYNTHETIC_DEMO_DATA
2357,INC-00002357,2026-06-10T05:34:28Z,2026-06-10T05:39:28Z,2026-06-10T05:59:28Z,2026-06-10T08:08:28Z,2026-06-10T10:16:28Z,,20260610,530,2,195,42,3,4,11,3,3,12149,1,76.9,5.0,25.0,154.0,282.0,,False,False,True,True,SYNTHETIC_DEMO_DATA
2358,INC-00002358,2025-05-09T18:46:40Z,2025-05-09T19:03:40Z,2025-05-09T19:18:40Z,2025-05-09T20:10:40Z,2025-05-09T22:01:40Z,2025-05-10T06:29:40Z,20250509,1845,7,147,5,1,5,2,1,1,15378,1,35.4,17.0,32.0,84.0,195.0,508.0,False,False,False,True,SYNTHETIC_DEMO_DATA
2359,INC-00002359,2025-06-15T08:49:16Z,2025-06-15T09:17:16Z,2025-06-15T09:41:16Z,2025-06-15T10:51:16Z,2025-06-15T11:36:16Z,2025-06-15T12:00:16Z,20250615,845,1,9,35,1,5,13,1,1,15142,1,24.9,28.0,52.0,122.0,167.0,24.0,False,False,False,True,SYNTHETIC_DEMO_DATA
2360,INC-00002360,2025-05-11T22:32:59Z,2025-05-12T00:31:59Z,2025-05-12T00:55:59Z,2025-05-12T02:17:59Z,2025-05-12T03:39:59Z,2025-05-12T04:21:59Z,20250511,2230,4,8,4,1,5,6,1,1,13438,1,33.0,119.0,143.0,225.0,307.0,42.0,False,False,False,True,SYNTHETIC_DEMO_DATA
2361,INC-00002361,2025-12-31T18:27:53Z,2025-12-31T18:43:53Z,2025-12-31T18:58:53Z,2025-12-31T21:33:53Z,2025-12-31T22:35:53Z,2026-01-01T06:59:53Z,20251231,1825,1,207,24,2,5,18,2,2,10953,1,45.8,16.0,31.0,186.0,248.0,504.0,False,False,True,True,SYNTHETIC_DEMO_DATA
2362,INC-00002362,2026-03-27T19:01:15Z,2026-03-27T19:10:15Z,2026-03-27T19:16:15Z,2026-03-27T19:40:15Z,2026-03-27T21:27:15Z,2026-03-27T22:23:15Z,20260327,1900,4,195,41,2,5,11,1,2,5250,1,59.8,9.0,15.0,39.0,146.0,56.0,False,False,False,True,SYNTHETIC_DEMO_DATA
2363,INC-00002363,2026-04-25T06:29:05Z,2026-04-25T06:59:05Z,2026-04-25T08:28:05Z,,,,20260425,625,4,232,8,3,2,5,0,3,12973,1,67.1,30.0,119.0,,,,False,False,False,False,SYNTHETIC_DEMO_DATA
2364,INC-00002364,2025-11-16T18:11:29Z,2025-11-16T18:35:29Z,2025-11-16T19:04:29Z,2025-11-16T19:57:29Z,2025-11-17T06:30:29Z,2025-11-17T14:58:29Z,20251116,1810,6,143,23,3,5,16,1,3,12306,1,65.0,24.0,53.0,106.0,739.0,508.0,False,False,False,True,SYNTHETIC_DEMO_DATA
2365,INC-00002365,2026-02-23T20:25:36Z,2026-02-23T20:38:36Z,2026-02-23T20:57:36Z,2026-02-23T21:45:36Z,2026-02-24T01:41:36Z,2026-02-24T05:38:36Z,20260223,2025,1,139,43,5,5,11,3,5,983,1,100,13.0,32.0,80.0,316.0,237.0,True,False,True,False,SYNTHETIC_DEMO_DATA
2366,INC-00002366,2025-09-05T07:16:06Z,2025-09-05T07:26:06Z,2025-09-05T08:09:06Z,2025-09-05T10:25:06Z,2025-09-05T13:08:06Z,2025-09-05T18:08:06Z,20250905,715,6,57,40,4,5,3,2,4,8798,1,93.9,10.0,53.0,189.0,352.0,300.0,True,False,True,False,SYNTHETIC_DEMO_DATA
2367,INC-00002367,2025-07-01T17:59:19Z,2025-07-01T18:09:19Z,2025-07-01T18:50:19Z,2025-07-01T19:45:19Z,2025-07-01T20:25:19Z,2025-07-02T00:12:19Z,20250701,1755,1,183,23,5,5,15,3,5,10870,1,100,10.0,51.0,106.0,146.0,227.0,True,False,True,False,SYNTHETIC_DEMO_DATA
2368,INC-00002368,2025-05-17T21:10:23Z,2025-05-17T21:14:23Z,2025-05-17T22:26:23Z,2025-05-17T22:34:23Z,2025-05-18T01:12:23Z,2025-05-18T09:40:23Z,20250517,2110,4,14,39,4,5,7,3,4,1323,1,100,4.0,76.0,84.0,242.0,508.0,True,False,True,True,SYNTHETIC_DEMO_DATA
2369,INC-00002369,2025-12-01T17:38:59Z,2025-12-01T17:43:59Z,2025-12-01T17:54:59Z,2025-12-01T20:17:59Z,2025-12-01T21:54:59Z,,20251201,1735,5,48,45,4,4,18,1,4,13230,1,96.3,5.0,16.0,159.0,256.0,,True,False,False,True,SYNTHETIC_DEMO_DATA
2370,INC-00002370,2025-11-15T10:54:44Z,2025-11-15T11:09:44Z,2025-11-15T11:22:44Z,2025-11-15T13:20:44Z,2025-11-15T16:39:44Z,2025-11-15T18:59:44Z,20251115,1050,5,5,13,1,5,8,1,1,5900,1,45.9,15.0,28.0,146.0,345.0,140.0,False,False,False,True,SYNTHETIC_DEMO_DATA
2371,INC-00002371,2026-03-17T16:23:09Z,2026-03-17T16:34:09Z,2026-03-17T16:49:09Z,2026-03-17T19:04:09Z,2026-03-17T19:45:09Z,2026-03-17T21:36:09Z,20260317,1620,4,194,4,3,5,3,1,3,15646,1,84.5,11.0,26.0,161.0,202.0,111.0,False,False,False,True,SYNTHETIC_DEMO_DATA
2372,INC-00002372,2025-03-19T03:21:27Z,2025-03-19T03:45:27Z,2025-03-19T04:34:27Z,2025-03-19T05:30:27Z,2025-03-19T12:47:27Z,,20250319,320,6,150,9,1,4,12,3,1,1567,1,40.1,24.0,73.0,129.0,566.0,,False,False,True,True,SYNTHETIC_DEMO_DATA
2373,INC-00002373,2026-02-01T14:57:57Z,2026-02-01T15:31:57Z,2026-02-01T16:12:57Z,2026-02-01T20:22:57Z,2026-02-01T21:21:57Z,2026-02-01T23:37:57Z,20260201,1455,2,146,11,2,5,6,3,2,8988,1,49.6,34.0,75.0,325.0,384.0,136.0,False,False,True,True,SYNTHETIC_DEMO_DATA
2374,INC-00002374,2025-06-25T19:14:41Z,2025-06-25T19:36:41Z,2025-06-25T19:45:41Z,2025-06-25T19:57:41Z,2025-06-25T21:31:41Z,2025-06-26T00:44:41Z,20250625,1910,5,50,22,1,5,16,3,1,16134,1,51.1,22.0,31.0,43.0,137.0,193.0,False,False,True,True,SYNTHETIC_DEMO_DATA
2375,INC-00002375,2025-07-17T15:09:26Z,2025-07-17T15:40:26Z,2025-07-17T15:58:26Z,2025-07-17T16:24:26Z,2025-07-18T00:03:26Z,,20250717,1505,2,172,34,2,4,10,3,2,6638,1,57.5,31.0,49.0,75.0,534.0,,False,False,True,True,SYNTHETIC_DEMO_DATA
2376,INC-00002376,2025-03-15T16:33:46Z,2025-03-15T17:23:46Z,2025-03-15T18:14:46Z,2025-03-15T20:22:46Z,2025-03-15T23:25:46Z,2025-03-16T04:26:46Z,20250315,1630,7,45,11,3,5,4,3,3,16214,1,64.0,50.0,101.0,229.0,412.0,301.0,True,False,True,True,SYNTHETIC_DEMO_DATA
2377,INC-00002377,2025-09-12T14:40:30Z,2025-09-12T14:55:30Z,2025-09-12T15:10:30Z,,,,20250912,1440,3,16,37,2,2,14,0,2,2511,1,57.4,15.0,30.0,,,,False,False,False,False,SYNTHETIC_DEMO_DATA
2378,INC-00002378,2026-06-19T16:42:44Z,2026-06-19T16:55:44Z,2026-06-19T18:11:44Z,2026-06-19T20:26:44Z,2026-06-19T23:41:44Z,2026-06-20T07:18:44Z,20260619,1640,7,132,42,1,5,6,1,1,14773,1,47.3,13.0,89.0,224.0,419.0,457.0,False,False,False,True,SYNTHETIC_DEMO_DATA
2379,INC-00002379,2025-11-20T10:46:14Z,2025-11-20T10:57:14Z,2025-11-20T12:00:14Z,2025-11-20T12:54:14Z,2025-11-20T14:50:14Z,,20251120,1045,1,208,4,3,4,1,3,3,12667,1,77.7,11.0,74.0,128.0,244.0,,False,False,True,True,SYNTHETIC_DEMO_DATA
2380,INC-00002380,2026-06-16T11:54:31Z,2026-06-16T12:30:31Z,2026-06-16T12:46:31Z,2026-06-16T14:14:31Z,2026-06-16T15:15:31Z,2026-06-16T23:51:31Z,20260616,1150,1,148,29,4,5,13,4,4,5720,1,87.6,36.0,52.0,140.0,201.0,516.0,True,False,False,False,SYNTHETIC_DEMO_DATA
2381,INC-00002381,2025-04-13T14:36:10Z,2025-04-13T14:47:10Z,2025-04-13T16:07:10Z,2025-04-13T17:04:10Z,2025-04-14T04:42:10Z,2025-04-14T08:02:10Z,20250413,1435,6,89,17,3,5,5,2,3,3000,1,58.9,11.0,91.0,148.0,846.0,200.0,False,False,True,True,SYNTHETIC_DEMO_DATA
2382,INC-00002382,2025-08-17T16:20:26Z,2025-08-17T16:25:26Z,2025-08-17T16:32:26Z,2025-08-17T17:27:26Z,2025-08-17T18:50:26Z,2025-08-18T03:20:26Z,20250817,1620,2,219,25,3,5,16,1,3,1185,1,69.5,5.0,12.0,67.0,150.0,510.0,False,False,False,True,SYNTHETIC_DEMO_DATA
2383,INC-00002383,2025-02-03T11:50:53Z,2025-02-03T12:03:53Z,2025-02-03T12:24:53Z,2025-02-03T14:04:53Z,2025-02-03T16:48:53Z,2025-02-04T04:01:53Z,20250203,1150,6,209,42,2,5,8,1,2,5512,1,55.3,13.0,34.0,134.0,298.0,673.0,False,False,False,True,SYNTHETIC_DEMO_DATA
2384,INC-00002384,2025-03-05T14:55:42Z,2025-03-05T15:15:42Z,2025-03-05T15:37:42Z,,,,20250305,1455,5,78,42,3,2,2,0,3,7744,1,76.6,20.0,42.0,,,,False,False,False,False,SYNTHETIC_DEMO_DATA
2385,INC-00002385,2025-09-22T13:33:51Z,2025-09-22T13:39:51Z,2025-09-22T14:10:51Z,2025-09-22T14:58:51Z,2025-09-22T16:19:51Z,2025-09-22T17:20:51Z,20250922,1330,1,135,25,5,5,15,1,5,9796,1,93.2,6.0,37.0,85.0,166.0,61.0,True,True,False,False,SYNTHETIC_DEMO_DATA
2386,INC-00002386,2025-06-20T17:46:57Z,2025-06-20T18:13:57Z,2025-06-20T18:19:57Z,2025-06-20T21:54:57Z,2025-06-21T01:40:57Z,2025-06-21T05:36:57Z,20250620,1745,7,222,20,1,5,4,1,1,1588,1,40.3,27.0,33.0,248.0,474.0,236.0,False,False,False,True,SYNTHETIC_DEMO_DATA
2387,INC-00002387,2025-09-30T14:45:00Z,2025-09-30T15:09:00Z,2025-09-30T15:16:00Z,2025-09-30T15:59:00Z,2025-09-30T17:31:00Z,2025-10-01T03:23:00Z,20250930,1445,6,141,14,2,5,16,3,2,4633,1,67.8,24.0,31.0,74.0,166.0,592.0,True,False,True,True,SYNTHETIC_DEMO_DATA
2388,INC-00002388,2026-02-07T16:50:49Z,2026-02-07T17:08:49Z,2026-02-07T17:20:49Z,2026-02-07T18:36:49Z,2026-02-07T19:03:49Z,2026-02-08T05:08:49Z,20260207,1650,6,238,23,3,5,0,1,3,1193,1,65.5,18.0,30.0,106.0,133.0,605.0,False,False,False,True,SYNTHETIC_DEMO_DATA
2389,INC-00002389,2026-07-16T14:14:19Z,2026-07-16T14:48:19Z,2026-07-16T15:48:19Z,2026-07-16T16:24:19Z,2026-07-16T17:53:19Z,2026-07-16T20:02:19Z,20260716,1410,3,25,32,2,5,2,1,2,7747,1,54.0,34.0,94.0,130.0,219.0,129.0,False,False,False,True,SYNTHETIC_DEMO_DATA
2390,INC-00002390,2025-06-28T13:53:50Z,2025-06-28T15:19:50Z,2025-06-28T15:45:50Z,2025-06-28T16:32:50Z,2025-06-28T17:31:50Z,2025-06-28T21:27:50Z,20250628,1350,7,196,22,1,5,12,1,1,8120,1,36.7,86.0,112.0,159.0,218.0,236.0,False,False,False,True,SYNTHETIC_DEMO_DATA
2391,INC-00002391,2025-12-17T12:24:41Z,2025-12-17T12:31:41Z,2025-12-17T13:54:41Z,2025-12-17T15:10:41Z,2025-12-17T17:16:41Z,,20251217,1220,7,240,4,4,4,8,4,4,672,1,100,7.0,90.0,166.0,292.0,,True,False,False,True,SYNTHETIC_DEMO_DATA
2392,INC-00002392,2026-04-26T13:48:36Z,2026-04-26T14:08:36Z,2026-04-26T14:23:36Z,2026-04-26T19:26:36Z,2026-04-27T01:10:36Z,2026-04-27T03:34:36Z,20260426,1345,3,179,23,1,5,16,2,1,11144,1,29.5,20.0,35.0,338.0,682.0,144.0,False,False,True,True,SYNTHETIC_DEMO_DATA
2393,INC-00002393,2025-05-26T06:14:54Z,2025-05-26T06:22:54Z,2025-05-26T07:06:54Z,2025-05-26T08:12:54Z,2025-05-26T20:49:54Z,2025-05-27T04:32:54Z,20250526,610,5,128,27,1,5,9,1,1,4349,1,36.0,8.0,52.0,118.0,875.0,463.0,False,False,False,True,SYNTHETIC_DEMO_DATA
2394,INC-00002394,2025-05-15T20:09:04Z,2025-05-15T20:56:04Z,2025-05-15T21:08:04Z,2025-05-15T21:38:04Z,2025-05-15T23:08:04Z,2025-05-16T02:27:04Z,20250515,2005,2,120,18,1,5,2,1,1,12520,1,37.3,47.0,59.0,89.0,179.0,199.0,False,False,False,True,SYNTHETIC_DEMO_DATA
2395,INC-00002395,2025-07-03T18:48:46Z,2025-07-03T19:06:46Z,2025-07-03T19:35:46Z,2025-07-03T20:40:46Z,2025-07-04T00:28:46Z,,20250703,1845,5,76,22,2,4,14,1,2,13985,1,48.2,18.0,47.0,112.0,340.0,,False,False,False,True,SYNTHETIC_DEMO_DATA
2396,INC-00002396,2026-06-25T09:51:53Z,2026-06-25T11:47:53Z,2026-06-25T12:22:53Z,2026-06-25T13:40:53Z,2026-06-25T17:24:53Z,2026-06-25T22:49:53Z,20260625,950,5,205,7,2,5,7,2,2,6930,1,54.4,116.0,151.0,229.0,453.0,325.0,False,False,True,True,SYNTHETIC_DEMO_DATA
2397,INC-00002397,2026-05-26T13:35:52Z,2026-05-26T13:52:52Z,2026-05-26T14:00:52Z,2026-05-26T16:13:52Z,2026-05-26T18:43:52Z,2026-05-27T00:05:52Z,20260526,1335,6,80,27,1,5,17,3,1,1231,1,31.1,17.0,25.0,158.0,308.0,322.0,False,False,True,True,SYNTHETIC_DEMO_DATA
2398,INC-00002398,2026-01-06T13:21:17Z,2026-01-06T13:51:17Z,2026-01-06T13:58:17Z,,,,20260106,1320,2,210,28,1,2,10,0,1,4208,1,52.3,30.0,37.0,,,,True,False,False,False,SYNTHETIC_DEMO_DATA
2399,INC-00002399,2026-03-20T09:13:12Z,2026-03-20T09:48:12Z,2026-03-20T09:57:12Z,2026-03-20T10:52:12Z,2026-03-20T11:48:12Z,2026-03-20T15:43:12Z,20260320,910,1,13,30,2,5,4,1,2,15538,1,46.7,35.0,44.0,99.0,155.0,235.0,False,False,False,True,SYNTHETIC_DEMO_DATA
2400,INC-00002400,2025-04-11T14:00:52Z,2025-04-11T14:47:52Z,2025-04-11T15:16:52Z,2025-04-11T16:53:52Z,2025-04-11T17:11:52Z,2025-04-12T01:38:52Z,20250411,1400,6,87,43,1,5,14,1,1,14297,1,40.4,47.0,76.0,173.0,191.0,507.0,False,False,False,True,SYNTHETIC_DEMO_DATA
2401,INC-00002401,2025-06-24T16:55:15Z,2025-06-24T17:12:15Z,2025-06-24T17:35:15Z,2025-06-24T18:30:15Z,2025-06-24T19:46:15Z,2025-06-25T02:51:15Z,20250624,1655,6,63,30,3,5,9,1,3,4440,1,52.3,17.0,40.0,95.0,171.0,425.0,False,False,False,True,SYNTHETIC_DEMO_DATA
2402,INC-00002402,2025-07-04T08:05:18Z,2025-07-04T08:20:18Z,2025-07-04T09:25:18Z,2025-07-04T09:32:18Z,2025-07-04T11:31:18Z,2025-07-04T21:06:18Z,20250704,805,1,105,29,4,5,3,1,4,10505,1,96.2,15.0,80.0,87.0,206.0,575.0,True,False,False,True,SYNTHETIC_DEMO_DATA
2403,INC-00002403,2025-03-11T12:44:49Z,2025-03-11T15:09:49Z,2025-03-11T15:49:49Z,2025-03-11T17:34:49Z,2025-03-11T21:37:49Z,2025-03-12T03:31:49Z,20250311,1240,5,208,4,2,5,12,4,2,11273,1,55.8,145.0,185.0,290.0,533.0,354.0,False,False,False,False,SYNTHETIC_DEMO_DATA
2404,INC-00002404,2025-12-28T16:57:00Z,2025-12-28T18:01:00Z,2025-12-28T18:10:00Z,2025-12-28T19:19:00Z,2025-12-28T21:25:00Z,2025-12-29T03:30:00Z,20251228,1655,7,64,15,2,5,5,3,2,4321,1,63.8,64.0,73.0,142.0,268.0,365.0,False,False,True,True,SYNTHETIC_DEMO_DATA
2405,INC-00002405,2026-04-01T06:22:13Z,2026-04-01T06:35:13Z,2026-04-01T06:39:13Z,2026-04-01T07:04:13Z,2026-04-01T07:32:13Z,2026-04-01T12:05:13Z,20260401,620,1,210,20,3,5,17,1,3,11405,1,69.2,13.0,17.0,42.0,70.0,273.0,False,False,False,True,SYNTHETIC_DEMO_DATA
2406,INC-00002406,2025-06-04T09:38:59Z,2025-06-04T09:48:59Z,2025-06-04T09:52:59Z,2025-06-04T12:35:59Z,2025-06-04T17:00:59Z,2025-06-04T22:19:59Z,20250604,935,3,192,29,1,5,8,1,1,12739,1,33.7,10.0,14.0,177.0,442.0,319.0,False,False,False,True,SYNTHETIC_DEMO_DATA
2407,INC-00002407,2025-02-15T15:10:53Z,2025-02-15T15:39:53Z,2025-02-15T16:13:53Z,2025-02-15T16:45:53Z,2025-02-16T01:10:53Z,2025-02-16T10:55:53Z,20250215,1510,3,155,10,3,5,3,1,3,8387,1,66.6,29.0,63.0,95.0,600.0,585.0,False,False,False,True,SYNTHETIC_DEMO_DATA
2408,INC-00002408,2025-02-11T22:10:40Z,2025-02-11T22:20:40Z,2025-02-11T22:27:40Z,2025-02-12T00:41:40Z,2025-02-12T04:32:40Z,2025-02-12T15:53:40Z,20250211,2210,3,10,34,1,5,12,1,1,3591,1,43.5,10.0,17.0,151.0,382.0,681.0,False,False,False,True,SYNTHETIC_DEMO_DATA
2409,INC-00002409,2026-02-03T00:52:08Z,2026-02-03T01:04:08Z,2026-02-03T01:12:08Z,2026-02-03T01:35:08Z,2026-02-03T03:16:08Z,2026-02-03T12:11:08Z,20260203,50,1,155,18,3,5,7,2,3,13630,1,83.0,12.0,20.0,43.0,144.0,535.0,True,False,True,True,SYNTHETIC_DEMO_DATA
2410,INC-00002410,2025-07-17T14:52:03Z,2025-07-17T14:58:03Z,2025-07-17T15:19:03Z,2025-07-17T16:14:03Z,2025-07-18T07:15:03Z,2025-07-18T07:50:03Z,20250717,1450,6,230,3,1,5,16,1,1,17410,1,54.4,6.0,27.0,82.0,983.0,35.0,False,False,False,True,SYNTHETIC_DEMO_DATA
2411,INC-00002411,2026-06-15T17:40:41Z,2026-06-15T18:10:41Z,2026-06-15T18:23:41Z,2026-06-15T18:45:41Z,2026-06-15T19:27:41Z,2026-06-16T01:36:41Z,20260615,1740,6,50,14,1,5,9,1,1,9044,1,50.8,30.0,43.0,65.0,107.0,369.0,False,False,False,True,SYNTHETIC_DEMO_DATA
2412,INC-00002412,2026-07-26T09:58:16Z,2026-07-26T12:25:16Z,2026-07-26T12:32:16Z,2026-07-26T13:08:16Z,2026-07-26T15:49:16Z,,20260726,955,1,47,4,1,4,2,1,1,5807,1,41.3,147.0,154.0,190.0,351.0,,False,False,False,True,SYNTHETIC_DEMO_DATA
2413,INC-00002413,2025-11-20T10:01:56Z,2025-11-20T10:27:56Z,2025-11-20T10:34:56Z,2025-11-20T14:04:56Z,2025-11-20T14:43:56Z,2025-11-20T16:54:56Z,20251120,1000,3,174,29,1,5,13,1,1,12490,1,36.4,26.0,33.0,243.0,282.0,131.0,False,False,False,True,SYNTHETIC_DEMO_DATA
2414,INC-00002414,2026-06-05T08:33:08Z,2026-06-05T08:39:08Z,2026-06-05T08:42:08Z,2026-06-05T09:22:08Z,2026-06-05T10:21:08Z,,20260605,830,5,233,41,2,4,7,1,2,3891,1,48.9,6.0,9.0,49.0,108.0,,False,False,False,True,SYNTHETIC_DEMO_DATA
2415,INC-00002415,2025-03-30T08:46:53Z,2025-03-30T09:04:53Z,2025-03-30T09:34:53Z,2025-03-30T10:22:53Z,2025-03-30T11:44:53Z,2025-03-30T12:26:53Z,20250330,845,7,64,4,3,5,1,1,3,6658,1,77.1,18.0,48.0,96.0,178.0,42.0,False,False,False,True,SYNTHETIC_DEMO_DATA
2416,INC-00002416,2026-02-23T03:08:29Z,2026-02-23T03:32:29Z,2026-02-23T03:41:29Z,2026-02-23T04:39:29Z,2026-02-23T05:59:29Z,2026-02-23T09:16:29Z,20260223,305,1,197,37,3,5,12,1,3,16163,1,65.4,24.0,33.0,91.0,171.0,197.0,False,False,False,True,SYNTHETIC_DEMO_DATA
2417,INC-00002417,2025-06-02T10:44:20Z,2025-06-02T11:03:20Z,2025-06-02T11:18:20Z,2025-06-02T13:26:20Z,2025-06-02T18:35:20Z,2025-06-02T23:32:20Z,20250602,1040,1,32,18,1,5,3,1,1,14905,1,51.4,19.0,34.0,162.0,471.0,297.0,False,False,False,True,SYNTHETIC_DEMO_DATA
2418,INC-00002418,2026-05-07T09:39:53Z,2026-05-07T10:13:53Z,2026-05-07T10:34:53Z,2026-05-07T11:51:53Z,2026-05-07T13:34:53Z,,20260507,935,7,22,29,3,4,16,4,3,8635,1,60.4,34.0,55.0,132.0,235.0,,False,False,False,True,SYNTHETIC_DEMO_DATA
2419,INC-00002419,2025-10-27T16:39:07Z,2025-10-27T16:54:07Z,2025-10-27T17:16:07Z,2025-10-27T17:47:07Z,2025-10-28T04:03:07Z,,20251027,1635,1,205,33,3,4,9,1,3,8060,1,71.2,15.0,37.0,68.0,684.0,,False,False,False,True,SYNTHETIC_DEMO_DATA
2420,INC-00002420,2026-05-13T05:30:08Z,2026-05-13T05:53:08Z,2026-05-13T06:05:08Z,2026-05-13T06:55:08Z,2026-05-13T07:47:08Z,2026-05-13T17:29:08Z,20260513,530,4,39,26,3,5,2,1,3,11272,1,82.4,23.0,35.0,85.0,137.0,582.0,True,False,False,True,SYNTHETIC_DEMO_DATA
2421,INC-00002421,2025-06-06T19:03:12Z,2025-06-06T19:21:12Z,2025-06-06T20:05:12Z,2025-06-06T22:52:12Z,2025-06-07T04:27:12Z,,20250606,1900,4,63,5,2,4,12,1,2,3447,1,43.0,18.0,62.0,229.0,564.0,,False,False,False,True,SYNTHETIC_DEMO_DATA
2422,INC-00002422,2025-06-05T00:05:49Z,2025-06-05T00:18:49Z,2025-06-05T01:05:49Z,2025-06-05T01:24:49Z,2025-06-05T02:06:49Z,2025-06-05T13:06:49Z,20250605,5,1,177,42,5,5,8,1,5,2841,1,100,13.0,60.0,79.0,121.0,660.0,True,False,False,False,SYNTHETIC_DEMO_DATA
2423,INC-00002423,2025-08-07T10:16:09Z,2025-08-07T10:18:09Z,2025-08-07T10:43:09Z,2025-08-07T11:21:09Z,2025-08-07T11:53:09Z,2025-08-07T12:56:09Z,20250807,1015,7,230,28,5,5,1,4,5,1376,1,100,2.0,27.0,65.0,97.0,63.0,True,False,False,False,SYNTHETIC_DEMO_DATA
2424,INC-00002424,2026-03-02T21:05:48Z,2026-03-02T21:10:48Z,2026-03-02T21:29:48Z,2026-03-02T23:44:48Z,2026-03-03T01:15:48Z,,20260302,2105,3,63,45,3,4,10,1,3,11249,1,60.1,5.0,24.0,159.0,250.0,,False,False,False,True,SYNTHETIC_DEMO_DATA
2425,INC-00002425,2025-10-02T18:51:22Z,2025-10-02T19:25:22Z,2025-10-02T19:43:22Z,2025-10-02T20:48:22Z,2025-10-02T22:41:22Z,2025-10-03T06:24:22Z,20251002,1850,3,177,42,2,5,2,1,2,6366,1,62.4,34.0,52.0,117.0,230.0,463.0,False,False,False,True,SYNTHETIC_DEMO_DATA
2426,INC-00002426,2025-02-11T12:02:42Z,2025-02-11T12:09:42Z,2025-02-11T12:24:42Z,2025-02-11T13:35:42Z,2025-02-11T17:44:42Z,2025-02-11T19:33:42Z,20250211,1200,6,44,28,3,5,14,1,3,13801,1,59.0,7.0,22.0,93.0,342.0,109.0,False,False,False,True,SYNTHETIC_DEMO_DATA
2427,INC-00002427,2026-07-23T13:24:54Z,2026-07-23T13:55:54Z,2026-07-23T14:07:54Z,2026-07-23T15:04:54Z,2026-07-23T16:41:54Z,2026-07-23T18:59:54Z,20260723,1320,6,160,34,2,5,6,1,2,5911,1,52.3,31.0,43.0,100.0,197.0,138.0,False,False,False,True,SYNTHETIC_DEMO_DATA
2428,INC-00002428,2025-11-27T16:08:00Z,2025-11-27T16:21:00Z,2025-11-27T16:46:00Z,2025-11-27T18:09:00Z,2025-11-27T21:46:00Z,,20251127,1605,7,26,13,3,4,18,3,3,9696,1,58.2,13.0,38.0,121.0,338.0,,False,False,True,True,SYNTHETIC_DEMO_DATA
2429,INC-00002429,2025-06-18T03:06:51Z,2025-06-18T03:10:51Z,2025-06-18T03:30:51Z,2025-06-18T03:57:51Z,2025-06-18T05:04:51Z,2025-06-18T09:13:51Z,20250618,305,3,55,14,4,5,12,1,4,7572,1,100,4.0,24.0,51.0,118.0,249.0,True,False,False,True,SYNTHETIC_DEMO_DATA
2430,INC-00002430,2026-01-10T16:56:36Z,2026-01-10T17:26:36Z,2026-01-10T17:58:36Z,2026-01-10T19:53:36Z,2026-01-10T20:38:36Z,,20260110,1655,1,7,37,2,4,3,3,2,931,1,57.6,30.0,62.0,177.0,222.0,,False,False,True,True,SYNTHETIC_DEMO_DATA
2431,INC-00002431,2026-06-15T09:25:07Z,2026-06-15T10:01:07Z,2026-06-15T10:43:07Z,2026-06-15T12:40:07Z,2026-06-16T06:42:07Z,2026-06-16T17:06:07Z,20260615,925,3,149,31,2,5,14,1,2,9446,1,75.4,36.0,78.0,195.0,1277.0,624.0,True,False,False,True,SYNTHETIC_DEMO_DATA
2432,INC-00002432,2025-05-26T11:07:22Z,2025-05-26T11:34:22Z,2025-05-26T12:15:22Z,2025-05-26T13:16:22Z,2025-05-26T17:23:22Z,2025-05-27T02:42:22Z,20250526,1105,6,123,2,2,5,7,1,2,586,1,59.5,27.0,68.0,129.0,376.0,559.0,False,False,False,True,SYNTHETIC_DEMO_DATA
2433,INC-00002433,2026-07-20T15:50:54Z,2026-07-20T15:51:54Z,2026-07-20T17:33:54Z,,,,20260720,1550,7,177,35,4,2,2,0,4,6748,1,100,1.0,103.0,,,,True,False,False,False,SYNTHETIC_DEMO_DATA
2434,INC-00002434,2025-09-20T18:02:15Z,2025-09-20T18:21:15Z,2025-09-20T18:54:15Z,2025-09-20T19:49:15Z,2025-09-20T22:29:15Z,2025-09-21T04:19:15Z,20250920,1800,6,167,21,1,5,10,1,1,6684,1,52.5,19.0,52.0,107.0,267.0,350.0,False,False,False,True,SYNTHETIC_DEMO_DATA
2435,INC-00002435,2025-06-26T12:03:38Z,2025-06-26T12:50:38Z,2025-06-26T13:04:38Z,2025-06-26T14:51:38Z,2025-06-26T16:29:38Z,2025-06-26T23:57:38Z,20250626,1200,6,27,10,2,5,4,2,2,8856,1,40.6,47.0,61.0,168.0,266.0,448.0,False,False,True,True,SYNTHETIC_DEMO_DATA
2436,INC-00002436,2025-03-18T10:02:21Z,2025-03-18T10:42:21Z,2025-03-18T10:55:21Z,2025-03-18T11:30:21Z,2025-03-18T15:58:21Z,2025-03-19T02:59:21Z,20250318,1000,4,131,37,1,5,14,3,1,16300,1,54.8,40.0,53.0,88.0,356.0,661.0,False,False,True,True,SYNTHETIC_DEMO_DATA
2437,INC-00002437,2026-02-17T07:37:55Z,2026-02-17T07:41:55Z,2026-02-17T07:48:55Z,2026-02-17T08:54:55Z,2026-02-17T12:53:55Z,,20260217,735,1,227,28,3,4,9,3,3,10412,1,66.6,4.0,11.0,77.0,316.0,,False,False,True,True,SYNTHETIC_DEMO_DATA
2438,INC-00002438,2025-06-20T13:37:01Z,2025-06-20T13:47:01Z,2025-06-20T14:04:01Z,2025-06-20T17:18:01Z,2025-06-21T04:27:01Z,2025-06-21T04:46:01Z,20250620,1335,3,5,6,1,5,18,3,1,17524,1,50.9,10.0,27.0,221.0,890.0,19.0,False,True,True,True,SYNTHETIC_DEMO_DATA
2439,INC-00002439,2026-07-29T12:26:16Z,2026-07-29T12:41:16Z,2026-07-29T13:33:16Z,,,,20260729,1225,1,19,23,2,2,12,0,2,6067,1,62.9,15.0,67.0,,,,False,False,False,False,SYNTHETIC_DEMO_DATA
2440,INC-00002440,2025-05-04T12:16:41Z,2025-05-04T12:33:41Z,2025-05-04T12:48:41Z,2025-05-04T14:31:41Z,2025-05-04T22:41:41Z,,20250504,1215,6,21,35,1,4,4,1,1,15915,1,36.2,17.0,32.0,135.0,625.0,,False,False,False,True,SYNTHETIC_DEMO_DATA
2441,INC-00002441,2025-11-08T16:52:14Z,2025-11-08T17:14:14Z,2025-11-08T17:42:14Z,2025-11-08T19:10:14Z,2025-11-08T20:26:14Z,2025-11-09T07:54:14Z,20251108,1650,1,185,28,1,5,15,1,1,7833,1,46.7,22.0,50.0,138.0,214.0,688.0,False,False,False,True,SYNTHETIC_DEMO_DATA
2442,INC-00002442,2025-04-14T07:15:18Z,2025-04-14T07:27:18Z,2025-04-14T08:06:18Z,2025-04-14T08:58:18Z,2025-04-14T10:45:18Z,2025-04-14T20:25:18Z,20250414,715,2,137,13,2,5,9,2,2,11434,1,63.3,12.0,51.0,103.0,210.0,580.0,True,False,True,True,SYNTHETIC_DEMO_DATA
2443,INC-00002443,2026-04-22T00:47:45Z,2026-04-22T00:52:45Z,2026-04-22T01:07:45Z,2026-04-22T02:45:45Z,2026-04-22T04:17:45Z,2026-04-22T05:35:45Z,20260422,45,1,114,21,2,5,2,1,2,4322,1,62.3,5.0,20.0,118.0,210.0,78.0,False,False,False,True,SYNTHETIC_DEMO_DATA
2444,INC-00002444,2025-04-10T14:14:31Z,2025-04-10T15:20:31Z,2025-04-10T15:29:31Z,2025-04-10T16:25:31Z,2025-04-11T02:30:31Z,2025-04-11T02:52:31Z,20250410,1410,1,104,19,2,5,13,3,2,12730,1,66.6,66.0,75.0,131.0,736.0,22.0,False,False,True,True,SYNTHETIC_DEMO_DATA
2445,INC-00002445,2026-03-12T07:50:37Z,2026-03-12T08:11:37Z,2026-03-12T08:18:37Z,2026-03-12T09:37:37Z,2026-03-12T09:59:37Z,2026-03-12T11:44:37Z,20260312,750,3,133,11,2,5,6,1,2,5568,1,49.7,21.0,28.0,107.0,129.0,105.0,False,False,False,True,SYNTHETIC_DEMO_DATA
2446,INC-00002446,2026-03-23T05:28:15Z,2026-03-23T06:02:15Z,2026-03-23T06:16:15Z,2026-03-23T06:57:15Z,2026-03-24T02:36:15Z,2026-03-24T13:40:15Z,20260323,525,6,209,5,1,5,16,1,1,12268,1,42.4,34.0,48.0,89.0,1268.0,664.0,False,False,False,True,SYNTHETIC_DEMO_DATA
2447,INC-00002447,2025-10-20T18:54:45Z,2025-10-20T19:32:45Z,2025-10-20T19:42:45Z,2025-10-20T20:40:45Z,2025-10-21T17:57:45Z,2025-10-22T04:20:45Z,20251020,1850,6,168,13,1,5,9,3,1,11536,1,45.5,38.0,48.0,106.0,1383.0,623.0,False,False,True,True,SYNTHETIC_DEMO_DATA
2448,INC-00002448,2026-07-15T07:39:07Z,2026-07-15T08:45:07Z,2026-07-15T08:52:07Z,2026-07-15T09:18:07Z,2026-07-15T10:53:07Z,2026-07-15T17:27:07Z,20260715,735,1,194,29,3,5,4,3,3,13539,1,79.9,66.0,73.0,99.0,194.0,394.0,False,False,True,False,SYNTHETIC_DEMO_DATA
2449,INC-00002449,2026-04-30T14:57:45Z,2026-04-30T15:08:45Z,2026-04-30T15:14:45Z,2026-04-30T16:05:45Z,2026-04-30T18:05:45Z,2026-04-30T18:17:45Z,20260430,1455,2,209,21,1,5,13,2,1,7409,1,36.6,11.0,17.0,68.0,188.0,12.0,False,False,True,True,SYNTHETIC_DEMO_DATA
2450,INC-00002450,2026-07-16T18:02:27Z,2026-07-16T18:05:27Z,2026-07-16T18:15:27Z,2026-07-16T19:32:27Z,2026-07-16T19:55:27Z,2026-07-17T07:46:27Z,20260716,1800,6,105,40,4,5,9,3,4,4172,1,96.5,3.0,13.0,90.0,113.0,711.0,True,False,True,True,SYNTHETIC_DEMO_DATA
2451,INC-00002451,2025-03-16T13:11:16Z,2025-03-16T13:22:16Z,2025-03-16T13:31:16Z,2025-03-16T13:59:16Z,2025-03-16T14:10:16Z,2025-03-16T15:22:16Z,20250316,1310,2,71,10,2,5,18,3,2,14806,1,49.0,11.0,20.0,48.0,59.0,72.0,False,False,True,True,SYNTHETIC_DEMO_DATA
2452,INC-00002452,2026-07-31T02:27:56Z,2026-07-31T02:38:56Z,2026-07-31T02:47:56Z,2026-07-31T04:09:56Z,2026-07-31T06:59:56Z,2026-07-31T12:33:56Z,20260731,225,3,97,41,1,5,10,1,1,6180,1,34.6,11.0,20.0,102.0,272.0,334.0,False,False,False,True,SYNTHETIC_DEMO_DATA
2453,INC-00002453,2026-04-07T16:44:08Z,2026-04-07T17:39:08Z,2026-04-07T17:49:08Z,2026-04-07T18:33:08Z,2026-04-07T21:56:08Z,2026-04-08T06:27:08Z,20260407,1640,1,9,30,1,5,3,2,1,11625,1,41.3,55.0,65.0,109.0,312.0,511.0,True,False,True,True,SYNTHETIC_DEMO_DATA
2454,INC-00002454,2025-08-26T10:52:51Z,2025-08-26T11:42:51Z,2025-08-26T12:07:51Z,2025-08-26T13:16:51Z,2025-08-26T20:31:51Z,2025-08-26T22:56:51Z,20250826,1050,6,231,1,2,5,15,2,2,2417,1,58.0,50.0,75.0,144.0,579.0,145.0,False,False,True,True,SYNTHETIC_DEMO_DATA
2455,INC-00002455,2025-08-20T17:28:10Z,2025-08-20T17:42:10Z,2025-08-20T17:55:10Z,2025-08-20T19:15:10Z,2025-08-20T19:35:10Z,2025-08-21T04:31:10Z,20250820,1725,1,214,20,3,5,9,1,3,2557,1,69.2,14.0,27.0,107.0,127.0,536.0,False,False,False,True,SYNTHETIC_DEMO_DATA
2456,INC-00002456,2025-10-14T21:48:31Z,2025-10-14T22:10:31Z,2025-10-14T22:18:31Z,2025-10-14T23:17:31Z,2025-10-15T01:38:31Z,,20251014,2145,6,180,11,4,4,3,4,4,10230,1,81.5,22.0,30.0,89.0,230.0,,True,False,False,True,SYNTHETIC_DEMO_DATA
2457,INC-00002457,2026-04-26T23:26:52Z,2026-04-27T00:13:52Z,2026-04-27T00:49:52Z,2026-04-27T02:50:52Z,2026-04-27T06:34:52Z,2026-04-27T17:21:52Z,20260426,2325,3,3,44,1,5,11,2,1,15181,1,35.1,47.0,83.0,204.0,428.0,647.0,False,False,True,True,SYNTHETIC_DEMO_DATA
2458,INC-00002458,2026-02-26T16:01:59Z,2026-02-26T16:18:59Z,2026-02-26T16:43:59Z,2026-02-26T17:56:59Z,2026-02-26T21:41:59Z,2026-02-27T03:19:59Z,20260226,1600,2,186,2,1,5,4,1,1,16273,1,44.7,17.0,42.0,115.0,340.0,338.0,False,False,False,True,SYNTHETIC_DEMO_DATA
2459,INC-00002459,2026-03-19T19:40:15Z,2026-03-19T19:55:15Z,2026-03-19T20:42:15Z,2026-03-19T21:22:15Z,2026-03-20T03:51:15Z,2026-03-20T11:50:15Z,20260319,1940,7,129,11,2,5,16,1,2,12621,1,49.0,15.0,62.0,102.0,491.0,479.0,False,False,False,True,SYNTHETIC_DEMO_DATA
2460,INC-00002460,2025-07-31T01:08:59Z,2025-07-31T01:34:59Z,2025-07-31T02:39:59Z,2025-07-31T10:29:59Z,2025-07-31T13:39:59Z,2025-07-31T22:18:59Z,20250731,105,3,150,13,1,5,8,1,1,4096,1,40.4,26.0,91.0,561.0,751.0,519.0,False,False,False,True,SYNTHETIC_DEMO_DATA
2461,INC-00002461,2025-04-07T11:21:32Z,2025-04-07T11:54:32Z,2025-04-07T12:04:32Z,,,,20250407,1120,3,76,11,3,2,3,0,3,16323,1,65.2,33.0,43.0,,,,False,False,False,False,SYNTHETIC_DEMO_DATA
2462,INC-00002462,2026-07-19T18:21:50Z,,,,,,20260719,1820,1,33,27,2,1,13,0,2,3768,1,59.7,,,,,,False,False,False,False,SYNTHETIC_DEMO_DATA
2463,INC-00002463,2026-01-20T00:35:38Z,2026-01-20T00:56:38Z,2026-01-20T01:15:38Z,2026-01-20T06:44:38Z,2026-01-20T07:31:38Z,2026-01-20T16:07:38Z,20260120,35,1,122,22,1,5,5,1,1,14725,1,50.8,21.0,40.0,369.0,416.0,516.0,False,False,False,True,SYNTHETIC_DEMO_DATA
2464,INC-00002464,2025-11-11T20:49:51Z,2025-11-11T21:10:51Z,2025-11-11T21:25:51Z,2025-11-11T23:24:51Z,2025-11-12T07:17:51Z,2025-11-12T07:44:51Z,20251111,2045,4,170,4,1,5,16,1,1,9619,1,41.7,21.0,36.0,155.0,628.0,27.0,True,False,False,True,SYNTHETIC_DEMO_DATA
2465,INC-00002465,2025-08-11T13:00:01Z,2025-08-11T13:36:01Z,2025-08-11T14:44:01Z,2025-08-11T16:06:01Z,2025-08-12T02:47:01Z,2025-08-12T13:54:01Z,20250811,1300,1,148,42,2,5,10,1,2,15207,1,44.4,36.0,104.0,186.0,827.0,667.0,False,False,False,True,SYNTHETIC_DEMO_DATA
2466,INC-00002466,2025-03-03T19:13:51Z,2025-03-03T19:32:51Z,2025-03-03T19:44:51Z,2025-03-03T21:29:51Z,2025-03-03T21:59:51Z,2025-03-04T00:49:51Z,20250303,1910,6,39,26,1,5,2,1,1,17898,1,38.7,19.0,31.0,136.0,166.0,170.0,False,False,False,True,SYNTHETIC_DEMO_DATA
2467,INC-00002467,2026-06-24T05:02:44Z,2026-06-24T05:07:44Z,2026-06-24T05:24:44Z,2026-06-24T05:43:44Z,2026-06-24T08:20:44Z,2026-06-24T09:37:44Z,20260624,500,2,96,35,1,5,13,1,1,10499,1,43.8,5.0,22.0,41.0,198.0,77.0,False,False,False,True,SYNTHETIC_DEMO_DATA
2468,INC-00002468,2025-08-15T17:12:42Z,2025-08-15T19:08:42Z,2025-08-15T19:12:42Z,,,,20250815,1710,2,174,36,2,2,7,0,2,11104,1,50.0,116.0,120.0,,,,False,False,False,False,SYNTHETIC_DEMO_DATA
2469,INC-00002469,2025-10-17T10:59:59Z,2025-10-17T11:12:59Z,2025-10-17T11:20:59Z,2025-10-17T13:45:59Z,2025-10-17T15:46:59Z,2025-10-17T21:58:59Z,20251017,1055,7,147,21,1,5,17,1,1,12796,1,33.9,13.0,21.0,166.0,287.0,372.0,False,False,False,True,SYNTHETIC_DEMO_DATA
2470,INC-00002470,2025-02-24T14:45:33Z,2025-02-24T15:19:33Z,2025-02-24T15:31:33Z,2025-02-25T00:28:33Z,2025-02-25T08:19:33Z,2025-02-25T18:59:33Z,20250224,1445,6,208,41,2,5,11,1,2,5925,1,56.6,34.0,46.0,583.0,1054.0,640.0,False,False,False,True,SYNTHETIC_DEMO_DATA
2471,INC-00002471,2025-04-22T13:33:38Z,2025-04-22T13:53:38Z,2025-04-22T14:22:38Z,2025-04-22T14:57:38Z,2025-04-22T15:12:38Z,2025-04-22T19:11:38Z,20250422,1330,6,111,25,4,5,6,1,4,16608,1,94.6,20.0,49.0,84.0,99.0,239.0,True,False,False,True,SYNTHETIC_DEMO_DATA
2472,INC-00002472,2026-06-22T14:55:27Z,2026-06-22T15:10:27Z,2026-06-22T15:26:27Z,2026-06-22T16:23:27Z,2026-06-22T18:00:27Z,2026-06-23T00:22:27Z,20260622,1455,2,229,21,1,5,14,1,1,12223,1,33.6,15.0,31.0,88.0,185.0,382.0,False,False,False,True,SYNTHETIC_DEMO_DATA
2473,INC-00002473,2026-03-16T20:02:02Z,2026-03-16T20:14:02Z,2026-03-16T20:24:02Z,2026-03-16T20:54:02Z,2026-03-16T21:05:02Z,2026-03-17T03:33:02Z,20260316,2000,3,98,35,3,5,9,1,3,12613,1,66.6,12.0,22.0,52.0,63.0,388.0,False,False,False,True,SYNTHETIC_DEMO_DATA
2474,INC-00002474,2026-05-08T20:50:43Z,2026-05-08T21:06:43Z,2026-05-08T21:20:43Z,2026-05-08T23:42:43Z,2026-05-09T02:07:43Z,2026-05-09T06:06:43Z,20260508,2050,3,104,10,1,5,18,1,1,4398,1,45.3,16.0,30.0,172.0,317.0,239.0,False,False,False,True,SYNTHETIC_DEMO_DATA
2475,INC-00002475,2025-03-12T10:23:00Z,2025-03-12T11:26:00Z,2025-03-12T11:33:00Z,2025-03-12T18:29:00Z,2025-03-12T19:30:00Z,2025-03-13T05:58:00Z,20250312,1020,1,93,33,1,5,11,2,1,7785,1,47.0,63.0,70.0,486.0,547.0,628.0,True,False,True,True,SYNTHETIC_DEMO_DATA
2476,INC-00002476,2025-09-08T10:55:28Z,2025-09-08T11:23:28Z,2025-09-08T11:31:28Z,2025-09-08T12:47:28Z,2025-09-08T18:44:28Z,2025-09-08T19:56:28Z,20250908,1055,2,35,28,2,5,5,1,2,14991,1,50.3,28.0,36.0,112.0,469.0,72.0,False,False,False,True,SYNTHETIC_DEMO_DATA
2477,INC-00002477,2025-07-29T21:39:01Z,2025-07-29T22:11:01Z,2025-07-29T22:20:01Z,,,,20250729,2135,2,204,19,1,2,15,0,1,16278,1,48.1,32.0,41.0,,,,False,False,False,False,SYNTHETIC_DEMO_DATA
2478,INC-00002478,2025-12-04T03:44:33Z,2025-12-04T04:21:33Z,2025-12-04T04:55:33Z,2025-12-04T08:58:33Z,2025-12-04T10:07:33Z,,20251204,340,4,217,35,1,4,8,1,1,8910,1,40.0,37.0,71.0,314.0,383.0,,False,False,False,True,SYNTHETIC_DEMO_DATA
2479,INC-00002479,2025-02-09T07:17:20Z,2025-02-09T07:33:20Z,2025-02-09T07:41:20Z,2025-02-09T08:38:20Z,2025-02-09T10:26:20Z,2025-02-09T14:49:20Z,20250209,715,6,81,7,1,5,1,1,1,408,1,30.1,16.0,24.0,81.0,189.0,263.0,False,False,False,True,SYNTHETIC_DEMO_DATA
2480,INC-00002480,2025-06-17T03:38:47Z,2025-06-17T03:46:47Z,2025-06-17T03:55:47Z,2025-06-17T04:35:47Z,2025-06-17T09:56:47Z,2025-06-17T17:54:47Z,20250617,335,1,16,29,1,5,12,1,1,5772,1,36.1,8.0,17.0,57.0,378.0,478.0,False,False,False,True,SYNTHETIC_DEMO_DATA
2481,INC-00002481,2025-06-22T09:34:12Z,2025-06-22T09:45:12Z,2025-06-22T10:06:12Z,2025-06-22T11:43:12Z,2025-06-23T05:50:12Z,,20250622,930,1,8,40,2,4,6,1,2,8890,1,43.5,11.0,32.0,129.0,1216.0,,False,False,False,True,SYNTHETIC_DEMO_DATA
2482,INC-00002482,2026-04-09T14:08:03Z,2026-04-09T14:32:03Z,2026-04-09T14:48:03Z,2026-04-09T15:02:03Z,2026-04-09T19:14:03Z,2026-04-10T00:39:03Z,20260409,1405,3,23,29,2,5,17,1,2,13365,1,63.4,24.0,40.0,54.0,306.0,325.0,False,False,False,True,SYNTHETIC_DEMO_DATA
2483,INC-00002483,2026-01-29T18:05:54Z,2026-01-29T18:25:54Z,2026-01-29T19:31:54Z,2026-01-29T20:02:54Z,2026-01-29T20:50:54Z,2026-01-30T03:00:54Z,20260129,1805,1,226,7,3,5,11,1,3,10490,1,76.4,20.0,86.0,117.0,165.0,370.0,False,False,False,True,SYNTHETIC_DEMO_DATA
2484,INC-00002484,2026-07-04T01:02:49Z,2026-07-04T01:08:49Z,2026-07-04T01:17:49Z,2026-07-04T02:55:49Z,2026-07-04T13:38:49Z,2026-07-04T20:23:49Z,20260704,100,6,14,8,3,5,4,2,3,4561,1,79.2,6.0,15.0,113.0,756.0,405.0,False,False,True,True,SYNTHETIC_DEMO_DATA
2485,INC-00002485,2026-04-13T15:35:28Z,2026-04-13T15:50:28Z,2026-04-13T15:59:28Z,2026-04-13T19:36:28Z,2026-04-13T20:59:28Z,2026-04-14T07:55:28Z,20260413,1535,7,2,44,3,5,15,1,3,3411,1,66.7,15.0,24.0,241.0,324.0,656.0,False,False,False,True,SYNTHETIC_DEMO_DATA
2486,INC-00002486,2025-11-16T13:23:33Z,2025-11-16T14:00:33Z,2025-11-16T14:04:33Z,2025-11-16T14:56:33Z,2025-11-17T09:39:33Z,2025-11-17T14:25:33Z,20251116,1320,6,34,3,3,5,8,1,3,11838,1,82.6,37.0,41.0,93.0,1216.0,286.0,True,False,False,True,SYNTHETIC_DEMO_DATA
2487,INC-00002487,2026-02-02T11:24:51Z,2026-02-02T11:38:51Z,2026-02-02T11:52:51Z,2026-02-02T12:50:51Z,2026-02-02T14:21:51Z,2026-02-03T00:48:51Z,20260202,1120,2,111,2,1,5,17,1,1,6116,1,36.6,14.0,28.0,86.0,177.0,627.0,False,False,False,True,SYNTHETIC_DEMO_DATA
2488,INC-00002488,2025-10-21T09:14:08Z,2025-10-21T09:23:08Z,2025-10-21T09:51:08Z,,,,20251021,910,1,139,40,4,2,13,0,4,14809,1,87.1,9.0,37.0,,,,True,False,False,False,SYNTHETIC_DEMO_DATA
2489,INC-00002489,2025-03-22T23:38:10Z,2025-03-22T23:58:10Z,2025-03-23T00:14:10Z,2025-03-23T00:36:10Z,2025-03-23T03:23:10Z,2025-03-23T15:22:10Z,20250322,2335,1,95,45,2,5,4,3,2,17661,1,60.2,20.0,36.0,58.0,225.0,719.0,False,False,True,True,SYNTHETIC_DEMO_DATA
2490,INC-00002490,2026-04-10T14:16:38Z,2026-04-10T14:47:38Z,2026-04-10T14:57:38Z,2026-04-10T19:37:38Z,2026-04-11T01:12:38Z,2026-04-11T04:12:38Z,20260410,1415,6,227,15,1,5,14,1,1,14947,1,34.9,31.0,41.0,321.0,656.0,180.0,False,False,False,True,SYNTHETIC_DEMO_DATA
2491,INC-00002491,2025-08-01T13:01:36Z,2025-08-01T13:45:36Z,2025-08-01T14:04:36Z,2025-08-01T16:32:36Z,2025-08-01T18:06:36Z,,20250801,1300,6,66,33,1,4,7,1,1,16997,1,38.9,44.0,63.0,211.0,305.0,,False,True,False,True,SYNTHETIC_DEMO_DATA
2492,INC-00002492,2026-06-06T19:28:14Z,2026-06-06T19:40:14Z,2026-06-06T19:51:14Z,2026-06-06T20:28:14Z,2026-06-06T22:12:14Z,2026-06-07T01:10:14Z,20260606,1925,2,96,40,4,5,3,1,4,3925,1,96.1,12.0,23.0,60.0,164.0,178.0,True,False,False,True,SYNTHETIC_DEMO_DATA
2493,INC-00002493,2025-05-21T02:04:52Z,2025-05-21T02:42:52Z,2025-05-21T03:09:52Z,2025-05-21T05:34:52Z,2025-05-21T07:48:52Z,2025-05-21T12:52:52Z,20250521,200,6,187,14,1,5,11,1,1,6903,1,38.9,38.0,65.0,210.0,344.0,304.0,False,False,False,True,SYNTHETIC_DEMO_DATA
2494,INC-00002494,2025-06-05T15:21:31Z,2025-06-05T15:34:31Z,2025-06-05T15:38:31Z,2025-06-05T16:29:31Z,2025-06-05T18:27:31Z,2025-06-05T23:45:31Z,20250605,1520,5,224,38,3,5,6,3,3,9735,1,61.8,13.0,17.0,68.0,186.0,318.0,False,False,True,True,SYNTHETIC_DEMO_DATA
2495,INC-00002495,2026-06-23T15:48:13Z,2026-06-23T16:09:13Z,2026-06-23T17:02:13Z,,,,20260623,1545,3,106,2,1,2,15,0,1,2113,1,37.8,21.0,74.0,,,,False,False,False,False,SYNTHETIC_DEMO_DATA
2496,INC-00002496,2025-06-21T11:49:58Z,2025-06-21T12:12:58Z,2025-06-21T13:13:58Z,2025-06-21T13:29:58Z,2025-06-21T16:01:58Z,2025-06-21T17:36:58Z,20250621,1145,3,141,35,2,5,9,2,2,2824,1,54.9,23.0,84.0,100.0,252.0,95.0,False,False,True,True,SYNTHETIC_DEMO_DATA
2497,INC-00002497,2025-06-25T09:33:58Z,2025-06-25T10:31:58Z,2025-06-25T10:45:58Z,2025-06-25T15:08:58Z,2025-06-25T22:51:58Z,2025-06-26T07:32:58Z,20250625,930,3,129,6,1,5,1,1,1,3602,1,46.3,58.0,72.0,335.0,798.0,521.0,True,False,False,True,SYNTHETIC_DEMO_DATA
2498,INC-00002498,2026-06-27T12:14:35Z,2026-06-27T12:44:35Z,2026-06-27T14:07:35Z,2026-06-27T16:20:35Z,2026-06-27T22:44:35Z,2026-06-27T22:58:35Z,20260627,1210,5,204,44,1,5,12,3,1,4929,1,41.3,30.0,113.0,246.0,630.0,14.0,False,False,True,True,SYNTHETIC_DEMO_DATA
2499,INC-00002499,2025-09-13T12:12:18Z,2025-09-13T12:43:18Z,2025-09-13T13:15:18Z,2025-09-13T15:08:18Z,2025-09-13T22:28:18Z,2025-09-14T04:16:18Z,20250913,1210,3,211,32,1,5,5,1,1,7606,1,34.2,31.0,63.0,176.0,616.0,348.0,False,False,False,True,SYNTHETIC_DEMO_DATA
2500,INC-00002500,2025-06-30T09:59:36Z,2025-06-30T10:47:36Z,2025-06-30T11:24:36Z,2025-06-30T13:04:36Z,2025-07-01T09:43:36Z,2025-07-01T15:06:36Z,20250630,955,2,9,38,1,5,16,1,1,17141,1,22.2,48.0,85.0,185.0,1424.0,323.0,False,False,False,True,SYNTHETIC_DEMO_DATA
2501,INC-00002501,2026-04-18T16:11:05Z,2026-04-18T16:38:05Z,2026-04-18T16:53:05Z,2026-04-18T18:22:05Z,2026-04-18T22:14:05Z,,20260418,1610,5,17,16,3,4,11,2,3,13871,1,58.8,27.0,42.0,131.0,363.0,,False,False,True,True,SYNTHETIC_DEMO_DATA
2502,INC-00002502,2025-11-17T06:44:30Z,2025-11-17T07:02:30Z,2025-11-17T07:26:30Z,2025-11-17T09:15:30Z,2025-11-17T12:59:30Z,2025-11-17T21:43:30Z,20251117,640,7,204,43,2,5,3,4,2,6241,1,55.2,18.0,42.0,151.0,375.0,524.0,False,False,False,True,SYNTHETIC_DEMO_DATA
2503,INC-00002503,2025-02-05T08:15:02Z,2025-02-05T10:21:02Z,2025-02-05T10:52:02Z,2025-02-05T11:47:02Z,2025-02-05T14:16:02Z,2025-02-06T00:37:02Z,20250205,815,3,216,16,1,5,13,1,1,12657,1,22.7,126.0,157.0,212.0,361.0,621.0,False,False,False,True,SYNTHETIC_DEMO_DATA
2504,INC-00002504,2025-11-15T20:03:13Z,2025-11-15T20:16:13Z,2025-11-15T20:28:13Z,2025-11-15T22:54:13Z,2025-11-16T01:30:13Z,2025-11-16T01:46:13Z,20251115,2000,2,200,37,1,5,6,1,1,14398,1,41.4,13.0,25.0,171.0,327.0,16.0,False,False,False,True,SYNTHETIC_DEMO_DATA
2505,INC-00002505,2025-10-22T15:11:28Z,2025-10-22T15:17:28Z,2025-10-22T15:31:28Z,2025-10-22T17:52:28Z,2025-10-22T23:38:28Z,2025-10-23T01:52:28Z,20251022,1510,6,203,37,1,5,17,3,1,7940,1,54.2,6.0,20.0,161.0,507.0,134.0,False,False,True,True,SYNTHETIC_DEMO_DATA
2506,INC-00002506,2025-02-19T09:57:52Z,2025-02-19T10:04:52Z,2025-02-19T10:13:52Z,2025-02-19T12:55:52Z,2025-02-19T15:52:52Z,2025-02-20T01:11:52Z,20250219,955,7,219,18,1,5,10,2,1,16314,1,39.2,7.0,16.0,178.0,355.0,559.0,False,False,True,True,SYNTHETIC_DEMO_DATA
2507,INC-00002507,2026-06-02T16:29:58Z,2026-06-02T16:36:58Z,2026-06-02T16:53:58Z,,,,20260602,1625,6,154,11,3,2,5,0,3,9844,1,75.6,7.0,24.0,,,,False,False,False,False,SYNTHETIC_DEMO_DATA
2508,INC-00002508,2025-08-18T12:23:14Z,2025-08-18T12:38:14Z,2025-08-18T12:45:14Z,2025-08-18T15:21:14Z,2025-08-18T18:05:14Z,2025-08-18T23:40:14Z,20250818,1220,1,217,1,1,5,14,1,1,8461,1,56.0,15.0,22.0,178.0,342.0,335.0,True,False,False,True,SYNTHETIC_DEMO_DATA
2509,INC-00002509,2025-09-07T15:25:45Z,2025-09-07T15:38:45Z,2025-09-07T15:47:45Z,2025-09-07T16:55:45Z,2025-09-07T23:46:45Z,2025-09-08T11:09:45Z,20250907,1525,6,46,38,2,5,8,1,2,12444,1,57.1,13.0,22.0,90.0,501.0,683.0,False,False,False,True,SYNTHETIC_DEMO_DATA
2510,INC-00002510,2025-08-05T16:51:08Z,2025-08-05T17:42:08Z,2025-08-05T18:43:08Z,2025-08-05T19:09:08Z,2025-08-06T05:02:08Z,,20250805,1650,2,227,19,1,4,18,1,1,15707,1,41.4,51.0,112.0,138.0,731.0,,False,False,False,True,SYNTHETIC_DEMO_DATA
2511,INC-00002511,2025-02-27T10:13:11Z,2025-02-27T10:34:11Z,2025-02-27T10:43:11Z,2025-02-27T14:46:11Z,2025-02-27T16:47:11Z,2025-02-27T23:33:11Z,20250227,1010,3,101,23,1,5,11,1,1,17881,1,41.8,21.0,30.0,273.0,394.0,406.0,False,False,False,True,SYNTHETIC_DEMO_DATA
2512,INC-00002512,2025-10-30T08:40:20Z,2025-10-30T08:54:20Z,2025-10-30T09:28:20Z,2025-10-30T12:53:20Z,2025-10-30T13:54:20Z,2025-10-30T17:09:20Z,20251030,840,3,201,33,2,5,5,1,2,11051,1,54.8,14.0,48.0,253.0,314.0,195.0,False,False,False,True,SYNTHETIC_DEMO_DATA
2513,INC-00002513,2026-07-23T15:11:43Z,2026-07-23T15:52:43Z,2026-07-23T16:56:43Z,2026-07-23T18:52:43Z,2026-07-23T20:39:43Z,2026-07-24T06:29:43Z,20260723,1510,7,186,20,5,5,1,1,5,8779,1,100,41.0,105.0,221.0,328.0,590.0,True,False,False,False,SYNTHETIC_DEMO_DATA
2514,INC-00002514,2025-12-24T16:47:31Z,2025-12-24T17:10:31Z,2025-12-24T18:05:31Z,2025-12-24T18:37:31Z,2025-12-25T08:14:31Z,2025-12-25T14:46:31Z,20251224,1645,3,105,36,1,5,8,1,1,355,1,48.2,23.0,78.0,110.0,927.0,392.0,False,False,False,True,SYNTHETIC_DEMO_DATA
2515,INC-00002515,2025-05-30T14:29:03Z,2025-05-30T14:48:03Z,2025-05-30T14:54:03Z,2025-05-30T16:28:03Z,2025-05-30T19:05:03Z,2025-05-31T06:52:03Z,20250530,1425,6,178,5,1,5,1,1,1,6173,1,40.0,19.0,25.0,119.0,276.0,707.0,False,False,False,True,SYNTHETIC_DEMO_DATA
2516,INC-00002516,2025-08-29T05:36:48Z,2025-08-29T05:54:48Z,2025-08-29T06:18:48Z,2025-08-29T06:53:48Z,2025-08-29T15:42:48Z,2025-08-30T03:39:48Z,20250829,535,2,28,29,4,5,15,1,4,9448,1,100,18.0,42.0,77.0,606.0,717.0,True,False,False,True,SYNTHETIC_DEMO_DATA
2517,INC-00002517,2025-08-06T13:48:41Z,2025-08-06T14:44:41Z,2025-08-06T14:53:41Z,2025-08-06T15:34:41Z,2025-08-06T16:08:41Z,2025-08-06T23:19:41Z,20250806,1345,7,52,4,3,5,7,1,3,10425,1,72.0,56.0,65.0,106.0,140.0,431.0,False,False,False,True,SYNTHETIC_DEMO_DATA
2518,INC-00002518,2026-03-05T16:37:12Z,2026-03-05T16:50:12Z,2026-03-05T16:56:12Z,2026-03-05T20:48:12Z,2026-03-05T22:56:12Z,2026-03-06T08:04:12Z,20260305,1635,3,111,4,2,5,17,2,2,10269,1,52.7,13.0,19.0,251.0,379.0,548.0,False,False,True,True,SYNTHETIC_DEMO_DATA
2519,INC-00002519,2026-01-15T15:53:15Z,2026-01-15T16:41:15Z,2026-01-15T16:46:15Z,2026-01-15T17:31:15Z,2026-01-15T18:45:15Z,,20260115,1550,2,163,39,2,4,10,1,2,2551,1,72.6,48.0,53.0,98.0,172.0,,True,False,False,True,SYNTHETIC_DEMO_DATA
2520,INC-00002520,2026-06-10T09:10:27Z,2026-06-10T09:24:27Z,2026-06-10T09:38:27Z,2026-06-10T10:58:27Z,2026-06-10T12:47:27Z,2026-06-10T20:51:27Z,20260610,910,6,141,24,2,5,3,2,2,11494,1,62.0,14.0,28.0,108.0,217.0,484.0,False,False,True,True,SYNTHETIC_DEMO_DATA
2521,INC-00002521,2025-03-13T13:21:49Z,2025-03-13T13:44:49Z,2025-03-13T14:35:49Z,2025-03-13T15:02:49Z,2025-03-13T15:26:49Z,2025-03-13T20:41:49Z,20250313,1320,6,108,9,4,5,16,1,4,13862,1,80.3,23.0,74.0,101.0,125.0,315.0,True,False,False,True,SYNTHETIC_DEMO_DATA
2522,INC-00002522,2026-03-05T23:24:52Z,2026-03-05T23:38:52Z,2026-03-05T23:55:52Z,2026-03-06T02:09:52Z,2026-03-06T04:13:52Z,,20260305,2320,4,152,10,2,4,7,1,2,17970,1,51.1,14.0,31.0,165.0,289.0,,False,False,False,True,SYNTHETIC_DEMO_DATA
2523,INC-00002523,2025-06-30T11:47:06Z,2025-06-30T12:04:06Z,2025-06-30T12:23:06Z,2025-06-30T13:09:06Z,2025-06-30T23:50:06Z,2025-07-01T06:03:06Z,20250630,1145,6,173,8,2,5,18,1,2,17954,1,52.6,17.0,36.0,82.0,723.0,373.0,False,False,False,True,SYNTHETIC_DEMO_DATA
2524,INC-00002524,2025-03-26T17:06:39Z,2025-03-26T17:10:39Z,2025-03-26T17:53:39Z,2025-03-26T19:58:39Z,2025-03-26T21:58:39Z,2025-03-27T08:33:39Z,20250326,1705,6,228,28,1,5,10,1,1,16935,1,42.6,4.0,47.0,172.0,292.0,635.0,False,False,False,True,SYNTHETIC_DEMO_DATA
2525,INC-00002525,2025-09-07T05:20:48Z,2025-09-07T05:44:48Z,2025-09-07T05:48:48Z,2025-09-07T08:58:48Z,2025-09-07T10:36:48Z,2025-09-07T21:15:48Z,20250907,520,6,87,37,1,5,3,2,1,13469,1,47.7,24.0,28.0,218.0,316.0,639.0,False,False,True,True,SYNTHETIC_DEMO_DATA
2526,INC-00002526,2026-03-12T09:26:20Z,2026-03-12T09:34:20Z,2026-03-12T09:57:20Z,2026-03-12T10:43:20Z,2026-03-12T12:02:20Z,2026-03-12T14:48:20Z,20260312,925,6,148,39,2,5,15,1,2,15134,1,46.8,8.0,31.0,77.0,156.0,166.0,False,False,False,True,SYNTHETIC_DEMO_DATA
2527,INC-00002527,2026-03-27T12:51:16Z,2026-03-27T13:00:16Z,2026-03-27T13:53:16Z,2026-03-27T14:29:16Z,2026-03-27T15:05:16Z,2026-03-28T00:46:16Z,20260327,1250,4,172,40,2,5,8,2,2,8740,1,59.2,9.0,62.0,98.0,134.0,581.0,False,False,True,True,SYNTHETIC_DEMO_DATA
2528,INC-00002528,2025-09-19T16:39:37Z,2025-09-19T16:54:37Z,2025-09-19T17:07:37Z,2025-09-19T17:31:37Z,2025-09-20T02:29:37Z,2025-09-20T05:33:37Z,20250919,1635,1,195,11,2,5,1,1,2,10717,1,54.9,15.0,28.0,52.0,590.0,184.0,False,False,False,True,SYNTHETIC_DEMO_DATA
2529,INC-00002529,2026-01-17T11:13:33Z,2026-01-17T12:01:33Z,2026-01-17T12:12:33Z,2026-01-17T15:24:33Z,2026-01-17T16:13:33Z,2026-01-17T22:00:33Z,20260117,1110,6,30,36,1,5,11,1,1,13050,1,36.9,48.0,59.0,251.0,300.0,347.0,False,False,False,True,SYNTHETIC_DEMO_DATA
2530,INC-00002530,2026-04-30T16:49:11Z,2026-04-30T17:15:11Z,2026-04-30T17:29:11Z,2026-04-30T19:44:11Z,2026-04-30T21:35:11Z,2026-04-30T22:13:11Z,20260430,1645,5,138,44,2,5,5,2,2,1629,1,69.1,26.0,40.0,175.0,286.0,38.0,True,False,True,True,SYNTHETIC_DEMO_DATA
2531,INC-00002531,2026-05-23T12:09:47Z,2026-05-23T12:36:47Z,2026-05-23T12:41:47Z,2026-05-23T17:06:47Z,2026-05-23T18:51:47Z,2026-05-24T05:05:47Z,20260523,1205,6,59,18,1,5,15,1,1,4391,1,52.7,27.0,32.0,297.0,402.0,614.0,False,False,False,True,SYNTHETIC_DEMO_DATA
2532,INC-00002532,2025-04-03T20:41:03Z,2025-04-03T21:07:03Z,2025-04-03T22:04:03Z,2025-04-04T00:53:03Z,2025-04-04T03:47:03Z,2025-04-04T12:43:03Z,20250403,2040,7,219,8,3,5,10,1,3,14480,1,65.4,26.0,83.0,252.0,426.0,536.0,False,False,False,True,SYNTHETIC_DEMO_DATA
2533,INC-00002533,2025-09-21T14:33:11Z,2025-09-21T15:13:11Z,2025-09-21T15:32:11Z,2025-09-21T16:35:11Z,2025-09-21T18:15:11Z,,20250921,1430,1,25,5,1,4,1,1,1,10931,1,42.4,40.0,59.0,122.0,222.0,,False,False,False,True,SYNTHETIC_DEMO_DATA
2534,INC-00002534,2025-04-01T12:27:45Z,2025-04-01T14:06:45Z,2025-04-01T14:18:45Z,2025-04-01T15:25:45Z,2025-04-01T18:44:45Z,2025-04-01T23:32:45Z,20250401,1225,3,184,2,3,5,14,1,3,13715,1,60.9,99.0,111.0,178.0,377.0,288.0,False,False,False,False,SYNTHETIC_DEMO_DATA
2535,INC-00002535,2026-01-21T11:39:52Z,2026-01-21T12:20:52Z,2026-01-21T13:49:52Z,2026-01-21T14:25:52Z,2026-01-21T14:52:52Z,2026-01-21T19:59:52Z,20260121,1135,1,91,6,2,5,6,1,2,830,1,61.6,41.0,130.0,166.0,193.0,307.0,False,False,False,True,SYNTHETIC_DEMO_DATA
2536,INC-00002536,2025-03-26T12:51:39Z,2025-03-26T13:24:39Z,2025-03-26T13:51:39Z,2025-03-26T15:38:39Z,2025-03-26T20:37:39Z,2025-03-27T02:11:39Z,20250326,1250,1,88,18,1,5,16,1,1,17640,1,33.4,33.0,60.0,167.0,466.0,334.0,False,False,False,True,SYNTHETIC_DEMO_DATA
2537,INC-00002537,2025-10-09T03:04:32Z,2025-10-09T03:14:32Z,2025-10-09T03:35:32Z,2025-10-09T05:48:32Z,2025-10-09T06:44:32Z,2025-10-09T18:29:32Z,20251009,300,6,25,30,2,5,10,1,2,6739,1,55.2,10.0,31.0,164.0,220.0,705.0,False,False,False,True,SYNTHETIC_DEMO_DATA
2538,INC-00002538,2025-11-27T01:34:19Z,2025-11-27T01:56:19Z,2025-11-27T02:03:19Z,2025-11-27T05:17:19Z,2025-11-27T12:09:19Z,2025-11-27T17:39:19Z,20251127,130,7,189,44,1,5,2,2,1,13099,1,21.4,22.0,29.0,223.0,635.0,330.0,False,False,True,True,SYNTHETIC_DEMO_DATA
2539,INC-00002539,2026-02-06T11:13:58Z,2026-02-06T11:51:58Z,2026-02-06T12:22:58Z,2026-02-06T14:59:58Z,2026-02-06T18:39:58Z,2026-02-07T02:40:58Z,20260206,1110,2,178,35,1,5,13,1,1,1219,1,35.6,38.0,69.0,226.0,446.0,481.0,False,False,False,True,SYNTHETIC_DEMO_DATA
2540,INC-00002540,2025-11-12T16:22:39Z,2025-11-12T16:59:39Z,2025-11-12T17:30:39Z,2025-11-12T20:47:39Z,2025-11-12T23:39:39Z,2025-11-13T11:06:39Z,20251112,1620,2,191,35,2,5,7,1,2,9708,1,50.9,37.0,68.0,265.0,437.0,687.0,False,False,False,True,SYNTHETIC_DEMO_DATA
2541,INC-00002541,2025-03-18T17:01:16Z,2025-03-18T17:05:16Z,2025-03-18T17:12:16Z,2025-03-18T17:27:16Z,2025-03-18T19:33:16Z,,20250318,1700,7,156,2,3,4,1,3,3,10613,1,78.5,4.0,11.0,26.0,152.0,,True,False,True,True,SYNTHETIC_DEMO_DATA
2542,INC-00002542,2025-06-08T09:02:26Z,2025-06-08T09:26:26Z,2025-06-08T09:42:26Z,2025-06-08T10:49:26Z,2025-06-08T14:27:26Z,2025-06-08T23:10:26Z,20250608,900,1,41,37,2,5,11,1,2,4389,1,61.2,24.0,40.0,107.0,325.0,523.0,False,False,False,True,SYNTHETIC_DEMO_DATA
2543,INC-00002543,2025-02-11T11:10:48Z,2025-02-11T11:54:48Z,2025-02-11T12:11:48Z,2025-02-11T12:50:48Z,2025-02-12T01:37:48Z,2025-02-12T05:04:48Z,20250211,1110,2,168,25,1,5,3,3,1,16240,1,47.1,44.0,61.0,100.0,867.0,207.0,False,False,True,True,SYNTHETIC_DEMO_DATA
2544,INC-00002544,2026-07-03T14:55:03Z,2026-07-03T16:07:03Z,2026-07-03T16:20:03Z,2026-07-03T17:03:03Z,2026-07-03T18:14:03Z,2026-07-04T02:49:03Z,20260703,1455,4,207,13,2,5,15,1,2,835,1,37.4,72.0,85.0,128.0,199.0,515.0,False,True,False,True,SYNTHETIC_DEMO_DATA
2545,INC-00002545,2025-05-19T12:26:04Z,2025-05-19T12:40:04Z,2025-05-19T13:18:04Z,2025-05-19T13:51:04Z,2025-05-19T16:16:04Z,2025-05-19T17:30:04Z,20250519,1225,1,237,26,1,5,7,1,1,6820,1,38.1,14.0,52.0,85.0,230.0,74.0,False,False,False,True,SYNTHETIC_DEMO_DATA
2546,INC-00002546,2026-06-12T10:22:01Z,2026-06-12T10:35:01Z,2026-06-12T10:52:01Z,2026-06-12T11:16:01Z,2026-06-12T19:10:01Z,,20260612,1020,2,128,43,4,4,3,1,4,14824,1,99.6,13.0,30.0,54.0,528.0,,True,False,False,True,SYNTHETIC_DEMO_DATA
2547,INC-00002547,2026-02-17T02:29:24Z,2026-02-17T03:09:24Z,2026-02-17T03:32:24Z,2026-02-17T06:22:24Z,2026-02-17T07:26:24Z,2026-02-17T13:47:24Z,20260217,225,6,170,34,3,5,13,1,3,3012,1,67.0,40.0,63.0,233.0,297.0,381.0,False,False,False,True,SYNTHETIC_DEMO_DATA
2548,INC-00002548,2026-03-13T17:49:45Z,2026-03-13T18:05:45Z,2026-03-13T18:29:45Z,2026-03-14T01:04:45Z,2026-03-14T12:01:45Z,2026-03-14T15:12:45Z,20260313,1745,7,104,24,1,5,4,1,1,17252,1,45.9,16.0,40.0,435.0,1092.0,191.0,False,False,False,True,SYNTHETIC_DEMO_DATA
2549,INC-00002549,2026-03-09T02:58:52Z,2026-03-09T03:07:52Z,2026-03-09T03:33:52Z,2026-03-09T05:08:52Z,2026-03-09T06:09:52Z,2026-03-09T09:12:52Z,20260309,255,6,173,25,5,5,1,1,5,3230,1,100,9.0,35.0,130.0,191.0,183.0,True,False,False,False,SYNTHETIC_DEMO_DATA
2550,INC-00002550,2026-05-27T13:35:37Z,2026-05-27T14:03:37Z,2026-05-27T14:31:37Z,2026-05-27T16:24:37Z,2026-05-27T17:46:37Z,,20260527,1335,6,80,43,2,4,9,1,2,11004,1,47.6,28.0,56.0,169.0,251.0,,False,False,False,True,SYNTHETIC_DEMO_DATA
2551,INC-00002551,2025-10-04T16:05:19Z,2025-10-04T16:15:19Z,2025-10-04T16:20:19Z,2025-10-04T16:57:19Z,2025-10-04T23:07:19Z,2025-10-05T04:40:19Z,20251004,1605,4,211,35,2,5,2,1,2,15992,1,42.7,10.0,15.0,52.0,422.0,333.0,False,False,False,True,SYNTHETIC_DEMO_DATA
2552,INC-00002552,2025-09-08T09:45:21Z,2025-09-08T11:13:21Z,2025-09-08T11:45:21Z,2025-09-08T12:32:21Z,2025-09-08T15:18:21Z,2025-09-08T20:34:21Z,20250908,945,2,87,24,1,5,12,4,1,15736,1,59.7,88.0,120.0,167.0,333.0,316.0,True,False,False,True,SYNTHETIC_DEMO_DATA
2553,INC-00002553,2025-03-11T11:59:49Z,2025-03-11T12:08:49Z,2025-03-11T12:37:49Z,2025-03-11T13:34:49Z,2025-03-11T14:12:49Z,2025-03-11T22:10:49Z,20250311,1155,2,88,40,4,5,8,1,4,3025,1,94.8,9.0,38.0,95.0,133.0,478.0,True,False,False,True,SYNTHETIC_DEMO_DATA
2554,INC-00002554,2025-02-28T14:30:46Z,2025-02-28T14:52:46Z,2025-02-28T15:10:46Z,2025-02-28T15:36:46Z,2025-02-28T17:16:46Z,2025-03-01T04:36:46Z,20250228,1430,5,90,31,2,5,17,3,2,8475,1,41.3,22.0,40.0,66.0,166.0,680.0,False,False,True,True,SYNTHETIC_DEMO_DATA
2555,INC-00002555,2026-02-04T20:01:10Z,2026-02-04T20:09:10Z,2026-02-04T20:28:10Z,2026-02-04T22:14:10Z,2026-02-05T02:13:10Z,2026-02-05T05:17:10Z,20260204,2000,2,56,23,1,5,9,1,1,17917,1,39.0,8.0,27.0,133.0,372.0,184.0,False,False,False,True,SYNTHETIC_DEMO_DATA
2556,INC-00002556,2025-08-25T01:53:25Z,2025-08-25T02:48:25Z,2025-08-25T03:14:25Z,2025-08-25T04:02:25Z,2025-08-25T05:06:25Z,2025-08-25T11:38:25Z,20250825,150,4,52,5,3,5,4,1,3,16926,1,72.1,55.0,81.0,129.0,193.0,392.0,False,False,False,True,SYNTHETIC_DEMO_DATA
2557,INC-00002557,2026-03-12T19:13:25Z,2026-03-12T19:30:25Z,2026-03-12T19:45:25Z,2026-03-12T22:47:25Z,2026-03-14T13:31:25Z,2026-03-14T19:32:25Z,20260312,1910,6,164,31,1,5,13,1,1,8095,1,40.8,17.0,32.0,214.0,2538.0,361.0,False,False,False,True,SYNTHETIC_DEMO_DATA
2558,INC-00002558,2026-03-26T17:08:50Z,2026-03-26T17:20:50Z,2026-03-26T17:24:50Z,2026-03-26T18:51:50Z,2026-03-27T04:44:50Z,2026-03-27T07:26:50Z,20260326,1705,5,96,7,3,5,8,1,3,13081,1,71.4,12.0,16.0,103.0,696.0,162.0,False,False,False,True,SYNTHETIC_DEMO_DATA
2559,INC-00002559,2025-04-29T14:07:30Z,2025-04-29T14:26:30Z,2025-04-29T15:09:30Z,2025-04-29T17:16:30Z,2025-04-29T20:19:30Z,,20250429,1405,5,95,19,2,4,18,1,2,4410,1,60.8,19.0,62.0,189.0,372.0,,False,False,False,True,SYNTHETIC_DEMO_DATA
2560,INC-00002560,2026-01-22T13:18:23Z,2026-01-22T13:39:23Z,2026-01-22T14:01:23Z,2026-01-22T17:18:23Z,2026-01-22T17:56:23Z,2026-01-23T01:26:23Z,20260122,1315,2,212,36,3,5,12,1,3,7884,1,83.0,21.0,43.0,240.0,278.0,450.0,False,False,False,True,SYNTHETIC_DEMO_DATA
2561,INC-00002561,2025-04-29T15:42:53Z,2025-04-29T15:51:53Z,2025-04-29T16:08:53Z,2025-04-29T16:59:53Z,2025-04-29T18:08:53Z,2025-04-30T05:09:53Z,20250429,1540,1,155,37,4,5,6,1,4,6751,1,92.8,9.0,26.0,77.0,146.0,661.0,True,False,False,True,SYNTHETIC_DEMO_DATA
2562,INC-00002562,2026-05-25T09:13:08Z,2026-05-25T09:36:08Z,2026-05-25T10:09:08Z,2026-05-25T11:15:08Z,2026-05-25T15:10:08Z,2026-05-25T17:57:08Z,20260525,910,3,16,23,1,5,14,1,1,15366,1,37.3,23.0,56.0,122.0,357.0,167.0,False,False,False,True,SYNTHETIC_DEMO_DATA
2563,INC-00002563,2026-06-17T15:05:10Z,2026-06-17T15:26:10Z,2026-06-17T15:30:10Z,2026-06-17T15:58:10Z,2026-06-17T16:24:10Z,2026-06-17T18:59:10Z,20260617,1505,6,164,12,3,5,9,3,3,4777,1,76.2,21.0,25.0,53.0,79.0,155.0,True,False,True,True,SYNTHETIC_DEMO_DATA
2564,INC-00002564,2026-01-16T14:13:32Z,2026-01-16T14:39:32Z,2026-01-16T14:51:32Z,2026-01-16T16:16:32Z,2026-01-16T16:43:32Z,2026-01-16T23:14:32Z,20260116,1410,3,214,42,3,5,2,2,3,7100,1,66.7,26.0,38.0,123.0,150.0,391.0,False,False,True,True,SYNTHETIC_DEMO_DATA
2565,INC-00002565,2025-04-10T09:48:13Z,2025-04-10T10:04:13Z,2025-04-10T10:29:13Z,2025-04-10T11:50:13Z,2025-04-10T13:54:13Z,2025-04-10T16:51:13Z,20250410,945,3,120,14,1,5,11,1,1,6252,1,41.2,16.0,41.0,122.0,246.0,177.0,False,False,False,True,SYNTHETIC_DEMO_DATA
2566,INC-00002566,2025-11-15T16:51:10Z,2025-11-15T16:56:10Z,2025-11-15T17:20:10Z,2025-11-15T19:51:10Z,2025-11-15T23:31:10Z,2025-11-16T10:20:10Z,20251115,1650,6,217,41,1,5,4,1,1,17989,1,39.5,5.0,29.0,180.0,400.0,649.0,False,False,False,True,SYNTHETIC_DEMO_DATA
2567,INC-00002567,2025-02-26T00:30:03Z,2025-02-26T00:37:03Z,2025-02-26T00:50:03Z,2025-02-26T02:25:03Z,2025-02-26T05:39:03Z,2025-02-26T13:35:03Z,20250226,30,7,119,3,1,5,15,3,1,3277,1,35.9,7.0,20.0,115.0,309.0,476.0,False,False,True,True,SYNTHETIC_DEMO_DATA
2568,INC-00002568,2025-09-23T05:08:56Z,2025-09-23T06:32:56Z,2025-09-23T07:07:56Z,2025-09-23T09:12:56Z,2025-09-23T13:35:56Z,2025-09-23T22:43:56Z,20250923,505,7,154,15,2,5,9,1,2,6738,1,54.9,84.0,119.0,244.0,507.0,548.0,False,False,False,True,SYNTHETIC_DEMO_DATA
2569,INC-00002569,2025-08-09T16:20:49Z,2025-08-09T16:38:49Z,2025-08-09T16:55:49Z,2025-08-09T17:27:49Z,2025-08-09T21:01:49Z,2025-08-10T03:05:49Z,20250809,1620,2,57,36,3,5,3,1,3,9638,1,68.1,18.0,35.0,67.0,281.0,364.0,False,False,False,True,SYNTHETIC_DEMO_DATA
2570,INC-00002570,2026-03-05T13:01:31Z,2026-03-05T13:11:31Z,2026-03-05T13:17:31Z,2026-03-05T15:17:31Z,2026-03-05T17:01:31Z,2026-03-06T01:34:31Z,20260305,1300,3,149,23,1,5,12,1,1,593,1,54.7,10.0,16.0,136.0,240.0,513.0,False,False,False,True,SYNTHETIC_DEMO_DATA
2571,INC-00002571,2025-07-07T22:04:07Z,2025-07-07T23:21:07Z,2025-07-07T23:34:07Z,2025-07-08T00:30:07Z,2025-07-08T01:00:07Z,2025-07-08T04:21:07Z,20250707,2200,4,210,29,2,5,6,1,2,14701,1,51.9,77.0,90.0,146.0,176.0,201.0,False,False,False,True,SYNTHETIC_DEMO_DATA
2572,INC-00002572,2025-07-29T18:04:31Z,2025-07-29T18:33:31Z,2025-07-29T19:01:31Z,2025-07-29T20:01:31Z,2025-07-29T22:29:31Z,2025-07-30T01:52:31Z,20250729,1800,7,137,32,2,5,17,2,2,14994,1,53.1,29.0,57.0,117.0,265.0,203.0,False,False,True,True,SYNTHETIC_DEMO_DATA
2573,INC-00002573,2025-04-23T15:01:19Z,2025-04-23T16:08:19Z,2025-04-23T16:25:19Z,2025-04-23T19:11:19Z,2025-04-23T21:03:19Z,,20250423,1500,6,27,23,2,4,10,2,2,2840,1,37.5,67.0,84.0,250.0,362.0,,False,False,True,True,SYNTHETIC_DEMO_DATA
2574,INC-00002574,2025-12-26T09:53:29Z,2025-12-26T10:40:29Z,2025-12-26T10:54:29Z,2025-12-26T11:56:29Z,2025-12-26T19:44:29Z,2025-12-27T05:23:29Z,20251226,950,4,231,29,1,5,2,1,1,7005,1,58.0,47.0,61.0,123.0,591.0,579.0,True,False,False,True,SYNTHETIC_DEMO_DATA
2575,INC-00002575,2025-05-14T19:44:29Z,2025-05-14T20:52:29Z,2025-05-14T21:25:29Z,2025-05-14T23:16:29Z,2025-05-15T02:14:29Z,2025-05-15T05:40:29Z,20250514,1940,4,119,27,2,5,14,1,2,3471,1,55.8,68.0,101.0,212.0,390.0,206.0,False,False,False,True,SYNTHETIC_DEMO_DATA
2576,INC-00002576,2026-06-23T21:44:48Z,2026-06-23T22:01:48Z,2026-06-23T22:16:48Z,,,,20260623,2140,3,41,5,1,2,6,0,1,3717,1,50.7,17.0,32.0,,,,False,False,False,False,SYNTHETIC_DEMO_DATA
2577,INC-00002577,2025-06-23T11:21:31Z,2025-06-23T11:30:31Z,2025-06-23T12:16:31Z,2025-06-23T13:06:31Z,2025-06-23T16:26:31Z,2025-06-24T01:32:31Z,20250623,1120,7,176,32,2,5,18,1,2,12097,1,68.9,9.0,55.0,105.0,305.0,546.0,False,False,False,True,SYNTHETIC_DEMO_DATA
2578,INC-00002578,2025-04-16T22:55:21Z,2025-04-16T23:16:21Z,2025-04-16T23:29:21Z,2025-04-16T23:58:21Z,2025-04-17T00:47:21Z,,20250416,2255,7,4,11,4,4,13,3,4,4922,1,89.2,21.0,34.0,63.0,112.0,,True,False,True,True,SYNTHETIC_DEMO_DATA
2579,INC-00002579,2025-07-22T07:15:43Z,2025-07-22T07:40:43Z,2025-07-22T07:47:43Z,2025-07-22T08:45:43Z,2025-07-22T13:41:43Z,2025-07-22T20:48:43Z,20250722,715,5,226,42,1,5,3,1,1,16251,1,42.9,25.0,32.0,90.0,386.0,427.0,False,False,False,True,SYNTHETIC_DEMO_DATA
2580,INC-00002580,2026-07-21T15:44:27Z,2026-07-21T16:15:27Z,2026-07-21T16:51:27Z,2026-07-21T18:16:27Z,,,20260721,1540,6,206,15,2,3,15,0,2,8330,1,44.6,31.0,67.0,152.0,,,False,False,False,False,SYNTHETIC_DEMO_DATA
2581,INC-00002581,2026-02-17T05:07:43Z,2026-02-17T06:32:43Z,2026-02-17T07:43:43Z,2026-02-17T08:08:43Z,2026-02-17T11:59:43Z,2026-02-17T15:04:43Z,20260217,505,7,76,43,3,5,9,1,3,9079,1,58.8,85.0,156.0,181.0,412.0,185.0,False,False,False,False,SYNTHETIC_DEMO_DATA
2582,INC-00002582,2025-02-02T14:40:29Z,2025-02-02T14:51:29Z,2025-02-02T15:42:29Z,2025-02-02T17:19:29Z,2025-02-05T05:42:29Z,,20250202,1440,3,223,23,1,4,18,4,1,3605,1,36.3,11.0,62.0,159.0,3782.0,,False,False,False,True,SYNTHETIC_DEMO_DATA
2583,INC-00002583,2026-07-06T13:23:34Z,,,,,,20260706,1320,4,225,5,1,1,11,0,1,1745,1,29.0,,,,,,False,False,False,False,SYNTHETIC_DEMO_DATA
2584,INC-00002584,2025-02-19T04:08:34Z,2025-02-19T04:26:34Z,2025-02-19T05:18:34Z,2025-02-19T05:31:34Z,2025-02-19T13:46:34Z,2025-02-19T14:07:34Z,20250219,405,1,27,29,2,5,5,1,2,11774,1,41.7,18.0,70.0,83.0,578.0,21.0,False,False,False,True,SYNTHETIC_DEMO_DATA
2585,INC-00002585,2025-04-15T18:56:58Z,2025-04-15T19:11:58Z,2025-04-15T19:37:58Z,2025-04-15T21:24:58Z,2025-04-16T00:43:58Z,2025-04-16T01:57:58Z,20250415,1855,7,23,11,1,5,15,1,1,14791,1,57.9,15.0,41.0,148.0,347.0,74.0,True,False,False,True,SYNTHETIC_DEMO_DATA
2586,INC-00002586,2026-07-28T08:49:13Z,2026-07-28T09:06:13Z,2026-07-28T10:15:13Z,2026-07-28T11:14:13Z,2026-07-28T13:12:13Z,2026-07-28T21:29:13Z,20260728,845,1,83,17,2,5,9,1,2,2028,1,56.3,17.0,86.0,145.0,263.0,497.0,False,False,False,True,SYNTHETIC_DEMO_DATA
2587,INC-00002587,2026-04-27T05:56:34Z,2026-04-27T06:23:34Z,2026-04-27T06:45:34Z,,,,20260427,555,6,144,3,1,2,0,0,1,12604,1,21.0,27.0,49.0,,,,False,False,False,False,SYNTHETIC_DEMO_DATA
2588,INC-00002588,2025-04-15T15:33:48Z,2025-04-15T15:40:48Z,2025-04-15T15:51:48Z,2025-04-15T16:45:48Z,2025-04-15T19:18:48Z,2025-04-16T06:09:48Z,20250415,1530,5,94,25,2,5,13,2,2,14080,1,45.9,7.0,18.0,72.0,225.0,651.0,False,False,True,True,SYNTHETIC_DEMO_DATA
2589,INC-00002589,2025-12-28T09:30:25Z,2025-12-28T09:47:25Z,2025-12-28T09:58:25Z,2025-12-28T11:49:25Z,2025-12-28T15:12:25Z,2025-12-28T15:48:25Z,20251228,930,6,229,32,1,5,5,1,1,17605,1,27.9,17.0,28.0,139.0,342.0,36.0,False,False,False,True,SYNTHETIC_DEMO_DATA
2590,INC-00002590,2025-12-19T15:11:30Z,2025-12-19T15:21:30Z,2025-12-19T15:44:30Z,2025-12-19T17:08:30Z,2025-12-19T19:59:30Z,2025-12-19T22:55:30Z,20251219,1510,6,62,12,4,5,1,3,4,7919,1,92.1,10.0,33.0,117.0,288.0,176.0,True,False,True,True,SYNTHETIC_DEMO_DATA
2591,INC-00002591,2025-10-19T21:13:40Z,2025-10-19T21:57:40Z,2025-10-19T22:17:40Z,2025-10-19T23:22:40Z,2025-10-20T06:10:40Z,2025-10-20T13:30:40Z,20251019,2110,6,4,3,1,5,9,1,1,8166,1,27.7,44.0,64.0,129.0,537.0,440.0,False,False,False,True,SYNTHETIC_DEMO_DATA
2592,INC-00002592,2025-10-23T21:18:35Z,2025-10-23T21:43:35Z,2025-10-23T21:58:35Z,2025-10-24T01:16:35Z,2025-10-24T10:37:35Z,2025-10-24T22:35:35Z,20251023,2115,2,74,37,1,5,2,1,1,14235,1,40.3,25.0,40.0,238.0,799.0,718.0,False,False,False,True,SYNTHETIC_DEMO_DATA
2593,INC-00002593,2026-06-24T09:09:35Z,2026-06-24T09:14:35Z,2026-06-24T10:05:35Z,2026-06-24T13:04:35Z,2026-06-24T14:18:35Z,2026-06-24T23:54:35Z,20260624,905,3,185,3,1,5,13,1,1,11397,1,48.8,5.0,56.0,235.0,309.0,576.0,False,False,False,True,SYNTHETIC_DEMO_DATA
2594,INC-00002594,2025-03-21T18:01:19Z,2025-03-21T18:31:19Z,2025-03-21T19:10:19Z,2025-03-21T20:36:19Z,2025-03-22T00:09:19Z,2025-03-22T06:14:19Z,20250321,1800,6,232,18,1,5,6,1,1,14555,1,40.0,30.0,69.0,155.0,368.0,365.0,False,False,False,True,SYNTHETIC_DEMO_DATA
2595,INC-00002595,2025-05-21T18:48:14Z,2025-05-21T18:57:14Z,2025-05-21T19:18:14Z,2025-05-21T21:31:14Z,2025-05-22T08:43:14Z,2025-05-22T19:45:14Z,20250521,1845,6,125,30,1,5,17,1,1,2730,1,27.8,9.0,30.0,163.0,835.0,662.0,False,False,False,True,SYNTHETIC_DEMO_DATA
2596,INC-00002596,2026-02-19T19:59:21Z,2026-02-19T20:18:21Z,2026-02-19T20:47:21Z,2026-02-19T22:56:21Z,2026-02-20T03:42:21Z,2026-02-20T08:43:21Z,20260219,1955,7,51,32,1,5,10,3,1,3673,1,56.3,19.0,48.0,177.0,463.0,301.0,True,False,True,True,SYNTHETIC_DEMO_DATA
2597,INC-00002597,2025-06-27T00:48:53Z,2025-06-27T01:32:53Z,2025-06-27T02:01:53Z,2025-06-27T03:24:53Z,2025-06-27T07:18:53Z,,20250627,45,7,138,40,1,4,3,3,1,10730,1,33.7,44.0,73.0,156.0,390.0,,False,True,True,True,SYNTHETIC_DEMO_DATA
2598,INC-00002598,2025-03-04T16:57:30Z,,,,,,20250304,1655,2,56,15,2,1,15,0,2,15740,1,48.7,,,,,,False,False,False,False,SYNTHETIC_DEMO_DATA
2599,INC-00002599,2026-03-26T18:23:49Z,2026-03-26T18:28:49Z,2026-03-26T20:12:49Z,2026-03-26T21:01:49Z,2026-03-26T21:54:49Z,2026-03-27T07:16:49Z,20260326,1820,6,24,3,3,5,9,1,3,15205,1,71.7,5.0,109.0,158.0,211.0,562.0,False,False,False,True,SYNTHETIC_DEMO_DATA
2600,INC-00002600,2026-05-22T18:40:59Z,2026-05-22T18:57:59Z,2026-05-22T19:34:59Z,2026-05-22T20:34:59Z,2026-05-23T02:07:59Z,2026-05-23T07:13:59Z,20260522,1840,1,187,6,2,5,1,1,2,16461,1,53.7,17.0,54.0,114.0,447.0,306.0,False,False,False,True,SYNTHETIC_DEMO_DATA
2601,INC-00002601,2026-03-10T09:58:20Z,2026-03-10T10:30:20Z,2026-03-10T11:29:20Z,2026-03-10T12:10:20Z,2026-03-10T16:09:20Z,2026-03-10T21:46:20Z,20260310,955,7,117,16,1,5,11,3,1,14918,1,26.7,32.0,91.0,132.0,371.0,337.0,False,False,True,True,SYNTHETIC_DEMO_DATA
2602,INC-00002602,2026-03-07T06:52:29Z,2026-03-07T06:58:29Z,2026-03-07T07:12:29Z,2026-03-07T07:42:29Z,2026-03-07T09:38:29Z,2026-03-07T16:20:29Z,20260307,650,7,134,28,2,5,5,4,2,8002,1,48.1,6.0,20.0,50.0,166.0,402.0,False,False,False,True,SYNTHETIC_DEMO_DATA
2603,INC-00002603,2025-04-21T18:57:04Z,2025-04-21T19:55:04Z,2025-04-21T20:05:04Z,2025-04-21T21:53:04Z,2025-04-21T23:05:04Z,2025-04-22T11:02:04Z,20250421,1855,2,143,6,1,5,15,3,1,4563,1,33.7,58.0,68.0,176.0,248.0,717.0,False,False,True,True,SYNTHETIC_DEMO_DATA
2604,INC-00002604,2026-02-23T13:33:37Z,2026-02-23T14:30:37Z,2026-02-23T15:04:37Z,2026-02-23T20:16:37Z,2026-02-23T22:55:37Z,2026-02-23T23:13:37Z,20260223,1330,6,226,21,1,5,8,1,1,7915,1,40.9,57.0,91.0,403.0,562.0,18.0,False,False,False,True,SYNTHETIC_DEMO_DATA
2605,INC-00002605,2025-06-20T07:15:39Z,2025-06-20T07:43:39Z,2025-06-20T07:55:39Z,2025-06-20T08:39:39Z,2025-06-20T09:41:39Z,,20250620,715,5,3,28,2,4,2,3,2,16970,1,55.2,28.0,40.0,84.0,146.0,,False,False,True,True,SYNTHETIC_DEMO_DATA
2606,INC-00002606,2025-09-09T08:50:02Z,2025-09-09T09:32:02Z,2025-09-09T10:02:02Z,2025-09-09T12:56:02Z,2025-09-09T16:33:02Z,2025-09-10T00:51:02Z,20250909,850,7,218,22,1,5,12,1,1,15044,1,33.6,42.0,72.0,246.0,463.0,498.0,False,False,False,True,SYNTHETIC_DEMO_DATA
2607,INC-00002607,2025-10-08T02:16:37Z,2025-10-08T03:22:37Z,2025-10-08T03:38:37Z,2025-10-08T05:05:37Z,2025-10-08T10:24:37Z,2025-10-08T17:38:37Z,20251008,215,2,69,23,2,5,6,1,2,15994,1,68.7,66.0,82.0,169.0,488.0,434.0,True,False,False,True,SYNTHETIC_DEMO_DATA
2608,INC-00002608,2026-02-26T18:10:39Z,2026-02-26T18:54:39Z,2026-02-26T18:58:39Z,2026-02-26T19:41:39Z,2026-02-26T23:54:39Z,2026-02-27T00:53:39Z,20260226,1810,3,34,29,2,5,17,1,2,6509,1,48.5,44.0,48.0,91.0,344.0,59.0,False,False,False,True,SYNTHETIC_DEMO_DATA
2609,INC-00002609,2025-06-18T12:22:08Z,2025-06-18T12:46:08Z,2025-06-18T13:18:08Z,2025-06-18T14:17:08Z,2025-06-18T18:15:08Z,2025-06-19T01:00:08Z,20250618,1220,3,45,28,1,5,9,1,1,4823,1,29.4,24.0,56.0,115.0,353.0,405.0,False,False,False,True,SYNTHETIC_DEMO_DATA
2610,INC-00002610,2025-05-07T12:36:14Z,2025-05-07T12:46:14Z,2025-05-07T13:00:14Z,2025-05-07T14:02:14Z,2025-05-08T01:06:14Z,2025-05-08T09:56:14Z,20250507,1235,1,226,12,1,5,2,3,1,7788,1,47.8,10.0,24.0,86.0,750.0,530.0,False,False,True,True,SYNTHETIC_DEMO_DATA
2611,INC-00002611,2026-04-29T16:32:58Z,2026-04-29T18:33:58Z,2026-04-29T18:53:58Z,2026-04-29T20:10:58Z,2026-04-29T21:46:58Z,,20260429,1630,1,227,29,2,4,14,1,2,12440,1,55.3,121.0,141.0,218.0,314.0,,False,False,False,False,SYNTHETIC_DEMO_DATA
2612,INC-00002612,2026-05-14T23:15:55Z,2026-05-14T23:54:55Z,2026-05-15T00:21:55Z,2026-05-15T01:17:55Z,2026-05-15T03:13:55Z,,20260514,2315,3,194,35,2,4,7,1,2,12067,1,66.2,39.0,66.0,122.0,238.0,,False,False,False,True,SYNTHETIC_DEMO_DATA
2613,INC-00002613,2025-12-17T17:03:11Z,2025-12-17T17:07:11Z,2025-12-17T17:32:11Z,2025-12-17T18:15:11Z,2025-12-18T01:09:11Z,2025-12-18T04:53:11Z,20251217,1700,3,20,31,2,5,18,3,2,9800,1,52.5,4.0,29.0,72.0,486.0,224.0,False,False,True,True,SYNTHETIC_DEMO_DATA
2614,INC-00002614,2025-04-23T13:12:46Z,2025-04-23T13:57:46Z,2025-04-23T14:10:46Z,2025-04-23T15:02:46Z,2025-04-23T17:53:46Z,2025-04-23T21:30:46Z,20250423,1310,6,142,37,1,5,10,1,1,302,1,42.7,45.0,58.0,110.0,281.0,217.0,False,False,False,True,SYNTHETIC_DEMO_DATA
2615,INC-00002615,2026-04-13T11:26:26Z,2026-04-13T11:48:26Z,2026-04-13T12:33:26Z,2026-04-13T12:51:26Z,2026-04-13T14:40:26Z,2026-04-13T18:42:26Z,20260413,1125,3,129,26,2,5,4,1,2,5319,1,53.1,22.0,67.0,85.0,194.0,242.0,False,False,False,True,SYNTHETIC_DEMO_DATA
2616,INC-00002616,2025-09-18T07:34:02Z,2025-09-18T07:46:02Z,2025-09-18T08:10:02Z,2025-09-18T09:22:02Z,2025-09-18T15:14:02Z,2025-09-18T18:29:02Z,20250918,730,6,212,41,2,5,15,1,2,13916,1,62.9,12.0,36.0,108.0,460.0,195.0,False,False,False,True,SYNTHETIC_DEMO_DATA
2617,INC-00002617,2025-07-12T08:29:39Z,2025-07-12T09:07:39Z,2025-07-12T09:18:39Z,2025-07-12T09:40:39Z,2025-07-12T10:54:39Z,2025-07-12T19:55:39Z,20250712,825,2,192,36,1,5,7,2,1,11392,1,40.4,38.0,49.0,71.0,145.0,541.0,False,False,True,True,SYNTHETIC_DEMO_DATA
2618,INC-00002618,2026-03-05T14:31:57Z,2026-03-05T15:35:57Z,2026-03-05T15:49:57Z,2026-03-05T17:12:57Z,2026-03-06T00:43:57Z,2026-03-06T06:01:57Z,20260305,1430,1,146,17,2,5,1,1,2,4967,1,61.9,64.0,78.0,161.0,612.0,318.0,True,False,False,True,SYNTHETIC_DEMO_DATA
2619,INC-00002619,2025-04-27T08:23:33Z,2025-04-27T08:32:33Z,2025-04-27T08:40:33Z,2025-04-27T09:44:33Z,2025-04-27T12:32:33Z,2025-04-27T16:39:33Z,20250427,820,2,1,7,1,5,11,1,1,6165,1,41.1,9.0,17.0,81.0,249.0,247.0,False,False,False,True,SYNTHETIC_DEMO_DATA
2620,INC-00002620,2026-03-03T18:21:17Z,2026-03-03T19:31:17Z,2026-03-03T20:09:17Z,2026-03-03T20:30:17Z,2026-03-03T21:33:17Z,2026-03-04T05:09:17Z,20260303,1820,5,176,43,3,5,6,1,3,14063,1,83.1,70.0,108.0,129.0,192.0,456.0,False,False,False,False,SYNTHETIC_DEMO_DATA
2621,INC-00002621,2025-09-16T09:36:47Z,2025-09-16T10:34:47Z,2025-09-16T10:49:47Z,2025-09-16T12:11:47Z,2025-09-16T15:05:47Z,2025-09-16T16:44:47Z,20250916,935,5,54,24,2,5,16,2,2,880,1,41.2,58.0,73.0,155.0,329.0,99.0,False,False,True,True,SYNTHETIC_DEMO_DATA
2622,INC-00002622,2025-11-16T16:49:21Z,2025-11-16T17:11:21Z,2025-11-16T17:25:21Z,2025-11-16T18:24:21Z,2025-11-17T12:41:21Z,2025-11-17T19:53:21Z,20251116,1645,7,232,16,1,5,8,1,1,2769,1,35.3,22.0,36.0,95.0,1192.0,432.0,False,False,False,True,SYNTHETIC_DEMO_DATA
2623,INC-00002623,2026-04-19T11:34:38Z,2026-04-19T11:52:38Z,2026-04-19T12:23:38Z,2026-04-19T12:34:38Z,2026-04-19T16:27:38Z,2026-04-19T17:47:38Z,20260419,1130,2,26,16,1,5,1,1,1,6927,1,27.8,18.0,49.0,60.0,293.0,80.0,False,False,False,True,SYNTHETIC_DEMO_DATA
2624,INC-00002624,2026-06-16T07:57:51Z,2026-06-16T08:19:51Z,2026-06-16T08:40:51Z,2026-06-16T09:42:51Z,2026-06-16T13:29:51Z,2026-06-16T18:31:51Z,20260616,755,3,207,4,1,5,12,1,1,10318,1,21.5,22.0,43.0,105.0,332.0,302.0,False,False,False,True,SYNTHETIC_DEMO_DATA
2625,INC-00002625,2025-08-27T15:28:12Z,2025-08-27T16:11:12Z,2025-08-27T16:33:12Z,2025-08-27T18:30:12Z,2025-08-27T21:13:12Z,2025-08-28T01:02:12Z,20250827,1525,6,148,4,1,5,5,2,1,11050,1,33.7,43.0,65.0,182.0,345.0,229.0,False,False,True,True,SYNTHETIC_DEMO_DATA
2626,INC-00002626,2026-06-20T09:07:26Z,2026-06-20T09:29:26Z,2026-06-20T09:49:26Z,2026-06-20T10:52:26Z,2026-06-20T14:29:26Z,2026-06-20T21:36:26Z,20260620,905,6,47,18,1,5,16,1,1,3723,1,36.7,22.0,42.0,105.0,322.0,427.0,False,False,False,True,SYNTHETIC_DEMO_DATA
2627,INC-00002627,2025-06-05T06:57:08Z,2025-06-05T07:26:08Z,2025-06-05T07:38:08Z,2025-06-05T12:39:08Z,2025-06-05T13:50:08Z,2025-06-05T23:10:08Z,20250605,655,2,52,6,3,5,11,1,3,16756,1,72.4,29.0,41.0,342.0,413.0,560.0,False,False,False,True,SYNTHETIC_DEMO_DATA
2628,INC-00002628,2026-04-25T10:51:54Z,2026-04-25T11:02:54Z,2026-04-25T11:13:54Z,2026-04-25T12:40:54Z,2026-04-25T13:04:54Z,2026-04-25T20:52:54Z,20260425,1050,1,54,21,3,5,4,1,3,3284,1,60.8,11.0,22.0,109.0,133.0,468.0,False,False,False,True,SYNTHETIC_DEMO_DATA
2629,INC-00002629,2026-02-08T19:02:04Z,2026-02-08T19:29:04Z,2026-02-08T19:43:04Z,2026-02-08T22:02:04Z,2026-02-09T00:27:04Z,2026-02-09T04:39:04Z,20260208,1900,5,30,25,1,5,13,1,1,9575,1,50.3,27.0,41.0,180.0,325.0,252.0,True,False,False,True,SYNTHETIC_DEMO_DATA
2630,INC-00002630,2026-07-22T18:16:18Z,2026-07-22T18:19:18Z,2026-07-22T19:00:18Z,2026-07-22T21:07:18Z,2026-07-23T01:27:18Z,2026-07-23T01:39:18Z,20260722,1815,6,170,2,1,5,6,1,1,11845,1,37.0,3.0,44.0,171.0,431.0,12.0,False,False,False,True,SYNTHETIC_DEMO_DATA
2631,INC-00002631,2025-07-05T15:48:11Z,2025-07-05T16:16:11Z,2025-07-05T16:42:11Z,2025-07-05T18:01:11Z,2025-07-05T18:24:11Z,,20250705,1545,6,120,6,4,4,2,3,4,15012,1,93.2,28.0,54.0,133.0,156.0,,True,False,True,True,SYNTHETIC_DEMO_DATA
2632,INC-00002632,2026-07-30T18:07:12Z,2026-07-30T18:25:12Z,2026-07-30T18:55:12Z,,,,20260730,1805,2,62,9,2,2,11,0,2,8360,1,48.3,18.0,48.0,,,,False,False,False,False,SYNTHETIC_DEMO_DATA
2633,INC-00002633,2026-04-13T15:16:08Z,2026-04-13T16:07:08Z,2026-04-13T16:16:08Z,2026-04-13T18:19:08Z,2026-04-13T21:29:08Z,2026-04-14T04:30:08Z,20260413,1515,5,101,32,2,5,4,2,2,16205,1,56.4,51.0,60.0,183.0,373.0,421.0,False,False,True,True,SYNTHETIC_DEMO_DATA
2634,INC-00002634,2026-01-04T11:22:15Z,2026-01-04T11:32:15Z,2026-01-04T11:52:15Z,2026-01-04T14:48:15Z,2026-01-04T20:06:15Z,2026-01-05T05:16:15Z,20260104,1120,6,136,28,1,5,14,3,1,6178,1,40.4,10.0,30.0,206.0,524.0,550.0,False,False,True,True,SYNTHETIC_DEMO_DATA
2635,INC-00002635,2025-07-18T13:40:05Z,2025-07-18T13:54:05Z,2025-07-18T14:04:05Z,2025-07-18T15:51:05Z,2025-07-18T16:58:05Z,2025-07-18T18:48:05Z,20250718,1340,1,88,16,1,5,7,1,1,12495,1,40.6,14.0,24.0,131.0,198.0,110.0,False,False,False,True,SYNTHETIC_DEMO_DATA
2636,INC-00002636,2025-12-17T19:23:32Z,2025-12-17T19:41:32Z,2025-12-17T19:49:32Z,2025-12-17T21:24:32Z,2025-12-18T04:02:32Z,2025-12-18T07:03:32Z,20251217,1920,6,141,25,1,5,18,1,1,6750,1,46.6,18.0,26.0,121.0,519.0,181.0,False,False,False,True,SYNTHETIC_DEMO_DATA
2637,INC-00002637,2025-06-22T18:25:13Z,2025-06-22T18:38:13Z,2025-06-22T19:01:13Z,2025-06-22T20:50:13Z,2025-06-23T08:51:13Z,2025-06-23T12:20:13Z,20250622,1825,7,146,19,1,5,11,1,1,13794,1,39.2,13.0,36.0,145.0,866.0,209.0,False,False,False,True,SYNTHETIC_DEMO_DATA
2638,INC-00002638,2026-07-27T20:26:30Z,,,,,,20260727,2025,4,158,40,1,1,4,0,1,8981,1,45.8,,,,,,False,False,False,False,SYNTHETIC_DEMO_DATA
2639,INC-00002639,2026-01-30T03:47:08Z,2026-01-30T04:56:08Z,2026-01-30T05:18:08Z,2026-01-30T06:27:08Z,2026-01-30T06:49:08Z,2026-01-30T18:24:08Z,20260130,345,4,80,42,2,5,16,1,2,2288,1,49.1,69.0,91.0,160.0,182.0,695.0,False,False,False,True,SYNTHETIC_DEMO_DATA
2640,INC-00002640,2025-07-03T07:21:07Z,2025-07-03T08:00:07Z,2025-07-03T08:17:07Z,2025-07-03T10:14:07Z,2025-07-03T18:50:07Z,2025-07-03T22:24:07Z,20250703,720,6,219,37,1,5,8,2,1,8378,1,45.8,39.0,56.0,173.0,689.0,214.0,True,False,True,True,SYNTHETIC_DEMO_DATA
2641,INC-00002641,2026-05-25T17:04:16Z,2026-05-25T17:36:16Z,2026-05-25T18:24:16Z,2026-05-25T19:50:16Z,2026-05-25T22:21:16Z,2026-05-26T05:41:16Z,20260525,1700,6,130,34,1,5,1,1,1,2904,1,33.6,32.0,80.0,166.0,317.0,440.0,False,False,False,True,SYNTHETIC_DEMO_DATA
2642,INC-00002642,2026-01-03T00:06:38Z,2026-01-03T00:19:38Z,2026-01-03T00:41:38Z,2026-01-03T01:55:38Z,2026-01-03T09:06:38Z,2026-01-03T19:58:38Z,20260103,5,5,73,7,1,5,12,4,1,4596,1,43.9,13.0,35.0,109.0,540.0,652.0,False,False,False,True,SYNTHETIC_DEMO_DATA
2643,INC-00002643,2025-05-28T16:27:38Z,2025-05-28T17:19:38Z,2025-05-28T17:41:38Z,2025-05-28T18:43:38Z,2025-05-28T20:33:38Z,2025-05-29T07:45:38Z,20250528,1625,1,14,29,1,5,5,1,1,15410,1,50.5,52.0,74.0,136.0,246.0,672.0,False,False,False,True,SYNTHETIC_DEMO_DATA
2644,INC-00002644,2026-03-23T09:16:35Z,2026-03-23T09:50:35Z,2026-03-23T10:07:35Z,2026-03-23T12:02:35Z,,,20260323,915,3,214,16,1,3,16,0,1,14299,1,34.9,34.0,51.0,166.0,,,False,False,False,False,SYNTHETIC_DEMO_DATA
2645,INC-00002645,2026-02-03T13:27:10Z,2026-02-03T14:22:10Z,2026-02-03T14:47:10Z,2026-02-03T15:30:10Z,2026-02-03T20:24:10Z,2026-02-04T06:32:10Z,20260203,1325,3,85,39,1,5,9,2,1,9958,1,31.9,55.0,80.0,123.0,417.0,608.0,False,False,True,True,SYNTHETIC_DEMO_DATA
2646,INC-00002646,2025-03-01T13:56:31Z,2025-03-01T14:17:31Z,2025-03-01T14:23:31Z,2025-03-01T15:31:31Z,2025-03-01T18:22:31Z,2025-03-02T02:47:31Z,20250301,1355,7,74,33,2,5,3,2,2,16392,1,55.5,21.0,27.0,95.0,266.0,505.0,False,False,True,True,SYNTHETIC_DEMO_DATA
2647,INC-00002647,2025-10-07T09:03:06Z,2025-10-07T09:43:06Z,2025-10-07T10:24:06Z,2025-10-07T10:43:06Z,2025-10-07T12:53:06Z,2025-10-07T21:25:06Z,20251007,900,2,183,12,4,5,16,3,4,14229,1,98.4,40.0,81.0,100.0,230.0,512.0,True,False,True,False,SYNTHETIC_DEMO_DATA
2648,INC-00002648,2025-10-18T15:24:10Z,2025-10-18T15:35:10Z,2025-10-18T16:33:10Z,2025-10-18T17:20:10Z,,,20251018,1520,2,77,30,1,3,6,0,1,11298,1,48.7,11.0,69.0,116.0,,,False,False,False,False,SYNTHETIC_DEMO_DATA
2649,INC-00002649,2026-02-09T09:15:24Z,2026-02-09T09:47:24Z,2026-02-09T09:56:24Z,2026-02-09T11:05:24Z,2026-02-09T12:38:24Z,2026-02-09T20:38:24Z,20260209,915,6,60,13,2,5,18,3,2,16243,1,54.4,32.0,41.0,110.0,203.0,480.0,False,False,True,True,SYNTHETIC_DEMO_DATA
2650,INC-00002650,2025-04-28T16:16:59Z,2025-04-28T16:28:59Z,2025-04-28T16:35:59Z,2025-04-28T19:23:59Z,2025-04-29T02:29:59Z,2025-04-29T05:35:59Z,20250428,1615,6,188,3,2,5,11,2,2,3193,1,43.5,12.0,19.0,187.0,613.0,186.0,False,True,True,True,SYNTHETIC_DEMO_DATA
2651,INC-00002651,2025-06-16T21:15:32Z,,,,,,20250616,2115,1,2,42,1,1,3,0,1,4077,1,53.9,,,,,,True,False,False,False,SYNTHETIC_DEMO_DATA
2652,INC-00002652,2025-05-20T20:04:48Z,2025-05-20T20:18:48Z,2025-05-20T20:36:48Z,2025-05-20T21:42:48Z,2025-05-20T22:49:48Z,2025-05-21T04:04:48Z,20250520,2000,6,109,42,5,5,18,4,5,3743,1,100,14.0,32.0,98.0,165.0,315.0,True,False,False,False,SYNTHETIC_DEMO_DATA
2653,INC-00002653,2025-10-01T13:57:38Z,2025-10-01T14:06:38Z,2025-10-01T14:49:38Z,2025-10-01T16:51:38Z,2025-10-01T17:47:38Z,2025-10-01T20:38:38Z,20251001,1355,2,13,21,4,5,10,2,4,10231,1,91.4,9.0,52.0,174.0,230.0,171.0,True,False,True,True,SYNTHETIC_DEMO_DATA
2654,INC-00002654,2026-03-18T13:06:05Z,2026-03-18T13:21:05Z,2026-03-18T13:35:05Z,2026-03-18T14:09:05Z,2026-03-18T15:36:05Z,2026-03-18T23:21:05Z,20260318,1305,6,12,35,2,5,1,1,2,3086,1,53.8,15.0,29.0,63.0,150.0,465.0,False,False,False,True,SYNTHETIC_DEMO_DATA
2655,INC-00002655,2026-05-20T21:53:52Z,2026-05-20T22:21:52Z,2026-05-20T22:37:52Z,2026-05-21T00:44:52Z,2026-05-21T02:54:52Z,2026-05-21T05:30:52Z,20260520,2150,1,195,33,4,5,14,1,4,6409,1,100,28.0,44.0,171.0,301.0,156.0,True,False,False,True,SYNTHETIC_DEMO_DATA
2656,INC-00002656,2026-06-20T07:12:15Z,2026-06-20T08:05:15Z,2026-06-20T08:35:15Z,,,,20260620,710,1,3,9,5,2,8,0,5,14400,1,100,53.0,83.0,,,,True,False,False,False,SYNTHETIC_DEMO_DATA
2657,INC-00002657,2025-09-08T17:01:37Z,2025-09-08T17:11:37Z,2025-09-08T17:43:37Z,2025-09-08T18:20:37Z,2025-09-08T20:31:37Z,2025-09-09T02:04:37Z,20250908,1700,5,140,38,1,5,15,1,1,10417,1,46.5,10.0,42.0,79.0,210.0,333.0,False,False,False,True,SYNTHETIC_DEMO_DATA
2658,INC-00002658,2026-07-28T17:27:40Z,2026-07-28T17:36:40Z,2026-07-28T18:23:40Z,2026-07-28T18:45:40Z,2026-07-29T10:11:40Z,2026-07-29T12:20:40Z,20260728,1725,2,47,25,2,5,9,1,2,9182,1,57.6,9.0,56.0,78.0,1004.0,129.0,False,False,False,True,SYNTHETIC_DEMO_DATA
2659,INC-00002659,2025-09-09T16:06:06Z,2025-09-09T16:24:06Z,2025-09-09T16:41:06Z,2025-09-09T19:23:06Z,2025-09-09T21:46:06Z,,20250909,1605,4,5,30,1,4,1,1,1,1659,1,50.7,18.0,35.0,197.0,340.0,,False,False,False,True,SYNTHETIC_DEMO_DATA
2660,INC-00002660,2026-06-11T23:47:58Z,2026-06-11T23:53:58Z,2026-06-12T00:18:58Z,,,,20260611,2345,7,152,34,3,2,14,0,3,1741,1,64.7,6.0,31.0,,,,False,False,False,False,SYNTHETIC_DEMO_DATA
2661,INC-00002661,2025-11-02T10:38:28Z,2025-11-02T11:25:28Z,2025-11-02T11:33:28Z,2025-11-02T13:45:28Z,2025-11-02T22:32:28Z,2025-11-03T00:15:28Z,20251102,1035,3,137,21,1,5,5,1,1,13838,1,42.3,47.0,55.0,187.0,714.0,103.0,False,False,False,True,SYNTHETIC_DEMO_DATA
2662,INC-00002662,2026-07-13T06:07:57Z,2026-07-13T07:54:57Z,2026-07-13T08:11:57Z,2026-07-13T12:54:57Z,2026-07-13T15:40:57Z,2026-07-13T20:39:57Z,20260713,605,6,176,36,1,5,16,1,1,9767,1,62.1,107.0,124.0,407.0,573.0,299.0,True,False,False,True,SYNTHETIC_DEMO_DATA
2663,INC-00002663,2025-03-15T15:39:26Z,2025-03-15T15:56:26Z,2025-03-15T16:50:26Z,2025-03-15T17:12:26Z,2025-03-16T00:35:26Z,2025-03-16T04:54:26Z,20250315,1535,6,146,9,2,5,10,1,2,10966,1,49.7,17.0,71.0,93.0,536.0,259.0,False,False,False,True,SYNTHETIC_DEMO_DATA
2664,INC-00002664,2025-02-21T15:31:40Z,2025-02-21T15:53:40Z,2025-02-21T16:27:40Z,2025-02-22T00:10:40Z,2025-02-22T10:08:40Z,2025-02-22T10:31:40Z,20250221,1530,1,160,32,2,5,3,2,2,10738,1,56.4,22.0,56.0,519.0,1117.0,23.0,False,False,True,True,SYNTHETIC_DEMO_DATA
2665,INC-00002665,2026-06-04T12:08:54Z,2026-06-04T12:37:54Z,2026-06-04T13:14:54Z,2026-06-04T13:46:54Z,2026-06-04T15:43:54Z,2026-06-05T01:52:54Z,20260604,1205,3,125,40,1,5,13,4,1,9639,1,30.2,29.0,66.0,98.0,215.0,609.0,False,False,False,True,SYNTHETIC_DEMO_DATA
2666,INC-00002666,2025-03-05T09:55:54Z,2025-03-05T10:26:54Z,2025-03-05T10:48:54Z,2025-03-05T12:47:54Z,2025-03-05T21:25:54Z,2025-03-06T09:19:54Z,20250305,955,2,115,3,2,5,7,3,2,1860,1,53.1,31.0,53.0,172.0,690.0,714.0,False,False,True,True,SYNTHETIC_DEMO_DATA
2667,INC-00002667,2025-09-11T22:56:30Z,2025-09-11T23:09:30Z,2025-09-11T23:33:30Z,2025-09-12T01:32:30Z,2025-09-12T03:16:30Z,2025-09-12T03:48:30Z,20250911,2255,5,238,39,2,5,18,1,2,16028,1,50.7,13.0,37.0,156.0,260.0,32.0,False,False,False,True,SYNTHETIC_DEMO_DATA
2668,INC-00002668,2025-09-07T12:18:47Z,2025-09-07T13:06:47Z,2025-09-07T13:16:47Z,2025-09-07T16:38:47Z,2025-09-07T18:35:47Z,2025-09-07T20:47:47Z,20250907,1215,3,215,11,1,5,10,1,1,2457,1,36.6,48.0,58.0,260.0,377.0,132.0,False,False,False,True,SYNTHETIC_DEMO_DATA
2669,INC-00002669,2025-09-10T15:30:08Z,2025-09-10T15:56:08Z,2025-09-10T16:18:08Z,2025-09-10T17:11:08Z,2025-09-10T19:16:08Z,2025-09-11T03:23:08Z,20250910,1530,6,5,15,2,5,4,1,2,17336,1,62.6,26.0,48.0,101.0,226.0,487.0,False,False,False,True,SYNTHETIC_DEMO_DATA
2670,INC-00002670,2026-06-12T22:34:44Z,2026-06-12T22:50:44Z,2026-06-13T00:43:44Z,2026-06-13T03:36:44Z,2026-06-13T06:21:44Z,,20260612,2230,6,8,15,1,4,14,1,1,5625,1,31.6,16.0,129.0,302.0,467.0,,False,False,False,True,SYNTHETIC_DEMO_DATA
2671,INC-00002671,2025-03-20T03:10:37Z,2025-03-20T03:19:37Z,2025-03-20T03:43:37Z,2025-03-20T04:21:37Z,2025-03-20T06:30:37Z,2025-03-20T17:53:37Z,20250320,310,7,122,9,2,5,8,1,2,17386,1,61.1,9.0,33.0,71.0,200.0,683.0,False,False,False,True,SYNTHETIC_DEMO_DATA
2672,INC-00002672,2025-04-03T22:21:03Z,2025-04-03T22:53:03Z,2025-04-03T23:17:03Z,2025-04-04T00:12:03Z,2025-04-04T11:22:03Z,,20250403,2220,6,229,2,1,4,18,3,1,1709,1,33.6,32.0,56.0,111.0,781.0,,False,False,True,True,SYNTHETIC_DEMO_DATA
2673,INC-00002673,2026-04-17T16:50:26Z,2026-04-17T17:25:26Z,2026-04-17T17:34:26Z,2026-04-17T19:11:26Z,2026-04-18T01:24:26Z,2026-04-18T05:01:26Z,20260417,1650,7,222,17,1,5,11,1,1,10883,1,52.5,35.0,44.0,141.0,514.0,217.0,True,False,False,True,SYNTHETIC_DEMO_DATA
2674,INC-00002674,2025-06-02T13:16:51Z,2025-06-02T13:35:51Z,2025-06-02T13:57:51Z,2025-06-02T21:14:51Z,2025-06-03T02:13:51Z,2025-06-03T11:50:51Z,20250602,1315,1,91,23,1,5,4,4,1,17394,1,43.9,19.0,41.0,478.0,777.0,577.0,False,False,False,True,SYNTHETIC_DEMO_DATA
2675,INC-00002675,2025-06-07T11:01:02Z,2025-06-07T12:30:02Z,2025-06-07T12:50:02Z,2025-06-07T17:43:02Z,2025-06-07T23:59:02Z,,20250607,1100,3,162,42,1,4,15,3,1,15047,1,27.2,89.0,109.0,402.0,778.0,,False,False,True,True,SYNTHETIC_DEMO_DATA
2676,INC-00002676,2025-06-09T17:40:10Z,2025-06-09T18:26:10Z,2025-06-09T18:35:10Z,2025-06-09T19:26:10Z,2025-06-10T02:45:10Z,,20250609,1740,1,201,40,2,4,9,1,2,12929,1,56.3,46.0,55.0,106.0,545.0,,False,False,False,True,SYNTHETIC_DEMO_DATA
2677,INC-00002677,2025-06-01T08:14:26Z,2025-06-01T09:53:26Z,2025-06-01T10:13:26Z,2025-06-01T10:46:26Z,2025-06-01T16:57:26Z,2025-06-02T04:14:26Z,20250601,810,1,65,45,1,5,1,1,1,3332,1,41.1,99.0,119.0,152.0,523.0,677.0,False,False,False,True,SYNTHETIC_DEMO_DATA
2678,INC-00002678,2025-05-06T12:01:51Z,2025-05-06T12:42:51Z,2025-05-06T12:55:51Z,2025-05-06T14:15:51Z,2025-05-06T19:51:51Z,2025-05-06T20:45:51Z,20250506,1200,3,160,32,1,5,12,2,1,1634,1,40.7,41.0,54.0,134.0,470.0,54.0,False,False,True,True,SYNTHETIC_DEMO_DATA
2679,INC-00002679,2025-08-29T10:30:41Z,2025-08-29T11:08:41Z,2025-08-29T11:26:41Z,2025-08-29T15:26:41Z,2025-08-29T21:11:41Z,,20250829,1030,7,128,10,1,4,5,1,1,3349,1,33.7,38.0,56.0,296.0,641.0,,False,False,False,True,SYNTHETIC_DEMO_DATA
2680,INC-00002680,2025-03-17T17:55:34Z,2025-03-17T18:03:34Z,2025-03-17T18:24:34Z,2025-03-17T19:11:34Z,2025-03-17T20:41:34Z,2025-03-18T05:06:34Z,20250317,1755,2,236,8,1,5,16,3,1,4392,1,36.1,8.0,29.0,76.0,166.0,505.0,False,False,True,True,SYNTHETIC_DEMO_DATA
2681,INC-00002681,2025-03-06T16:43:30Z,2025-03-06T17:00:30Z,2025-03-06T17:12:30Z,2025-03-06T17:36:30Z,2025-03-06T18:52:30Z,,20250306,1640,7,81,7,1,4,9,1,1,515,1,27.6,17.0,29.0,53.0,129.0,,False,False,False,True,SYNTHETIC_DEMO_DATA
2682,INC-00002682,2026-06-10T07:20:05Z,2026-06-10T07:26:05Z,2026-06-10T07:31:05Z,2026-06-10T07:50:05Z,2026-06-10T10:11:05Z,2026-06-10T19:35:05Z,20260610,720,6,65,10,4,5,5,1,4,1344,1,96.7,6.0,11.0,30.0,171.0,564.0,True,False,False,True,SYNTHETIC_DEMO_DATA
2683,INC-00002683,2025-03-23T06:58:15Z,2025-03-23T07:14:15Z,2025-03-23T07:30:15Z,2025-03-23T08:42:15Z,2025-03-23T11:32:15Z,2025-03-23T11:58:15Z,20250323,655,7,78,35,1,5,13,2,1,7401,1,47.3,16.0,32.0,104.0,274.0,26.0,False,False,True,True,SYNTHETIC_DEMO_DATA
2684,INC-00002684,2025-06-23T15:35:15Z,2025-06-23T16:08:15Z,2025-06-23T16:23:15Z,2025-06-23T20:11:15Z,2025-06-24T01:51:15Z,2025-06-24T04:02:15Z,20250623,1535,5,30,34,3,5,8,1,3,16715,1,76.5,33.0,48.0,276.0,616.0,131.0,True,False,False,True,SYNTHETIC_DEMO_DATA
2685,INC-00002685,2025-10-03T10:52:42Z,2025-10-03T11:00:42Z,2025-10-03T11:16:42Z,2025-10-03T11:45:42Z,2025-10-03T17:33:42Z,2025-10-03T17:44:42Z,20251003,1050,2,174,23,2,5,18,1,2,15524,1,56.2,8.0,24.0,53.0,401.0,11.0,False,False,False,True,SYNTHETIC_DEMO_DATA
2686,INC-00002686,2025-07-23T00:42:02Z,2025-07-23T01:02:02Z,2025-07-23T01:29:02Z,2025-07-23T02:18:02Z,2025-07-23T09:04:02Z,2025-07-23T10:48:02Z,20250723,40,4,21,33,3,5,12,2,3,5858,1,69.8,20.0,47.0,96.0,502.0,104.0,False,False,True,True,SYNTHETIC_DEMO_DATA
2687,INC-00002687,2025-02-04T14:57:19Z,2025-02-04T15:42:19Z,2025-02-04T16:01:19Z,2025-02-04T16:51:19Z,2025-02-04T17:07:19Z,2025-02-05T04:38:19Z,20250204,1455,1,179,21,3,5,5,1,3,15408,1,63.3,45.0,64.0,114.0,130.0,691.0,False,False,False,True,SYNTHETIC_DEMO_DATA
2688,INC-00002688,2025-11-13T12:33:52Z,2025-11-13T13:19:52Z,2025-11-13T13:26:52Z,2025-11-13T15:03:52Z,2025-11-13T16:26:52Z,2025-11-13T22:40:52Z,20251113,1230,5,216,29,1,5,14,3,1,13940,1,27.5,46.0,53.0,150.0,233.0,374.0,False,False,True,True,SYNTHETIC_DEMO_DATA
2689,INC-00002689,2026-07-30T16:31:44Z,2026-07-30T16:43:44Z,2026-07-30T16:50:44Z,2026-07-30T17:59:44Z,2026-07-30T18:41:44Z,,20260730,1630,3,239,33,2,4,8,1,2,4793,1,63.5,12.0,19.0,88.0,130.0,,False,False,False,True,SYNTHETIC_DEMO_DATA
2690,INC-00002690,2025-04-10T19:15:57Z,2025-04-10T20:01:57Z,2025-04-10T20:15:57Z,2025-04-10T21:46:57Z,2025-04-11T05:17:57Z,2025-04-11T14:18:57Z,20250410,1915,7,31,27,1,5,18,1,1,417,1,28.3,46.0,60.0,151.0,602.0,541.0,False,False,False,True,SYNTHETIC_DEMO_DATA
2691,INC-00002691,2026-06-18T09:57:08Z,2026-06-18T10:30:08Z,2026-06-18T10:36:08Z,2026-06-18T11:22:08Z,,,20260618,955,7,196,44,1,3,11,0,1,16079,1,38.8,33.0,39.0,85.0,,,False,False,False,False,SYNTHETIC_DEMO_DATA
2692,INC-00002692,2025-11-06T11:49:00Z,2025-11-06T12:25:00Z,2025-11-06T12:39:00Z,2025-11-06T14:36:00Z,2025-11-06T22:29:00Z,2025-11-07T08:38:00Z,20251106,1145,6,197,8,1,5,4,1,1,17638,1,27.3,36.0,50.0,167.0,640.0,609.0,False,False,False,True,SYNTHETIC_DEMO_DATA
2693,INC-00002693,2025-10-13T15:53:42Z,2025-10-13T16:00:42Z,2025-10-13T16:48:42Z,2025-10-13T17:12:42Z,2025-10-13T19:09:42Z,2025-10-14T06:43:42Z,20251013,1550,4,163,15,3,5,17,2,3,3288,1,72.5,7.0,55.0,79.0,196.0,694.0,False,False,True,True,SYNTHETIC_DEMO_DATA
2694,INC-00002694,2025-03-13T16:06:45Z,2025-03-13T16:37:45Z,2025-03-13T17:25:45Z,,,,20250313,1605,3,236,19,2,2,9,0,2,10151,1,49.9,31.0,79.0,,,,False,False,False,False,SYNTHETIC_DEMO_DATA
2695,INC-00002695,2025-12-05T06:26:06Z,2025-12-05T06:31:06Z,2025-12-05T06:40:06Z,2025-12-05T06:54:06Z,2025-12-05T13:09:06Z,2025-12-05T19:45:06Z,20251205,625,3,203,44,2,5,2,1,2,4040,1,77.3,5.0,14.0,28.0,403.0,396.0,True,False,False,True,SYNTHETIC_DEMO_DATA
2696,INC-00002696,2025-12-09T10:30:00Z,2025-12-09T10:34:00Z,2025-12-09T10:51:00Z,2025-12-09T11:50:00Z,2025-12-09T16:58:00Z,,20251209,1030,5,3,3,3,4,14,1,3,8464,1,63.3,4.0,21.0,80.0,388.0,,False,False,False,True,SYNTHETIC_DEMO_DATA
2697,INC-00002697,2026-02-05T13:29:28Z,2026-02-05T13:47:28Z,2026-02-05T13:58:28Z,2026-02-05T15:06:28Z,2026-02-05T16:38:28Z,2026-02-05T20:51:28Z,20260205,1325,3,110,13,3,5,7,3,3,3974,1,66.2,18.0,29.0,97.0,189.0,253.0,False,False,True,True,SYNTHETIC_DEMO_DATA
2698,INC-00002698,2026-05-11T17:28:44Z,2026-05-11T17:35:44Z,2026-05-11T17:42:44Z,2026-05-11T19:47:44Z,2026-05-11T22:45:44Z,2026-05-12T06:26:44Z,20260511,1725,3,129,14,1,5,16,1,1,16749,1,34.6,7.0,14.0,139.0,317.0,461.0,False,False,False,True,SYNTHETIC_DEMO_DATA
2699,INC-00002699,2026-01-28T00:38:38Z,2026-01-28T00:56:38Z,2026-01-28T01:11:38Z,2026-01-28T01:23:38Z,2026-01-28T02:25:38Z,2026-01-28T11:33:38Z,20260128,35,1,105,7,3,5,11,1,3,2039,1,72.8,18.0,33.0,45.0,107.0,548.0,False,False,False,True,SYNTHETIC_DEMO_DATA
2700,INC-00002700,2025-06-25T19:44:12Z,2025-06-25T20:05:12Z,2025-06-25T20:16:12Z,2025-06-25T22:35:12Z,2025-06-26T00:17:12Z,2025-06-26T06:01:12Z,20250625,1940,3,65,2,2,5,3,1,2,292,1,56.5,21.0,32.0,171.0,273.0,344.0,False,False,False,True,SYNTHETIC_DEMO_DATA
2701,INC-00002701,2025-10-18T08:09:53Z,2025-10-18T08:25:53Z,2025-10-18T08:42:53Z,2025-10-18T10:12:53Z,2025-10-18T16:21:53Z,,20251018,805,6,232,39,2,4,14,1,2,17076,1,51.8,16.0,33.0,123.0,492.0,,False,False,False,True,SYNTHETIC_DEMO_DATA
2702,INC-00002702,2026-02-06T18:38:36Z,2026-02-06T20:15:36Z,2026-02-06T20:34:36Z,2026-02-06T21:15:36Z,2026-02-07T00:04:36Z,2026-02-07T05:36:36Z,20260206,1835,2,117,4,3,5,8,1,3,12688,1,59.8,97.0,116.0,157.0,326.0,332.0,False,False,False,False,SYNTHETIC_DEMO_DATA
2703,INC-00002703,2025-02-28T15:31:30Z,2025-02-28T15:39:30Z,2025-02-28T15:57:30Z,2025-02-28T17:22:30Z,2025-03-01T10:07:30Z,2025-03-01T19:06:30Z,20250228,1530,6,161,32,1,5,17,4,1,11409,1,35.1,8.0,26.0,111.0,1116.0,539.0,False,True,False,True,SYNTHETIC_DEMO_DATA
2704,INC-00002704,2025-07-21T18:12:04Z,2025-07-21T18:19:04Z,2025-07-21T18:59:04Z,,,,20250721,1810,5,65,2,1,2,10,0,1,13777,1,40.8,7.0,47.0,,,,False,False,False,False,SYNTHETIC_DEMO_DATA
2705,INC-00002705,2025-03-31T15:02:02Z,2025-03-31T15:14:02Z,2025-03-31T15:23:02Z,2025-03-31T15:54:02Z,2025-03-31T18:16:02Z,2025-04-01T04:44:02Z,20250331,1500,4,159,36,2,5,4,3,2,4464,1,57.2,12.0,21.0,52.0,194.0,628.0,False,False,True,True,SYNTHETIC_DEMO_DATA
2706,INC-00002706,2025-11-28T16:11:45Z,2025-11-28T16:23:45Z,2025-11-28T16:43:45Z,2025-11-28T18:28:45Z,2025-11-28T20:31:45Z,2025-11-29T03:08:45Z,20251128,1610,1,182,8,2,5,15,1,2,1422,1,67.9,12.0,32.0,137.0,260.0,397.0,True,False,False,True,SYNTHETIC_DEMO_DATA
2707,INC-00002707,2025-07-11T11:10:57Z,2025-07-11T12:12:57Z,2025-07-11T12:23:57Z,,,,20250711,1110,7,17,22,3,2,9,0,3,4875,1,57.9,62.0,73.0,,,,False,False,False,False,SYNTHETIC_DEMO_DATA
2708,INC-00002708,2026-07-11T14:50:43Z,2026-07-11T15:55:43Z,2026-07-11T16:04:43Z,2026-07-11T16:28:43Z,,,20260711,1450,1,73,21,1,3,18,0,1,15655,1,43.8,65.0,74.0,98.0,,,False,False,False,False,SYNTHETIC_DEMO_DATA
2709,INC-00002709,2025-03-06T12:01:26Z,2025-03-06T12:23:26Z,2025-03-06T12:40:26Z,2025-03-06T15:03:26Z,2025-03-06T18:54:26Z,2025-03-06T23:02:26Z,20250306,1200,2,19,42,1,5,11,1,1,3100,1,39.9,22.0,39.0,182.0,413.0,248.0,False,False,False,True,SYNTHETIC_DEMO_DATA
2710,INC-00002710,2025-06-14T17:32:01Z,2025-06-14T17:52:01Z,2025-06-14T18:01:01Z,2025-06-14T19:44:01Z,2025-06-14T23:15:01Z,2025-06-15T07:24:01Z,20250614,1730,1,229,40,2,5,5,4,2,4718,1,42.0,20.0,29.0,132.0,343.0,489.0,False,False,False,True,SYNTHETIC_DEMO_DATA
2711,INC-00002711,2025-06-28T17:56:25Z,2025-06-28T17:59:25Z,2025-06-28T18:25:25Z,2025-06-28T18:39:25Z,2025-06-28T20:47:25Z,,20250628,1755,6,158,43,3,4,17,1,3,6521,1,78.0,3.0,29.0,43.0,171.0,,False,False,False,True,SYNTHETIC_DEMO_DATA
2712,INC-00002712,2025-09-05T19:03:28Z,2025-09-05T19:14:28Z,2025-09-05T19:21:28Z,2025-09-05T20:28:28Z,2025-09-05T23:38:28Z,2025-09-06T04:13:28Z,20250905,1900,7,139,4,1,5,8,1,1,14308,1,36.0,11.0,18.0,85.0,275.0,275.0,False,False,False,True,SYNTHETIC_DEMO_DATA
2713,INC-00002713,2025-07-20T23:38:08Z,2025-07-21T00:19:08Z,2025-07-21T00:41:08Z,2025-07-21T01:21:08Z,2025-07-21T02:25:08Z,2025-07-21T11:04:08Z,20250720,2335,1,124,35,2,5,2,1,2,17098,1,54.2,41.0,63.0,103.0,167.0,519.0,False,False,False,True,SYNTHETIC_DEMO_DATA
2714,INC-00002714,2026-05-21T11:30:00Z,2026-05-21T11:42:00Z,2026-05-21T12:07:00Z,2026-05-21T12:54:00Z,2026-05-21T14:12:00Z,2026-05-21T17:04:00Z,20260521,1130,2,152,23,2,5,13,1,2,5437,1,49.2,12.0,37.0,84.0,162.0,172.0,False,False,False,True,SYNTHETIC_DEMO_DATA
2715,INC-00002715,2026-03-19T07:19:31Z,2026-03-19T07:36:31Z,2026-03-19T07:52:31Z,2026-03-19T08:21:31Z,2026-03-19T11:26:31Z,2026-03-19T21:18:31Z,20260319,715,3,240,19,4,5,8,1,4,604,1,100,17.0,33.0,62.0,247.0,592.0,True,False,False,True,SYNTHETIC_DEMO_DATA
2716,INC-00002716,2026-02-13T09:39:03Z,2026-02-13T09:40:03Z,2026-02-13T09:54:03Z,2026-02-13T11:20:03Z,2026-02-13T20:24:03Z,2026-02-14T05:37:03Z,20260213,935,7,80,42,2,5,17,2,2,1463,1,51.6,1.0,15.0,101.0,645.0,553.0,False,False,True,True,SYNTHETIC_DEMO_DATA
2717,INC-00002717,2025-07-09T12:13:46Z,2025-07-09T12:27:46Z,2025-07-09T12:41:46Z,2025-07-09T13:53:46Z,2025-07-09T18:25:46Z,2025-07-09T23:22:46Z,20250709,1210,7,223,24,2,5,10,1,2,1579,1,66.8,14.0,28.0,100.0,372.0,297.0,True,False,False,True,SYNTHETIC_DEMO_DATA
2718,INC-00002718,2025-03-08T06:46:14Z,2025-03-08T06:48:14Z,2025-03-08T07:40:14Z,2025-03-08T09:42:14Z,2025-03-08T12:12:14Z,2025-03-08T15:19:14Z,20250308,645,5,227,7,2,5,3,1,2,11129,1,52.8,2.0,54.0,176.0,326.0,187.0,False,False,False,True,SYNTHETIC_DEMO_DATA
2719,INC-00002719,2025-03-20T04:56:47Z,2025-03-20T05:44:47Z,2025-03-20T06:11:47Z,2025-03-20T12:06:47Z,2025-03-20T13:41:47Z,2025-03-20T19:20:47Z,20250320,455,4,78,28,1,5,13,1,1,17435,1,43.6,48.0,75.0,430.0,525.0,339.0,False,False,False,True,SYNTHETIC_DEMO_DATA
2720,INC-00002720,2025-06-19T17:35:48Z,2025-06-19T17:47:48Z,2025-06-19T17:58:48Z,2025-06-19T18:29:48Z,2025-06-19T19:51:48Z,2025-06-20T03:31:48Z,20250619,1735,7,208,28,4,5,9,3,4,15237,1,100,12.0,23.0,54.0,136.0,460.0,True,False,True,True,SYNTHETIC_DEMO_DATA
2721,INC-00002721,2026-04-01T14:16:14Z,2026-04-01T14:28:14Z,2026-04-01T14:30:14Z,2026-04-01T15:25:14Z,2026-04-01T17:40:14Z,2026-04-01T19:47:14Z,20260401,1415,6,151,37,3,5,1,1,3,13719,1,64.2,12.0,14.0,69.0,204.0,127.0,False,False,False,True,SYNTHETIC_DEMO_DATA
2722,INC-00002722,2026-04-22T14:47:10Z,2026-04-22T15:40:10Z,2026-04-22T16:04:10Z,2026-04-22T16:54:10Z,2026-04-22T21:34:10Z,2026-04-23T02:17:10Z,20260422,1445,7,210,10,1,5,10,1,1,17490,1,42.6,53.0,77.0,127.0,407.0,283.0,False,False,False,True,SYNTHETIC_DEMO_DATA
2723,INC-00002723,2025-08-17T17:34:54Z,2025-08-17T18:38:54Z,2025-08-17T18:50:54Z,2025-08-17T20:04:54Z,2025-08-18T09:33:54Z,2025-08-18T17:35:54Z,20250817,1730,3,139,39,2,5,4,1,2,8368,1,42.5,64.0,76.0,150.0,959.0,482.0,False,False,False,True,SYNTHETIC_DEMO_DATA
2724,INC-00002724,2025-02-24T18:01:10Z,2025-02-24T18:21:10Z,2025-02-24T18:39:10Z,2025-02-24T19:19:10Z,2025-02-24T20:58:10Z,2025-02-24T23:58:10Z,20250224,1800,2,130,39,2,5,15,2,2,16391,1,42.7,20.0,38.0,78.0,177.0,180.0,False,False,True,True,SYNTHETIC_DEMO_DATA
2725,INC-00002725,2026-03-13T19:46:41Z,2026-03-13T20:16:41Z,2026-03-13T20:24:41Z,2026-03-13T21:19:41Z,2026-03-13T23:27:41Z,,20260313,1945,5,214,28,3,4,9,1,3,1773,1,72.7,30.0,38.0,93.0,221.0,,False,False,False,True,SYNTHETIC_DEMO_DATA
2726,INC-00002726,2026-02-24T12:24:28Z,2026-02-24T13:22:28Z,2026-02-24T13:42:28Z,2026-02-24T14:42:28Z,2026-02-24T16:21:28Z,,20260224,1220,5,44,11,3,4,2,3,3,14178,1,58.0,58.0,78.0,138.0,237.0,,False,False,True,True,SYNTHETIC_DEMO_DATA
2727,INC-00002727,2025-08-19T14:28:21Z,2025-08-19T15:05:21Z,2025-08-19T15:33:21Z,2025-08-19T18:00:21Z,2025-08-19T21:06:21Z,2025-08-20T08:05:21Z,20250819,1425,1,166,3,2,5,12,1,2,6440,1,49.0,37.0,65.0,212.0,398.0,659.0,False,False,False,True,SYNTHETIC_DEMO_DATA
2728,INC-00002728,2026-06-04T12:08:45Z,2026-06-04T12:39:45Z,2026-06-04T13:01:45Z,2026-06-04T13:28:45Z,2026-06-04T20:49:45Z,2026-06-04T23:40:45Z,20260604,1205,7,28,15,2,5,5,4,2,964,1,75.2,31.0,53.0,80.0,521.0,171.0,True,False,False,True,SYNTHETIC_DEMO_DATA
2729,INC-00002729,2025-08-15T11:54:45Z,2025-08-15T12:38:45Z,2025-08-15T12:52:45Z,2025-08-15T13:42:45Z,2025-08-15T19:21:45Z,2025-08-15T23:56:45Z,20250815,1150,3,65,6,3,5,17,1,3,17613,1,63.8,44.0,58.0,108.0,447.0,275.0,False,False,False,True,SYNTHETIC_DEMO_DATA
2730,INC-00002730,2025-05-05T10:18:40Z,2025-05-05T10:40:40Z,2025-05-05T11:00:40Z,2025-05-05T11:11:40Z,2025-05-05T13:36:40Z,2025-05-05T23:30:40Z,20250505,1015,1,181,27,3,5,10,3,3,12442,1,71.4,22.0,42.0,53.0,198.0,594.0,False,False,True,True,SYNTHETIC_DEMO_DATA
2731,INC-00002731,2026-06-27T16:31:40Z,2026-06-27T16:39:40Z,2026-06-27T17:21:40Z,2026-06-27T19:25:40Z,2026-06-28T00:30:40Z,2026-06-28T09:04:40Z,20260627,1630,6,25,15,3,5,3,1,3,1449,1,69.2,8.0,50.0,174.0,479.0,514.0,False,False,False,True,SYNTHETIC_DEMO_DATA
2732,INC-00002732,2025-09-23T20:54:43Z,2025-09-23T21:09:43Z,2025-09-23T21:30:43Z,2025-09-23T22:26:43Z,2025-09-23T23:59:43Z,2025-09-24T03:37:43Z,20250923,2050,7,207,30,5,5,16,2,5,15745,1,95.5,15.0,36.0,92.0,185.0,218.0,True,False,True,False,SYNTHETIC_DEMO_DATA
2733,INC-00002733,2025-03-29T11:51:50Z,2025-03-29T12:33:50Z,2025-03-29T12:56:50Z,2025-03-29T14:47:50Z,2025-03-30T04:34:50Z,2025-03-30T04:50:50Z,20250329,1150,6,63,11,1,5,5,1,1,1526,1,23.8,42.0,65.0,176.0,1003.0,16.0,False,False,False,True,SYNTHETIC_DEMO_DATA
2734,INC-00002734,2025-06-04T09:21:58Z,2025-06-04T09:31:58Z,2025-06-04T09:48:58Z,2025-06-04T10:27:58Z,2025-06-04T11:52:58Z,2025-06-04T13:41:58Z,20250604,920,5,196,4,3,5,18,1,3,12164,1,69.8,10.0,27.0,66.0,151.0,109.0,False,False,False,True,SYNTHETIC_DEMO_DATA
2735,INC-00002735,2025-03-18T11:16:00Z,2025-03-18T11:23:00Z,2025-03-18T12:00:00Z,2025-03-18T12:54:00Z,2025-03-18T16:16:00Z,2025-03-18T18:36:00Z,20250318,1115,4,51,5,3,5,11,1,3,5478,1,75.6,7.0,44.0,98.0,300.0,140.0,False,False,False,True,SYNTHETIC_DEMO_DATA
2736,INC-00002736,2026-04-17T13:48:05Z,2026-04-17T17:14:05Z,2026-04-17T17:33:05Z,2026-04-17T19:38:05Z,2026-04-17T22:25:05Z,2026-04-18T01:38:05Z,20260417,1345,2,163,28,1,5,2,1,1,4459,1,43.6,206.0,225.0,350.0,517.0,193.0,False,False,False,True,SYNTHETIC_DEMO_DATA
2737,INC-00002737,2025-10-08T19:14:07Z,2025-10-08T19:34:07Z,2025-10-08T20:00:07Z,2025-10-08T20:38:07Z,2025-10-08T23:36:07Z,2025-10-09T09:28:07Z,20251008,1910,3,73,40,2,5,14,1,2,11893,1,54.1,20.0,46.0,84.0,262.0,592.0,False,False,False,True,SYNTHETIC_DEMO_DATA
2738,INC-00002738,2025-10-08T08:23:43Z,,,,,,20251008,820,6,15,34,1,1,6,0,1,258,1,46.0,,,,,,False,False,False,False,SYNTHETIC_DEMO_DATA
2739,INC-00002739,2026-02-04T06:04:31Z,2026-02-04T06:30:31Z,2026-02-04T06:32:31Z,2026-02-04T07:20:31Z,2026-02-04T08:58:31Z,2026-02-04T19:28:31Z,20260204,600,2,196,42,1,5,17,1,1,4581,1,47.2,26.0,28.0,76.0,174.0,630.0,True,False,False,True,SYNTHETIC_DEMO_DATA
2740,INC-00002740,2025-11-12T10:26:41Z,2025-11-12T10:34:41Z,2025-11-12T11:36:41Z,2025-11-12T11:52:41Z,2025-11-12T15:34:41Z,2025-11-12T21:10:41Z,20251112,1025,2,66,9,1,5,10,1,1,4409,1,39.5,8.0,70.0,86.0,308.0,336.0,False,False,False,True,SYNTHETIC_DEMO_DATA
2741,INC-00002741,2026-01-26T17:15:36Z,2026-01-26T17:20:36Z,2026-01-26T17:42:36Z,2026-01-26T18:37:36Z,2026-01-26T19:46:36Z,2026-01-27T04:16:36Z,20260126,1715,3,7,17,4,5,6,4,4,17824,1,98.6,5.0,27.0,82.0,151.0,510.0,True,False,False,True,SYNTHETIC_DEMO_DATA
2742,INC-00002742,2026-06-20T14:33:34Z,2026-06-20T14:46:34Z,2026-06-20T14:52:34Z,2026-06-20T16:34:34Z,2026-06-20T18:39:34Z,2026-06-21T01:08:34Z,20260620,1430,6,68,29,1,5,14,3,1,12832,1,49.5,13.0,19.0,121.0,246.0,389.0,False,False,True,True,SYNTHETIC_DEMO_DATA
2743,INC-00002743,2026-07-27T17:08:15Z,2026-07-27T17:20:15Z,2026-07-27T18:07:15Z,,,,20260727,1705,5,75,18,2,2,8,0,2,13378,1,48.6,12.0,59.0,,,,False,False,False,False,SYNTHETIC_DEMO_DATA
2744,INC-00002744,2026-02-04T15:49:41Z,2026-02-04T16:08:41Z,2026-02-04T16:52:41Z,2026-02-04T17:54:41Z,2026-02-04T18:33:41Z,2026-02-04T21:34:41Z,20260204,1545,1,198,5,2,5,1,1,2,13821,1,44.2,19.0,63.0,125.0,164.0,181.0,False,False,False,True,SYNTHETIC_DEMO_DATA
2745,INC-00002745,2025-06-12T16:22:57Z,2025-06-12T16:28:57Z,2025-06-12T16:53:57Z,2025-06-12T18:10:57Z,2025-06-12T20:34:57Z,,20250612,1620,4,188,17,1,4,11,1,1,707,1,35.2,6.0,31.0,108.0,252.0,,False,False,False,True,SYNTHETIC_DEMO_DATA
2746,INC-00002746,2026-02-05T19:43:29Z,2026-02-05T19:51:29Z,2026-02-05T20:05:29Z,2026-02-05T23:03:29Z,2026-02-06T00:59:29Z,2026-02-06T05:53:29Z,20260205,1940,6,17,30,1,5,4,1,1,8599,1,30.7,8.0,22.0,200.0,316.0,294.0,False,False,False,True,SYNTHETIC_DEMO_DATA
2747,INC-00002747,2025-12-26T08:54:54Z,2025-12-26T10:38:54Z,2025-12-26T10:43:54Z,2025-12-26T11:14:54Z,,,20251226,850,1,86,23,2,3,16,0,2,720,1,69.4,104.0,109.0,140.0,,,False,False,False,False,SYNTHETIC_DEMO_DATA
2748,INC-00002748,2025-07-11T03:51:47Z,,,,,,20250711,350,5,10,15,1,1,8,0,1,1191,1,46.3,,,,,,False,False,False,False,SYNTHETIC_DEMO_DATA
2749,INC-00002749,2025-06-24T12:32:56Z,2025-06-24T12:39:56Z,2025-06-24T13:06:56Z,2025-06-24T15:15:56Z,,,20250624,1230,1,180,14,1,3,1,0,1,1674,1,27.7,7.0,34.0,163.0,,,False,False,False,False,SYNTHETIC_DEMO_DATA
2750,INC-00002750,2025-08-09T14:52:42Z,2025-08-09T15:38:42Z,2025-08-09T15:41:42Z,2025-08-09T16:49:42Z,2025-08-09T18:14:42Z,2025-08-10T03:22:42Z,20250809,1450,7,22,11,2,5,13,2,2,200,1,55.4,46.0,49.0,117.0,202.0,548.0,True,False,True,True,SYNTHETIC_DEMO_DATA
2751,INC-00002751,2026-07-04T21:59:33Z,2026-07-04T22:07:33Z,2026-07-04T22:29:33Z,2026-07-04T23:49:33Z,2026-07-05T01:27:33Z,2026-07-05T03:39:33Z,20260704,2155,6,51,28,3,5,7,1,3,9421,1,70.2,8.0,30.0,110.0,208.0,132.0,False,False,False,True,SYNTHETIC_DEMO_DATA
2752,INC-00002752,2026-07-19T15:49:36Z,2026-07-19T16:09:36Z,2026-07-19T16:46:36Z,2026-07-19T21:39:36Z,2026-07-20T06:52:36Z,2026-07-20T07:57:36Z,20260719,1545,7,160,14,3,5,18,1,3,10553,1,65.1,20.0,57.0,350.0,903.0,65.0,False,False,False,True,SYNTHETIC_DEMO_DATA
2753,INC-00002753,2025-10-01T16:52:27Z,2025-10-01T17:01:27Z,2025-10-01T18:07:27Z,2025-10-01T18:46:27Z,2025-10-01T20:12:27Z,2025-10-01T20:48:27Z,20251001,1650,5,236,36,4,5,12,2,4,2232,1,96.1,9.0,75.0,114.0,200.0,36.0,True,False,True,True,SYNTHETIC_DEMO_DATA
2754,INC-00002754,2025-06-18T10:08:40Z,2025-06-18T10:35:40Z,2025-06-18T10:42:40Z,2025-06-18T11:05:40Z,2025-06-18T15:04:40Z,2025-06-18T22:59:40Z,20250618,1005,1,150,12,1,5,2,4,1,5800,1,46.0,27.0,34.0,57.0,296.0,475.0,False,False,False,True,SYNTHETIC_DEMO_DATA
2755,INC-00002755,2026-06-15T20:33:54Z,2026-06-15T21:04:54Z,2026-06-15T21:31:54Z,2026-06-15T23:08:54Z,2026-06-16T00:46:54Z,2026-06-16T01:30:54Z,20260615,2030,7,56,20,2,5,14,1,2,5674,1,48.0,31.0,58.0,155.0,253.0,44.0,False,False,False,True,SYNTHETIC_DEMO_DATA
2756,INC-00002756,2026-05-26T10:34:18Z,2026-05-26T10:48:18Z,2026-05-26T11:02:18Z,2026-05-26T11:59:18Z,2026-05-26T13:15:18Z,2026-05-26T16:22:18Z,20260526,1030,3,132,42,1,5,6,1,1,9181,1,41.9,14.0,28.0,85.0,161.0,187.0,False,True,False,True,SYNTHETIC_DEMO_DATA
2757,INC-00002757,2026-03-11T13:43:40Z,2026-03-11T13:51:40Z,2026-03-11T14:03:40Z,2026-03-11T14:18:40Z,2026-03-11T15:54:40Z,2026-03-11T16:22:40Z,20260311,1340,1,128,36,3,5,1,2,3,12066,1,67.1,8.0,20.0,35.0,131.0,28.0,False,False,True,True,SYNTHETIC_DEMO_DATA
2758,INC-00002758,2025-09-26T04:50:17Z,2025-09-26T05:03:17Z,2025-09-26T05:31:17Z,2025-09-26T06:46:17Z,,,20250926,450,5,42,27,1,3,10,0,1,3316,1,46.4,13.0,41.0,116.0,,,False,False,False,False,SYNTHETIC_DEMO_DATA
2759,INC-00002759,2026-01-07T16:24:41Z,2026-01-07T16:36:41Z,2026-01-07T17:20:41Z,2026-01-07T18:58:41Z,2026-01-07T21:34:41Z,,20260107,1620,2,3,15,1,4,3,3,1,2763,1,40.2,12.0,56.0,154.0,310.0,,False,False,True,True,SYNTHETIC_DEMO_DATA
2760,INC-00002760,2025-08-18T22:26:51Z,2025-08-18T22:34:51Z,2025-08-18T23:11:51Z,2025-08-18T23:53:51Z,2025-08-19T01:16:51Z,2025-08-19T03:46:51Z,20250818,2225,7,52,17,3,5,16,2,3,615,1,63.5,8.0,45.0,87.0,170.0,150.0,False,False,True,True,SYNTHETIC_DEMO_DATA
2761,INC-00002761,2026-05-01T17:24:27Z,2026-05-01T17:59:27Z,2026-05-01T18:22:27Z,2026-05-01T18:59:27Z,2026-05-02T05:28:27Z,,20260501,1720,3,197,39,1,4,7,3,1,8052,1,40.6,35.0,58.0,95.0,724.0,,True,False,True,True,SYNTHETIC_DEMO_DATA
2762,INC-00002762,2025-06-08T01:13:00Z,2025-06-08T01:22:00Z,2025-06-08T01:34:00Z,2025-06-08T02:15:00Z,2025-06-08T05:08:00Z,2025-06-08T12:05:00Z,20250608,110,5,96,37,1,5,18,3,1,11060,1,44.9,9.0,21.0,62.0,235.0,417.0,False,False,True,True,SYNTHETIC_DEMO_DATA
2763,INC-00002763,2025-07-24T14:14:08Z,2025-07-24T15:39:08Z,2025-07-24T15:57:08Z,2025-07-24T16:20:08Z,2025-07-24T20:13:08Z,2025-07-24T23:55:08Z,20250724,1410,7,169,44,1,5,11,1,1,14303,1,40.9,85.0,103.0,126.0,359.0,222.0,False,False,False,True,SYNTHETIC_DEMO_DATA
2764,INC-00002764,2025-02-24T14:49:00Z,2025-02-24T15:31:00Z,2025-02-24T16:07:00Z,2025-02-24T16:40:00Z,2025-02-24T17:20:00Z,2025-02-24T17:48:00Z,20250224,1445,1,127,41,1,5,4,1,1,8200,1,41.1,42.0,78.0,111.0,151.0,28.0,False,False,False,True,SYNTHETIC_DEMO_DATA
2765,INC-00002765,2026-01-17T08:35:01Z,2026-01-17T08:53:01Z,2026-01-17T09:35:01Z,2026-01-17T11:38:01Z,2026-01-17T12:11:01Z,2026-01-17T14:55:01Z,20260117,835,2,111,28,1,5,15,3,1,13536,1,36.7,18.0,60.0,183.0,216.0,164.0,False,False,True,True,SYNTHETIC_DEMO_DATA
2766,INC-00002766,2026-04-23T17:13:22Z,2026-04-23T18:00:22Z,2026-04-23T18:05:22Z,2026-04-23T18:54:22Z,2026-04-23T21:23:22Z,2026-04-24T08:59:22Z,20260423,1710,3,193,35,1,5,8,3,1,6863,1,31.6,47.0,52.0,101.0,250.0,696.0,False,False,True,True,SYNTHETIC_DEMO_DATA
2767,INC-00002767,2025-05-27T11:59:26Z,2025-05-27T12:17:26Z,2025-05-27T12:29:26Z,2025-05-27T13:14:26Z,2025-05-27T20:33:26Z,2025-05-27T23:50:26Z,20250527,1155,4,93,19,3,5,3,4,3,3155,1,64.2,18.0,30.0,75.0,514.0,197.0,False,False,False,True,SYNTHETIC_DEMO_DATA
2768,INC-00002768,2025-08-01T13:51:10Z,2025-08-01T14:25:10Z,2025-08-01T14:37:10Z,2025-08-01T15:34:10Z,2025-08-01T18:01:10Z,2025-08-01T21:19:10Z,20250801,1350,3,75,14,2,5,13,1,2,17303,1,57.1,34.0,46.0,103.0,250.0,198.0,False,False,False,True,SYNTHETIC_DEMO_DATA
2769,INC-00002769,2025-10-11T14:43:52Z,2025-10-11T14:58:52Z,2025-10-11T15:30:52Z,2025-10-11T16:35:52Z,2025-10-11T17:55:52Z,,20251011,1440,7,157,23,1,4,5,3,1,10299,1,28.7,15.0,47.0,112.0,192.0,,False,False,True,True,SYNTHETIC_DEMO_DATA
2770,INC-00002770,2025-05-15T16:50:49Z,2025-05-15T17:22:49Z,2025-05-15T17:33:49Z,2025-05-15T18:21:49Z,2025-05-15T23:05:49Z,2025-05-15T23:35:49Z,20250515,1650,3,35,35,2,5,17,1,2,8063,1,48.1,32.0,43.0,91.0,375.0,30.0,False,False,False,True,SYNTHETIC_DEMO_DATA
2771,INC-00002771,2025-07-22T14:59:40Z,2025-07-22T15:21:40Z,2025-07-22T15:56:40Z,2025-07-22T20:03:40Z,2025-07-22T20:55:40Z,2025-07-23T01:13:40Z,20250722,1455,2,82,43,1,5,9,2,1,6847,1,43.7,22.0,57.0,304.0,356.0,258.0,False,False,True,True,SYNTHETIC_DEMO_DATA
2772,INC-00002772,2025-03-25T11:23:52Z,2025-03-25T11:38:52Z,2025-03-25T12:01:52Z,2025-03-25T12:20:52Z,2025-03-25T14:03:52Z,2025-03-25T22:37:52Z,20250325,1120,5,204,40,2,5,3,1,2,13126,1,73.1,15.0,38.0,57.0,160.0,514.0,True,False,False,True,SYNTHETIC_DEMO_DATA
2773,INC-00002773,2025-11-13T18:49:44Z,2025-11-13T19:38:44Z,2025-11-13T20:21:44Z,2025-11-13T21:47:44Z,2025-11-13T23:30:44Z,2025-11-14T07:46:44Z,20251113,1845,7,240,30,1,5,13,1,1,11663,1,40.7,49.0,92.0,178.0,281.0,496.0,False,False,False,True,SYNTHETIC_DEMO_DATA
2774,INC-00002774,2026-05-01T10:47:45Z,2026-05-01T10:53:45Z,2026-05-01T11:23:45Z,2026-05-01T11:51:45Z,2026-05-01T12:32:45Z,2026-05-01T19:23:45Z,20260501,1045,7,1,17,5,5,10,1,5,6753,1,100,6.0,36.0,64.0,105.0,411.0,True,False,False,False,SYNTHETIC_DEMO_DATA
2775,INC-00002775,2025-05-26T10:07:25Z,2025-05-26T11:00:25Z,2025-05-26T11:21:25Z,2025-05-26T12:28:25Z,2025-05-26T17:15:25Z,2025-05-27T04:10:25Z,20250526,1005,7,155,21,4,5,2,3,4,12104,1,91.3,53.0,74.0,141.0,428.0,655.0,True,False,True,False,SYNTHETIC_DEMO_DATA
2776,INC-00002776,2025-08-01T16:21:56Z,2025-08-01T16:35:56Z,2025-08-01T17:10:56Z,2025-08-01T17:29:56Z,2025-08-01T21:22:56Z,2025-08-02T01:27:56Z,20250801,1620,1,82,24,3,5,12,1,3,231,1,71.2,14.0,49.0,68.0,301.0,245.0,False,False,False,True,SYNTHETIC_DEMO_DATA
2777,INC-00002777,2026-06-11T10:11:53Z,2026-06-11T10:28:53Z,2026-06-11T10:38:53Z,2026-06-11T11:09:53Z,2026-06-11T14:10:53Z,,20260611,1010,1,148,37,3,4,5,1,3,2659,1,66.5,17.0,27.0,58.0,239.0,,False,False,False,True,SYNTHETIC_DEMO_DATA
2778,INC-00002778,2026-05-10T09:50:11Z,2026-05-10T10:22:11Z,2026-05-10T10:44:11Z,2026-05-10T12:13:11Z,2026-05-10T17:22:11Z,2026-05-11T00:21:11Z,20260510,950,6,1,1,1,5,14,3,1,4448,1,48.4,32.0,54.0,143.0,452.0,419.0,False,False,True,True,SYNTHETIC_DEMO_DATA
2779,INC-00002779,2025-04-20T15:44:46Z,2025-04-20T16:12:46Z,2025-04-20T16:39:46Z,2025-04-20T18:07:46Z,2025-04-20T19:43:46Z,2025-04-21T01:48:46Z,20250420,1540,4,22,29,2,5,8,1,2,4659,1,44.1,28.0,55.0,143.0,239.0,365.0,False,False,False,True,SYNTHETIC_DEMO_DATA
2780,INC-00002780,2025-08-28T00:03:36Z,2025-08-28T00:13:36Z,2025-08-28T00:19:36Z,2025-08-28T04:34:36Z,2025-08-28T08:11:36Z,2025-08-28T14:02:36Z,20250828,0,5,148,41,1,5,18,2,1,11089,1,32.4,10.0,16.0,271.0,488.0,351.0,False,False,True,True,SYNTHETIC_DEMO_DATA
2781,INC-00002781,2025-06-20T15:36:14Z,2025-06-20T15:57:14Z,2025-06-20T17:02:14Z,2025-06-20T18:27:14Z,2025-06-20T20:03:14Z,2025-06-20T21:38:14Z,20250620,1535,2,73,6,1,5,11,1,1,16173,1,48.6,21.0,86.0,171.0,267.0,95.0,False,False,False,True,SYNTHETIC_DEMO_DATA
2782,INC-00002782,2026-01-15T22:36:00Z,2026-01-15T22:48:00Z,2026-01-15T23:12:00Z,,,,20260115,2235,7,200,11,1,2,4,0,1,9695,1,33.2,12.0,36.0,,,,False,False,False,False,SYNTHETIC_DEMO_DATA
2783,INC-00002783,2025-06-10T11:56:12Z,2025-06-10T12:11:12Z,2025-06-10T12:27:12Z,2025-06-10T15:27:12Z,2025-06-10T17:18:12Z,2025-06-10T21:34:12Z,20250610,1155,6,18,23,1,5,15,1,1,15367,1,37.9,15.0,31.0,211.0,322.0,256.0,True,False,False,True,SYNTHETIC_DEMO_DATA
2784,INC-00002784,2025-11-22T09:38:14Z,2025-11-22T10:07:14Z,2025-11-22T10:11:14Z,2025-11-22T11:40:14Z,2025-11-22T19:30:14Z,,20251122,935,1,142,9,3,4,10,2,3,6548,1,71.5,29.0,33.0,122.0,592.0,,False,False,True,True,SYNTHETIC_DEMO_DATA
2785,INC-00002785,2026-02-04T10:53:42Z,2026-02-04T11:11:42Z,2026-02-04T11:28:42Z,2026-02-04T14:04:42Z,2026-02-04T17:06:42Z,2026-02-04T19:17:42Z,20260204,1050,2,230,10,3,5,3,1,3,3115,1,80.5,18.0,35.0,191.0,373.0,131.0,False,False,False,True,SYNTHETIC_DEMO_DATA
2786,INC-00002786,2025-09-26T22:51:03Z,2025-09-26T23:00:03Z,2025-09-26T23:09:03Z,2025-09-26T23:48:03Z,2025-09-27T00:52:03Z,2025-09-27T06:50:03Z,20250926,2250,6,88,24,3,5,0,3,3,9485,1,69.6,9.0,18.0,57.0,121.0,358.0,False,False,True,True,SYNTHETIC_DEMO_DATA
2787,INC-00002787,2025-03-24T13:51:17Z,2025-03-24T14:11:17Z,2025-03-24T14:22:17Z,2025-03-24T15:48:17Z,2025-03-24T16:13:17Z,2025-03-24T17:34:17Z,20250324,1350,4,140,29,2,5,6,1,2,15482,1,68.7,20.0,31.0,117.0,142.0,81.0,False,False,False,True,SYNTHETIC_DEMO_DATA
2788,INC-00002788,2026-05-11T03:07:42Z,2026-05-11T03:33:42Z,2026-05-11T04:04:42Z,2026-05-11T11:27:42Z,2026-05-11T14:09:42Z,2026-05-12T00:55:42Z,20260511,305,5,234,32,2,5,17,1,2,6181,1,43.4,26.0,57.0,500.0,662.0,646.0,False,False,False,True,SYNTHETIC_DEMO_DATA
2789,INC-00002789,2025-09-04T11:31:24Z,2025-09-04T11:40:24Z,2025-09-04T11:46:24Z,2025-09-04T12:15:24Z,2025-09-04T14:15:24Z,2025-09-04T22:08:24Z,20250904,1130,3,5,37,2,5,10,4,2,4033,1,60.1,9.0,15.0,44.0,164.0,473.0,False,False,False,True,SYNTHETIC_DEMO_DATA
2790,INC-00002790,2025-09-13T11:33:52Z,2025-09-13T11:42:52Z,2025-09-13T12:16:52Z,2025-09-13T13:17:52Z,2025-09-13T13:35:52Z,2025-09-13T15:47:52Z,20250913,1130,5,41,4,1,5,2,1,1,15588,1,45.5,9.0,43.0,104.0,122.0,132.0,False,False,False,True,SYNTHETIC_DEMO_DATA
2791,INC-00002791,2026-06-16T11:33:39Z,2026-06-16T12:14:39Z,2026-06-16T12:33:39Z,2026-06-16T14:19:39Z,2026-06-16T16:53:39Z,2026-06-17T02:38:39Z,20260616,1130,3,152,30,3,5,15,1,3,13070,1,62.9,41.0,60.0,166.0,320.0,585.0,False,False,False,True,SYNTHETIC_DEMO_DATA
2792,INC-00002792,2025-02-20T15:08:48Z,2025-02-20T16:12:48Z,2025-02-20T16:47:48Z,2025-02-20T17:35:48Z,2025-02-20T21:22:48Z,2025-02-21T03:00:48Z,20250220,1505,4,77,30,2,5,7,3,2,119,1,66.0,64.0,99.0,147.0,374.0,338.0,False,False,True,True,SYNTHETIC_DEMO_DATA
2793,INC-00002793,2026-01-07T11:20:03Z,2026-01-07T11:34:03Z,2026-01-07T12:04:03Z,2026-01-07T13:40:03Z,2026-01-07T16:37:03Z,2026-01-07T21:38:03Z,20260107,1120,5,212,10,2,5,18,1,2,2772,1,62.9,14.0,44.0,140.0,317.0,301.0,False,False,False,True,SYNTHETIC_DEMO_DATA
2794,INC-00002794,2026-03-28T15:34:38Z,2026-03-28T16:32:38Z,2026-03-28T17:37:38Z,2026-03-28T21:10:38Z,2026-03-29T05:56:38Z,2026-03-29T07:24:38Z,20260328,1530,2,119,3,2,5,11,1,2,11400,1,65.9,58.0,123.0,336.0,862.0,88.0,True,False,False,True,SYNTHETIC_DEMO_DATA
2795,INC-00002795,2025-12-13T21:17:57Z,2025-12-13T21:41:57Z,2025-12-13T22:14:57Z,2025-12-13T22:39:57Z,2025-12-14T04:32:57Z,2025-12-14T09:16:57Z,20251213,2115,1,24,40,1,5,3,1,1,17165,1,39.5,24.0,57.0,82.0,435.0,284.0,False,False,False,True,SYNTHETIC_DEMO_DATA
2796,INC-00002796,2025-03-05T13:50:19Z,2025-03-05T14:07:19Z,2025-03-05T14:34:19Z,2025-03-05T14:57:19Z,2025-03-05T17:17:19Z,2025-03-06T04:31:19Z,20250305,1350,7,195,33,4,5,17,1,4,6760,1,100,17.0,44.0,67.0,207.0,674.0,True,False,False,True,SYNTHETIC_DEMO_DATA
2797,INC-00002797,2026-01-22T20:28:22Z,2026-01-22T20:41:22Z,2026-01-22T21:26:22Z,2026-01-22T22:30:22Z,2026-01-23T02:13:22Z,2026-01-23T07:09:22Z,20260122,2025,4,188,36,1,5,7,1,1,9584,1,36.7,13.0,58.0,122.0,345.0,296.0,False,False,False,True,SYNTHETIC_DEMO_DATA
2798,INC-00002798,2026-01-05T08:30:42Z,2026-01-05T08:43:42Z,2026-01-05T08:51:42Z,2026-01-05T09:40:42Z,2026-01-05T12:39:42Z,2026-01-05T22:38:42Z,20260105,830,3,95,12,1,5,18,3,1,9666,1,50.3,13.0,21.0,70.0,249.0,599.0,False,False,True,True,SYNTHETIC_DEMO_DATA
2799,INC-00002799,2026-02-09T11:48:31Z,2026-02-09T12:31:31Z,2026-02-09T12:47:31Z,2026-02-09T13:07:31Z,2026-02-09T14:04:31Z,2026-02-09T14:52:31Z,20260209,1145,6,109,43,3,5,13,1,3,16303,1,71.0,43.0,59.0,79.0,136.0,48.0,False,False,False,True,SYNTHETIC_DEMO_DATA
2800,INC-00002800,2025-07-07T14:04:43Z,2025-07-07T15:20:43Z,2025-07-07T15:42:43Z,2025-07-07T16:29:43Z,2025-07-07T18:48:43Z,2025-07-08T04:10:43Z,20250707,1400,5,184,33,2,5,5,3,2,11320,1,51.3,76.0,98.0,145.0,284.0,562.0,False,False,True,True,SYNTHETIC_DEMO_DATA
2801,INC-00002801,2025-03-14T09:42:47Z,2025-03-14T09:53:47Z,2025-03-14T10:33:47Z,2025-03-14T11:16:47Z,2025-03-14T13:52:47Z,2025-03-14T23:41:47Z,20250314,940,6,15,23,4,5,18,2,4,5895,1,100,11.0,51.0,94.0,250.0,589.0,True,False,True,True,SYNTHETIC_DEMO_DATA
2802,INC-00002802,2026-01-04T05:03:00Z,2026-01-04T05:36:00Z,2026-01-04T05:49:00Z,2026-01-04T06:47:00Z,2026-01-04T09:38:00Z,2026-01-04T17:41:00Z,20260104,500,2,107,21,2,5,9,4,2,9631,1,49.5,33.0,46.0,104.0,275.0,483.0,False,False,False,True,SYNTHETIC_DEMO_DATA
2803,INC-00002803,2025-06-17T15:25:58Z,2025-06-17T15:31:58Z,2025-06-17T16:14:58Z,2025-06-17T17:01:58Z,2025-06-17T17:35:58Z,2025-06-18T04:50:58Z,20250617,1525,2,131,21,5,5,5,2,5,11794,1,100,6.0,49.0,96.0,130.0,675.0,True,False,True,False,SYNTHETIC_DEMO_DATA
2804,INC-00002804,2026-06-30T18:30:33Z,2026-06-30T19:12:33Z,2026-06-30T19:30:33Z,2026-06-30T20:41:33Z,2026-07-01T01:48:33Z,2026-07-01T09:33:33Z,20260630,1830,7,176,1,1,5,12,1,1,14587,1,54.2,42.0,60.0,131.0,438.0,465.0,False,False,False,True,SYNTHETIC_DEMO_DATA
2805,INC-00002805,2025-11-25T09:51:01Z,2025-11-25T10:07:01Z,2025-11-25T10:50:01Z,2025-11-25T13:42:01Z,2025-11-25T16:42:01Z,2025-11-26T01:31:01Z,20251125,950,6,64,6,2,5,6,1,2,5219,1,71.4,16.0,59.0,231.0,411.0,529.0,True,False,False,True,SYNTHETIC_DEMO_DATA
2806,INC-00002806,2026-03-20T11:50:56Z,2026-03-20T11:56:56Z,2026-03-20T12:15:56Z,2026-03-20T21:41:56Z,2026-03-20T22:09:56Z,,20260320,1150,7,65,9,2,4,17,3,2,13815,1,50.0,6.0,25.0,591.0,619.0,,False,False,True,True,SYNTHETIC_DEMO_DATA
2807,INC-00002807,2025-03-20T01:36:44Z,2025-03-20T01:51:44Z,2025-03-20T02:21:44Z,2025-03-20T03:52:44Z,2025-03-20T05:46:44Z,,20250320,135,2,108,6,4,4,12,3,4,2606,1,79.2,15.0,45.0,136.0,250.0,,True,False,True,True,SYNTHETIC_DEMO_DATA
2808,INC-00002808,2026-07-21T21:28:45Z,2026-07-21T21:34:45Z,2026-07-21T21:45:45Z,2026-07-21T22:48:45Z,2026-07-21T23:27:45Z,2026-07-22T07:41:45Z,20260721,2125,7,212,13,3,5,4,1,3,12135,1,78.1,6.0,17.0,80.0,119.0,494.0,False,False,False,True,SYNTHETIC_DEMO_DATA
2809,INC-00002809,2025-02-08T15:18:23Z,2025-02-08T16:13:23Z,2025-02-08T16:26:23Z,2025-02-08T16:59:23Z,2025-02-09T12:36:23Z,2025-02-09T20:32:23Z,20250208,1515,4,157,14,3,5,15,1,3,1284,1,59.9,55.0,68.0,101.0,1278.0,476.0,False,True,False,True,SYNTHETIC_DEMO_DATA
2810,INC-00002810,2025-10-08T08:10:01Z,2025-10-08T08:27:01Z,2025-10-08T08:49:01Z,2025-10-08T10:14:01Z,2025-10-08T12:59:01Z,2025-10-08T19:44:01Z,20251008,810,6,104,4,2,5,7,3,2,639,1,64.0,17.0,39.0,124.0,289.0,405.0,False,False,True,True,SYNTHETIC_DEMO_DATA
2811,INC-00002811,2026-03-08T17:12:02Z,2026-03-08T17:27:02Z,2026-03-08T18:24:02Z,2026-03-08T21:40:02Z,2026-03-09T07:07:02Z,,20260308,1710,5,41,17,1,4,17,1,1,12713,1,48.7,15.0,72.0,268.0,835.0,,False,False,False,True,SYNTHETIC_DEMO_DATA
2812,INC-00002812,2025-05-24T10:57:34Z,2025-05-24T11:03:34Z,2025-05-24T11:20:34Z,2025-05-24T11:34:34Z,2025-05-24T19:27:34Z,2025-05-24T23:55:34Z,20250524,1055,6,42,10,1,5,10,1,1,3415,1,42.5,6.0,23.0,37.0,510.0,268.0,False,False,False,True,SYNTHETIC_DEMO_DATA
2813,INC-00002813,2025-03-13T12:19:43Z,2025-03-13T12:49:43Z,2025-03-13T13:06:43Z,2025-03-13T14:33:43Z,2025-03-13T19:45:43Z,2025-03-14T04:07:43Z,20250313,1215,6,23,5,1,5,3,1,1,4140,1,46.4,30.0,47.0,134.0,446.0,502.0,False,False,False,True,SYNTHETIC_DEMO_DATA
2814,INC-00002814,2025-08-24T09:00:09Z,2025-08-24T09:12:09Z,2025-08-24T09:21:09Z,2025-08-24T09:33:09Z,2025-08-24T10:31:09Z,2025-08-24T21:05:09Z,20250824,900,5,60,41,1,5,14,1,1,8507,1,46.3,12.0,21.0,33.0,91.0,634.0,False,False,False,True,SYNTHETIC_DEMO_DATA
2815,INC-00002815,2025-12-12T09:06:30Z,2025-12-12T09:21:30Z,2025-12-12T11:21:30Z,2025-12-12T11:40:30Z,2025-12-12T16:46:30Z,2025-12-12T20:12:30Z,20251212,905,3,176,13,3,5,9,2,3,2611,1,78.4,15.0,135.0,154.0,460.0,206.0,False,False,True,True,SYNTHETIC_DEMO_DATA
2816,INC-00002816,2026-05-06T17:02:12Z,2026-05-06T17:28:12Z,2026-05-06T17:32:12Z,2026-05-06T20:01:12Z,2026-05-07T00:59:12Z,2026-05-07T01:48:12Z,20260506,1700,6,137,40,1,5,18,2,1,11567,1,48.0,26.0,30.0,179.0,477.0,49.0,True,False,True,True,SYNTHETIC_DEMO_DATA
2817,INC-00002817,2026-02-16T17:07:53Z,2026-02-16T17:37:53Z,2026-02-16T17:58:53Z,2026-02-16T21:10:53Z,2026-02-16T22:34:53Z,2026-02-17T08:52:53Z,20260216,1705,7,115,2,2,5,12,1,2,5410,1,49.5,30.0,51.0,243.0,327.0,618.0,False,False,False,True,SYNTHETIC_DEMO_DATA
2818,INC-00002818,2026-07-14T15:09:55Z,2026-07-14T15:21:55Z,2026-07-14T16:01:55Z,2026-07-14T20:24:55Z,2026-07-14T22:11:55Z,2026-07-15T03:32:55Z,20260714,1505,3,8,10,2,5,5,2,2,11187,1,42.3,12.0,52.0,315.0,422.0,321.0,False,False,True,True,SYNTHETIC_DEMO_DATA
2819,INC-00002819,2025-03-25T01:37:52Z,2025-03-25T02:10:52Z,2025-03-25T02:23:52Z,2025-03-25T03:47:52Z,2025-03-25T06:47:52Z,2025-03-25T15:55:52Z,20250325,135,1,152,19,1,5,15,1,1,10210,1,33.5,33.0,46.0,130.0,310.0,548.0,False,False,False,True,SYNTHETIC_DEMO_DATA
2820,INC-00002820,2025-03-07T23:43:28Z,2025-03-07T23:54:28Z,2025-03-08T00:39:28Z,2025-03-08T03:37:28Z,2025-03-08T04:57:28Z,,20250307,2340,3,110,31,1,4,8,2,1,4482,1,41.4,11.0,56.0,234.0,314.0,,False,False,True,True,SYNTHETIC_DEMO_DATA
2821,INC-00002821,2025-10-30T15:29:18Z,2025-10-30T15:37:18Z,2025-10-30T16:18:18Z,2025-10-30T17:43:18Z,2025-10-30T20:37:18Z,2025-10-31T05:48:18Z,20251030,1525,6,156,41,3,5,3,1,3,16507,1,66.1,8.0,49.0,134.0,308.0,551.0,False,False,False,True,SYNTHETIC_DEMO_DATA
2822,INC-00002822,2025-03-15T08:54:27Z,2025-03-15T09:10:27Z,2025-03-15T09:20:27Z,2025-03-15T10:21:27Z,2025-03-15T12:51:27Z,2025-03-15T17:08:27Z,20250315,850,2,84,23,1,5,12,1,1,4432,1,33.3,16.0,26.0,87.0,237.0,257.0,False,False,False,True,SYNTHETIC_DEMO_DATA
2823,INC-00002823,2025-12-02T13:46:44Z,2025-12-02T13:56:44Z,2025-12-02T14:10:44Z,2025-12-02T14:25:44Z,2025-12-02T17:00:44Z,2025-12-02T20:11:44Z,20251202,1345,6,29,15,3,5,7,2,3,5985,1,64.8,10.0,24.0,39.0,194.0,191.0,False,False,True,True,SYNTHETIC_DEMO_DATA
2824,INC-00002824,2026-04-15T11:48:00Z,2026-04-15T12:20:00Z,2026-04-15T12:43:00Z,2026-04-15T13:31:00Z,2026-04-15T14:31:00Z,,20260415,1145,3,1,5,1,4,16,2,1,8717,1,42.0,32.0,55.0,103.0,163.0,,False,False,True,True,SYNTHETIC_DEMO_DATA
2825,INC-00002825,2025-08-11T13:35:08Z,2025-08-11T13:42:08Z,2025-08-11T13:47:08Z,2025-08-11T14:40:08Z,2025-08-11T17:51:08Z,2025-08-11T18:43:08Z,20250811,1335,6,33,1,2,5,10,3,2,15952,1,63.8,7.0,12.0,65.0,256.0,52.0,False,False,True,True,SYNTHETIC_DEMO_DATA
2826,INC-00002826,2025-12-30T11:42:04Z,2025-12-30T12:18:04Z,2025-12-30T12:28:04Z,2025-12-30T13:26:04Z,2025-12-30T15:48:04Z,2025-12-30T16:51:04Z,20251230,1140,7,16,10,1,5,2,3,1,1758,1,40.9,36.0,46.0,104.0,246.0,63.0,False,False,True,True,SYNTHETIC_DEMO_DATA
2827,INC-00002827,2025-12-09T17:02:51Z,2025-12-09T17:06:51Z,2025-12-09T17:24:51Z,2025-12-09T18:30:51Z,2025-12-09T20:19:51Z,2025-12-10T06:15:51Z,20251209,1700,2,238,40,2,5,14,3,2,1542,1,57.5,4.0,22.0,88.0,197.0,596.0,True,False,True,True,SYNTHETIC_DEMO_DATA
2828,INC-00002828,2025-02-08T13:58:13Z,2025-02-08T14:31:13Z,2025-02-08T14:57:13Z,,,,20250208,1355,6,216,13,1,2,6,0,1,1023,1,29.9,33.0,59.0,,,,False,False,False,False,SYNTHETIC_DEMO_DATA
2829,INC-00002829,2026-05-27T17:41:37Z,2026-05-27T17:58:37Z,2026-05-27T18:21:37Z,2026-05-27T19:30:37Z,2026-05-27T20:33:37Z,,20260527,1740,4,184,22,1,4,17,1,1,8925,1,27.7,17.0,40.0,109.0,172.0,,False,False,False,True,SYNTHETIC_DEMO_DATA
2830,INC-00002830,2025-09-02T17:40:36Z,2025-09-02T18:04:36Z,2025-09-02T18:35:36Z,2025-09-02T19:44:36Z,2025-09-02T20:45:36Z,2025-09-03T01:07:36Z,20250902,1740,5,152,38,1,5,10,1,1,2910,1,28.0,24.0,55.0,124.0,185.0,262.0,False,False,False,True,SYNTHETIC_DEMO_DATA
2831,INC-00002831,2026-06-13T07:57:05Z,2026-06-13T08:06:05Z,2026-06-13T08:15:05Z,2026-06-13T08:44:05Z,2026-06-13T09:04:05Z,2026-06-13T19:03:05Z,20260613,755,6,235,11,4,5,6,1,4,3473,1,99.5,9.0,18.0,47.0,67.0,599.0,True,False,False,True,SYNTHETIC_DEMO_DATA
2832,INC-00002832,2025-04-08T12:14:18Z,2025-04-08T12:22:18Z,2025-04-08T13:07:18Z,2025-04-08T16:16:18Z,2025-04-08T17:25:18Z,2025-04-09T01:06:18Z,20250408,1210,6,172,26,2,5,15,1,2,4740,1,54.9,8.0,53.0,242.0,311.0,461.0,False,False,False,True,SYNTHETIC_DEMO_DATA
2833,INC-00002833,2026-04-01T17:16:13Z,2026-04-01T17:31:13Z,2026-04-01T17:48:13Z,2026-04-01T18:34:13Z,2026-04-01T21:43:13Z,2026-04-01T22:20:13Z,20260401,1715,5,70,13,3,5,9,1,3,6506,1,67.8,15.0,32.0,78.0,267.0,37.0,False,False,False,True,SYNTHETIC_DEMO_DATA
2834,INC-00002834,2025-12-03T11:14:31Z,2025-12-03T11:49:31Z,2025-12-03T12:17:31Z,2025-12-03T14:41:31Z,2025-12-04T04:43:31Z,2025-12-04T05:04:31Z,20251203,1110,5,136,23,2,5,1,3,2,9953,1,55.7,35.0,63.0,207.0,1049.0,21.0,False,False,True,True,SYNTHETIC_DEMO_DATA
2835,INC-00002835,2025-02-24T19:56:33Z,2025-02-24T20:16:33Z,2025-02-24T20:30:33Z,2025-02-24T21:45:33Z,2025-02-25T02:31:33Z,2025-02-25T13:21:33Z,20250224,1955,7,11,14,1,5,11,1,1,10728,1,34.4,20.0,34.0,109.0,395.0,650.0,False,False,False,True,SYNTHETIC_DEMO_DATA
2836,INC-00002836,2025-03-30T05:50:01Z,2025-03-30T06:10:01Z,2025-03-30T06:40:01Z,2025-03-30T08:15:01Z,2025-03-30T11:14:01Z,,20250330,550,5,169,28,1,4,4,2,1,16682,1,42.1,20.0,50.0,145.0,324.0,,False,False,True,True,SYNTHETIC_DEMO_DATA
2837,INC-00002837,2025-02-18T16:16:32Z,2025-02-18T16:32:32Z,2025-02-18T16:38:32Z,2025-02-18T19:32:32Z,2025-02-18T21:42:32Z,2025-02-19T05:15:32Z,20250218,1615,4,205,11,1,5,15,1,1,16409,1,36.9,16.0,22.0,196.0,326.0,453.0,False,False,False,True,SYNTHETIC_DEMO_DATA
2838,INC-00002838,2026-01-22T17:47:50Z,2026-01-22T17:53:50Z,2026-01-22T18:15:50Z,2026-01-22T19:39:50Z,2026-01-22T22:23:50Z,2026-01-23T08:15:50Z,20260122,1745,7,223,6,2,5,9,1,2,3279,1,69.4,6.0,28.0,112.0,276.0,592.0,True,False,False,True,SYNTHETIC_DEMO_DATA
2839,INC-00002839,2026-03-30T08:18:35Z,2026-03-30T08:22:35Z,2026-03-30T08:41:35Z,2026-03-30T10:59:35Z,2026-03-30T18:47:35Z,2026-03-31T05:07:35Z,20260330,815,6,220,29,2,5,2,1,2,17887,1,44.9,4.0,23.0,161.0,629.0,620.0,False,False,False,True,SYNTHETIC_DEMO_DATA
2840,INC-00002840,2025-07-03T09:35:09Z,2025-07-03T09:43:09Z,2025-07-03T10:00:09Z,2025-07-03T13:06:09Z,2025-07-03T17:04:09Z,2025-07-03T20:47:09Z,20250703,935,5,223,21,1,5,12,1,1,6828,1,34.6,8.0,25.0,211.0,449.0,223.0,False,False,False,True,SYNTHETIC_DEMO_DATA
2841,INC-00002841,2026-04-02T15:31:24Z,2026-04-02T16:15:24Z,2026-04-02T16:45:24Z,2026-04-02T18:42:24Z,2026-04-02T20:16:24Z,2026-04-03T02:23:24Z,20260402,1530,6,82,30,2,5,6,3,2,12917,1,58.8,44.0,74.0,191.0,285.0,367.0,False,False,True,True,SYNTHETIC_DEMO_DATA
2842,INC-00002842,2026-06-12T15:45:11Z,2026-06-12T16:07:11Z,2026-06-12T16:32:11Z,2026-06-12T17:49:11Z,2026-06-12T18:40:11Z,,20260612,1545,7,153,35,2,4,17,1,2,9731,1,36.5,22.0,47.0,124.0,175.0,,False,False,False,True,SYNTHETIC_DEMO_DATA
2843,INC-00002843,2025-02-02T21:48:30Z,2025-02-02T22:19:30Z,2025-02-02T22:28:30Z,2025-02-03T00:04:30Z,2025-02-03T01:58:30Z,2025-02-03T07:31:30Z,20250202,2145,7,100,39,3,5,11,1,3,17985,1,74.2,31.0,40.0,136.0,250.0,333.0,False,False,False,True,SYNTHETIC_DEMO_DATA
2844,INC-00002844,2025-08-26T08:58:47Z,2025-08-26T09:06:47Z,2025-08-26T09:13:47Z,2025-08-26T11:22:47Z,2025-08-26T13:35:47Z,2025-08-26T20:55:47Z,20250826,855,6,194,23,2,5,3,1,2,2475,1,60.7,8.0,15.0,144.0,277.0,440.0,False,False,False,True,SYNTHETIC_DEMO_DATA
2845,INC-00002845,2025-03-09T16:37:11Z,2025-03-09T17:47:11Z,2025-03-09T18:02:11Z,2025-03-09T18:54:11Z,2025-03-10T09:58:11Z,2025-03-10T21:08:11Z,20250309,1635,2,161,37,1,5,13,1,1,3319,1,27.2,70.0,85.0,137.0,1041.0,670.0,False,False,False,True,SYNTHETIC_DEMO_DATA
2846,INC-00002846,2026-06-04T13:33:19Z,2026-06-04T13:44:19Z,2026-06-04T14:08:19Z,2026-06-04T16:29:19Z,2026-06-04T19:47:19Z,2026-06-05T00:28:19Z,20260604,1330,7,70,21,2,5,7,1,2,15490,1,56.1,11.0,35.0,176.0,374.0,281.0,False,False,False,True,SYNTHETIC_DEMO_DATA
2847,INC-00002847,2025-08-10T10:28:33Z,2025-08-10T11:04:33Z,2025-08-10T11:20:33Z,2025-08-10T12:17:33Z,2025-08-10T13:46:33Z,2025-08-10T16:45:33Z,20250810,1025,3,75,10,1,5,17,1,1,16221,1,38.8,36.0,52.0,109.0,198.0,179.0,False,False,False,True,SYNTHETIC_DEMO_DATA
2848,INC-00002848,2025-11-05T23:44:34Z,2025-11-06T00:08:34Z,2025-11-06T00:53:34Z,2025-11-06T05:41:34Z,2025-11-06T05:56:34Z,2025-11-06T12:38:34Z,20251105,2340,6,34,6,2,5,11,1,2,791,1,57.4,24.0,69.0,357.0,372.0,402.0,False,False,False,True,SYNTHETIC_DEMO_DATA
2849,INC-00002849,2025-06-05T14:01:39Z,2025-06-05T14:20:39Z,2025-06-05T14:42:39Z,2025-06-05T16:58:39Z,2025-06-05T19:21:39Z,2025-06-06T01:35:39Z,20250605,1400,4,177,14,1,5,3,1,1,6802,1,59.1,19.0,41.0,177.0,320.0,374.0,True,False,False,True,SYNTHETIC_DEMO_DATA
2850,INC-00002850,2025-05-27T14:54:28Z,2025-05-27T15:16:28Z,2025-05-27T16:01:28Z,2025-05-27T17:18:28Z,2025-05-27T21:23:28Z,2025-05-28T03:06:28Z,20250527,1450,5,33,37,3,5,16,3,3,3682,1,78.9,22.0,67.0,144.0,389.0,343.0,False,False,True,True,SYNTHETIC_DEMO_DATA
2851,INC-00002851,2025-07-27T11:03:10Z,2025-07-27T11:19:10Z,2025-07-27T11:42:10Z,2025-07-27T12:36:10Z,2025-07-27T22:40:10Z,2025-07-28T01:24:10Z,20250727,1100,7,186,2,2,5,8,1,2,7958,1,55.0,16.0,39.0,93.0,697.0,164.0,False,False,False,True,SYNTHETIC_DEMO_DATA
2852,INC-00002852,2025-10-24T03:41:12Z,2025-10-24T04:06:12Z,2025-10-24T04:33:12Z,2025-10-24T05:35:12Z,2025-10-24T09:41:12Z,2025-10-24T13:24:12Z,20251024,340,5,150,42,2,5,1,1,2,15577,1,63.5,25.0,52.0,114.0,360.0,223.0,False,False,False,True,SYNTHETIC_DEMO_DATA
2853,INC-00002853,2026-02-11T16:27:05Z,2026-02-11T16:37:05Z,2026-02-11T17:52:05Z,2026-02-11T19:14:05Z,,,20260211,1625,6,191,35,2,3,12,0,2,1321,1,56.9,10.0,85.0,167.0,,,False,False,False,False,SYNTHETIC_DEMO_DATA
2854,INC-00002854,2025-03-05T10:48:51Z,2025-03-05T11:09:51Z,2025-03-05T11:25:51Z,2025-03-05T13:19:51Z,2025-03-05T18:12:51Z,2025-03-05T23:08:51Z,20250305,1045,6,88,12,3,5,6,2,3,6360,1,71.1,21.0,37.0,151.0,444.0,296.0,False,False,True,True,SYNTHETIC_DEMO_DATA
2855,INC-00002855,2026-05-25T17:13:12Z,2026-05-25T17:38:12Z,2026-05-25T18:13:12Z,2026-05-25T20:18:12Z,2026-05-25T21:55:12Z,,20260525,1710,7,181,20,1,4,15,2,1,8186,1,47.1,25.0,60.0,185.0,282.0,,False,False,True,True,SYNTHETIC_DEMO_DATA
2856,INC-00002856,2025-09-30T16:22:22Z,2025-09-30T16:33:22Z,2025-09-30T16:50:22Z,2025-09-30T18:27:22Z,2025-09-30T21:08:22Z,,20250930,1620,4,89,26,3,4,10,1,3,7183,1,62.2,11.0,28.0,125.0,286.0,,False,False,False,True,SYNTHETIC_DEMO_DATA
2857,INC-00002857,2026-02-03T06:05:05Z,2026-02-03T06:49:05Z,2026-02-03T07:00:05Z,2026-02-03T09:52:05Z,2026-02-03T10:51:05Z,2026-02-03T20:52:05Z,20260203,605,7,37,41,2,5,2,1,2,15738,1,54.4,44.0,55.0,227.0,286.0,601.0,False,False,False,True,SYNTHETIC_DEMO_DATA
2858,INC-00002858,2026-07-03T09:46:52Z,2026-07-03T10:02:52Z,2026-07-03T10:38:52Z,2026-07-03T11:09:52Z,2026-07-03T12:42:52Z,2026-07-03T18:41:52Z,20260703,945,2,42,4,3,5,14,1,3,3260,1,75.9,16.0,52.0,83.0,176.0,359.0,False,False,False,True,SYNTHETIC_DEMO_DATA
2859,INC-00002859,2025-08-27T07:47:57Z,2025-08-27T13:23:57Z,2025-08-27T14:03:57Z,2025-08-27T14:59:57Z,2025-08-27T18:20:57Z,2025-08-28T02:08:57Z,20250827,745,2,145,31,2,5,6,3,2,5826,1,56.6,336.0,376.0,432.0,633.0,468.0,False,False,True,False,SYNTHETIC_DEMO_DATA
2860,INC-00002860,2025-10-07T09:42:30Z,2025-10-07T09:51:30Z,2025-10-07T10:03:30Z,2025-10-07T11:01:30Z,2025-10-07T12:19:30Z,2025-10-07T21:17:30Z,20251007,940,4,64,9,4,5,1,1,4,3334,1,100,9.0,21.0,79.0,157.0,538.0,True,False,False,True,SYNTHETIC_DEMO_DATA
2861,INC-00002861,2026-04-17T17:05:51Z,2026-04-17T18:21:51Z,2026-04-17T18:34:51Z,2026-04-17T20:07:51Z,2026-04-17T21:20:51Z,2026-04-18T06:33:51Z,20260417,1705,7,185,11,1,5,9,2,1,4697,1,50.7,76.0,89.0,182.0,255.0,553.0,False,False,True,True,SYNTHETIC_DEMO_DATA
2862,INC-00002862,2025-06-26T12:03:14Z,2025-06-26T12:19:14Z,2025-06-26T12:28:14Z,2025-06-26T13:33:14Z,2025-06-26T22:53:14Z,2025-06-27T10:00:14Z,20250626,1200,4,109,27,1,5,2,3,1,11436,1,39.1,16.0,25.0,90.0,650.0,667.0,False,True,True,True,SYNTHETIC_DEMO_DATA
2863,INC-00002863,2025-02-19T18:49:36Z,2025-02-19T19:13:36Z,2025-02-19T19:40:36Z,2025-02-19T20:11:36Z,2025-02-19T22:39:36Z,2025-02-20T01:59:36Z,20250219,1845,1,212,17,1,5,13,1,1,17339,1,48.4,24.0,51.0,82.0,230.0,200.0,False,False,False,True,SYNTHETIC_DEMO_DATA
2864,INC-00002864,2025-12-01T14:20:59Z,2025-12-01T15:05:59Z,2025-12-01T15:42:59Z,,,,20251201,1420,2,201,31,1,2,6,0,1,13091,1,35.0,45.0,82.0,,,,False,False,False,False,SYNTHETIC_DEMO_DATA
2865,INC-00002865,2026-02-21T04:04:15Z,2026-02-21T04:08:15Z,2026-02-21T04:25:15Z,2026-02-21T05:48:15Z,2026-02-21T06:42:15Z,2026-02-21T09:43:15Z,20260221,400,7,219,45,3,5,1,1,3,8128,1,69.1,4.0,21.0,104.0,158.0,181.0,False,False,False,True,SYNTHETIC_DEMO_DATA
2866,INC-00002866,2025-06-11T10:20:27Z,2025-06-11T10:30:27Z,2025-06-11T11:44:27Z,2025-06-11T12:07:27Z,2025-06-11T15:15:27Z,2025-06-11T15:30:27Z,20250611,1020,1,27,37,3,5,12,1,3,9797,1,59.2,10.0,84.0,107.0,295.0,15.0,False,False,False,True,SYNTHETIC_DEMO_DATA
2867,INC-00002867,2026-07-26T21:51:01Z,2026-07-26T22:12:01Z,2026-07-26T22:23:01Z,,,,20260726,2150,6,86,17,1,2,3,0,1,12860,1,45.7,21.0,32.0,,,,False,False,False,False,SYNTHETIC_DEMO_DATA
2868,INC-00002868,2025-07-18T02:44:47Z,2025-07-18T02:59:47Z,2025-07-18T03:34:47Z,2025-07-18T04:03:47Z,2025-07-18T05:49:47Z,2025-07-18T08:22:47Z,20250718,240,3,191,32,3,5,16,3,3,17249,1,71.7,15.0,50.0,79.0,185.0,153.0,False,False,True,True,SYNTHETIC_DEMO_DATA
2869,INC-00002869,2025-03-02T14:59:56Z,2025-03-02T15:33:56Z,2025-03-02T15:50:56Z,2025-03-02T16:09:56Z,2025-03-02T19:27:56Z,2025-03-03T06:12:56Z,20250302,1455,6,137,5,1,5,7,1,1,1572,1,34.4,34.0,51.0,70.0,268.0,645.0,False,False,False,True,SYNTHETIC_DEMO_DATA
2870,INC-00002870,2025-08-06T15:56:57Z,2025-08-06T16:16:57Z,2025-08-06T17:22:57Z,2025-08-06T18:37:57Z,2025-08-06T21:57:57Z,2025-08-07T06:48:57Z,20250806,1555,2,55,31,2,5,1,1,2,11073,1,54.8,20.0,86.0,161.0,361.0,531.0,False,False,False,True,SYNTHETIC_DEMO_DATA
2871,INC-00002871,2025-06-26T14:24:57Z,2025-06-26T14:36:57Z,2025-06-26T15:02:57Z,2025-06-26T18:46:57Z,2025-06-27T09:43:57Z,2025-06-27T19:52:57Z,20250626,1420,6,147,33,2,5,12,1,2,13527,1,62.2,12.0,38.0,262.0,1159.0,609.0,True,False,False,True,SYNTHETIC_DEMO_DATA
2872,INC-00002872,2025-08-24T10:20:29Z,2025-08-24T10:29:29Z,2025-08-24T10:45:29Z,2025-08-24T11:23:29Z,2025-08-24T13:00:29Z,2025-08-24T16:41:29Z,20250824,1020,1,200,35,3,5,6,3,3,13362,1,67.9,9.0,25.0,63.0,160.0,221.0,False,False,True,True,SYNTHETIC_DEMO_DATA
2873,INC-00002873,2025-07-18T17:08:58Z,2025-07-18T17:27:58Z,2025-07-18T17:39:58Z,2025-07-18T18:25:58Z,2025-07-18T19:24:58Z,,20250718,1705,1,30,33,2,4,16,1,2,11819,1,54.8,19.0,31.0,77.0,136.0,,False,False,False,True,SYNTHETIC_DEMO_DATA
2874,INC-00002874,2025-08-26T17:25:02Z,2025-08-26T17:45:02Z,2025-08-26T18:12:02Z,2025-08-26T22:38:02Z,2025-08-27T01:54:02Z,2025-08-27T03:01:02Z,20250826,1725,7,36,18,1,5,8,1,1,7912,1,29.0,20.0,47.0,313.0,509.0,67.0,False,False,False,True,SYNTHETIC_DEMO_DATA
2875,INC-00002875,2025-11-06T12:35:51Z,2025-11-06T13:39:51Z,2025-11-06T13:47:51Z,2025-11-06T15:00:51Z,2025-11-07T03:52:51Z,2025-11-07T13:44:51Z,20251106,1235,5,87,37,1,5,1,1,1,11432,1,48.9,64.0,72.0,145.0,917.0,592.0,False,False,False,True,SYNTHETIC_DEMO_DATA
2876,INC-00002876,2026-03-17T06:29:43Z,2026-03-17T08:01:43Z,2026-03-17T08:19:43Z,2026-03-17T10:43:43Z,2026-03-17T12:11:43Z,2026-03-17T14:16:43Z,20260317,625,4,194,40,2,5,13,1,2,11614,1,61.1,92.0,110.0,254.0,342.0,125.0,False,False,False,True,SYNTHETIC_DEMO_DATA
2877,INC-00002877,2025-02-15T11:03:28Z,2025-02-15T11:05:28Z,2025-02-15T12:02:28Z,2025-02-15T13:10:28Z,2025-02-15T14:46:28Z,2025-02-16T00:01:28Z,20250215,1100,7,85,14,3,5,7,1,3,2696,1,62.1,2.0,59.0,127.0,223.0,555.0,False,False,False,True,SYNTHETIC_DEMO_DATA
2878,INC-00002878,2025-10-12T15:53:50Z,2025-10-12T15:58:50Z,2025-10-12T16:02:50Z,2025-10-12T18:29:50Z,2025-10-12T18:52:50Z,,20251012,1550,3,11,40,4,4,1,1,4,12316,1,92.7,5.0,9.0,156.0,179.0,,True,False,False,True,SYNTHETIC_DEMO_DATA
2879,INC-00002879,2025-10-03T07:26:07Z,2025-10-03T07:45:07Z,2025-10-03T08:10:07Z,2025-10-03T09:13:07Z,2025-10-03T09:53:07Z,2025-10-03T13:24:07Z,20251003,725,5,118,39,2,5,10,4,2,14365,1,61.5,19.0,44.0,107.0,147.0,211.0,False,False,False,True,SYNTHETIC_DEMO_DATA
2880,INC-00002880,2026-03-13T06:39:39Z,2026-03-13T06:48:39Z,2026-03-13T07:01:39Z,2026-03-13T09:16:39Z,2026-03-13T16:16:39Z,2026-03-13T18:50:39Z,20260313,635,2,129,41,1,5,2,1,1,6250,1,41.0,9.0,22.0,157.0,577.0,154.0,False,False,False,True,SYNTHETIC_DEMO_DATA
2881,INC-00002881,2025-02-02T17:33:00Z,2025-02-02T18:11:00Z,2025-02-02T19:13:00Z,2025-02-02T20:57:00Z,2025-02-03T00:47:00Z,2025-02-03T04:15:00Z,20250202,1730,3,23,1,2,5,14,1,2,9439,1,69.8,38.0,100.0,204.0,434.0,208.0,False,False,False,True,SYNTHETIC_DEMO_DATA
2882,INC-00002882,2025-08-04T15:08:37Z,2025-08-04T15:16:37Z,2025-08-04T15:27:37Z,2025-08-04T19:27:37Z,2025-08-05T02:31:37Z,2025-08-05T10:57:37Z,20250804,1505,1,222,11,1,5,6,4,1,2236,1,59.7,8.0,19.0,259.0,683.0,506.0,True,False,False,True,SYNTHETIC_DEMO_DATA
2883,INC-00002883,2025-06-12T23:06:41Z,2025-06-12T23:10:41Z,2025-06-13T00:41:41Z,2025-06-13T07:47:41Z,2025-06-13T12:16:41Z,2025-06-13T22:17:41Z,20250612,2305,1,220,2,2,5,18,1,2,16774,1,51.2,4.0,95.0,521.0,790.0,601.0,False,False,False,True,SYNTHETIC_DEMO_DATA
2884,INC-00002884,2025-08-06T11:23:55Z,2025-08-06T12:41:55Z,2025-08-06T13:09:55Z,2025-08-06T14:36:55Z,2025-08-07T19:04:55Z,,20250806,1120,7,56,45,1,4,10,3,1,3590,1,37.6,78.0,106.0,193.0,1901.0,,False,False,True,True,SYNTHETIC_DEMO_DATA
2885,INC-00002885,2026-07-05T17:55:02Z,2026-07-05T18:30:02Z,2026-07-05T18:47:02Z,,,,20260705,1755,2,160,25,2,2,4,0,2,12914,1,51.6,35.0,52.0,,,,False,False,False,False,SYNTHETIC_DEMO_DATA
2886,INC-00002886,2025-03-28T13:24:07Z,2025-03-28T13:37:07Z,2025-03-28T14:01:07Z,2025-03-28T14:36:07Z,2025-03-28T15:05:07Z,2025-03-28T15:42:07Z,20250328,1320,6,80,10,5,5,18,4,5,631,1,99.0,13.0,37.0,72.0,101.0,37.0,True,False,False,False,SYNTHETIC_DEMO_DATA
2887,INC-00002887,2025-08-25T17:07:19Z,2025-08-25T17:21:19Z,2025-08-25T17:52:19Z,2025-08-25T18:20:19Z,2025-08-26T01:18:19Z,2025-08-26T08:46:19Z,20250825,1705,3,223,1,2,5,8,1,2,5274,1,51.1,14.0,45.0,73.0,491.0,448.0,False,False,False,True,SYNTHETIC_DEMO_DATA
2888,INC-00002888,2025-11-01T07:52:33Z,2025-11-01T08:17:33Z,2025-11-01T08:28:33Z,2025-11-01T09:13:33Z,2025-11-01T12:57:33Z,,20251101,750,4,161,28,3,4,2,2,3,14603,1,61.5,25.0,36.0,81.0,305.0,,False,False,True,True,SYNTHETIC_DEMO_DATA
2889,INC-00002889,2025-11-05T09:57:45Z,2025-11-05T10:17:45Z,2025-11-05T11:06:45Z,2025-11-05T12:03:45Z,2025-11-05T13:34:45Z,2025-11-05T22:09:45Z,20251105,955,6,150,41,3,5,13,1,3,2171,1,74.1,20.0,69.0,126.0,217.0,515.0,False,False,False,True,SYNTHETIC_DEMO_DATA
2890,INC-00002890,2025-05-04T00:58:19Z,2025-05-04T01:36:19Z,2025-05-04T02:06:19Z,2025-05-04T03:40:19Z,2025-05-04T08:48:19Z,2025-05-04T12:58:19Z,20250504,55,2,189,14,1,5,4,4,1,8767,1,23.0,38.0,68.0,162.0,470.0,250.0,False,False,False,True,SYNTHETIC_DEMO_DATA
2891,INC-00002891,2025-02-26T15:54:45Z,2025-02-26T16:04:45Z,2025-02-26T16:27:45Z,2025-02-26T23:48:45Z,2025-02-27T07:17:45Z,2025-02-27T13:57:45Z,20250226,1550,6,129,31,1,5,15,1,1,14816,1,33.1,10.0,33.0,474.0,923.0,400.0,False,False,False,True,SYNTHETIC_DEMO_DATA
2892,INC-00002892,2025-11-26T18:30:29Z,2025-11-26T18:52:29Z,2025-11-26T18:56:29Z,2025-11-26T20:09:29Z,2025-11-27T04:14:29Z,2025-11-27T05:25:29Z,20251126,1830,2,201,37,3,5,10,1,3,11890,1,71.6,22.0,26.0,99.0,584.0,71.0,False,False,False,True,SYNTHETIC_DEMO_DATA
2893,INC-00002893,2025-03-17T22:42:45Z,2025-03-17T23:29:45Z,2025-03-17T23:36:45Z,2025-03-18T00:28:45Z,2025-03-18T06:13:45Z,2025-03-18T16:56:45Z,20250317,2240,6,119,4,3,5,3,3,3,711,1,84.8,47.0,54.0,106.0,451.0,643.0,True,False,True,True,SYNTHETIC_DEMO_DATA
2894,INC-00002894,2025-07-15T22:25:20Z,2025-07-15T22:50:20Z,2025-07-15T23:16:20Z,,,,20250715,2225,5,101,1,2,2,13,0,2,1852,1,55.0,25.0,51.0,,,,False,False,False,False,SYNTHETIC_DEMO_DATA
2895,INC-00002895,2026-06-02T09:11:09Z,2026-06-02T09:45:09Z,2026-06-02T10:00:09Z,2026-06-02T12:02:09Z,2026-06-02T14:04:09Z,2026-06-02T20:13:09Z,20260602,910,5,161,33,1,5,5,1,1,14065,1,28.6,34.0,49.0,171.0,293.0,369.0,False,False,False,True,SYNTHETIC_DEMO_DATA
2896,INC-00002896,2025-10-18T14:53:45Z,2025-10-18T15:17:45Z,2025-10-18T15:48:45Z,2025-10-18T16:59:45Z,2025-10-18T17:50:45Z,,20251018,1450,6,109,4,4,4,1,3,4,14475,1,99.8,24.0,55.0,126.0,177.0,,True,False,True,True,SYNTHETIC_DEMO_DATA
2897,INC-00002897,2026-03-10T05:34:09Z,2026-03-10T06:07:09Z,2026-03-10T06:17:09Z,2026-03-10T07:21:09Z,2026-03-10T10:04:09Z,2026-03-10T20:31:09Z,20260310,530,2,240,45,1,5,9,1,1,6838,1,46.5,33.0,43.0,107.0,270.0,627.0,False,False,False,True,SYNTHETIC_DEMO_DATA
2898,INC-00002898,2025-09-29T19:53:03Z,2025-09-29T22:02:03Z,2025-09-29T22:33:03Z,2025-09-30T02:00:03Z,2025-09-30T03:48:03Z,,20250929,1950,6,178,3,1,4,2,1,1,6598,1,36.8,129.0,160.0,367.0,475.0,,False,False,False,True,SYNTHETIC_DEMO_DATA
2899,INC-00002899,2026-03-28T17:29:15Z,2026-03-28T17:41:15Z,2026-03-28T18:01:15Z,2026-03-28T19:44:15Z,2026-03-28T23:11:15Z,,20260328,1725,3,163,29,3,4,15,1,3,9316,1,75.6,12.0,32.0,135.0,342.0,,False,False,False,True,SYNTHETIC_DEMO_DATA
2900,INC-00002900,2026-05-27T18:28:11Z,2026-05-27T18:34:11Z,2026-05-27T19:16:11Z,2026-05-27T19:24:11Z,2026-05-28T01:34:11Z,2026-05-28T12:24:11Z,20260527,1825,4,208,39,2,5,7,1,2,1120,1,59.9,6.0,48.0,56.0,426.0,650.0,False,False,False,True,SYNTHETIC_DEMO_DATA
2901,INC-00002901,2025-07-17T14:14:21Z,2025-07-17T14:43:21Z,2025-07-17T14:48:21Z,2025-07-17T15:39:21Z,2025-07-17T21:45:21Z,2025-07-18T08:55:21Z,20250717,1410,7,100,7,1,5,17,2,1,17965,1,47.5,29.0,34.0,85.0,451.0,670.0,False,False,True,True,SYNTHETIC_DEMO_DATA
2902,INC-00002902,2026-01-29T09:22:44Z,2026-01-29T09:40:44Z,2026-01-29T10:19:44Z,2026-01-29T11:15:44Z,2026-01-29T12:29:44Z,2026-01-29T23:17:44Z,20260129,920,3,144,16,2,5,11,1,2,4648,1,40.8,18.0,57.0,113.0,187.0,648.0,False,False,False,True,SYNTHETIC_DEMO_DATA
2903,INC-00002903,2025-10-07T16:00:30Z,2025-10-07T16:38:30Z,2025-10-07T17:06:30Z,2025-10-07T18:06:30Z,2025-10-07T21:05:30Z,,20251007,1600,5,148,9,1,4,3,1,1,2972,1,35.5,38.0,66.0,126.0,305.0,,False,False,False,True,SYNTHETIC_DEMO_DATA
2904,INC-00002904,2026-02-06T16:16:51Z,2026-02-06T16:40:51Z,2026-02-06T17:16:51Z,2026-02-06T17:38:51Z,2026-02-07T03:53:51Z,2026-02-07T04:56:51Z,20260206,1615,4,129,15,1,5,14,4,1,16070,1,51.6,24.0,60.0,82.0,697.0,63.0,True,False,False,True,SYNTHETIC_DEMO_DATA
2905,INC-00002905,2026-06-16T10:47:03Z,2026-06-16T11:06:03Z,2026-06-16T12:47:03Z,2026-06-16T14:29:03Z,2026-06-16T15:43:03Z,2026-06-16T20:31:03Z,20260616,1045,3,23,20,1,5,7,1,1,2165,1,52.5,19.0,120.0,222.0,296.0,288.0,False,False,False,True,SYNTHETIC_DEMO_DATA
2906,INC-00002906,2025-11-19T14:36:04Z,2025-11-19T14:58:04Z,2025-11-19T15:12:04Z,2025-11-19T17:14:04Z,2025-11-20T02:06:04Z,2025-11-20T02:22:04Z,20251119,1435,6,83,39,2,5,1,1,2,1129,1,54.2,22.0,36.0,158.0,690.0,16.0,False,False,False,True,SYNTHETIC_DEMO_DATA
2907,INC-00002907,2025-09-09T13:36:57Z,2025-09-09T13:41:57Z,2025-09-09T13:53:57Z,2025-09-09T16:23:57Z,2025-09-10T02:20:57Z,2025-09-10T02:58:57Z,20250909,1335,3,154,40,1,5,11,4,1,9342,1,39.7,5.0,17.0,167.0,764.0,38.0,False,False,False,True,SYNTHETIC_DEMO_DATA
2908,INC-00002908,2025-12-13T18:09:13Z,2025-12-13T20:15:13Z,2025-12-13T20:32:13Z,2025-12-13T23:52:13Z,2025-12-14T06:51:13Z,2025-12-14T07:21:13Z,20251213,1805,2,77,11,1,5,4,1,1,155,1,49.1,126.0,143.0,343.0,762.0,30.0,False,False,False,True,SYNTHETIC_DEMO_DATA
2909,INC-00002909,2026-03-02T10:33:19Z,2026-03-02T11:45:19Z,2026-03-02T12:16:19Z,2026-03-02T14:59:19Z,2026-03-02T15:41:19Z,2026-03-02T19:34:19Z,20260302,1030,2,82,37,2,5,16,1,2,7726,1,55.0,72.0,103.0,266.0,308.0,233.0,False,False,False,True,SYNTHETIC_DEMO_DATA
2910,INC-00002910,2025-06-07T15:36:11Z,2025-06-07T15:49:11Z,2025-06-07T16:04:11Z,2025-06-07T17:13:11Z,2025-06-07T19:14:11Z,2025-06-08T01:30:11Z,20250607,1535,2,143,17,2,5,9,1,2,2955,1,46.9,13.0,28.0,97.0,218.0,376.0,False,False,False,True,SYNTHETIC_DEMO_DATA
2911,INC-00002911,2025-05-29T13:53:05Z,2025-05-29T14:00:05Z,2025-05-29T14:07:05Z,2025-05-29T15:05:05Z,2025-05-29T19:43:05Z,2025-05-30T00:15:05Z,20250529,1350,1,114,41,2,5,2,3,2,17728,1,60.2,7.0,14.0,72.0,350.0,272.0,False,False,True,True,SYNTHETIC_DEMO_DATA
2912,INC-00002912,2026-05-19T17:53:40Z,2026-05-19T18:16:40Z,2026-05-19T18:34:40Z,2026-05-19T18:53:40Z,2026-05-19T23:15:40Z,2026-05-20T10:52:40Z,20260519,1750,7,193,29,1,5,12,1,1,17896,1,31.4,23.0,41.0,60.0,322.0,697.0,False,False,False,True,SYNTHETIC_DEMO_DATA
2913,INC-00002913,2025-12-12T08:48:09Z,2025-12-12T08:53:09Z,2025-12-12T09:27:09Z,2025-12-12T13:12:09Z,2025-12-12T17:08:09Z,,20251212,845,7,190,17,2,4,6,1,2,14018,1,56.4,5.0,39.0,264.0,500.0,,False,False,False,True,SYNTHETIC_DEMO_DATA
2914,INC-00002914,2026-06-26T17:29:53Z,2026-06-26T17:43:53Z,2026-06-26T18:30:53Z,2026-06-26T20:01:53Z,2026-06-26T20:38:53Z,2026-06-27T05:56:53Z,20260626,1725,7,3,10,3,5,18,1,3,8207,1,63.5,14.0,61.0,152.0,189.0,558.0,False,False,False,True,SYNTHETIC_DEMO_DATA
2915,INC-00002915,2026-02-01T06:43:51Z,2026-02-01T07:20:51Z,2026-02-01T07:32:51Z,2026-02-01T11:14:51Z,2026-02-01T18:32:51Z,2026-02-02T01:24:51Z,20260201,640,2,105,17,1,5,9,2,1,17177,1,51.9,37.0,49.0,271.0,709.0,412.0,True,True,True,True,SYNTHETIC_DEMO_DATA
2916,INC-00002916,2025-09-14T13:21:55Z,2025-09-14T13:45:55Z,2025-09-14T14:10:55Z,2025-09-14T15:06:55Z,2025-09-14T17:35:55Z,2025-09-14T23:50:55Z,20250914,1320,4,111,15,1,5,2,3,1,10891,1,37.2,24.0,49.0,105.0,254.0,375.0,False,False,True,True,SYNTHETIC_DEMO_DATA
2917,INC-00002917,2026-03-24T09:26:19Z,2026-03-24T10:39:19Z,2026-03-24T10:58:19Z,2026-03-24T12:15:19Z,2026-03-24T20:22:19Z,2026-03-25T07:28:19Z,20260324,925,7,105,45,2,5,14,3,2,7826,1,55.4,73.0,92.0,169.0,656.0,666.0,False,False,True,True,SYNTHETIC_DEMO_DATA
2918,INC-00002918,2025-11-17T09:13:26Z,2025-11-17T09:28:26Z,2025-11-17T09:47:26Z,2025-11-17T15:34:26Z,2025-11-17T16:18:26Z,2025-11-18T02:32:26Z,20251117,910,7,178,27,4,5,9,1,4,7536,1,94.4,15.0,34.0,381.0,425.0,614.0,True,False,False,False,SYNTHETIC_DEMO_DATA
2919,INC-00002919,2026-02-27T19:26:28Z,2026-02-27T19:35:28Z,2026-02-27T20:06:28Z,2026-02-27T20:48:28Z,2026-02-27T22:52:28Z,,20260227,1925,6,39,2,4,4,2,3,4,661,1,96.8,9.0,40.0,82.0,206.0,,True,False,True,True,SYNTHETIC_DEMO_DATA
2920,INC-00002920,2025-06-05T14:18:38Z,2025-06-05T14:38:38Z,2025-06-05T14:56:38Z,2025-06-05T15:32:38Z,,,20250605,1415,6,2,18,2,3,11,0,2,14388,1,49.5,20.0,38.0,74.0,,,False,False,False,False,SYNTHETIC_DEMO_DATA
2921,INC-00002921,2026-06-22T17:11:25Z,2026-06-22T17:19:25Z,2026-06-22T17:39:25Z,2026-06-22T20:47:25Z,2026-06-22T22:58:25Z,2026-06-23T09:26:25Z,20260622,1710,1,165,3,3,5,5,1,3,12273,1,65.2,8.0,28.0,216.0,347.0,628.0,False,False,False,True,SYNTHETIC_DEMO_DATA
2922,INC-00002922,2026-06-08T21:00:18Z,2026-06-08T21:54:18Z,2026-06-08T21:59:18Z,2026-06-08T22:07:18Z,2026-06-08T23:31:18Z,2026-06-09T10:26:18Z,20260608,2100,3,178,32,5,5,18,1,5,883,1,100,54.0,59.0,67.0,151.0,655.0,True,False,False,False,SYNTHETIC_DEMO_DATA
2923,INC-00002923,2026-06-03T08:58:39Z,2026-06-03T09:29:39Z,2026-06-03T09:53:39Z,2026-06-03T10:14:39Z,2026-06-03T14:08:39Z,2026-06-03T14:32:39Z,20260603,855,7,197,9,2,5,8,4,2,10197,1,44.8,31.0,55.0,76.0,310.0,24.0,False,False,False,True,SYNTHETIC_DEMO_DATA
2924,INC-00002924,2026-06-19T08:10:53Z,2026-06-19T08:20:53Z,2026-06-19T09:30:53Z,2026-06-19T13:56:53Z,2026-06-19T17:42:53Z,2026-06-19T23:29:53Z,20260619,810,4,45,23,1,5,18,3,1,3900,1,23.8,10.0,80.0,346.0,572.0,347.0,False,False,True,True,SYNTHETIC_DEMO_DATA
2925,INC-00002925,2026-02-27T15:32:45Z,2026-02-27T17:38:45Z,2026-02-27T17:46:45Z,2026-02-27T18:01:45Z,2026-02-27T19:39:45Z,2026-02-27T20:04:45Z,20260227,1530,2,156,42,2,5,12,4,2,7857,1,56.7,126.0,134.0,149.0,247.0,25.0,False,False,False,False,SYNTHETIC_DEMO_DATA
2926,INC-00002926,2025-03-31T14:00:34Z,2025-03-31T14:13:34Z,2025-03-31T14:21:34Z,2025-03-31T15:56:34Z,2025-03-31T23:40:34Z,2025-04-01T10:43:34Z,20250331,1400,5,23,25,2,5,5,1,2,10015,1,81.3,13.0,21.0,116.0,580.0,663.0,True,False,False,True,SYNTHETIC_DEMO_DATA
2927,INC-00002927,2025-03-25T13:19:35Z,2025-03-25T13:36:35Z,2025-03-25T13:44:35Z,2025-03-25T14:34:35Z,2025-03-25T19:18:35Z,,20250325,1315,7,130,28,3,4,17,3,3,16540,1,66.9,17.0,25.0,75.0,359.0,,False,False,True,True,SYNTHETIC_DEMO_DATA
2928,INC-00002928,2025-11-01T10:24:19Z,2025-11-01T10:38:19Z,2025-11-01T10:50:19Z,2025-11-01T11:23:19Z,2025-11-01T15:24:19Z,2025-11-02T01:15:19Z,20251101,1020,6,231,5,3,5,10,3,3,4259,1,70.7,14.0,26.0,59.0,300.0,591.0,False,False,True,True,SYNTHETIC_DEMO_DATA
2929,INC-00002929,2026-06-27T00:52:28Z,2026-06-27T01:03:28Z,2026-06-27T01:21:28Z,2026-06-27T02:22:28Z,2026-06-27T06:50:28Z,2026-06-27T16:26:28Z,20260627,50,6,118,42,1,5,1,1,1,16363,1,42.6,11.0,29.0,90.0,358.0,576.0,False,False,False,True,SYNTHETIC_DEMO_DATA
2930,INC-00002930,2025-02-08T12:51:17Z,2025-02-08T13:45:17Z,2025-02-08T14:17:17Z,2025-02-08T18:40:17Z,2025-02-08T22:52:17Z,2025-02-09T07:13:17Z,20250208,1250,6,51,37,2,5,13,3,2,16880,1,60.4,54.0,86.0,349.0,601.0,501.0,False,False,True,True,SYNTHETIC_DEMO_DATA
2931,INC-00002931,2026-02-18T13:24:03Z,2026-02-18T13:33:03Z,2026-02-18T14:13:03Z,2026-02-18T15:58:03Z,2026-02-18T17:16:03Z,2026-02-18T18:10:03Z,20260218,1320,7,130,9,2,5,6,1,2,16427,1,45.3,9.0,49.0,154.0,232.0,54.0,False,False,False,True,SYNTHETIC_DEMO_DATA
2932,INC-00002932,2026-07-26T13:37:24Z,2026-07-26T14:24:24Z,2026-07-26T14:31:24Z,2026-07-26T16:06:24Z,2026-07-26T20:04:24Z,2026-07-27T00:29:24Z,20260726,1335,7,126,8,1,5,16,2,1,17391,1,21.5,47.0,54.0,149.0,387.0,265.0,False,False,True,True,SYNTHETIC_DEMO_DATA
2933,INC-00002933,2026-01-19T09:20:27Z,2026-01-19T11:38:27Z,2026-01-19T11:54:27Z,2026-01-19T13:46:27Z,2026-01-19T20:41:27Z,2026-01-19T21:10:27Z,20260119,920,3,90,14,1,5,9,1,1,9719,1,30.7,138.0,154.0,266.0,681.0,29.0,False,False,False,True,SYNTHETIC_DEMO_DATA
2934,INC-00002934,2026-02-07T11:09:13Z,2026-02-07T13:17:13Z,2026-02-07T13:40:13Z,2026-02-07T20:35:13Z,2026-02-08T00:27:13Z,2026-02-08T04:21:13Z,20260207,1105,3,55,4,2,5,3,1,2,1286,1,60.9,128.0,151.0,566.0,798.0,234.0,False,False,False,False,SYNTHETIC_DEMO_DATA
2935,INC-00002935,2025-12-09T12:28:25Z,2025-12-09T13:02:25Z,2025-12-09T13:18:25Z,2025-12-09T13:43:25Z,2025-12-09T17:01:25Z,2025-12-10T04:13:25Z,20251209,1225,7,193,11,1,5,13,1,1,15297,1,35.4,34.0,50.0,75.0,273.0,672.0,False,False,False,True,SYNTHETIC_DEMO_DATA
2936,INC-00002936,2026-03-30T17:53:10Z,2026-03-30T18:04:10Z,2026-03-30T18:20:10Z,2026-03-30T19:12:10Z,2026-03-31T03:46:10Z,2026-03-31T04:15:10Z,20260330,1750,7,48,30,1,5,6,1,1,13757,1,39.1,11.0,27.0,79.0,593.0,29.0,False,False,False,True,SYNTHETIC_DEMO_DATA
2937,INC-00002937,2026-01-29T17:40:22Z,2026-01-29T18:35:22Z,2026-01-29T18:41:22Z,2026-01-29T20:38:22Z,2026-01-30T06:45:22Z,2026-01-30T14:17:22Z,20260129,1740,7,206,33,2,5,18,1,2,12259,1,59.0,55.0,61.0,178.0,785.0,452.0,True,False,False,True,SYNTHETIC_DEMO_DATA
2938,INC-00002938,2026-04-23T22:52:54Z,2026-04-23T23:05:54Z,2026-04-23T23:21:54Z,2026-04-23T23:50:54Z,2026-04-24T01:29:54Z,2026-04-24T01:53:54Z,20260423,2250,6,50,31,1,5,10,3,1,1280,1,47.5,13.0,29.0,58.0,157.0,24.0,False,False,True,True,SYNTHETIC_DEMO_DATA
2939,INC-00002939,2026-05-12T00:47:43Z,2026-05-12T00:54:43Z,2026-05-12T01:08:43Z,2026-05-12T01:44:43Z,2026-05-12T04:36:43Z,2026-05-12T06:38:43Z,20260512,45,6,18,6,2,5,4,2,2,17980,1,39.1,7.0,21.0,57.0,229.0,122.0,False,False,True,True,SYNTHETIC_DEMO_DATA
2940,INC-00002940,2026-04-08T05:41:31Z,2026-04-08T05:57:31Z,2026-04-08T06:19:31Z,2026-04-08T08:18:31Z,2026-04-08T10:04:31Z,2026-04-08T17:46:31Z,20260408,540,5,144,45,2,5,15,1,2,17414,1,38.3,16.0,38.0,157.0,263.0,462.0,False,False,False,True,SYNTHETIC_DEMO_DATA
2941,INC-00002941,2025-12-14T11:51:02Z,2025-12-14T13:15:02Z,2025-12-14T14:07:02Z,2025-12-14T16:39:02Z,2025-12-14T18:24:02Z,2025-12-15T03:21:02Z,20251214,1150,2,38,28,2,5,8,1,2,17771,1,48.3,84.0,136.0,288.0,393.0,537.0,False,False,False,True,SYNTHETIC_DEMO_DATA
2942,INC-00002942,2025-05-05T12:57:05Z,2025-05-05T13:06:05Z,2025-05-05T13:18:05Z,2025-05-05T13:47:05Z,2025-05-05T14:58:05Z,2025-05-05T20:00:05Z,20250505,1255,2,45,29,2,5,1,1,2,17635,1,40.8,9.0,21.0,50.0,121.0,302.0,False,False,False,True,SYNTHETIC_DEMO_DATA
2943,INC-00002943,2025-11-20T16:11:18Z,2025-11-20T17:38:18Z,2025-11-20T17:55:18Z,2025-11-20T18:38:18Z,2025-11-20T20:49:18Z,2025-11-21T01:24:18Z,20251120,1610,1,92,30,2,5,12,1,2,2510,1,50.5,87.0,104.0,147.0,278.0,275.0,False,False,False,True,SYNTHETIC_DEMO_DATA
2944,INC-00002944,2026-02-25T15:30:12Z,2026-02-25T16:05:12Z,2026-02-25T16:45:12Z,,,,20260225,1530,6,95,9,3,2,6,0,3,5230,1,76.5,35.0,75.0,,,,False,False,False,False,SYNTHETIC_DEMO_DATA
2945,INC-00002945,2026-01-26T11:51:18Z,2026-01-26T12:04:18Z,2026-01-26T12:10:18Z,2026-01-26T17:00:18Z,2026-01-26T18:43:18Z,2026-01-27T01:31:18Z,20260126,1150,7,50,4,3,5,17,1,3,17746,1,79.8,13.0,19.0,309.0,412.0,408.0,False,False,False,True,SYNTHETIC_DEMO_DATA
2946,INC-00002946,2026-07-24T11:39:31Z,2026-07-24T11:45:31Z,2026-07-24T13:21:31Z,2026-07-24T15:53:31Z,2026-07-24T19:36:31Z,2026-07-25T02:13:31Z,20260724,1135,7,62,39,4,5,11,1,4,15964,1,92.5,6.0,102.0,254.0,477.0,397.0,True,False,False,False,SYNTHETIC_DEMO_DATA
2947,INC-00002947,2026-05-31T19:09:13Z,2026-05-31T19:17:13Z,2026-05-31T19:31:13Z,2026-05-31T20:49:13Z,2026-06-01T01:00:13Z,2026-06-01T01:44:13Z,20260531,1905,3,17,17,2,5,2,1,2,10449,1,50.9,8.0,22.0,100.0,351.0,44.0,False,False,False,True,SYNTHETIC_DEMO_DATA
2948,INC-00002948,2026-04-14T09:10:10Z,2026-04-14T09:22:10Z,2026-04-14T10:34:10Z,2026-04-14T11:07:10Z,2026-04-14T15:04:10Z,2026-04-14T18:53:10Z,20260414,910,4,3,18,3,5,14,1,3,12255,1,78.0,12.0,84.0,117.0,354.0,229.0,True,False,False,True,SYNTHETIC_DEMO_DATA
2949,INC-00002949,2025-04-22T14:42:43Z,2025-04-22T15:32:43Z,2025-04-22T15:41:43Z,2025-04-22T18:31:43Z,2025-04-22T21:12:43Z,2025-04-23T09:10:43Z,20250422,1440,6,44,10,3,5,7,1,3,17383,1,65.6,50.0,59.0,229.0,390.0,718.0,False,False,False,True,SYNTHETIC_DEMO_DATA
2950,INC-00002950,2026-07-29T12:06:29Z,2026-07-29T12:28:29Z,2026-07-29T12:51:29Z,,,,20260729,1205,5,42,40,2,2,17,0,2,15831,1,59.2,22.0,45.0,,,,False,False,False,False,SYNTHETIC_DEMO_DATA
2951,INC-00002951,2026-04-20T10:46:09Z,2026-04-20T10:55:09Z,2026-04-20T11:13:09Z,2026-04-20T14:58:09Z,2026-04-20T17:16:09Z,2026-04-20T18:22:09Z,20260420,1045,7,189,18,1,5,9,1,1,16076,1,30.5,9.0,27.0,252.0,390.0,66.0,False,False,False,True,SYNTHETIC_DEMO_DATA
2952,INC-00002952,2025-11-26T21:11:43Z,2025-11-26T21:40:43Z,2025-11-26T21:50:43Z,2025-11-26T22:41:43Z,2025-11-27T19:13:43Z,2025-11-28T04:32:43Z,20251126,2110,1,49,42,1,5,2,2,1,5128,1,29.2,29.0,39.0,90.0,1322.0,559.0,False,False,True,True,SYNTHETIC_DEMO_DATA
2953,INC-00002953,2025-02-23T19:34:30Z,2025-02-23T20:00:30Z,2025-02-23T20:10:30Z,2025-02-23T23:19:30Z,2025-02-24T02:53:30Z,2025-02-24T11:42:30Z,20250223,1930,5,217,6,1,5,13,1,1,6311,1,46.1,26.0,36.0,225.0,439.0,529.0,False,False,False,True,SYNTHETIC_DEMO_DATA
2954,INC-00002954,2026-03-12T10:28:39Z,2026-03-12T10:40:39Z,2026-03-12T11:40:39Z,2026-03-12T11:50:39Z,2026-03-12T16:25:39Z,2026-03-12T16:51:39Z,20260312,1025,2,23,7,3,5,8,2,3,11131,1,78.5,12.0,72.0,82.0,357.0,26.0,False,False,True,True,SYNTHETIC_DEMO_DATA
2955,INC-00002955,2026-03-06T17:22:49Z,2026-03-06T17:54:49Z,2026-03-06T18:09:49Z,2026-03-06T18:45:49Z,2026-03-07T06:50:49Z,2026-03-07T17:55:49Z,20260306,1720,6,41,8,2,5,18,1,2,11456,1,65.5,32.0,47.0,83.0,808.0,665.0,False,False,False,True,SYNTHETIC_DEMO_DATA
2956,INC-00002956,2026-01-23T17:13:02Z,2026-01-23T17:33:02Z,2026-01-23T18:47:02Z,2026-01-23T20:28:02Z,2026-01-23T20:55:02Z,2026-01-24T07:23:02Z,20260123,1710,6,176,22,4,5,13,1,4,7092,1,100,20.0,94.0,195.0,222.0,628.0,True,False,False,False,SYNTHETIC_DEMO_DATA
2957,INC-00002957,2025-09-13T16:30:14Z,2025-09-13T16:54:14Z,2025-09-13T17:17:14Z,2025-09-13T17:53:14Z,2025-09-13T22:10:14Z,2025-09-14T04:29:14Z,20250913,1630,4,167,4,2,5,4,1,2,5708,1,67.5,24.0,47.0,83.0,340.0,379.0,False,False,False,True,SYNTHETIC_DEMO_DATA
2958,INC-00002958,2025-09-12T16:02:15Z,2025-09-12T16:09:15Z,2025-09-12T16:12:15Z,2025-09-12T16:39:15Z,2025-09-12T20:18:15Z,2025-09-13T00:38:15Z,20250912,1600,1,181,22,3,5,16,1,3,4704,1,75.7,7.0,10.0,37.0,256.0,260.0,False,False,False,True,SYNTHETIC_DEMO_DATA
2959,INC-00002959,2025-06-15T14:32:42Z,2025-06-15T14:38:42Z,2025-06-15T14:52:42Z,2025-06-15T16:57:42Z,2025-06-15T17:56:42Z,2025-06-16T01:16:42Z,20250615,1430,7,215,44,3,5,9,3,3,16223,1,74.8,6.0,20.0,145.0,204.0,440.0,True,False,True,True,SYNTHETIC_DEMO_DATA
2960,INC-00002960,2026-01-13T12:17:09Z,2026-01-13T12:23:09Z,2026-01-13T12:39:09Z,2026-01-13T13:48:09Z,2026-01-13T15:05:09Z,2026-01-13T16:27:09Z,20260113,1215,4,24,18,2,5,1,2,2,12208,1,57.6,6.0,22.0,91.0,168.0,82.0,False,False,True,True,SYNTHETIC_DEMO_DATA
2961,INC-00002961,2025-03-11T08:47:31Z,2025-03-11T09:04:31Z,2025-03-11T09:25:31Z,2025-03-11T16:50:31Z,2025-03-11T19:14:31Z,2025-03-12T06:53:31Z,20250311,845,1,195,39,2,5,12,3,2,6615,1,56.2,17.0,38.0,483.0,627.0,699.0,False,False,True,True,SYNTHETIC_DEMO_DATA
2962,INC-00002962,2026-03-05T16:42:57Z,2026-03-05T16:55:57Z,2026-03-05T17:49:57Z,2026-03-05T19:38:57Z,2026-03-06T01:12:57Z,2026-03-06T07:58:57Z,20260305,1640,1,66,31,2,5,5,1,2,14105,1,52.5,13.0,67.0,176.0,510.0,406.0,False,False,False,True,SYNTHETIC_DEMO_DATA
2963,INC-00002963,2025-02-17T09:51:15Z,2025-02-17T10:17:15Z,2025-02-17T10:23:15Z,2025-02-17T13:06:15Z,2025-02-17T16:02:15Z,2025-02-18T01:45:15Z,20250217,950,1,178,29,3,5,17,1,3,5087,1,71.6,26.0,32.0,195.0,371.0,583.0,False,False,False,True,SYNTHETIC_DEMO_DATA
2964,INC-00002964,2026-06-02T15:35:12Z,2026-06-02T15:48:12Z,2026-06-02T16:01:12Z,2026-06-02T16:41:12Z,2026-06-02T20:56:12Z,2026-06-03T03:42:12Z,20260602,1535,1,86,37,3,5,10,1,3,12412,1,79.1,13.0,26.0,66.0,321.0,406.0,False,False,False,True,SYNTHETIC_DEMO_DATA
2965,INC-00002965,2026-07-06T12:31:33Z,2026-07-06T12:57:33Z,2026-07-06T13:21:33Z,2026-07-06T13:58:33Z,2026-07-06T15:54:33Z,2026-07-06T23:54:33Z,20260706,1230,2,202,21,4,5,4,3,4,13650,1,90.1,26.0,50.0,87.0,203.0,480.0,True,False,True,True,SYNTHETIC_DEMO_DATA
2966,INC-00002966,2025-10-13T11:26:25Z,2025-10-13T11:40:25Z,2025-10-13T12:08:25Z,2025-10-13T14:08:25Z,2025-10-13T23:48:25Z,2025-10-14T07:36:25Z,20251013,1125,7,11,21,1,5,12,1,1,6825,1,36.7,14.0,42.0,162.0,742.0,468.0,False,False,False,True,SYNTHETIC_DEMO_DATA
2967,INC-00002967,2025-05-05T03:41:24Z,2025-05-05T03:46:24Z,2025-05-05T04:16:24Z,2025-05-05T05:42:24Z,2025-05-05T06:13:24Z,2025-05-05T18:09:24Z,20250505,340,1,121,36,3,5,7,1,3,8150,1,62.8,5.0,35.0,121.0,152.0,716.0,False,False,False,True,SYNTHETIC_DEMO_DATA
2968,INC-00002968,2026-07-30T15:18:42Z,2026-07-30T15:35:42Z,2026-07-30T15:50:42Z,2026-07-30T18:16:42Z,2026-07-30T20:54:42Z,2026-07-31T01:24:42Z,20260730,1515,6,8,37,2,5,17,1,2,3771,1,45.0,17.0,32.0,178.0,336.0,270.0,False,True,False,True,SYNTHETIC_DEMO_DATA
2969,INC-00002969,2025-06-08T10:01:32Z,2025-06-08T10:24:32Z,2025-06-08T10:51:32Z,2025-06-08T13:09:32Z,2025-06-08T15:29:32Z,2025-06-08T17:12:32Z,20250608,1000,7,31,17,1,5,9,3,1,11356,1,35.2,23.0,50.0,188.0,328.0,103.0,False,False,True,True,SYNTHETIC_DEMO_DATA
2970,INC-00002970,2026-05-31T12:18:06Z,2026-05-31T12:45:06Z,2026-05-31T12:56:06Z,2026-05-31T13:47:06Z,2026-06-01T02:48:06Z,2026-06-01T11:12:06Z,20260531,1215,6,69,2,1,5,2,2,1,5009,1,52.0,27.0,38.0,89.0,870.0,504.0,True,False,True,True,SYNTHETIC_DEMO_DATA
2971,INC-00002971,2025-07-20T15:51:24Z,2025-07-20T16:01:24Z,2025-07-20T16:03:24Z,2025-07-20T18:36:24Z,2025-07-20T19:19:24Z,2025-07-21T00:27:24Z,20250720,1550,5,119,40,2,5,14,1,2,5001,1,48.3,10.0,12.0,165.0,208.0,308.0,False,False,False,True,SYNTHETIC_DEMO_DATA
2972,INC-00002972,2025-06-01T18:18:20Z,,,,,,20250601,1815,7,180,6,2,1,7,0,2,16678,1,36.4,,,,,,False,False,False,False,SYNTHETIC_DEMO_DATA
2973,INC-00002973,2025-09-23T09:30:28Z,2025-09-23T10:34:28Z,2025-09-23T11:02:28Z,2025-09-23T12:20:28Z,2025-09-23T16:02:28Z,2025-09-23T22:02:28Z,20250923,930,6,48,34,2,5,18,1,2,10472,1,52.6,64.0,92.0,170.0,392.0,360.0,False,False,False,True,SYNTHETIC_DEMO_DATA
2974,INC-00002974,2025-03-18T13:51:09Z,2025-03-18T14:00:09Z,2025-03-18T14:06:09Z,2025-03-18T15:25:09Z,2025-03-18T19:19:09Z,2025-03-18T23:50:09Z,20250318,1350,6,21,18,3,5,12,1,3,5685,1,68.3,9.0,15.0,94.0,328.0,271.0,False,False,False,True,SYNTHETIC_DEMO_DATA
2975,INC-00002975,2025-12-22T17:42:37Z,2025-12-22T17:52:37Z,2025-12-22T18:01:37Z,2025-12-23T01:44:37Z,2025-12-23T03:12:37Z,2025-12-23T11:04:37Z,20251222,1740,4,43,4,2,5,4,1,2,13997,1,57.2,10.0,19.0,482.0,570.0,472.0,False,False,False,True,SYNTHETIC_DEMO_DATA
2976,INC-00002976,2025-02-21T11:13:56Z,2025-02-21T11:43:56Z,2025-02-21T12:22:56Z,2025-02-21T13:03:56Z,2025-02-21T13:45:56Z,,20250221,1110,2,97,39,3,4,16,3,3,10978,1,72.3,30.0,69.0,110.0,152.0,,False,False,True,True,SYNTHETIC_DEMO_DATA
2977,INC-00002977,2026-05-18T11:31:40Z,2026-05-18T11:55:40Z,2026-05-18T12:07:40Z,2026-05-18T12:39:40Z,,,20260518,1130,7,213,18,3,3,9,0,3,1688,1,78.0,24.0,36.0,68.0,,,False,False,False,False,SYNTHETIC_DEMO_DATA
2978,INC-00002978,2026-04-05T06:15:03Z,2026-04-05T06:29:03Z,2026-04-05T06:38:03Z,2026-04-05T07:17:03Z,2026-04-05T09:40:03Z,2026-04-05T15:06:03Z,20260405,615,3,92,33,2,5,1,1,2,12970,1,57.3,14.0,23.0,62.0,205.0,326.0,False,False,False,True,SYNTHETIC_DEMO_DATA
2979,INC-00002979,2025-02-16T13:45:15Z,2025-02-16T14:09:15Z,2025-02-16T14:18:15Z,2025-02-16T14:41:15Z,2025-02-16T22:04:15Z,2025-02-17T05:52:15Z,20250216,1345,1,227,1,2,5,12,2,2,16376,1,51.7,24.0,33.0,56.0,499.0,468.0,False,False,True,True,SYNTHETIC_DEMO_DATA
2980,INC-00002980,2025-10-25T01:29:46Z,2025-10-25T01:42:46Z,2025-10-25T02:48:46Z,2025-10-25T04:19:46Z,2025-10-25T07:39:46Z,2025-10-25T13:19:46Z,20251025,125,6,17,10,1,5,4,1,1,8059,1,27.6,13.0,79.0,170.0,370.0,340.0,False,False,False,True,SYNTHETIC_DEMO_DATA
2981,INC-00002981,2026-05-17T12:18:57Z,2026-05-17T12:27:57Z,2026-05-17T13:28:57Z,2026-05-17T16:22:57Z,2026-05-17T20:33:57Z,2026-05-18T06:08:57Z,20260517,1215,5,88,19,2,5,16,1,2,15294,1,68.0,9.0,70.0,244.0,495.0,575.0,True,False,False,True,SYNTHETIC_DEMO_DATA
2982,INC-00002982,2026-03-05T15:04:36Z,2026-03-05T15:16:36Z,2026-03-05T15:32:36Z,2026-03-05T17:17:36Z,2026-03-05T21:53:36Z,2026-03-06T06:25:36Z,20260305,1500,6,144,45,1,5,8,1,1,5740,1,24.2,12.0,28.0,133.0,409.0,512.0,False,False,False,True,SYNTHETIC_DEMO_DATA
2983,INC-00002983,2026-03-11T12:38:35Z,2026-03-11T12:56:35Z,2026-03-11T13:01:35Z,,,,20260311,1235,6,135,44,1,2,1,0,1,14438,1,22.4,18.0,23.0,,,,False,False,False,False,SYNTHETIC_DEMO_DATA
2984,INC-00002984,2025-12-05T13:33:49Z,2025-12-05T13:56:49Z,2025-12-05T14:15:49Z,2025-12-05T14:39:49Z,2025-12-05T18:26:49Z,2025-12-06T01:24:49Z,20251205,1330,1,115,25,2,5,13,1,2,14818,1,53.1,23.0,42.0,66.0,293.0,418.0,False,False,False,True,SYNTHETIC_DEMO_DATA
2985,INC-00002985,2025-10-07T09:13:28Z,2025-10-07T09:33:28Z,2025-10-07T09:41:28Z,2025-10-07T10:23:28Z,2025-10-07T13:07:28Z,2025-10-07T14:59:28Z,20251007,910,1,205,35,1,5,0,1,1,1696,1,37.2,20.0,28.0,70.0,234.0,112.0,False,False,False,True,SYNTHETIC_DEMO_DATA
2986,INC-00002986,2026-04-11T17:59:49Z,2026-04-11T18:09:49Z,2026-04-11T18:29:49Z,2026-04-11T21:55:49Z,2026-04-12T00:27:49Z,2026-04-12T11:30:49Z,20260411,1755,5,176,6,4,5,1,3,4,4956,1,100,10.0,30.0,236.0,388.0,663.0,True,False,True,False,SYNTHETIC_DEMO_DATA
2987,INC-00002987,2026-04-18T14:48:57Z,2026-04-18T16:16:57Z,2026-04-18T16:28:57Z,2026-04-18T17:12:57Z,2026-04-18T22:05:57Z,,20260418,1445,5,109,6,1,4,9,1,1,4099,1,43.4,88.0,100.0,144.0,437.0,,False,False,False,True,SYNTHETIC_DEMO_DATA
2988,INC-00002988,2025-04-14T23:27:18Z,2025-04-14T23:41:18Z,2025-04-15T00:04:18Z,2025-04-15T02:52:18Z,2025-04-15T04:27:18Z,2025-04-15T08:53:18Z,20250414,2325,2,201,43,2,5,3,3,2,16504,1,56.5,14.0,37.0,205.0,300.0,266.0,False,False,True,True,SYNTHETIC_DEMO_DATA
2989,INC-00002989,2026-04-02T15:35:52Z,2026-04-02T15:51:52Z,2026-04-02T16:20:52Z,2026-04-02T16:46:52Z,2026-04-02T17:20:52Z,,20260402,1535,6,16,10,4,4,16,1,4,6394,1,96.8,16.0,45.0,71.0,105.0,,True,False,False,True,SYNTHETIC_DEMO_DATA
2990,INC-00002990,2025-12-01T13:43:35Z,2025-12-01T14:14:35Z,2025-12-01T14:19:35Z,2025-12-01T14:52:35Z,2025-12-01T17:00:35Z,2025-12-01T23:14:35Z,20251201,1340,3,93,13,4,5,9,3,4,6302,1,98.8,31.0,36.0,69.0,197.0,374.0,True,False,True,False,SYNTHETIC_DEMO_DATA
2991,INC-00002991,2026-06-06T15:57:53Z,2026-06-06T16:02:53Z,2026-06-06T16:41:53Z,2026-06-06T16:57:53Z,2026-06-06T18:10:53Z,,20260606,1555,6,24,43,3,4,1,1,3,15343,1,73.6,5.0,44.0,60.0,133.0,,False,False,False,True,SYNTHETIC_DEMO_DATA
2992,INC-00002992,2025-02-08T20:39:12Z,2025-02-08T20:47:12Z,2025-02-08T21:02:12Z,2025-02-08T21:29:12Z,2025-02-09T19:51:12Z,2025-02-09T21:10:12Z,20250208,2035,2,198,43,2,5,11,1,2,11621,1,54.0,8.0,23.0,50.0,1392.0,79.0,True,False,False,True,SYNTHETIC_DEMO_DATA
2993,INC-00002993,2026-07-28T12:37:55Z,2026-07-28T12:39:55Z,2026-07-28T12:57:55Z,,,,20260728,1235,1,62,21,3,2,5,0,3,11482,1,58.6,2.0,20.0,,,,False,False,False,False,SYNTHETIC_DEMO_DATA
2994,INC-00002994,2025-07-14T12:42:09Z,2025-07-14T13:22:09Z,2025-07-14T13:31:09Z,2025-07-14T15:18:09Z,2025-07-14T21:22:09Z,,20250714,1240,3,51,10,2,4,15,1,2,6843,1,62.0,40.0,49.0,156.0,520.0,,False,False,False,True,SYNTHETIC_DEMO_DATA
2995,INC-00002995,2025-06-24T09:08:56Z,2025-06-24T09:26:56Z,2025-06-24T09:38:56Z,2025-06-24T12:43:56Z,2025-06-24T14:57:56Z,2025-06-24T17:57:56Z,20250624,905,5,140,4,1,5,7,1,1,15547,1,48.3,18.0,30.0,215.0,349.0,180.0,False,False,False,True,SYNTHETIC_DEMO_DATA
2996,INC-00002996,2025-06-05T12:38:36Z,2025-06-05T13:18:36Z,2025-06-05T13:39:36Z,2025-06-05T13:58:36Z,2025-06-05T16:53:36Z,2025-06-05T20:58:36Z,20250605,1235,6,240,13,3,5,2,2,3,14426,1,78.5,40.0,61.0,80.0,255.0,245.0,False,False,True,True,SYNTHETIC_DEMO_DATA
2997,INC-00002997,2025-03-03T07:26:06Z,2025-03-03T07:54:06Z,2025-03-03T08:41:06Z,2025-03-03T09:21:06Z,2025-03-03T13:10:06Z,2025-03-03T23:25:06Z,20250303,725,4,100,41,2,5,12,3,2,4164,1,56.5,28.0,75.0,115.0,344.0,615.0,False,False,True,True,SYNTHETIC_DEMO_DATA
2998,INC-00002998,2025-11-19T11:21:54Z,2025-11-19T11:58:54Z,2025-11-19T12:02:54Z,2025-11-19T14:09:54Z,2025-11-19T23:23:54Z,2025-11-20T03:17:54Z,20251119,1120,7,139,17,2,5,5,2,2,13573,1,42.6,37.0,41.0,168.0,722.0,234.0,False,False,True,True,SYNTHETIC_DEMO_DATA
2999,INC-00002999,2026-05-27T15:44:45Z,2026-05-27T16:49:45Z,2026-05-27T17:09:45Z,2026-05-27T19:56:45Z,2026-05-28T00:21:45Z,2026-05-28T12:16:45Z,20260527,1540,2,75,18,1,5,15,1,1,3251,1,36.2,65.0,85.0,252.0,517.0,715.0,False,False,False,True,SYNTHETIC_DEMO_DATA
3000,INC-00003000,2025-07-06T10:02:19Z,,,,,,20250706,1000,3,78,17,2,1,9,0,2,7850,1,55.6,,,,,,False,False,False,False,SYNTHETIC_DEMO_DATA
3001,INC-00003001,2026-01-15T08:30:49Z,2026-01-15T08:34:49Z,2026-01-15T08:49:49Z,2026-01-15T11:25:49Z,2026-01-15T13:13:49Z,,20260115,830,2,138,41,1,4,1,1,1,2056,1,40.2,4.0,19.0,175.0,283.0,,False,False,False,True,SYNTHETIC_DEMO_DATA
3002,INC-00003002,2025-02-05T12:17:59Z,2025-02-05T12:39:59Z,2025-02-05T12:52:59Z,2025-02-05T16:09:59Z,2025-02-05T21:24:59Z,,20250205,1215,4,30,11,1,4,12,1,1,5291,1,35.0,22.0,35.0,232.0,547.0,,False,False,False,True,SYNTHETIC_DEMO_DATA
3003,INC-00003003,2025-06-04T13:12:01Z,2025-06-04T13:22:01Z,2025-06-04T13:39:01Z,2025-06-04T14:12:01Z,2025-06-04T19:45:01Z,,20250604,1310,6,31,43,3,4,7,1,3,13971,1,75.2,10.0,27.0,60.0,393.0,,True,False,False,True,SYNTHETIC_DEMO_DATA
3004,INC-00003004,2025-04-14T17:11:01Z,2025-04-14T17:46:01Z,2025-04-14T18:50:01Z,2025-04-15T02:57:01Z,2025-04-15T03:41:01Z,2025-04-15T15:01:01Z,20250414,1710,1,65,6,1,5,16,3,1,15380,1,37.7,35.0,99.0,586.0,630.0,680.0,False,False,True,True,SYNTHETIC_DEMO_DATA
3005,INC-00003005,2025-12-03T00:17:05Z,2025-12-03T00:28:05Z,2025-12-03T00:55:05Z,2025-12-03T03:24:05Z,2025-12-03T05:38:05Z,2025-12-03T08:31:05Z,20251203,15,7,175,11,2,5,10,1,2,3785,1,46.0,11.0,38.0,187.0,321.0,173.0,False,False,False,True,SYNTHETIC_DEMO_DATA
3006,INC-00003006,2025-10-23T11:36:47Z,2025-10-23T12:21:47Z,2025-10-23T12:27:47Z,2025-10-23T13:57:47Z,2025-10-23T22:46:47Z,2025-10-24T08:46:47Z,20251023,1135,6,41,43,1,5,2,4,1,5927,1,52.4,45.0,51.0,141.0,670.0,600.0,False,False,False,True,SYNTHETIC_DEMO_DATA
3007,INC-00003007,2026-06-29T22:13:03Z,2026-06-29T22:18:03Z,2026-06-29T22:25:03Z,2026-06-30T00:07:03Z,2026-06-30T00:45:03Z,2026-06-30T04:05:03Z,20260629,2210,1,78,4,2,5,14,3,2,9677,1,56.5,5.0,12.0,114.0,152.0,200.0,False,False,True,True,SYNTHETIC_DEMO_DATA
3008,INC-00003008,2026-01-01T14:40:34Z,2026-01-01T14:59:34Z,2026-01-01T15:28:34Z,2026-01-02T00:20:34Z,2026-01-02T02:12:34Z,2026-01-02T13:24:34Z,20260101,1440,6,224,39,2,5,7,4,2,13202,1,42.4,19.0,48.0,580.0,692.0,672.0,False,False,False,True,SYNTHETIC_DEMO_DATA
3009,INC-00003009,2025-03-17T11:01:30Z,2025-03-17T12:14:30Z,2025-03-17T12:40:30Z,2025-03-18T07:29:30Z,2025-03-18T11:45:30Z,2025-03-18T23:00:30Z,20250317,1100,4,16,9,1,5,17,2,1,17543,1,33.1,73.0,99.0,1228.0,1484.0,675.0,False,False,True,True,SYNTHETIC_DEMO_DATA
3010,INC-00003010,2025-08-31T21:24:07Z,2025-08-31T21:49:07Z,2025-08-31T22:06:07Z,2025-08-31T23:04:07Z,2025-09-01T01:27:07Z,2025-09-01T09:09:07Z,20250831,2120,3,145,37,1,5,10,1,1,14592,1,39.0,25.0,42.0,100.0,243.0,462.0,False,False,False,True,SYNTHETIC_DEMO_DATA
3011,INC-00003011,2025-06-21T15:19:50Z,2025-06-21T15:40:50Z,2025-06-21T16:25:50Z,2025-06-21T17:00:50Z,2025-06-22T01:28:50Z,,20250621,1515,6,71,35,1,4,3,1,1,10322,1,29.0,21.0,66.0,101.0,609.0,,False,False,False,True,SYNTHETIC_DEMO_DATA
3012,INC-00003012,2026-05-22T14:11:22Z,2026-05-22T15:06:22Z,2026-05-22T15:15:22Z,2026-05-22T16:03:22Z,2026-05-22T16:59:22Z,,20260522,1410,3,237,41,4,4,17,3,4,5951,1,91.6,55.0,64.0,112.0,168.0,,True,False,True,False,SYNTHETIC_DEMO_DATA
3013,INC-00003013,2025-09-27T08:51:41Z,2025-09-27T09:12:41Z,2025-09-27T09:52:41Z,2025-09-27T11:37:41Z,2025-09-27T13:08:41Z,2025-09-27T22:04:41Z,20250927,850,6,230,35,2,5,8,4,2,8927,1,60.9,21.0,61.0,166.0,257.0,536.0,False,False,False,True,SYNTHETIC_DEMO_DATA
3014,INC-00003014,2026-02-11T15:30:16Z,2026-02-11T15:49:16Z,2026-02-11T16:17:16Z,2026-02-11T16:53:16Z,2026-02-11T17:24:16Z,2026-02-12T02:29:16Z,20260211,1530,1,218,4,2,5,1,3,2,8608,1,69.9,19.0,47.0,83.0,114.0,545.0,True,False,True,True,SYNTHETIC_DEMO_DATA
3015,INC-00003015,2025-10-07T07:44:57Z,2025-10-07T07:55:57Z,2025-10-07T08:09:57Z,2025-10-07T08:59:57Z,2025-10-07T13:23:57Z,2025-10-07T20:30:57Z,20251007,740,6,46,18,4,5,14,1,4,1222,1,100,11.0,25.0,75.0,339.0,427.0,True,False,False,True,SYNTHETIC_DEMO_DATA
3016,INC-00003016,2025-02-05T00:41:51Z,2025-02-05T00:48:51Z,2025-02-05T01:02:51Z,2025-02-05T02:00:51Z,2025-02-05T05:48:51Z,,20250205,40,5,240,26,2,4,5,4,2,4216,1,58.1,7.0,21.0,79.0,307.0,,False,False,False,True,SYNTHETIC_DEMO_DATA
3017,INC-00003017,2026-02-05T15:08:51Z,2026-02-05T15:15:51Z,2026-02-05T15:36:51Z,2026-02-05T16:00:51Z,2026-02-05T17:57:51Z,2026-02-06T03:56:51Z,20260205,1505,5,206,40,3,5,17,2,3,1566,1,65.2,7.0,28.0,52.0,169.0,599.0,False,False,True,True,SYNTHETIC_DEMO_DATA
3018,INC-00003018,2025-03-21T12:33:14Z,2025-03-21T13:03:14Z,2025-03-21T13:11:14Z,2025-03-21T14:46:14Z,,,20250321,1230,3,174,36,1,3,8,0,1,15817,1,34.0,30.0,38.0,133.0,,,False,False,False,False,SYNTHETIC_DEMO_DATA
3019,INC-00003019,2025-09-04T12:07:46Z,2025-09-04T12:41:46Z,2025-09-04T13:25:46Z,2025-09-04T14:30:46Z,2025-09-04T16:52:46Z,2025-09-04T23:15:46Z,20250904,1205,5,30,32,3,5,3,1,3,9996,1,67.1,34.0,78.0,143.0,285.0,383.0,False,False,False,True,SYNTHETIC_DEMO_DATA
3020,INC-00003020,2026-01-15T00:51:07Z,2026-01-15T01:18:07Z,2026-01-15T01:36:07Z,2026-01-15T02:26:07Z,2026-01-15T06:28:07Z,2026-01-15T17:05:07Z,20260115,50,3,176,25,2,5,13,3,2,16583,1,63.3,27.0,45.0,95.0,337.0,637.0,False,False,True,True,SYNTHETIC_DEMO_DATA
3021,INC-00003021,2026-07-09T19:21:41Z,2026-07-09T19:25:41Z,2026-07-09T19:37:41Z,2026-07-09T20:05:41Z,2026-07-09T23:31:41Z,2026-07-10T04:05:41Z,20260709,1920,6,230,10,1,5,5,1,1,11902,1,51.0,4.0,16.0,44.0,250.0,274.0,False,True,False,True,SYNTHETIC_DEMO_DATA
3022,INC-00003022,2026-06-03T12:25:55Z,2026-06-03T14:54:55Z,2026-06-03T15:14:55Z,2026-06-03T15:46:55Z,2026-06-03T17:18:55Z,2026-06-04T02:00:55Z,20260603,1225,4,127,12,1,5,16,2,1,4677,1,40.7,149.0,169.0,201.0,293.0,522.0,False,False,True,True,SYNTHETIC_DEMO_DATA
3023,INC-00003023,2025-12-04T06:34:36Z,2025-12-04T06:42:36Z,2025-12-04T06:51:36Z,2025-12-04T07:14:36Z,2025-12-04T08:09:36Z,2025-12-04T10:06:36Z,20251204,630,4,123,11,1,5,9,1,1,5050,1,42.1,8.0,17.0,40.0,95.0,117.0,False,False,False,True,SYNTHETIC_DEMO_DATA
3024,INC-00003024,2026-03-25T10:06:50Z,2026-03-25T10:33:50Z,2026-03-25T10:45:50Z,2026-03-25T11:57:50Z,2026-03-25T12:39:50Z,2026-03-25T16:25:50Z,20260325,1005,1,123,3,2,5,3,3,2,4906,1,57.1,27.0,39.0,111.0,153.0,226.0,False,False,True,True,SYNTHETIC_DEMO_DATA
3025,INC-00003025,2026-02-22T15:20:30Z,2026-02-22T15:28:30Z,2026-02-22T16:04:30Z,2026-02-22T20:44:30Z,2026-02-22T21:09:30Z,2026-02-22T21:38:30Z,20260222,1520,6,28,4,3,5,15,1,3,2988,1,81.1,8.0,44.0,324.0,349.0,29.0,True,False,False,True,SYNTHETIC_DEMO_DATA
3026,INC-00003026,2025-05-17T01:15:21Z,2025-05-17T02:15:21Z,2025-05-17T04:34:21Z,2025-05-17T05:47:21Z,2025-05-17T15:50:21Z,,20250517,115,2,221,36,2,4,7,1,2,995,1,69.6,60.0,199.0,272.0,875.0,,False,False,False,True,SYNTHETIC_DEMO_DATA
3027,INC-00003027,2026-06-11T09:23:31Z,2026-06-11T09:29:31Z,2026-06-11T09:42:31Z,2026-06-11T11:56:31Z,2026-06-11T13:20:31Z,2026-06-11T21:18:31Z,20260611,920,3,188,10,2,5,18,1,2,17226,1,49.4,6.0,19.0,153.0,237.0,478.0,False,False,False,True,SYNTHETIC_DEMO_DATA
3028,INC-00003028,2025-05-21T08:04:24Z,2025-05-21T09:43:24Z,2025-05-21T09:58:24Z,2025-05-21T10:10:24Z,2025-05-21T11:37:24Z,2025-05-21T19:26:24Z,20250521,800,2,186,41,1,5,10,4,1,10937,1,48.6,99.0,114.0,126.0,213.0,469.0,False,False,False,True,SYNTHETIC_DEMO_DATA
3029,INC-00003029,2026-03-27T18:03:16Z,2026-03-27T18:28:16Z,2026-03-27T19:51:16Z,2026-03-27T22:34:16Z,2026-03-28T11:21:16Z,2026-03-28T13:42:16Z,20260327,1800,2,198,43,1,5,3,3,1,2568,1,23.3,25.0,108.0,271.0,1038.0,141.0,False,False,True,True,SYNTHETIC_DEMO_DATA
3030,INC-00003030,2025-05-24T16:45:43Z,2025-05-24T17:11:43Z,2025-05-24T17:42:43Z,2025-05-24T18:21:43Z,2025-05-24T19:33:43Z,2025-05-25T03:39:43Z,20250524,1645,3,10,32,3,5,16,2,3,7031,1,69.3,26.0,57.0,96.0,168.0,486.0,False,False,True,True,SYNTHETIC_DEMO_DATA
3031,INC-00003031,2025-12-04T05:17:30Z,2025-12-04T05:33:30Z,2025-12-04T05:55:30Z,2025-12-05T11:49:30Z,2025-12-05T18:58:30Z,2025-12-05T22:37:30Z,20251204,515,1,64,23,2,5,8,1,2,10454,1,62.9,16.0,38.0,1832.0,2261.0,219.0,False,False,False,False,SYNTHETIC_DEMO_DATA
3032,INC-00003032,2026-03-05T14:17:08Z,2026-03-05T14:31:08Z,2026-03-05T14:47:08Z,2026-03-05T19:18:08Z,2026-03-06T00:45:08Z,2026-03-06T06:17:08Z,20260305,1415,6,137,42,1,5,18,4,1,2978,1,36.7,14.0,30.0,301.0,628.0,332.0,False,False,False,True,SYNTHETIC_DEMO_DATA
3033,INC-00003033,2026-02-26T16:51:40Z,2026-02-26T17:12:40Z,2026-02-26T17:33:40Z,2026-02-26T20:16:40Z,2026-02-27T11:12:40Z,2026-02-27T14:44:40Z,20260226,1650,5,218,36,1,5,11,1,1,4220,1,40.3,21.0,42.0,205.0,1101.0,212.0,False,False,False,True,SYNTHETIC_DEMO_DATA
3034,INC-00003034,2025-02-14T21:52:13Z,2025-02-14T22:05:13Z,2025-02-14T22:33:13Z,2025-02-15T02:08:13Z,2025-02-15T05:30:13Z,2025-02-15T09:30:13Z,20250214,2150,7,33,28,1,5,4,3,1,3186,1,41.1,13.0,41.0,256.0,458.0,240.0,False,False,True,True,SYNTHETIC_DEMO_DATA
3035,INC-00003035,2025-03-19T12:21:23Z,2025-03-19T12:45:23Z,2025-03-19T13:12:23Z,2025-03-19T14:31:23Z,2025-03-20T01:03:23Z,2025-03-20T11:21:23Z,20250319,1220,1,56,17,1,5,15,3,1,15162,1,42.5,24.0,51.0,130.0,762.0,618.0,False,False,True,True,SYNTHETIC_DEMO_DATA
3036,INC-00003036,2026-02-09T14:18:00Z,2026-02-09T14:43:00Z,2026-02-09T15:12:00Z,2026-02-09T15:47:00Z,2026-02-09T23:51:00Z,2026-02-10T02:47:00Z,20260209,1415,6,43,16,3,5,10,1,3,4986,1,82.7,25.0,54.0,89.0,573.0,176.0,True,False,False,True,SYNTHETIC_DEMO_DATA
3037,INC-00003037,2025-02-10T23:18:50Z,2025-02-10T23:41:50Z,2025-02-11T00:21:50Z,2025-02-11T05:53:50Z,2025-02-11T07:55:50Z,2025-02-11T18:33:50Z,20250210,2315,5,154,34,1,5,1,3,1,9863,1,44.7,23.0,63.0,395.0,517.0,638.0,False,False,True,True,SYNTHETIC_DEMO_DATA
3038,INC-00003038,2026-03-03T20:47:02Z,2026-03-03T21:27:02Z,2026-03-03T21:40:02Z,2026-03-03T22:53:02Z,2026-03-04T08:58:02Z,2026-03-04T09:50:02Z,20260303,2045,3,74,27,3,5,14,1,3,14795,1,66.3,40.0,53.0,126.0,731.0,52.0,False,False,False,True,SYNTHETIC_DEMO_DATA
3039,INC-00003039,2026-06-14T12:19:36Z,2026-06-14T12:51:36Z,2026-06-14T13:23:36Z,2026-06-14T14:07:36Z,2026-06-14T17:00:36Z,2026-06-14T21:49:36Z,20260614,1215,6,102,18,2,5,6,2,2,5289,1,56.0,32.0,64.0,108.0,281.0,289.0,False,False,True,True,SYNTHETIC_DEMO_DATA
3040,INC-00003040,2025-07-24T10:26:35Z,2025-07-24T10:45:35Z,2025-07-24T11:10:35Z,2025-07-24T12:29:35Z,2025-07-25T03:07:35Z,2025-07-25T12:43:35Z,20250724,1025,7,158,37,2,5,17,1,2,6428,1,62.3,19.0,44.0,123.0,1001.0,576.0,False,False,False,True,SYNTHETIC_DEMO_DATA
3041,INC-00003041,2025-07-18T09:20:42Z,2025-07-18T13:11:42Z,2025-07-18T13:23:42Z,2025-07-18T14:39:42Z,2025-07-18T16:17:42Z,2025-07-18T22:22:42Z,20250718,920,6,13,21,1,5,9,1,1,3617,1,34.1,231.0,243.0,319.0,417.0,365.0,False,False,False,True,SYNTHETIC_DEMO_DATA
3042,INC-00003042,2025-07-23T16:17:38Z,2025-07-23T16:23:38Z,2025-07-23T16:35:38Z,2025-07-23T16:58:38Z,2025-07-23T21:52:38Z,2025-07-24T03:51:38Z,20250723,1615,7,75,2,3,5,4,4,3,3167,1,72.7,6.0,18.0,41.0,335.0,359.0,False,False,False,True,SYNTHETIC_DEMO_DATA
3043,INC-00003043,2025-05-03T09:43:37Z,2025-05-03T09:49:37Z,2025-05-03T09:58:37Z,2025-05-03T11:23:37Z,2025-05-03T13:56:37Z,2025-05-03T18:43:37Z,20250503,940,1,86,13,1,5,13,1,1,13956,1,50.9,6.0,15.0,100.0,253.0,287.0,False,False,False,True,SYNTHETIC_DEMO_DATA
3044,INC-00003044,2025-04-23T17:37:30Z,2025-04-23T18:10:30Z,2025-04-23T18:54:30Z,2025-04-23T19:34:30Z,2025-04-24T01:01:30Z,,20250423,1735,2,75,15,2,4,7,1,2,1725,1,50.3,33.0,77.0,117.0,444.0,,False,False,False,True,SYNTHETIC_DEMO_DATA
3045,INC-00003045,2025-03-28T15:46:17Z,2025-03-28T16:02:17Z,2025-03-28T16:26:17Z,2025-03-28T20:05:17Z,2025-03-29T00:31:17Z,2025-03-29T03:37:17Z,20250328,1545,7,167,11,2,5,18,1,2,2204,1,67.5,16.0,40.0,259.0,525.0,186.0,False,False,False,True,SYNTHETIC_DEMO_DATA
3046,INC-00003046,2026-06-22T08:53:39Z,2026-06-22T09:37:39Z,2026-06-22T09:56:39Z,2026-06-22T10:27:39Z,2026-06-22T14:20:39Z,2026-06-23T01:27:39Z,20260622,850,6,234,30,1,5,10,1,1,17903,1,29.7,44.0,63.0,94.0,327.0,667.0,False,False,False,True,SYNTHETIC_DEMO_DATA
3047,INC-00003047,2026-07-20T08:27:28Z,2026-07-20T08:36:28Z,2026-07-20T08:52:28Z,2026-07-20T10:39:28Z,2026-07-20T11:39:28Z,2026-07-20T11:57:28Z,20260720,825,6,170,35,2,5,4,1,2,5019,1,63.3,9.0,25.0,132.0,192.0,18.0,True,False,False,True,SYNTHETIC_DEMO_DATA
3048,INC-00003048,2026-03-02T07:24:48Z,2026-03-02T07:34:48Z,2026-03-02T08:31:48Z,2026-03-02T09:47:48Z,2026-03-02T11:59:48Z,2026-03-02T14:43:48Z,20260302,720,7,207,7,2,5,15,1,2,12547,1,36.1,10.0,67.0,143.0,275.0,164.0,False,False,False,True,SYNTHETIC_DEMO_DATA
3049,INC-00003049,2026-07-22T08:19:10Z,2026-07-22T08:25:10Z,2026-07-22T08:34:10Z,,,,20260722,815,4,65,45,4,2,10,0,4,16242,1,92.8,6.0,15.0,,,,True,False,False,False,SYNTHETIC_DEMO_DATA
3050,INC-00003050,2025-03-23T11:34:48Z,2025-03-23T12:02:48Z,2025-03-23T12:20:48Z,2025-03-23T15:39:48Z,2025-03-23T17:36:48Z,2025-03-24T02:16:48Z,20250323,1130,6,59,8,2,5,1,3,2,5827,1,65.2,28.0,46.0,245.0,362.0,520.0,False,False,True,True,SYNTHETIC_DEMO_DATA
3051,INC-00003051,2026-03-02T18:45:06Z,2026-03-02T19:14:06Z,2026-03-02T19:45:06Z,2026-03-02T20:17:06Z,2026-03-03T04:50:06Z,2026-03-03T05:54:06Z,20260302,1845,1,213,15,2,5,12,3,2,1957,1,57.5,29.0,60.0,92.0,605.0,64.0,False,False,True,True,SYNTHETIC_DEMO_DATA
3052,INC-00003052,2026-01-29T16:00:40Z,2026-01-29T16:26:40Z,2026-01-29T17:11:40Z,2026-01-29T19:34:40Z,2026-01-29T22:29:40Z,2026-01-30T05:05:40Z,20260129,1600,1,98,4,1,5,4,1,1,3691,1,31.9,26.0,71.0,214.0,389.0,396.0,False,False,False,True,SYNTHETIC_DEMO_DATA
3053,INC-00003053,2025-02-20T09:36:47Z,2025-02-20T09:51:47Z,2025-02-20T10:21:47Z,2025-02-20T11:18:47Z,2025-02-20T14:38:47Z,2025-02-20T18:14:47Z,20250220,935,3,204,29,1,5,15,1,1,14392,1,45.3,15.0,45.0,102.0,302.0,216.0,False,False,False,True,SYNTHETIC_DEMO_DATA
3054,INC-00003054,2025-03-12T01:29:57Z,2025-03-12T01:33:57Z,2025-03-12T01:57:57Z,2025-03-12T03:43:57Z,2025-03-12T06:21:57Z,2025-03-12T11:28:57Z,20250312,125,7,151,5,4,5,11,1,4,1807,1,95.6,4.0,28.0,134.0,292.0,307.0,True,False,False,True,SYNTHETIC_DEMO_DATA
3055,INC-00003055,2025-12-22T14:37:23Z,2025-12-22T14:50:23Z,2025-12-22T15:08:23Z,2025-12-22T17:41:23Z,2025-12-22T19:27:23Z,2025-12-23T04:56:23Z,20251222,1435,3,113,10,2,5,2,3,2,12922,1,65.5,13.0,31.0,184.0,290.0,569.0,False,False,True,True,SYNTHETIC_DEMO_DATA
3056,INC-00003056,2026-06-30T20:33:44Z,2026-06-30T20:58:44Z,2026-06-30T21:24:44Z,2026-06-30T22:14:44Z,2026-07-01T00:01:44Z,2026-07-01T01:18:44Z,20260630,2030,6,101,6,4,5,15,1,4,8190,1,94.3,25.0,51.0,101.0,208.0,77.0,True,False,False,True,SYNTHETIC_DEMO_DATA
3057,INC-00003057,2025-09-29T19:57:19Z,2025-09-29T20:20:19Z,2025-09-29T20:34:19Z,2025-09-29T21:16:19Z,2025-09-30T04:38:19Z,2025-09-30T11:57:19Z,20250929,1955,5,89,27,2,5,6,1,2,8296,1,46.9,23.0,37.0,79.0,521.0,439.0,False,False,False,True,SYNTHETIC_DEMO_DATA
3058,INC-00003058,2025-08-26T17:53:30Z,2025-08-26T18:33:30Z,2025-08-26T18:45:30Z,2025-08-26T21:20:30Z,2025-08-26T23:34:30Z,2025-08-27T04:01:30Z,20250826,1750,5,100,15,1,5,16,2,1,9288,1,57.2,40.0,52.0,207.0,341.0,267.0,True,False,True,True,SYNTHETIC_DEMO_DATA
3059,INC-00003059,2025-07-03T09:08:57Z,2025-07-03T09:49:57Z,2025-07-03T09:59:57Z,2025-07-03T13:47:57Z,2025-07-03T21:25:57Z,2025-07-04T07:07:57Z,20250703,905,6,159,18,1,5,9,1,1,2391,1,41.8,41.0,51.0,279.0,737.0,582.0,False,False,False,True,SYNTHETIC_DEMO_DATA
3060,INC-00003060,2025-11-21T08:20:47Z,2025-11-21T08:45:47Z,2025-11-21T08:54:47Z,2025-11-21T09:44:47Z,2025-11-21T12:15:47Z,2025-11-21T16:51:47Z,20251121,820,2,86,1,3,5,4,1,3,12735,1,79.9,25.0,34.0,84.0,235.0,276.0,False,False,False,True,SYNTHETIC_DEMO_DATA
3061,INC-00003061,2025-12-05T12:25:58Z,2025-12-05T12:42:58Z,2025-12-05T12:53:58Z,2025-12-05T14:23:58Z,2025-12-05T17:41:58Z,2025-12-05T22:33:58Z,20251205,1225,4,235,5,1,5,13,3,1,16127,1,48.2,17.0,28.0,118.0,316.0,292.0,False,False,True,True,SYNTHETIC_DEMO_DATA
3062,INC-00003062,2026-07-29T17:17:19Z,2026-07-29T17:32:19Z,2026-07-29T17:39:19Z,2026-07-29T20:47:19Z,2026-07-30T05:02:19Z,,20260729,1715,3,152,15,1,4,6,1,1,10995,1,34.3,15.0,22.0,210.0,705.0,,False,False,False,True,SYNTHETIC_DEMO_DATA
3063,INC-00003063,2026-05-28T18:46:59Z,2026-05-28T19:45:59Z,2026-05-28T20:16:59Z,2026-05-28T22:10:59Z,2026-05-28T23:58:59Z,2026-05-29T06:05:59Z,20260528,1845,7,74,38,2,5,18,1,2,12318,1,51.7,59.0,90.0,204.0,312.0,367.0,False,False,False,True,SYNTHETIC_DEMO_DATA
3064,INC-00003064,2026-05-23T14:16:53Z,2026-05-23T14:29:53Z,2026-05-23T15:05:53Z,2026-05-23T16:21:53Z,2026-05-23T18:27:53Z,2026-05-24T01:47:53Z,20260523,1415,1,136,3,1,5,10,4,1,5713,1,46.3,13.0,49.0,125.0,251.0,440.0,False,False,False,True,SYNTHETIC_DEMO_DATA
3065,INC-00003065,2025-11-01T16:15:25Z,2025-11-01T16:33:25Z,2025-11-01T17:09:25Z,2025-11-01T18:08:25Z,2025-11-01T20:34:25Z,2025-11-02T03:21:25Z,20251101,1615,1,132,7,2,5,4,1,2,12950,1,62.0,18.0,54.0,113.0,259.0,407.0,False,False,False,True,SYNTHETIC_DEMO_DATA
3066,INC-00003066,2026-04-14T08:24:35Z,2026-04-14T08:29:35Z,2026-04-14T08:45:35Z,2026-04-14T09:32:35Z,2026-04-14T10:51:35Z,2026-04-14T11:20:35Z,20260414,820,2,96,4,3,5,16,1,3,13528,1,77.0,5.0,21.0,68.0,147.0,29.0,False,False,False,True,SYNTHETIC_DEMO_DATA
3067,INC-00003067,2025-06-02T11:56:32Z,2025-06-02T12:26:32Z,2025-06-02T12:34:32Z,2025-06-02T13:40:32Z,2025-06-02T21:37:32Z,2025-06-03T05:22:32Z,20250602,1155,2,95,22,1,5,7,1,1,3308,1,47.8,30.0,38.0,104.0,581.0,465.0,False,False,False,True,SYNTHETIC_DEMO_DATA
3068,INC-00003068,2025-02-12T08:39:43Z,2025-02-12T09:31:43Z,2025-02-12T09:54:43Z,2025-02-12T12:32:43Z,2025-02-12T18:51:43Z,2025-02-13T06:25:43Z,20250212,835,6,60,40,1,5,18,3,1,1271,1,45.8,52.0,75.0,233.0,612.0,694.0,False,False,True,True,SYNTHETIC_DEMO_DATA
3069,INC-00003069,2025-04-07T20:32:40Z,2025-04-07T20:39:40Z,2025-04-07T20:51:40Z,2025-04-07T21:12:40Z,2025-04-07T22:25:40Z,2025-04-08T04:43:40Z,20250407,2030,4,212,17,3,5,13,3,3,7122,1,93.2,7.0,19.0,40.0,113.0,378.0,True,False,True,True,SYNTHETIC_DEMO_DATA
3070,INC-00003070,2026-04-04T10:59:37Z,2026-04-04T11:08:37Z,2026-04-04T12:06:37Z,2026-04-04T12:32:37Z,2026-04-04T14:18:37Z,2026-04-05T00:20:37Z,20260404,1055,6,198,35,2,5,5,1,2,7161,1,37.4,9.0,67.0,93.0,199.0,602.0,False,False,False,True,SYNTHETIC_DEMO_DATA
3071,INC-00003071,2026-06-10T01:02:41Z,2026-06-10T01:52:41Z,2026-06-10T01:58:41Z,2026-06-10T03:16:41Z,2026-06-10T06:55:41Z,2026-06-10T15:06:41Z,20260610,100,2,165,35,1,5,15,2,1,4093,1,34.6,50.0,56.0,134.0,353.0,491.0,False,False,True,True,SYNTHETIC_DEMO_DATA
3072,INC-00003072,2026-02-21T08:46:49Z,2026-02-21T08:54:49Z,2026-02-21T09:10:49Z,2026-02-21T09:36:49Z,2026-02-21T16:16:49Z,2026-02-22T03:30:49Z,20260221,845,6,1,13,3,5,10,1,3,17341,1,72.1,8.0,24.0,50.0,450.0,674.0,False,False,False,True,SYNTHETIC_DEMO_DATA
3073,INC-00003073,2025-03-19T08:21:28Z,2025-03-19T08:46:28Z,2025-03-19T09:21:28Z,2025-03-19T09:49:28Z,2025-03-20T00:17:28Z,2025-03-20T05:59:28Z,20250319,820,5,215,29,1,5,1,1,1,4193,1,30.8,25.0,60.0,88.0,956.0,342.0,False,False,False,True,SYNTHETIC_DEMO_DATA
3074,INC-00003074,2026-06-22T11:30:32Z,2026-06-22T11:39:32Z,2026-06-22T12:14:32Z,2026-06-22T12:39:32Z,2026-06-22T13:52:32Z,,20260622,1130,7,182,11,4,4,15,3,4,13219,1,92.0,9.0,44.0,69.0,142.0,,True,True,True,True,SYNTHETIC_DEMO_DATA
3075,INC-00003075,2026-01-27T15:45:53Z,2026-01-27T16:01:53Z,2026-01-27T16:24:53Z,2026-01-27T18:14:53Z,2026-01-27T20:14:53Z,2026-01-28T07:59:53Z,20260127,1545,6,9,12,1,5,5,3,1,11616,1,26.2,16.0,39.0,149.0,269.0,705.0,False,False,True,True,SYNTHETIC_DEMO_DATA
3076,INC-00003076,2025-02-16T16:52:26Z,2025-02-16T17:24:26Z,2025-02-16T17:43:26Z,2025-02-16T20:27:26Z,2025-02-16T23:34:26Z,2025-02-17T05:48:26Z,20250216,1650,7,226,39,1,5,16,2,1,4331,1,45.8,32.0,51.0,215.0,402.0,374.0,False,False,True,True,SYNTHETIC_DEMO_DATA
3077,INC-00003077,2025-06-05T16:20:00Z,2025-06-05T16:43:00Z,2025-06-05T17:57:00Z,2025-06-05T18:27:00Z,2025-06-05T23:27:00Z,2025-06-06T10:07:00Z,20250605,1620,5,47,16,1,5,9,4,1,12981,1,42.4,23.0,97.0,127.0,427.0,640.0,False,False,False,True,SYNTHETIC_DEMO_DATA
3078,INC-00003078,2026-02-01T19:07:06Z,2026-02-01T19:53:06Z,2026-02-01T20:12:06Z,2026-02-02T01:52:06Z,2026-02-02T07:06:06Z,2026-02-02T17:47:06Z,20260201,1905,3,181,41,2,5,3,1,2,6357,1,60.2,46.0,65.0,405.0,719.0,641.0,False,False,False,True,SYNTHETIC_DEMO_DATA
3079,INC-00003079,2025-08-31T13:05:55Z,2025-08-31T14:13:55Z,2025-08-31T14:25:55Z,2025-08-31T15:32:55Z,2025-08-31T16:28:55Z,2025-08-31T19:10:55Z,20250831,1305,7,109,27,2,5,14,3,2,6977,1,62.2,68.0,80.0,147.0,203.0,162.0,False,False,True,True,SYNTHETIC_DEMO_DATA
3080,INC-00003080,2026-06-27T08:32:31Z,2026-06-27T08:53:31Z,2026-06-27T09:14:31Z,2026-06-27T09:48:31Z,2026-06-27T11:06:31Z,2026-06-27T16:38:31Z,20260627,830,3,76,22,3,5,8,1,3,2939,1,75.0,21.0,42.0,76.0,154.0,332.0,True,False,False,True,SYNTHETIC_DEMO_DATA
3081,INC-00003081,2026-01-27T17:10:06Z,2026-01-27T17:31:06Z,2026-01-27T18:14:06Z,2026-01-27T18:55:06Z,2026-01-27T21:34:06Z,2026-01-28T07:33:06Z,20260127,1710,6,38,1,2,5,18,2,2,13958,1,56.3,21.0,64.0,105.0,264.0,599.0,False,False,True,True,SYNTHETIC_DEMO_DATA
3082,INC-00003082,2026-05-13T18:04:51Z,2026-05-13T18:28:51Z,2026-05-13T18:49:51Z,2026-05-13T20:03:51Z,2026-05-13T22:23:51Z,2026-05-14T02:17:51Z,20260513,1800,1,13,23,1,5,10,3,1,5275,1,32.3,24.0,45.0,119.0,259.0,234.0,False,False,True,True,SYNTHETIC_DEMO_DATA
3083,INC-00003083,2026-06-25T21:51:30Z,2026-06-25T22:47:30Z,2026-06-25T23:01:30Z,2026-06-25T23:52:30Z,2026-06-26T05:14:30Z,,20260625,2150,5,143,34,1,4,3,1,1,5142,1,30.2,56.0,70.0,121.0,443.0,,False,False,False,True,SYNTHETIC_DEMO_DATA
3084,INC-00003084,2026-05-05T17:17:46Z,2026-05-05T18:17:46Z,2026-05-05T19:04:46Z,2026-05-05T21:47:46Z,2026-05-06T00:24:46Z,2026-05-06T01:28:46Z,20260505,1715,7,183,36,2,5,15,1,2,16638,1,53.9,60.0,107.0,270.0,427.0,64.0,False,False,False,True,SYNTHETIC_DEMO_DATA
3085,INC-00003085,2026-07-31T10:02:01Z,2026-07-31T10:11:01Z,2026-07-31T10:14:01Z,2026-07-31T11:09:01Z,2026-07-31T16:23:01Z,2026-07-31T18:13:01Z,20260731,1000,2,32,18,4,5,10,1,4,15471,1,100,9.0,12.0,67.0,381.0,110.0,True,False,False,True,SYNTHETIC_DEMO_DATA
3086,INC-00003086,2025-04-01T11:13:18Z,2025-04-01T11:18:18Z,2025-04-01T11:58:18Z,2025-04-01T12:28:18Z,2025-04-01T13:30:18Z,2025-04-01T19:29:18Z,20250401,1110,4,41,45,1,5,18,1,1,15068,1,48.2,5.0,45.0,75.0,137.0,359.0,False,False,False,True,SYNTHETIC_DEMO_DATA
3087,INC-00003087,2025-03-25T16:50:31Z,2025-03-25T16:59:31Z,2025-03-25T17:16:31Z,2025-03-25T19:13:31Z,2025-03-25T23:48:31Z,2025-03-26T00:01:31Z,20250325,1650,5,122,3,3,5,13,1,3,8508,1,77.8,9.0,26.0,143.0,418.0,13.0,False,False,False,True,SYNTHETIC_DEMO_DATA
3088,INC-00003088,2026-06-26T02:49:24Z,2026-06-26T03:05:24Z,2026-06-26T03:36:24Z,2026-06-26T04:01:24Z,2026-06-27T06:34:24Z,2026-06-27T10:05:24Z,20260626,245,1,46,4,1,5,4,3,1,5260,1,47.3,16.0,47.0,72.0,1665.0,211.0,False,False,True,True,SYNTHETIC_DEMO_DATA
3089,INC-00003089,2025-10-02T17:14:02Z,2025-10-02T17:46:02Z,2025-10-02T18:23:02Z,2025-10-02T20:04:02Z,2025-10-02T21:13:02Z,2025-10-03T05:16:02Z,20251002,1710,5,145,16,1,5,15,2,1,6778,1,39.3,32.0,69.0,170.0,239.0,483.0,False,False,True,True,SYNTHETIC_DEMO_DATA
3090,INC-00003090,2025-06-04T09:00:02Z,2025-06-04T09:55:02Z,2025-06-04T10:06:02Z,,,,20250604,900,6,104,10,4,2,11,0,4,7400,1,100,55.0,66.0,,,,True,False,False,False,SYNTHETIC_DEMO_DATA
3091,INC-00003091,2025-11-03T10:08:10Z,2025-11-03T10:33:10Z,2025-11-03T10:52:10Z,2025-11-03T11:40:10Z,2025-11-03T13:12:10Z,,20251103,1005,1,239,23,2,4,2,1,2,11826,1,72.9,25.0,44.0,92.0,184.0,,True,False,False,True,SYNTHETIC_DEMO_DATA
3092,INC-00003092,2025-10-26T23:50:59Z,2025-10-27T00:12:59Z,2025-10-27T00:26:59Z,2025-10-27T02:35:59Z,2025-10-27T03:49:59Z,2025-10-27T10:36:59Z,20251026,2350,5,31,36,3,5,14,1,3,9409,1,61.8,22.0,36.0,165.0,239.0,407.0,False,False,False,True,SYNTHETIC_DEMO_DATA
3093,INC-00003093,2025-09-05T20:00:40Z,2025-09-05T20:15:40Z,2025-09-05T20:33:40Z,2025-09-05T21:16:40Z,2025-09-06T14:42:40Z,2025-09-07T00:14:40Z,20250905,2000,1,128,28,2,5,6,3,2,1242,1,53.1,15.0,33.0,76.0,1122.0,572.0,False,False,True,True,SYNTHETIC_DEMO_DATA
3094,INC-00003094,2026-02-09T16:45:16Z,2026-02-09T17:45:16Z,2026-02-09T18:16:16Z,2026-02-09T18:37:16Z,2026-02-10T02:50:16Z,2026-02-10T06:48:16Z,20260209,1645,2,30,11,1,5,16,1,1,8161,1,34.9,60.0,91.0,112.0,605.0,238.0,False,False,False,True,SYNTHETIC_DEMO_DATA
3095,INC-00003095,2025-06-22T18:39:52Z,2025-06-22T19:04:52Z,2025-06-22T19:16:52Z,2025-06-22T19:37:52Z,2025-06-22T22:35:52Z,2025-06-23T07:58:52Z,20250622,1835,6,105,17,4,5,12,1,4,8564,1,99.2,25.0,37.0,58.0,236.0,563.0,True,False,False,True,SYNTHETIC_DEMO_DATA
3096,INC-00003096,2025-11-26T13:54:56Z,2025-11-26T14:07:56Z,2025-11-26T14:45:56Z,2025-11-26T15:26:56Z,2025-11-26T16:29:56Z,2025-11-26T17:00:56Z,20251126,1350,3,119,33,3,5,4,3,3,8192,1,71.4,13.0,51.0,92.0,155.0,31.0,False,False,True,True,SYNTHETIC_DEMO_DATA
3097,INC-00003097,2026-01-05T13:52:05Z,2026-01-05T14:24:05Z,2026-01-05T15:15:05Z,2026-01-05T15:44:05Z,2026-01-05T19:05:05Z,2026-01-06T03:09:05Z,20260105,1350,5,78,43,3,5,15,1,3,1099,1,69.2,32.0,83.0,112.0,313.0,484.0,False,False,False,True,SYNTHETIC_DEMO_DATA
3098,INC-00003098,2025-09-11T15:07:11Z,2025-09-11T16:00:11Z,2025-09-11T16:11:11Z,2025-09-11T17:56:11Z,2025-09-12T03:27:11Z,2025-09-12T12:50:11Z,20250911,1505,1,10,30,1,5,6,2,1,13013,1,48.8,53.0,64.0,169.0,740.0,563.0,False,False,True,True,SYNTHETIC_DEMO_DATA
3099,INC-00003099,2026-04-21T23:19:40Z,2026-04-22T00:25:40Z,2026-04-22T00:36:40Z,2026-04-22T02:43:40Z,2026-04-22T04:31:40Z,2026-04-22T15:02:40Z,20260421,2315,3,48,9,2,5,18,1,2,7427,1,53.1,66.0,77.0,204.0,312.0,631.0,False,False,False,True,SYNTHETIC_DEMO_DATA
3100,INC-00003100,2025-07-16T23:18:17Z,2025-07-16T23:47:17Z,2025-07-17T00:13:17Z,2025-07-17T00:32:17Z,2025-07-17T03:54:17Z,,20250716,2315,1,127,40,1,4,10,2,1,1747,1,41.8,29.0,55.0,74.0,276.0,,False,False,True,True,SYNTHETIC_DEMO_DATA
3101,INC-00003101,2025-02-07T19:52:48Z,2025-02-07T20:39:48Z,2025-02-07T20:52:48Z,2025-02-08T01:06:48Z,2025-02-08T02:18:48Z,2025-02-08T10:32:48Z,20250207,1950,6,41,19,1,5,3,1,1,9383,1,50.5,47.0,60.0,314.0,386.0,494.0,False,False,False,True,SYNTHETIC_DEMO_DATA
3102,INC-00003102,2025-12-28T11:15:36Z,2025-12-28T11:36:36Z,2025-12-28T11:59:36Z,2025-12-28T12:50:36Z,2025-12-28T16:37:36Z,2025-12-29T01:16:36Z,20251228,1115,6,37,22,2,5,15,1,2,4452,1,73.8,21.0,44.0,95.0,322.0,519.0,True,False,False,True,SYNTHETIC_DEMO_DATA
3103,INC-00003103,2025-11-18T17:55:03Z,2025-11-18T18:14:03Z,2025-11-18T18:20:03Z,2025-11-18T20:36:03Z,2025-11-19T03:52:03Z,2025-11-19T07:15:03Z,20251118,1755,7,154,11,1,5,7,1,1,8327,1,47.7,19.0,25.0,161.0,597.0,203.0,False,False,False,True,SYNTHETIC_DEMO_DATA
3104,INC-00003104,2025-09-02T00:03:41Z,2025-09-02T00:34:41Z,2025-09-02T00:58:41Z,2025-09-02T02:03:41Z,,,20250902,0,6,78,45,3,3,2,0,3,13334,1,70.8,31.0,55.0,120.0,,,False,False,False,False,SYNTHETIC_DEMO_DATA
3105,INC-00003105,2025-06-26T15:49:22Z,2025-06-26T15:58:22Z,2025-06-26T16:23:22Z,2025-06-26T18:12:22Z,2025-06-27T01:16:22Z,2025-06-27T08:42:22Z,20250626,1545,2,132,4,2,5,12,1,2,12767,1,62.3,9.0,34.0,143.0,567.0,446.0,False,False,False,True,SYNTHETIC_DEMO_DATA
3106,INC-00003106,2025-04-12T09:42:18Z,2025-04-12T09:52:18Z,2025-04-12T10:38:18Z,2025-04-12T11:32:18Z,2025-04-12T12:23:18Z,2025-04-12T21:00:18Z,20250412,940,3,45,19,2,5,5,4,2,9063,1,43.1,10.0,56.0,110.0,161.0,517.0,False,False,False,True,SYNTHETIC_DEMO_DATA
3107,INC-00003107,2026-03-30T18:50:22Z,2026-03-30T19:16:22Z,2026-03-30T19:49:22Z,2026-03-30T21:25:22Z,2026-03-30T22:30:22Z,,20260330,1850,4,65,5,1,4,15,1,1,9459,1,36.7,26.0,59.0,155.0,220.0,,False,False,False,True,SYNTHETIC_DEMO_DATA
3108,INC-00003108,2026-02-04T13:59:59Z,,,,,,20260204,1355,1,53,41,5,1,12,0,5,17123,1,100,,,,,,True,False,False,False,SYNTHETIC_DEMO_DATA
3109,INC-00003109,2025-07-14T09:17:28Z,2025-07-14T10:35:28Z,2025-07-14T11:18:28Z,2025-07-14T16:49:28Z,2025-07-14T17:35:28Z,2025-07-14T23:25:28Z,20250714,915,1,180,8,3,5,3,3,3,4076,1,59.3,78.0,121.0,452.0,498.0,350.0,False,False,True,False,SYNTHETIC_DEMO_DATA
3110,INC-00003110,2025-06-02T07:59:21Z,2025-06-02T08:07:21Z,2025-06-02T08:18:21Z,2025-06-02T09:10:21Z,2025-06-02T09:48:21Z,2025-06-02T11:47:21Z,20250602,755,3,133,19,3,5,14,1,3,16165,1,72.4,8.0,19.0,71.0,109.0,119.0,False,False,False,True,SYNTHETIC_DEMO_DATA
3111,INC-00003111,2025-08-28T06:49:21Z,2025-08-28T07:05:21Z,2025-08-28T07:21:21Z,2025-08-28T07:46:21Z,2025-08-28T11:40:21Z,,20250828,645,2,154,15,1,4,5,3,1,11391,1,41.8,16.0,32.0,57.0,291.0,,False,False,True,True,SYNTHETIC_DEMO_DATA
3112,INC-00003112,2025-12-24T19:05:13Z,2025-12-24T19:19:13Z,2025-12-24T21:30:13Z,2025-12-24T23:21:13Z,2025-12-25T02:30:13Z,2025-12-25T03:22:13Z,20251224,1905,2,87,4,2,5,17,2,2,10276,1,62.8,14.0,145.0,256.0,445.0,52.0,False,False,True,True,SYNTHETIC_DEMO_DATA
3113,INC-00003113,2026-03-09T10:11:19Z,2026-03-09T10:21:19Z,2026-03-09T10:57:19Z,2026-03-09T12:49:19Z,2026-03-09T14:45:19Z,2026-03-09T15:21:19Z,20260309,1010,2,230,25,1,5,9,1,1,4791,1,62.4,10.0,46.0,158.0,274.0,36.0,True,False,False,True,SYNTHETIC_DEMO_DATA
3114,INC-00003114,2025-04-25T19:31:48Z,2025-04-25T19:42:48Z,2025-04-25T19:51:48Z,2025-04-25T20:37:48Z,2025-04-26T07:19:48Z,2025-04-26T16:15:48Z,20250425,1930,7,175,37,3,5,4,2,3,7824,1,63.2,11.0,20.0,66.0,708.0,536.0,False,False,True,True,SYNTHETIC_DEMO_DATA
3115,INC-00003115,2025-05-15T14:07:22Z,2025-05-15T14:47:22Z,2025-05-15T14:59:22Z,2025-05-15T17:11:22Z,2025-05-15T18:34:22Z,2025-05-15T21:16:22Z,20250515,1405,6,22,12,2,5,14,1,2,1180,1,46.5,40.0,52.0,184.0,267.0,162.0,False,False,False,True,SYNTHETIC_DEMO_DATA
3116,INC-00003116,2026-06-12T10:34:50Z,2026-06-12T10:49:50Z,2026-06-12T11:25:50Z,2026-06-12T12:46:50Z,2026-06-12T16:43:50Z,,20260612,1030,3,91,4,3,4,8,1,3,16836,1,72.0,15.0,51.0,132.0,369.0,,False,False,False,True,SYNTHETIC_DEMO_DATA
3117,INC-00003117,2026-07-03T09:42:43Z,2026-07-03T09:59:43Z,2026-07-03T10:23:43Z,2026-07-03T11:03:43Z,2026-07-03T13:40:43Z,2026-07-03T22:35:43Z,20260703,940,5,62,3,2,5,18,3,2,6391,1,51.7,17.0,41.0,81.0,238.0,535.0,False,False,True,True,SYNTHETIC_DEMO_DATA
3118,INC-00003118,2025-07-31T09:02:01Z,2025-07-31T10:52:01Z,2025-07-31T11:18:01Z,2025-07-31T11:35:01Z,2025-07-31T15:30:01Z,2025-07-31T16:44:01Z,20250731,900,3,91,35,1,5,10,1,1,5561,1,40.3,110.0,136.0,153.0,388.0,74.0,False,False,False,True,SYNTHETIC_DEMO_DATA
3119,INC-00003119,2026-06-30T07:54:14Z,2026-06-30T08:10:14Z,2026-06-30T08:47:14Z,,,,20260630,750,2,49,4,1,2,3,0,1,1827,1,28.5,16.0,53.0,,,,False,False,False,False,SYNTHETIC_DEMO_DATA
3120,INC-00003120,2025-03-22T21:36:06Z,2025-03-22T22:15:06Z,2025-03-22T22:40:06Z,2025-03-22T23:45:06Z,2025-03-23T04:56:06Z,2025-03-23T05:19:06Z,20250322,2135,3,38,12,2,5,15,2,2,2519,1,56.1,39.0,64.0,129.0,440.0,23.0,False,False,True,True,SYNTHETIC_DEMO_DATA
3121,INC-00003121,2025-12-13T16:31:38Z,2025-12-13T16:41:38Z,2025-12-13T17:02:38Z,2025-12-13T17:43:38Z,2025-12-14T00:59:38Z,2025-12-14T11:58:38Z,20251213,1630,7,32,20,2,5,8,1,2,13445,1,66.5,10.0,31.0,72.0,508.0,659.0,False,False,False,True,SYNTHETIC_DEMO_DATA
3122,INC-00003122,2025-02-22T11:49:26Z,2025-02-22T12:13:26Z,2025-02-22T12:23:26Z,2025-02-22T13:28:26Z,2025-02-22T15:01:26Z,2025-02-22T20:01:26Z,20250222,1145,6,5,24,1,5,18,1,1,4302,1,54.1,24.0,34.0,99.0,192.0,300.0,False,False,False,True,SYNTHETIC_DEMO_DATA
3123,INC-00003123,2025-05-20T17:11:13Z,2025-05-20T17:35:13Z,2025-05-20T18:50:13Z,2025-05-20T21:04:13Z,2025-05-20T22:01:13Z,,20250520,1710,6,157,27,3,4,13,3,3,7779,1,57.1,24.0,99.0,233.0,290.0,,False,False,True,True,SYNTHETIC_DEMO_DATA
3124,INC-00003124,2026-03-09T08:01:00Z,2026-03-09T08:32:00Z,2026-03-09T09:23:00Z,2026-03-09T10:15:00Z,2026-03-09T10:53:00Z,,20260309,800,3,123,22,1,4,4,1,1,14652,1,54.3,31.0,82.0,134.0,172.0,,True,False,False,True,SYNTHETIC_DEMO_DATA
3125,INC-00003125,2026-05-21T15:01:29Z,2026-05-21T16:05:29Z,2026-05-21T16:49:29Z,2026-05-21T17:15:29Z,2026-05-21T21:53:29Z,2026-05-22T07:12:29Z,20260521,1500,7,201,10,3,5,17,1,3,17046,1,66.9,64.0,108.0,134.0,412.0,559.0,False,False,False,False,SYNTHETIC_DEMO_DATA
3126,INC-00003126,2026-04-12T12:20:54Z,2026-04-12T13:21:54Z,2026-04-12T13:27:54Z,2026-04-12T14:38:54Z,2026-04-12T15:51:54Z,2026-04-13T03:25:54Z,20260412,1220,6,185,17,2,5,9,1,2,15596,1,65.4,61.0,67.0,138.0,211.0,694.0,False,False,False,True,SYNTHETIC_DEMO_DATA
3127,INC-00003127,2025-09-19T17:40:15Z,2025-09-19T18:00:15Z,2025-09-19T18:17:15Z,2025-09-19T18:45:15Z,2025-09-20T11:20:15Z,2025-09-20T20:14:15Z,20250919,1740,6,80,17,2,5,2,2,2,9403,1,43.7,20.0,37.0,65.0,1060.0,534.0,False,True,True,True,SYNTHETIC_DEMO_DATA
3128,INC-00003128,2025-07-23T17:09:41Z,2025-07-23T17:25:41Z,2025-07-23T17:43:41Z,2025-07-23T18:29:41Z,2025-07-23T22:49:41Z,2025-07-24T05:57:41Z,20250723,1705,1,82,23,2,5,13,4,2,4233,1,57.8,16.0,34.0,80.0,340.0,428.0,False,False,False,True,SYNTHETIC_DEMO_DATA
3129,INC-00003129,2026-01-09T19:40:46Z,2026-01-09T19:45:46Z,2026-01-09T20:05:46Z,2026-01-09T22:01:46Z,2026-01-09T23:00:46Z,2026-01-10T10:08:46Z,20260109,1940,5,210,42,3,5,7,1,3,15520,1,64.7,5.0,25.0,141.0,200.0,668.0,False,False,False,True,SYNTHETIC_DEMO_DATA
3130,INC-00003130,2025-06-28T11:08:40Z,2025-06-28T11:13:40Z,2025-06-28T11:27:40Z,2025-06-28T12:40:40Z,2025-06-28T13:25:40Z,2025-06-29T00:18:40Z,20250628,1105,6,62,24,1,5,16,3,1,9,1,32.2,5.0,19.0,92.0,137.0,653.0,False,False,True,True,SYNTHETIC_DEMO_DATA
3131,INC-00003131,2026-04-21T20:48:12Z,2026-04-21T20:56:12Z,2026-04-21T21:01:12Z,2026-04-21T22:25:12Z,2026-04-22T03:35:12Z,2026-04-22T15:13:12Z,20260421,2045,6,36,40,1,5,9,1,1,12309,1,23.5,8.0,13.0,97.0,407.0,698.0,False,False,False,True,SYNTHETIC_DEMO_DATA
3132,INC-00003132,2026-07-09T10:14:28Z,2026-07-09T12:25:28Z,2026-07-09T12:42:28Z,2026-07-09T14:11:28Z,2026-07-09T17:01:28Z,2026-07-10T02:36:28Z,20260709,1010,2,40,11,1,5,2,1,1,3718,1,36.1,131.0,148.0,237.0,407.0,575.0,False,False,False,True,SYNTHETIC_DEMO_DATA
3133,INC-00003133,2026-02-28T10:28:41Z,2026-02-28T10:39:41Z,2026-02-28T10:45:41Z,2026-02-28T11:36:41Z,2026-02-28T22:14:41Z,2026-03-01T02:44:41Z,20260228,1025,2,164,12,2,5,14,1,2,3369,1,54.9,11.0,17.0,68.0,706.0,270.0,False,False,False,True,SYNTHETIC_DEMO_DATA
3134,INC-00003134,2026-04-08T15:49:16Z,2026-04-08T16:48:16Z,2026-04-08T17:03:16Z,2026-04-08T19:56:16Z,2026-04-09T00:02:16Z,2026-04-09T05:28:16Z,20260408,1545,5,200,15,1,5,6,3,1,10168,1,35.9,59.0,74.0,247.0,493.0,326.0,False,False,True,True,SYNTHETIC_DEMO_DATA
3135,INC-00003135,2025-08-21T14:30:53Z,2025-08-21T14:43:53Z,2025-08-21T14:49:53Z,2025-08-21T15:46:53Z,2025-08-21T17:06:53Z,2025-08-21T18:14:53Z,20250821,1430,1,86,10,1,5,17,1,1,10874,1,61.4,13.0,19.0,76.0,156.0,68.0,True,False,False,True,SYNTHETIC_DEMO_DATA
3136,INC-00003136,2026-01-08T05:55:41Z,2026-01-08T07:34:41Z,2026-01-08T08:00:41Z,2026-01-08T10:16:41Z,2026-01-08T21:04:41Z,,20260108,555,5,150,3,1,4,10,1,1,6741,1,46.0,99.0,125.0,261.0,909.0,,False,False,False,True,SYNTHETIC_DEMO_DATA
3137,INC-00003137,2026-07-01T16:10:24Z,2026-07-01T17:02:24Z,2026-07-01T17:20:24Z,,,,20260701,1610,6,146,27,3,2,5,0,3,8026,1,64.3,52.0,70.0,,,,False,False,False,False,SYNTHETIC_DEMO_DATA
3138,INC-00003138,2025-08-01T05:53:51Z,2025-08-01T06:24:51Z,2025-08-01T06:38:51Z,2025-08-01T10:21:51Z,2025-08-01T15:31:51Z,2025-08-01T18:21:51Z,20250801,550,6,16,8,2,5,15,3,2,13922,1,53.6,31.0,45.0,268.0,578.0,170.0,False,False,True,True,SYNTHETIC_DEMO_DATA
3139,INC-00003139,2026-03-18T16:15:48Z,2026-03-18T17:53:48Z,2026-03-18T18:23:48Z,2026-03-18T19:00:48Z,2026-03-18T19:52:48Z,2026-03-19T01:08:48Z,20260318,1615,4,218,34,1,5,7,1,1,2415,1,40.5,98.0,128.0,165.0,217.0,316.0,False,False,False,True,SYNTHETIC_DEMO_DATA
3140,INC-00003140,2025-12-08T03:27:53Z,2025-12-08T03:38:53Z,2025-12-08T03:54:53Z,2025-12-08T05:01:53Z,2025-12-08T12:27:53Z,2025-12-08T17:59:53Z,20251208,325,3,10,27,1,5,18,1,1,12771,1,43.8,11.0,27.0,94.0,540.0,332.0,False,False,False,True,SYNTHETIC_DEMO_DATA
3141,INC-00003141,2026-07-25T21:42:09Z,2026-07-25T21:48:09Z,2026-07-25T21:57:09Z,2026-07-26T02:45:09Z,,,20260725,2140,3,76,37,1,3,11,0,1,13023,1,29.0,6.0,15.0,303.0,,,False,False,False,False,SYNTHETIC_DEMO_DATA
3142,INC-00003142,2025-08-22T11:10:30Z,2025-08-22T11:17:30Z,2025-08-22T11:38:30Z,2025-08-22T12:59:30Z,2025-08-22T19:10:30Z,2025-08-23T05:55:30Z,20250822,1110,3,39,35,1,5,4,2,1,3370,1,33.8,7.0,28.0,109.0,480.0,645.0,False,False,True,True,SYNTHETIC_DEMO_DATA
3143,INC-00003143,2025-03-02T19:28:17Z,2025-03-02T19:43:17Z,2025-03-02T19:54:17Z,2025-03-02T22:11:17Z,2025-03-03T09:58:17Z,2025-03-03T11:53:17Z,20250302,1925,3,36,23,2,5,16,1,2,8655,1,37.6,15.0,26.0,163.0,870.0,115.0,False,False,False,True,SYNTHETIC_DEMO_DATA
3144,INC-00003144,2026-07-06T07:07:39Z,2026-07-06T07:15:39Z,2026-07-06T08:06:39Z,2026-07-06T10:23:39Z,2026-07-06T20:49:39Z,2026-07-06T22:03:39Z,20260706,705,6,64,3,1,5,8,4,1,13281,1,40.5,8.0,59.0,196.0,822.0,74.0,False,False,False,True,SYNTHETIC_DEMO_DATA
3145,INC-00003145,2025-09-14T13:33:48Z,2025-09-14T14:21:48Z,2025-09-14T14:33:48Z,2025-09-14T15:05:48Z,2025-09-14T18:45:48Z,2025-09-15T03:17:48Z,20250914,1330,1,143,19,3,5,3,2,3,9451,1,57.7,48.0,60.0,92.0,312.0,512.0,False,False,True,True,SYNTHETIC_DEMO_DATA
3146,INC-00003146,2025-06-26T10:52:39Z,2025-06-26T11:10:39Z,2025-06-26T11:48:39Z,2025-06-26T12:30:39Z,,,20250626,1050,7,54,20,1,3,12,0,1,740,1,41.4,18.0,56.0,98.0,,,True,False,False,False,SYNTHETIC_DEMO_DATA
3147,INC-00003147,2026-04-27T16:57:34Z,2026-04-27T17:08:34Z,2026-04-27T17:44:34Z,2026-04-27T18:13:34Z,2026-04-27T19:40:34Z,2026-04-27T20:16:34Z,20260427,1655,2,129,31,1,5,5,1,1,6068,1,34.9,11.0,47.0,76.0,163.0,36.0,False,False,False,True,SYNTHETIC_DEMO_DATA
3148,INC-00003148,2025-02-07T16:11:09Z,2025-02-07T16:47:09Z,2025-02-07T17:09:09Z,2025-02-07T17:35:09Z,2025-02-07T19:22:09Z,,20250207,1610,6,16,27,3,4,18,3,3,8889,1,71.2,36.0,58.0,84.0,191.0,,False,False,True,True,SYNTHETIC_DEMO_DATA
3149,INC-00003149,2025-06-02T16:10:27Z,2025-06-02T16:20:27Z,2025-06-02T16:36:27Z,2025-06-02T17:42:27Z,2025-06-02T21:16:27Z,2025-06-03T07:54:27Z,20250602,1610,1,181,6,2,5,10,1,2,1517,1,59.3,10.0,26.0,92.0,306.0,638.0,False,False,False,True,SYNTHETIC_DEMO_DATA
3150,INC-00003150,2026-04-05T15:41:35Z,2026-04-05T15:48:35Z,2026-04-05T16:07:35Z,2026-04-05T21:07:35Z,2026-04-05T21:56:35Z,2026-04-06T06:38:35Z,20260405,1540,5,5,33,1,5,2,1,1,15235,1,53.2,7.0,26.0,326.0,375.0,522.0,False,False,False,True,SYNTHETIC_DEMO_DATA
3151,INC-00003151,2025-04-01T11:01:28Z,2025-04-01T11:08:28Z,2025-04-01T11:29:28Z,2025-04-01T11:58:28Z,2025-04-02T01:19:28Z,2025-04-02T02:04:28Z,20250401,1100,3,196,41,4,5,16,1,4,11049,1,90.2,7.0,28.0,57.0,858.0,45.0,True,False,False,False,SYNTHETIC_DEMO_DATA
3152,INC-00003152,2025-03-25T12:01:10Z,2025-03-25T12:09:10Z,2025-03-25T12:30:10Z,2025-03-25T12:47:10Z,2025-03-25T13:01:10Z,2025-03-25T18:52:10Z,20250325,1200,1,50,12,3,5,8,1,3,15180,1,84.9,8.0,29.0,46.0,60.0,351.0,False,False,False,True,SYNTHETIC_DEMO_DATA
3153,INC-00003153,2025-04-30T12:29:05Z,2025-04-30T12:47:05Z,2025-04-30T13:29:05Z,,,,20250430,1225,1,20,45,1,2,17,0,1,15911,1,40.2,18.0,60.0,,,,False,False,False,False,SYNTHETIC_DEMO_DATA
3154,INC-00003154,2025-05-27T19:10:24Z,2025-05-27T19:44:24Z,2025-05-27T20:39:24Z,2025-05-27T21:08:24Z,2025-05-28T04:54:24Z,2025-05-28T15:35:24Z,20250527,1910,2,3,10,1,5,10,3,1,13937,1,36.5,34.0,89.0,118.0,584.0,641.0,False,False,True,True,SYNTHETIC_DEMO_DATA
3155,INC-00003155,2026-05-29T10:18:51Z,2026-05-29T11:02:51Z,2026-05-29T11:31:51Z,2026-05-29T12:59:51Z,2026-05-29T17:12:51Z,2026-05-29T23:41:51Z,20260529,1015,1,124,42,2,5,4,1,2,2404,1,52.4,44.0,73.0,161.0,414.0,389.0,False,False,False,True,SYNTHETIC_DEMO_DATA
3156,INC-00003156,2025-07-24T15:27:34Z,2025-07-24T15:33:34Z,2025-07-24T15:56:34Z,2025-07-24T16:53:34Z,2025-07-24T19:08:34Z,2025-07-25T02:50:34Z,20250724,1525,3,85,21,2,5,15,3,2,1913,1,46.6,6.0,29.0,86.0,221.0,462.0,False,False,True,True,SYNTHETIC_DEMO_DATA
3157,INC-00003157,2025-04-08T06:46:12Z,2025-04-08T08:46:12Z,2025-04-08T09:58:12Z,2025-04-08T10:58:12Z,2025-04-08T17:52:12Z,2025-04-09T04:02:12Z,20250408,645,3,50,24,2,5,8,4,2,13475,1,77.8,120.0,192.0,252.0,666.0,610.0,True,False,False,True,SYNTHETIC_DEMO_DATA
3158,INC-00003158,2026-03-09T04:58:59Z,2026-03-09T05:29:59Z,2026-03-09T06:16:59Z,2026-03-09T06:34:59Z,2026-03-09T08:37:59Z,2026-03-09T20:14:59Z,20260309,455,1,86,34,3,5,2,1,3,8949,1,77.6,31.0,78.0,96.0,219.0,697.0,False,False,False,True,SYNTHETIC_DEMO_DATA
3159,INC-00003159,2025-07-09T15:00:17Z,2025-07-09T15:13:17Z,2025-07-09T15:32:17Z,2025-07-09T15:39:17Z,2025-07-09T18:32:17Z,2025-07-10T01:30:17Z,20250709,1500,1,118,43,1,5,11,1,1,753,1,45.8,13.0,32.0,39.0,212.0,418.0,False,False,False,True,SYNTHETIC_DEMO_DATA
3160,INC-00003160,2026-07-17T14:59:37Z,2026-07-17T15:25:37Z,2026-07-17T15:35:37Z,,,,20260717,1455,6,13,8,2,2,5,0,2,1114,1,47.4,26.0,36.0,,,,False,False,False,False,SYNTHETIC_DEMO_DATA
3161,INC-00003161,2025-09-23T13:08:53Z,2025-09-23T13:24:53Z,2025-09-23T13:45:53Z,2025-09-23T14:45:53Z,2025-09-23T15:17:53Z,2025-09-23T18:42:53Z,20250923,1305,1,61,2,3,5,17,1,3,11677,1,64.0,16.0,37.0,97.0,129.0,205.0,False,False,False,True,SYNTHETIC_DEMO_DATA
3162,INC-00003162,2025-04-09T17:03:00Z,2025-04-09T17:40:00Z,2025-04-09T17:45:00Z,2025-04-09T18:05:00Z,2025-04-09T21:48:00Z,2025-04-10T09:17:00Z,20250409,1700,7,9,31,3,5,10,1,3,14372,1,53.3,37.0,42.0,62.0,285.0,689.0,False,False,False,True,SYNTHETIC_DEMO_DATA
3163,INC-00003163,2026-03-08T17:28:28Z,2026-03-08T17:55:28Z,2026-03-08T19:20:28Z,2026-03-08T21:35:28Z,2026-03-08T22:46:28Z,2026-03-09T01:29:28Z,20260308,1725,3,70,14,3,5,3,1,3,12580,1,72.6,27.0,112.0,247.0,318.0,163.0,False,False,False,True,SYNTHETIC_DEMO_DATA
3164,INC-00003164,2025-12-06T15:23:21Z,2025-12-06T15:29:21Z,2025-12-06T15:43:21Z,2025-12-06T17:03:21Z,2025-12-07T01:18:21Z,2025-12-07T03:13:21Z,20251206,1520,5,62,24,2,5,13,3,2,8903,1,50.3,6.0,20.0,100.0,595.0,115.0,False,False,True,True,SYNTHETIC_DEMO_DATA
3165,INC-00003165,2025-07-27T12:19:36Z,2025-07-27T12:25:36Z,2025-07-27T12:39:36Z,2025-07-27T18:11:36Z,2025-07-27T20:05:36Z,2025-07-28T03:24:36Z,20250727,1215,4,125,38,1,5,5,1,1,16007,1,34.7,6.0,20.0,352.0,466.0,439.0,False,False,False,True,SYNTHETIC_DEMO_DATA
3166,INC-00003166,2025-03-03T14:35:23Z,2025-03-03T15:04:23Z,2025-03-03T15:13:23Z,,,,20250303,1435,1,47,36,2,2,17,0,2,16118,1,53.2,29.0,38.0,,,,False,False,False,False,SYNTHETIC_DEMO_DATA
3167,INC-00003167,2026-06-13T18:18:44Z,2026-06-13T18:41:44Z,2026-06-13T19:17:44Z,2026-06-13T21:50:44Z,2026-06-14T04:17:44Z,,20260613,1815,6,117,33,2,4,10,1,2,8107,1,42.8,23.0,59.0,212.0,599.0,,False,False,False,True,SYNTHETIC_DEMO_DATA
3168,INC-00003168,2026-01-08T00:49:56Z,2026-01-08T01:12:56Z,2026-01-08T01:48:56Z,2026-01-08T04:24:56Z,2026-01-08T07:40:56Z,2026-01-08T17:01:56Z,20260108,45,5,48,17,3,5,4,2,3,8306,1,83.6,23.0,59.0,215.0,411.0,561.0,True,False,True,True,SYNTHETIC_DEMO_DATA
3169,INC-00003169,2025-12-17T12:04:03Z,2025-12-17T12:51:03Z,2025-12-17T13:12:03Z,2025-12-17T15:46:03Z,2025-12-17T18:23:03Z,2025-12-17T21:17:03Z,20251217,1200,6,69,22,1,5,13,1,1,8252,1,47.2,47.0,68.0,222.0,379.0,174.0,False,False,False,True,SYNTHETIC_DEMO_DATA
3170,INC-00003170,2025-02-26T11:24:14Z,2025-02-26T12:51:14Z,2025-02-26T13:17:14Z,2025-02-26T15:32:14Z,2025-02-26T17:45:14Z,2025-02-26T21:04:14Z,20250226,1120,3,166,20,1,5,6,3,1,5317,1,28.2,87.0,113.0,248.0,381.0,199.0,False,False,True,True,SYNTHETIC_DEMO_DATA
3171,INC-00003171,2025-08-19T14:31:29Z,2025-08-19T15:20:29Z,2025-08-19T15:40:29Z,2025-08-19T16:30:29Z,2025-08-19T20:21:29Z,,20250819,1430,6,198,15,4,4,2,2,4,2709,1,87.2,49.0,69.0,119.0,350.0,,True,False,True,False,SYNTHETIC_DEMO_DATA
3172,INC-00003172,2025-08-15T14:39:15Z,2025-08-15T14:54:15Z,2025-08-15T15:36:15Z,2025-08-15T16:17:15Z,2025-08-16T01:05:15Z,2025-08-16T10:39:15Z,20250815,1435,4,228,35,2,5,11,1,2,2334,1,49.4,15.0,57.0,98.0,626.0,574.0,False,False,False,True,SYNTHETIC_DEMO_DATA
3173,INC-00003173,2026-03-03T10:43:30Z,2026-03-03T10:49:30Z,2026-03-03T11:23:30Z,2026-03-03T12:05:30Z,2026-03-03T16:25:30Z,2026-03-03T18:14:30Z,20260303,1040,2,169,41,3,5,5,2,3,874,1,66.0,6.0,40.0,82.0,342.0,109.0,False,False,True,True,SYNTHETIC_DEMO_DATA
3174,INC-00003174,2026-03-18T05:44:41Z,2026-03-18T05:58:41Z,2026-03-18T06:38:41Z,2026-03-18T07:11:41Z,2026-03-18T12:09:41Z,2026-03-18T21:23:41Z,20260318,540,5,9,7,4,5,17,1,4,10102,1,86.0,14.0,54.0,87.0,385.0,554.0,True,False,False,True,SYNTHETIC_DEMO_DATA
3175,INC-00003175,2025-04-29T09:03:19Z,2025-04-29T09:30:19Z,2025-04-29T09:51:19Z,2025-04-29T11:23:19Z,2025-04-29T12:04:19Z,2025-04-29T15:09:19Z,20250429,900,7,222,36,2,5,8,4,2,9959,1,63.8,27.0,48.0,140.0,181.0,185.0,False,False,False,True,SYNTHETIC_DEMO_DATA
3176,INC-00003176,2025-09-20T05:49:08Z,2025-09-20T06:53:08Z,2025-09-20T06:57:08Z,2025-09-20T09:20:08Z,2025-09-20T20:10:08Z,2025-09-20T23:38:08Z,20250920,545,7,38,10,2,5,1,1,2,17836,1,57.3,64.0,68.0,211.0,861.0,208.0,False,False,False,True,SYNTHETIC_DEMO_DATA
3177,INC-00003177,2025-08-05T02:33:36Z,2025-08-05T02:53:36Z,2025-08-05T03:11:36Z,2025-08-05T04:55:36Z,2025-08-05T05:48:36Z,2025-08-05T16:46:36Z,20250805,230,4,56,8,2,5,12,2,2,7436,1,48.4,20.0,38.0,142.0,195.0,658.0,False,False,True,True,SYNTHETIC_DEMO_DATA
3178,INC-00003178,2025-08-06T12:25:09Z,2025-08-06T12:29:09Z,2025-08-06T12:47:09Z,2025-08-06T13:35:09Z,2025-08-06T15:39:09Z,2025-08-07T01:58:09Z,20250806,1225,3,220,10,4,5,7,1,4,12783,1,86.5,4.0,22.0,70.0,194.0,619.0,True,False,False,True,SYNTHETIC_DEMO_DATA
3179,INC-00003179,2025-06-30T06:40:09Z,2025-06-30T07:20:09Z,2025-06-30T07:33:09Z,2025-06-30T09:04:09Z,2025-06-30T10:41:09Z,2025-06-30T11:16:09Z,20250630,640,7,108,30,2,5,16,4,2,11230,1,51.5,40.0,53.0,144.0,241.0,35.0,True,False,False,True,SYNTHETIC_DEMO_DATA
3180,INC-00003180,2025-09-14T14:32:06Z,2025-09-14T14:44:06Z,2025-09-14T15:55:06Z,2025-09-14T16:19:06Z,2025-09-14T18:01:06Z,2025-09-15T04:26:06Z,20250914,1430,7,86,42,3,5,10,1,3,16564,1,78.3,12.0,83.0,107.0,209.0,625.0,False,True,False,True,SYNTHETIC_DEMO_DATA
3181,INC-00003181,2025-09-16T08:54:06Z,2025-09-16T09:42:06Z,2025-09-16T10:29:06Z,2025-09-16T12:21:06Z,2025-09-16T23:13:06Z,2025-09-17T10:51:06Z,20250916,850,4,100,4,2,5,2,1,2,16330,1,57.6,48.0,95.0,207.0,859.0,698.0,False,False,False,True,SYNTHETIC_DEMO_DATA
3182,INC-00003182,2025-11-20T16:32:58Z,2025-11-20T16:55:58Z,2025-11-20T17:25:58Z,2025-11-20T19:34:58Z,2025-11-20T23:35:58Z,2025-11-21T09:35:58Z,20251120,1630,6,235,35,1,5,12,1,1,4969,1,46.7,23.0,53.0,182.0,423.0,600.0,False,False,False,True,SYNTHETIC_DEMO_DATA
3183,INC-00003183,2025-04-03T08:25:27Z,2025-04-03T08:42:27Z,2025-04-03T09:11:27Z,2025-04-03T10:04:27Z,2025-04-03T11:33:27Z,2025-04-03T19:34:27Z,20250403,825,6,99,2,2,5,6,1,2,11880,1,41.8,17.0,46.0,99.0,188.0,481.0,False,False,False,True,SYNTHETIC_DEMO_DATA
3184,INC-00003184,2025-06-09T15:10:07Z,2025-06-09T15:35:07Z,2025-06-09T15:53:07Z,,,,20250609,1510,5,60,2,2,2,0,0,2,3119,1,59.0,25.0,43.0,,,,False,False,False,False,SYNTHETIC_DEMO_DATA
3185,INC-00003185,2025-08-07T17:53:33Z,2025-08-07T18:09:33Z,2025-08-07T18:37:33Z,2025-08-07T20:32:33Z,2025-08-08T05:55:33Z,2025-08-08T15:56:33Z,20250807,1750,4,168,24,1,5,9,3,1,12265,1,42.2,16.0,44.0,159.0,722.0,601.0,False,False,True,True,SYNTHETIC_DEMO_DATA
3186,INC-00003186,2026-01-22T14:33:33Z,2026-01-22T15:05:33Z,2026-01-22T15:22:33Z,2026-01-22T15:52:33Z,2026-01-22T18:58:33Z,2026-01-22T19:38:33Z,20260122,1430,1,67,38,4,5,5,1,4,3842,1,89.6,32.0,49.0,79.0,265.0,40.0,True,False,False,False,SYNTHETIC_DEMO_DATA
3187,INC-00003187,2026-07-17T12:16:49Z,2026-07-17T13:26:49Z,2026-07-17T14:27:49Z,2026-07-17T15:10:49Z,2026-07-17T15:44:49Z,2026-07-18T01:42:49Z,20260717,1215,6,214,42,4,5,16,3,4,10559,1,90.6,70.0,131.0,174.0,208.0,598.0,True,False,True,False,SYNTHETIC_DEMO_DATA
3188,INC-00003188,2025-02-05T17:28:26Z,2025-02-05T18:04:26Z,2025-02-05T18:25:26Z,2025-02-05T19:29:26Z,2025-02-05T21:33:26Z,2025-02-06T02:23:26Z,20250205,1725,5,78,23,1,5,6,1,1,16536,1,42.6,36.0,57.0,121.0,245.0,290.0,False,False,False,True,SYNTHETIC_DEMO_DATA
3189,INC-00003189,2025-08-28T09:33:09Z,2025-08-28T09:39:09Z,2025-08-28T10:23:09Z,2025-08-28T11:09:09Z,2025-08-28T16:06:09Z,2025-08-28T21:44:09Z,20250828,930,6,180,14,3,5,1,1,3,9852,1,58.5,6.0,50.0,96.0,393.0,338.0,False,False,False,True,SYNTHETIC_DEMO_DATA
3190,INC-00003190,2025-07-15T12:26:20Z,2025-07-15T13:54:20Z,2025-07-15T14:05:20Z,2025-07-15T15:07:20Z,2025-07-15T16:28:20Z,,20250715,1225,2,57,41,2,4,11,1,2,8000,1,64.7,88.0,99.0,161.0,242.0,,True,False,False,True,SYNTHETIC_DEMO_DATA
3191,INC-00003191,2025-08-25T13:40:42Z,2025-08-25T13:50:42Z,2025-08-25T14:05:42Z,2025-08-25T15:10:42Z,2025-08-25T19:39:42Z,,20250825,1340,1,176,40,1,4,3,1,1,14008,1,48.4,10.0,25.0,90.0,359.0,,False,False,False,True,SYNTHETIC_DEMO_DATA
3192,INC-00003192,2025-08-18T13:38:19Z,2025-08-18T14:12:19Z,2025-08-18T14:58:19Z,2025-08-18T17:18:19Z,2025-08-18T19:02:19Z,2025-08-18T21:29:19Z,20250818,1335,3,118,44,2,5,15,1,2,12047,1,63.7,34.0,80.0,220.0,324.0,147.0,False,False,False,True,SYNTHETIC_DEMO_DATA
3193,INC-00003193,2025-06-20T17:59:32Z,2025-06-20T18:44:32Z,2025-06-20T19:02:32Z,2025-06-20T21:10:32Z,2025-06-21T00:02:32Z,2025-06-21T08:13:32Z,20250620,1755,3,142,25,1,5,7,1,1,9895,1,38.2,45.0,63.0,191.0,363.0,491.0,False,False,False,True,SYNTHETIC_DEMO_DATA
3194,INC-00003194,2026-01-05T20:13:22Z,2026-01-05T20:18:22Z,2026-01-05T20:48:22Z,2026-01-05T21:33:22Z,2026-01-05T22:38:22Z,2026-01-05T23:59:22Z,20260105,2010,3,190,9,4,5,3,1,4,2402,1,100,5.0,35.0,80.0,145.0,81.0,True,False,False,True,SYNTHETIC_DEMO_DATA
3195,INC-00003195,2026-04-10T13:10:39Z,2026-04-10T14:25:39Z,2026-04-10T14:43:39Z,2026-04-10T15:11:39Z,2026-04-10T18:46:39Z,2026-04-11T04:57:39Z,20260410,1310,2,13,31,1,5,11,2,1,14466,1,31.5,75.0,93.0,121.0,336.0,611.0,False,False,True,True,SYNTHETIC_DEMO_DATA
3196,INC-00003196,2026-01-23T14:51:32Z,2026-01-23T15:09:32Z,2026-01-23T15:22:32Z,2026-01-23T16:57:32Z,2026-01-24T04:00:32Z,2026-01-24T04:58:32Z,20260123,1450,7,223,29,2,5,5,1,2,12210,1,55.1,18.0,31.0,126.0,789.0,58.0,False,False,False,True,SYNTHETIC_DEMO_DATA
3197,INC-00003197,2026-07-18T09:46:48Z,2026-07-18T09:54:48Z,2026-07-18T10:03:48Z,,,,20260718,945,1,83,11,1,2,15,0,1,7189,1,39.6,8.0,17.0,,,,False,False,False,False,SYNTHETIC_DEMO_DATA
3198,INC-00003198,2025-04-08T09:48:15Z,2025-04-08T11:01:15Z,2025-04-08T11:18:15Z,2025-04-08T12:59:15Z,2025-04-08T15:29:15Z,2025-04-08T16:27:15Z,20250408,945,4,169,16,3,5,10,1,3,12689,1,69.7,73.0,90.0,191.0,341.0,58.0,False,False,False,False,SYNTHETIC_DEMO_DATA
3199,INC-00003199,2025-06-28T14:53:41Z,2025-06-28T16:14:41Z,2025-06-28T16:59:41Z,2025-06-28T17:28:41Z,2025-06-28T21:18:41Z,2025-06-29T05:11:41Z,20250628,1450,1,237,30,1,5,1,3,1,17725,1,35.4,81.0,126.0,155.0,385.0,473.0,False,False,True,True,SYNTHETIC_DEMO_DATA
3200,INC-00003200,2026-03-11T11:37:07Z,2026-03-11T12:05:07Z,2026-03-11T12:15:07Z,2026-03-11T12:49:07Z,2026-03-11T17:27:07Z,2026-03-12T02:42:07Z,20260311,1135,1,82,18,1,5,12,4,1,9903,1,43.0,28.0,38.0,72.0,350.0,555.0,False,False,False,True,SYNTHETIC_DEMO_DATA
