incident_id,alert_id,created_at,acknowledged_at,triaged_at,contained_at,resolved_at,closed_at,source_product,source_system,asset_id,rule_id,severity,status,analyst_id,classification_key,risk_score,is_escalated,is_reopened,data_classification
INC-00001616,ALT-00006880,2025-10-01T12:53:25Z,2025-10-01T13:50:25Z,2025-10-01T14:00:25Z,2025-10-01T14:44:25Z,2025-10-01T17:26:25Z,2025-10-01T22:19:25Z,EDY SIEM,Correlation Hub,AST-0092,RUL-024,Medium,Closed,ANL-014,2,68.4,FALSE,FALSE,SYNTHETIC_DEMO_DATA
INC-00000890,ALT-00012009,2025-03-25T12:56:24Z,2025-03-25T13:17:24Z,2025-03-25T14:17:24Z,2025-03-25T15:19:24Z,2025-03-25T16:28:24Z,2025-03-26T03:21:24Z,External Synthetic,Network Sensor,AST-0222,RUL-017,Low,fechado,ANL-001,1,59.9,FALSE,FALSE,SYNTHETIC_DEMO_DATA
INC-00002063,ALT-00002186,2025-09-02T15:30:28Z,2025-09-02T16:46:28Z,2025-09-02T17:15:28Z,2025-09-02T17:46:28Z,2025-09-02T19:39:28Z,2025-09-03T04:27:28Z,External Synthetic,Network Sensor,AST-0136,RUL-015,Informational,Closed,ANL-015,1,40.2,FALSE,FALSE,SYNTHETIC_DEMO_DATA
INC-00002120,ALT-00016959,2026-02-19T12:54:58Z,2026-02-19T13:06:58Z,2026-02-19T13:26:58Z,2026-02-19T14:27:58Z,2026-02-19T18:18:58Z,2026-02-19T23:49:58Z,External Synthetic,Cloud Audit,AST-0186,RUL-026,Low,Closed,ANL-013,1,63.8,FALSE,TRUE,SYNTHETIC_DEMO_DATA
INC-00000265,ALT-00008199,2025-08-01T07:37:08Z,2025-08-01T07:47:08Z,2025-08-01T07:59:08Z,2025-08-01T08:53:08Z,2025-08-01T09:52:08Z,2025-08-01T15:24:08Z,External Synthetic,Cloud Audit,AST-0099,RUL-019,Medium,Closed,ANL-003,1,53.9,FALSE,TRUE,SYNTHETIC_DEMO_DATA
INC-00001651,ALT-00005698,2025-02-27T19:28:17Z,2025-02-27T19:43:17Z,2025-02-27T20:01:17Z,2025-02-27T21:32:17Z,2025-02-27T23:13:17Z,2025-02-28T03:36:17Z,EDY Shield,Endpoint Integrity,AST-0060,RUL-011,Low,Closed,ANL-002,1,60.9,FALSE,FALSE,SYNTHETIC_DEMO_DATA
INC-00001063,ALT-00006675,2025-04-06T09:36:58Z,2025-04-06T09:57:58Z,2025-04-06T10:20:58Z,2025-04-06T10:42:58Z,2025-04-06T12:58:58Z,2025-04-06T19:43:58Z,EDY SIEM,Correlation Hub,AST-0022,RUL-045,Medium,Closed,ANL-015,1,65.4,FALSE,FALSE,SYNTHETIC_DEMO_DATA
INC-00000724,ALT-00011921,2025-12-05T16:53:30Z,2025-12-05T17:10:30Z,2025-12-05T17:27:30Z,2025-12-05T19:48:30Z,2025-12-05T23:22:30Z,,EDY Shield,Endpoint Integrity,AST-0203,RUL-007,Informational,Resolved,ANL-010,1,45.0,FALSE,FALSE,SYNTHETIC_DEMO_DATA
INC-00002791,ALT-00013070,2026-06-16T11:33:39Z,2026-06-16T12:14:39Z,2026-06-16T12:33:39Z,2026-06-16T14:19:39Z,2026-06-16T16:53:39Z,2026-06-17T02:38:39Z,EDY SIEM,Correlation Hub,AST-0152,RUL-030,Medium,Closed,ANL-015,1,62.9,FALSE,FALSE,SYNTHETIC_DEMO_DATA
INC-00000941,ALT-00013249,2025-10-07T23:57:46Z,2025-10-08T00:17:46Z,2025-10-08T00:30:46Z,2025-10-08T03:15:46Z,2025-10-08T04:44:46Z,2025-10-08T10:41:46Z,External Synthetic,Network Sensor,AST-0020,RUL-014,Medium,Closed,ANL-005,2,69.4,FALSE,FALSE,SYNTHETIC_DEMO_DATA
INC-00000942,ALT-00005581,2025-06-05T16:19:51Z,2025-06-05T16:43:51Z,2025-06-05T16:53:51Z,2025-06-05T19:27:51Z,2025-06-06T01:59:51Z,2025-06-06T13:38:51Z,External Synthetic,Identity Provider,AST-0176,RUL-029,Informational,Closed,ANL-014,3,49.4,FALSE,FALSE,SYNTHETIC_DEMO_DATA
INC-00000731,ALT-00010353,2026-04-10T09:33:08Z,2026-04-10T10:14:08Z,2026-04-10T10:58:08Z,2026-04-10T11:07:08Z,2026-04-10T14:54:08Z,2026-04-10T21:35:08Z,External Synthetic,Identity Provider,AST-0088,RUL-030,Informational,Closed,ANL-015,1,37.8,FALSE,FALSE,SYNTHETIC_DEMO_DATA
INC-00000914,ALT-00003520,2025-05-16T08:04:27Z,2025-05-16T08:26:27Z,2025-05-16T08:38:27Z,2025-05-16T10:10:27Z,2025-05-16T21:17:27Z,2025-05-16T22:35:27Z,External Synthetic,Cloud Audit,AST-0011,RUL-013,Informational,Closed,ANL-012,1,40.9,FALSE,FALSE,SYNTHETIC_DEMO_DATA
INC-00000680,ALT-00012361,2025-11-01T14:37:24Z,2025-11-01T15:15:24Z,2025-11-01T15:41:24Z,2025-11-01T16:20:24Z,2025-11-01T17:51:24Z,2025-11-01T19:24:24Z,External Synthetic,Identity Provider,AST-0188,RUL-011,Medium,Closed,ANL-014,1,57.2,FALSE,FALSE,SYNTHETIC_DEMO_DATA
INC-00001803,ALT-00001267,2026-05-18T14:38:40Z,2026-05-18T15:01:40Z,2026-05-18T15:22:40Z,2026-05-18T16:37:40Z,2026-05-18T21:54:40Z,2026-05-19T05:32:40Z,External Synthetic,Network Sensor,AST-0215,RUL-032,Informational,Closed,ANL-017,1,36.1,FALSE,FALSE,SYNTHETIC_DEMO_DATA
INC-00002191,ALT-00003600,2026-03-29T17:40:35Z,2026-03-29T18:12:35Z,2026-03-29T19:05:35Z,,,,External Synthetic,Cloud Audit,AST-0155,RUL-040,Informational,Active,ANL-001,0,37.9,FALSE,FALSE,SYNTHETIC_DEMO_DATA
INC-00003168,ALT-00008306,2026-01-08T00:49:56Z,2026-01-08T01:12:56Z,2026-01-08T01:48:56Z,2026-01-08T04:24:56Z,2026-01-08T07:40:56Z,2026-01-08T17:01:56Z,External Synthetic,Identity Provider,AST-0048,RUL-017,Medium,Closed,ANL-004,2,83.6,TRUE,FALSE,SYNTHETIC_DEMO_DATA
INC-00003010,ALT-00014592,2025-08-31T21:24:07Z,2025-08-31T21:49:07Z,2025-08-31T22:06:07Z,2025-08-31T23:04:07Z,2025-09-01T01:27:07Z,2025-09-01T09:09:07Z,EDY SIEM,Correlation Hub,AST-0145,RUL-037,Informational,Closed,ANL-010,1,39.0,FALSE,FALSE,SYNTHETIC_DEMO_DATA
INC-00001201,ALT-00004212,2025-06-03T11:57:57Z,2025-06-03T12:23:57Z,2025-06-03T12:55:57Z,2025-06-03T13:23:57Z,2025-06-03T22:24:57Z,2025-06-04T07:06:57Z,EDY Sentinel,Cloud Detection,AST-0208,RUL-032,Informational,Closed,ANL-001,2,45.9,FALSE,FALSE,SYNTHETIC_DEMO_DATA
INC-00002373,ALT-00008988,2026-02-01T14:57:57Z,2026-02-01T15:31:57Z,2026-02-01T16:12:57Z,2026-02-01T20:22:57Z,2026-02-01T21:21:57Z,2026-02-01T23:37:57Z,EDY Sentinel,Cloud Detection,AST-0146,RUL-011,Low,Closed,ANL-006,3,49.6,FALSE,FALSE,SYNTHETIC_DEMO_DATA
INC-00003149,ALT-00001517,2025-06-02T16:10:27Z,2025-06-02T16:20:27Z,2025-06-02T16:36:27Z,2025-06-02T17:42:27Z,2025-06-02T21:16:27Z,2025-06-03T07:54:27Z,EDY Shield,Endpoint Integrity,AST-0181,RUL-006,Low,Closed,ANL-010,1,59.3,FALSE,FALSE,SYNTHETIC_DEMO_DATA
INC-00000674,ALT-00012921,2025-08-22T12:03:03Z,2025-08-22T12:23:03Z,2025-08-22T12:48:03Z,2025-08-22T14:21:03Z,2025-08-22T15:50:03Z,2025-08-22T21:24:03Z,EDY Sentinel,Cloud Detection,AST-0060,RUL-045,Low,Closed,ANL-001,4,63.3,FALSE,FALSE,SYNTHETIC_DEMO_DATA
INC-00001266,ALT-00010373,2025-03-18T09:11:40Z,2025-03-18T09:41:40Z,2025-03-18T10:10:40Z,2025-03-18T10:24:40Z,2025-03-18T13:20:40Z,2025-03-18T13:31:40Z,External Synthetic,Network Sensor,AST-0147,RUL-004,Low,Closed,ANL-015,1,54.8,FALSE,FALSE,SYNTHETIC_DEMO_DATA
INC-00003167,ALT-00008107,2026-06-13T18:18:44Z,2026-06-13T18:41:44Z,2026-06-13T19:17:44Z,2026-06-13T21:50:44Z,2026-06-14T04:17:44Z,,External Synthetic,Network Sensor,AST-0117,RUL-033,Low,Resolved,ANL-010,1,42.8,FALSE,FALSE,SYNTHETIC_DEMO_DATA
INC-00000642,ALT-00010929,2025-07-18T17:28:25Z,2025-07-18T17:53:25Z,2025-07-18T17:59:25Z,2025-07-18T19:23:25Z,2025-07-18T20:10:25Z,2025-07-18T21:30:25Z,EDY SIEM,Correlation Hub,AST-0158,RUL-043,LOW,Closed,ANL-009,3,63.0,FALSE,FALSE,SYNTHETIC_DEMO_DATA
INC-00003132,ALT-00003718,2026-07-09T10:14:28Z,2026-07-09T12:25:28Z,2026-07-09T12:42:28Z,2026-07-09T14:11:28Z,2026-07-09T17:01:28Z,2026-07-10T02:36:28Z,EDY Sentinel,Cloud Detection,AST-0040,RUL-011,Informational,Closed,ANL-002,1,36.1,FALSE,FALSE,SYNTHETIC_DEMO_DATA
INC-00002829,ALT-00008925,2026-05-27T17:41:37Z,2026-05-27T17:58:37Z,2026-05-27T18:21:37Z,2026-05-27T19:30:37Z,2026-05-27T20:33:37Z,,EDY RECON,Exposure Intelligence,AST-0184,RUL-022,Informational,Resolved,ANL-017,1,27.7,FALSE,FALSE,SYNTHETIC_DEMO_DATA
INC-00001601,ALT-00014450,2025-12-20T07:20:44Z,2025-12-20T07:50:44Z,2025-12-20T08:20:44Z,2025-12-20T09:47:44Z,2025-12-20T12:21:44Z,2025-12-20T16:17:44Z,EDY Shield,Endpoint Integrity,AST-0104,RUL-027,Low,Closed,ANL-010,2,61.0,FALSE,FALSE,SYNTHETIC_DEMO_DATA
INC-00000400,ALT-00016034,2026-01-17T19:33:20Z,2026-01-17T20:38:20Z,2026-01-17T20:58:20Z,2026-01-17T22:55:20Z,2026-01-18T01:31:20Z,2026-01-18T08:12:20Z,EDY Sentinel,Cloud Detection,AST-0052,RUL-004,Low,Closed,ANL-011,1,56.2,FALSE,FALSE,SYNTHETIC_DEMO_DATA
INC-00002088,ALT-00011172,2025-04-13T11:29:57Z,2025-04-13T11:57:57Z,2025-04-13T12:08:57Z,2025-04-13T12:33:57Z,2025-04-13T15:08:57Z,2025-04-14T00:07:57Z,EDY RECON,Exposure Intelligence,AST-0155,RUL-002,Low,Closed,ANL-003,1,49.3,FALSE,FALSE,SYNTHETIC_DEMO_DATA
INC-00001816,ALT-00017091,2026-05-09T14:18:45Z,2026-05-09T14:58:45Z,2026-05-09T15:08:45Z,2026-05-09T15:36:45Z,2026-05-09T16:53:45Z,2026-05-10T02:06:45Z,EDY SIEM,Correlation Hub,AST-0131,RUL-003,High,Closed,ANL-001,3,100,TRUE,FALSE,SYNTHETIC_DEMO_DATA
INC-00002914,ALT-00008207,2026-06-26T17:29:53Z,2026-06-26T17:43:53Z,2026-06-26T18:30:53Z,2026-06-26T20:01:53Z,2026-06-26T20:38:53Z,2026-06-27T05:56:53Z,External Synthetic,Cloud Audit,AST-0003,RUL-010,Medium,Closed,ANL-018,1,63.5,FALSE,FALSE,SYNTHETIC_DEMO_DATA
INC-00000087,ALT-00009568,2026-03-10T17:48:54Z,2026-03-10T17:53:54Z,2026-03-10T18:07:54Z,2026-03-10T19:28:54Z,2026-03-11T12:06:54Z,2026-03-11T22:40:54Z,External Synthetic,Cloud Audit,AST-0175,RUL-012,Informational,Closed,ANL-005,1,31.7,FALSE,FALSE,SYNTHETIC_DEMO_DATA
INC-00000177,ALT-00005045,2026-05-03T16:09:26Z,2026-05-03T16:24:26Z,2026-05-03T16:30:26Z,2026-05-03T17:40:26Z,2026-05-03T19:53:26Z,2026-05-04T01:44:26Z,EDY Shield,Endpoint Integrity,AST-0172,RUL-001,Informational,Closed,ANL-005,1,45.3,FALSE,FALSE,SYNTHETIC_DEMO_DATA
INC-00000595,ALT-00011035,2026-06-26T15:34:58Z,,,,,,EDY RECON,Exposure Intelligence,AST-0208,RUL-011,Informational,New,ANL-013,0,40.2,FALSE,FALSE,SYNTHETIC_DEMO_DATA
INC-00000536,ALT-00007118,2026-07-31T12:11:04Z,2026-07-31T12:25:04Z,2026-07-31T12:58:04Z,2026-07-31T14:16:04Z,,,External Synthetic,Network Sensor,AST-0075,RUL-037,Low,Contained,ANL-013,0,53.9,FALSE,FALSE,SYNTHETIC_DEMO_DATA
INC-00002596,ALT-00003673,2026-02-19T19:59:21Z,2026-02-19T20:18:21Z,2026-02-19T20:47:21Z,2026-02-19T22:56:21Z,2026-02-20T03:42:21Z,2026-02-20T08:43:21Z,External Synthetic,Cloud Audit,AST-0051,RUL-032,Informational,Closed,ANL-010,3,56.3,TRUE,FALSE,SYNTHETIC_DEMO_DATA
INC-00002082,ALT-00006629,2025-12-24T11:21:42Z,2025-12-24T11:31:42Z,2025-12-24T12:09:42Z,2025-12-24T12:45:42Z,2025-12-24T13:54:42Z,2025-12-24T22:22:42Z,EDY SIEM,Correlation Hub,AST-0149,RUL-013,High,Closed,ANL-011,1,100,TRUE,FALSE,SYNTHETIC_DEMO_DATA
INC-00002598,ALT-00015740,2025-03-04T16:57:30Z,,,,,,EDY Sentinel,Cloud Detection,AST-0056,RUL-015,Low,New,ANL-015,0,48.7,FALSE,FALSE,SYNTHETIC_DEMO_DATA
INC-00001271,ALT-00007748,2025-06-24T07:04:37Z,2025-06-24T07:34:37Z,2025-06-24T08:52:37Z,2025-06-24T12:04:37Z,2025-06-24T15:10:37Z,2025-06-24T18:40:37Z,External Synthetic,Identity Provider,AST-0216,RUL-021,Low,Closed,ANL-016,3,40.2,FALSE,FALSE,SYNTHETIC_DEMO_DATA
INC-00002374,ALT-00016134,2025-06-25T19:14:41Z,2025-06-25T19:36:41Z,2025-06-25T19:45:41Z,2025-06-25T19:57:41Z,2025-06-25T21:31:41Z,2025-06-26T00:44:41Z,External Synthetic,Identity Provider,AST-0050,RUL-022,Informational,Closed,ANL-016,3,51.1,FALSE,FALSE,SYNTHETIC_DEMO_DATA
INC-00000796,ALT-00000927,2026-02-10T14:50:52Z,2026-02-10T15:06:52Z,2026-02-10T15:30:52Z,2026-02-10T16:44:52Z,2026-02-10T18:42:52Z,2026-02-10T23:03:52Z,EDY Sentinel,Cloud Detection,AST-0109,RUL-023,Low,Closed,,1,58.1,FALSE,FALSE,SYNTHETIC_DEMO_DATA
INC-00001794,ALT-00014314,2025-12-06T14:50:40Z,2025-12-06T14:53:40Z,2025-12-06T15:03:40Z,2025-12-06T15:37:40Z,2025-12-06T16:19:40Z,2025-12-07T02:38:40Z,EDY SIEM,Correlation Hub,AST-0201,RUL-032,High,Closed,ANL-011,1,95.4,TRUE,FALSE,SYNTHETIC_DEMO_DATA
INC-00003042,ALT-00003167,2025-07-23T16:17:38Z,2025-07-23T16:23:38Z,2025-07-23T16:35:38Z,2025-07-23T16:58:38Z,2025-07-23T21:52:38Z,2025-07-24T03:51:38Z,External Synthetic,Cloud Audit,AST-0075,RUL-002,Medium,Closed,ANL-004,4,72.7,FALSE,FALSE,SYNTHETIC_DEMO_DATA
INC-00000383,ALT-00017411,2025-12-28T17:17:42Z,2025-12-28T17:30:42Z,2025-12-28T17:39:42Z,2025-12-28T18:57:42Z,2025-12-28T22:18:42Z,2025-12-29T05:24:42Z,External Synthetic,Identity Provider,AST-0217,RUL-022,Low,Closed,ANL-004,2,58.0,FALSE,FALSE,SYNTHETIC_DEMO_DATA
INC-00000992,ALT-00006043,2025-12-02T14:03:11Z,2025-12-02T15:30:11Z,2025-12-02T16:15:11Z,,,,EDY RECON,Exposure Intelligence,AST-0066,RUL-031,Informational,Active,ANL-006,0,33.5,FALSE,FALSE,SYNTHETIC_DEMO_DATA
INC-00000449,ALT-00005881,2026-06-02T22:14:31Z,2026-06-02T22:42:31Z,2026-06-02T22:55:31Z,2026-06-02T23:57:31Z,2026-06-03T01:20:31Z,2026-06-03T08:29:31Z,External Synthetic,Identity Provider,AST-0037,RUL-019,Informational,Closed,ANL-009,1,43.7,FALSE,FALSE,SYNTHETIC_DEMO_DATA
INC-00001194,ALT-00008429,2025-09-12T07:09:50Z,2025-09-12T07:44:50Z,2025-09-12T09:10:50Z,2025-09-12T10:18:50Z,2025-09-12T13:11:50Z,2025-09-12T13:30:50Z,EDY Shield,Endpoint Integrity,AST-0038,RUL-001,Informational,Closed,,1,40.5,FALSE,FALSE,SYNTHETIC_DEMO_DATA
INC-00000462,ALT-00015549,2025-03-07T16:39:37Z,2025-03-07T18:09:37Z,2025-03-07T18:35:37Z,2025-03-07T19:49:37Z,2025-03-08T00:02:37Z,2025-03-08T04:00:37Z,External Synthetic,Identity Provider,AST-0124,RUL-034,Informational,Closed,ANL-008,1,53.2,TRUE,FALSE,SYNTHETIC_DEMO_DATA
INC-00000353,ALT-00004188,2026-02-01T16:11:49Z,2026-02-01T16:49:49Z,2026-02-01T16:56:49Z,2026-02-01T18:42:49Z,2026-02-01T19:54:49Z,2026-02-02T03:39:49Z,External Synthetic,Network Sensor,AST-0155,RUL-020,Informational,Closed,ANL-015,4,39.0,FALSE,FALSE,SYNTHETIC_DEMO_DATA
INC-00002121,ALT-00010390,2025-09-28T15:40:10Z,2025-09-28T15:55:10Z,2025-09-28T16:03:10Z,2025-09-28T17:19:10Z,2025-09-29T00:26:10Z,2025-09-29T04:51:10Z,External Synthetic,Identity Provider,AST-0077,RUL-005,Low,Closed,ANL-006,1,63.4,FALSE,FALSE,SYNTHETIC_DEMO_DATA
INC-00002094,ALT-00003815,2025-02-19T06:50:54Z,2025-02-19T07:35:54Z,2025-02-19T09:52:54Z,2025-02-19T11:24:54Z,2025-02-19T14:35:54Z,2025-02-19T23:36:54Z,EDY SIEM,Correlation Hub,AST-0104,RUL-029,Medium,Closed,ANL-016,1,84.4,FALSE,FALSE,SYNTHETIC_DEMO_DATA
INC-00000743,ALT-00003108,2025-02-17T12:05:31Z,2025-02-17T12:35:31Z,2025-02-17T12:58:31Z,2025-02-17T13:25:31Z,2025-02-17T14:08:31Z,2025-02-17T23:45:31Z,External Synthetic,Identity Provider,AST-0006,RUL-008,Critical,Closed,ANL-007,1,100,TRUE,FALSE,SYNTHETIC_DEMO_DATA
INC-00001719,ALT-00003846,2025-02-17T00:46:49Z,2025-02-17T00:52:49Z,2025-02-17T01:51:49Z,2025-02-17T03:56:49Z,2025-02-17T19:25:49Z,2025-02-18T05:43:49Z,EDY SIEM,Correlation Hub,AST-0225,RUL-032,Low,Closed,ANL-012,1,37.1,FALSE,FALSE,SYNTHETIC_DEMO_DATA
INC-00001390,ALT-00009173,2025-10-10T18:29:02Z,2025-10-10T18:40:02Z,2025-10-10T18:44:02Z,2025-10-10T20:12:02Z,2025-10-10T21:45:02Z,2025-10-11T04:24:02Z,EDY Sentinel,Cloud Detection,AST-0164,RUL-045,Medium,Closed,ANL-012,3,68.7,FALSE,FALSE,SYNTHETIC_DEMO_DATA
INC-00001882,ALT-00014460,2025-12-19T11:28:20Z,2025-12-19T11:57:20Z,2025-12-19T12:18:20Z,2025-12-19T12:51:20Z,2025-12-19T18:29:20Z,2025-12-20T02:13:20Z,EDY RECON,Exposure Intelligence,AST-0206,RUL-005,Informational,Closed,ANL-004,2,27.6,FALSE,FALSE,SYNTHETIC_DEMO_DATA
INC-00003068,ALT-00001271,2025-02-12T08:39:43Z,2025-02-12T09:31:43Z,2025-02-12T09:54:43Z,2025-02-12T12:32:43Z,2025-02-12T18:51:43Z,2025-02-13T06:25:43Z,External Synthetic,Network Sensor,AST-0060,RUL-040,Informational,Closed,ANL-018,3,45.8,FALSE,FALSE,SYNTHETIC_DEMO_DATA
INC-00000350,ALT-00002459,2025-11-11T10:15:44Z,2025-11-11T11:01:44Z,2025-11-11T11:15:44Z,2025-11-11T12:20:44Z,2025-11-11T15:52:44Z,2025-11-11T22:47:44Z,External Synthetic,Network Sensor,AST-0050,RUL-005,Low,Closed,ANL-001,1,61.6,FALSE,FALSE,SYNTHETIC_DEMO_DATA
INC-00003145,ALT-00009451,2025-09-14T13:33:48Z,2025-09-14T14:21:48Z,2025-09-14T14:33:48Z,2025-09-14T15:05:48Z,2025-09-14T18:45:48Z,2025-09-15T03:17:48Z,EDY Shield,Endpoint Integrity,AST-0143,RUL-019,Medium,Closed,ANL-003,2,57.7,FALSE,FALSE,SYNTHETIC_DEMO_DATA
INC-00002431,ALT-00009446,2026-06-15T09:25:07Z,2026-06-15T10:01:07Z,2026-06-15T10:43:07Z,2026-06-15T12:40:07Z,2026-06-16T06:42:07Z,2026-06-16T17:06:07Z,EDY SIEM,Correlation Hub,AST-0149,RUL-031,Low,Closed,ANL-014,1,75.4,TRUE,FALSE,SYNTHETIC_DEMO_DATA
INC-00001144,ALT-00005268,2025-08-15T13:52:52Z,2025-08-15T14:07:52Z,2025-08-15T14:21:52Z,2025-08-15T15:39:52Z,2025-08-15T20:04:52Z,,External Synthetic,Network Sensor,AST-0110,RUL-034,Low,Resolved,ANL-005,3,65.5,TRUE,FALSE,SYNTHETIC_DEMO_DATA
INC-00003194,ALT-00002402,2026-01-05T20:13:22Z,2026-01-05T20:18:22Z,2026-01-05T20:48:22Z,2026-01-05T21:33:22Z,2026-01-05T22:38:22Z,2026-01-05T23:59:22Z,EDY SIEM,Correlation Hub,AST-0190,RUL-009,High,Closed,ANL-003,1,100,TRUE,FALSE,SYNTHETIC_DEMO_DATA
INC-00002490,ALT-00014947,2026-04-10T14:16:38Z,2026-04-10T14:47:38Z,2026-04-10T14:57:38Z,2026-04-10T19:37:38Z,2026-04-11T01:12:38Z,2026-04-11T04:12:38Z,External Synthetic,Network Sensor,AST-0227,RUL-015,Informational,Closed,ANL-014,1,34.9,FALSE,FALSE,SYNTHETIC_DEMO_DATA
INC-00002381,ALT-00003000,2025-04-13T14:36:10Z,2025-04-13T14:47:10Z,2025-04-13T16:07:10Z,2025-04-13T17:04:10Z,2025-04-14T04:42:10Z,2025-04-14T08:02:10Z,External Synthetic,Network Sensor,AST-0089,RUL-017,Medium,Closed,ANL-005,2,58.9,FALSE,FALSE,SYNTHETIC_DEMO_DATA
INC-00002744,ALT-00013821,2026-02-04T15:49:41Z,2026-02-04T16:08:41Z,2026-02-04T16:52:41Z,2026-02-04T17:54:41Z,2026-02-04T18:33:41Z,2026-02-04T21:34:41Z,EDY Shield,Endpoint Integrity,AST-0198,RUL-005,Low,Closed,ANL-001,1,44.2,FALSE,FALSE,SYNTHETIC_DEMO_DATA
INC-00001115,ALT-00017025,2026-06-10T15:49:22Z,2026-06-10T16:13:22Z,2026-06-10T16:20:22Z,2026-06-10T16:41:22Z,2026-06-10T20:42:22Z,2026-06-10T21:20:22Z,External Synthetic,Cloud Audit,AST-0191,RUL-017,Informational,Closed,ANL-009,1,35.5,FALSE,FALSE,SYNTHETIC_DEMO_DATA
INC-00001790,ALT-00012165,2025-11-06T07:52:32Z,2025-11-06T08:13:32Z,2025-11-06T08:37:32Z,2025-11-06T10:58:32Z,2025-11-07T00:27:32Z,2025-11-07T01:07:32Z,EDY SIEM,Correlation Hub,AST-0005,RUL-029,High,Closed,ANL-003,2,100,TRUE,FALSE,SYNTHETIC_DEMO_DATA
INC-00000716,ALT-00016309,2025-08-08T18:02:50Z,2025-08-08T18:18:50Z,2025-08-08T18:31:50Z,2025-08-08T23:38:50Z,2025-08-09T00:43:50Z,2025-08-09T03:26:50Z,EDY RECON,Exposure Intelligence,AST-0176,RUL-038,High,Closed,ANL-015,1,100,TRUE,FALSE,SYNTHETIC_DEMO_DATA
INC-00002249,ALT-00010098,2026-04-04T10:36:34Z,2026-04-04T10:56:34Z,2026-04-04T11:26:34Z,2026-04-04T12:10:34Z,2026-04-04T17:11:34Z,2026-04-04T20:57:34Z,External Synthetic,Cloud Audit,AST-0052,RUL-018,Low,Closed,ANL-010,2,57.8,FALSE,FALSE,SYNTHETIC_DEMO_DATA
INC-00001295,ALT-00008682,2025-03-06T13:46:49Z,2025-03-06T13:50:49Z,2025-03-06T13:59:49Z,2025-03-06T14:54:49Z,2025-03-06T20:27:49Z,2025-03-06T23:58:49Z,EDY SIEM,Correlation Hub,AST-0113,RUL-017,Low,Closed,ANL-010,3,61.2,FALSE,FALSE,SYNTHETIC_DEMO_DATA
INC-00002524,ALT-00016935,2025-03-26T17:06:39Z,2025-03-26T17:10:39Z,2025-03-26T17:53:39Z,2025-03-26T19:58:39Z,2025-03-26T21:58:39Z,2025-03-27T08:33:39Z,External Synthetic,Network Sensor,AST-0228,RUL-028,Informational,Closed,ANL-010,1,42.6,FALSE,FALSE,SYNTHETIC_DEMO_DATA
INC-00001812,ALT-00014459,2026-06-30T07:44:48Z,2026-06-30T07:49:48Z,2026-06-30T08:14:48Z,,,,EDY RECON,Exposure Intelligence,AST-0093,RUL-025,Low,Active,ANL-009,0,55.6,FALSE,FALSE,SYNTHETIC_DEMO_DATA
INC-00000923,ALT-00009561,2026-03-09T15:31:31Z,2026-03-09T15:39:31Z,2026-03-09T15:56:31Z,2026-03-09T17:08:31Z,2026-03-09T18:24:31Z,2026-03-09T23:12:31Z,EDY Shield,Endpoint Integrity,AST-0225,RUL-026,Informational,Closed,ANL-003,4,27.8,FALSE,FALSE,SYNTHETIC_DEMO_DATA
INC-00002798,ALT-00009666,2026-01-05T08:30:42Z,2026-01-05T08:43:42Z,2026-01-05T08:51:42Z,2026-01-05T09:40:42Z,2026-01-05T12:39:42Z,2026-01-05T22:38:42Z,EDY SIEM,Correlation Hub,AST-0095,RUL-012,Informational,Closed,ANL-018,3,50.3,FALSE,FALSE,SYNTHETIC_DEMO_DATA
INC-00000662,ALT-00001651,2026-04-13T18:39:14Z,2026-04-13T18:42:14Z,2026-04-13T18:53:14Z,2026-04-13T19:15:14Z,2026-04-14T11:16:14Z,2026-04-14T17:48:14Z,EDY Shield,Endpoint Integrity,AST-0125,RUL-045,Low,Closed,ANL-013,3,49.2,FALSE,FALSE,SYNTHETIC_DEMO_DATA
INC-00002363,ALT-00012973,2026-04-25T06:29:05Z,2026-04-25T06:59:05Z,2026-04-25T08:28:05Z,,,,EDY RECON,Exposure Intelligence,AST-0232,RUL-008,Medium,Active,ANL-005,0,67.1,FALSE,FALSE,SYNTHETIC_DEMO_DATA
INC-00002430,ALT-00000931,2026-01-10T16:56:36Z,2026-01-10T17:26:36Z,2026-01-10T17:58:36Z,2026-01-10T19:53:36Z,2026-01-10T20:38:36Z,,EDY Shield,Endpoint Integrity,AST-0007,RUL-037,Low,Resolved,ANL-003,3,57.6,FALSE,FALSE,SYNTHETIC_DEMO_DATA
INC-00002072,ALT-00014896,2026-01-14T20:11:59Z,2026-01-14T20:13:59Z,2026-01-14T20:41:59Z,2026-01-14T21:16:59Z,2026-01-14T23:36:59Z,2026-01-15T08:27:59Z,EDY Shield,Endpoint Integrity,AST-0072,RUL-022,Low,Closed,ANL-007,2,41.0,FALSE,FALSE,SYNTHETIC_DEMO_DATA
INC-00002405,ALT-00011405,2026-04-01T06:22:13Z,2026-04-01T06:35:13Z,2026-04-01T06:39:13Z,2026-04-01T07:04:13Z,2026-04-01T07:32:13Z,2026-04-01T12:05:13Z,EDY Shield,Endpoint Integrity,AST-0210,RUL-020,Medium,Closed,ANL-017,1,69.2,FALSE,FALSE,SYNTHETIC_DEMO_DATA
INC-00003169,ALT-00008252,2025-12-17T12:04:03Z,2025-12-17T12:51:03Z,2025-12-17T13:12:03Z,2025-12-17T15:46:03Z,2025-12-17T18:23:03Z,2025-12-17T21:17:03Z,External Synthetic,Network Sensor,AST-0069,RUL-022,Informational,Closed,ANL-013,1,47.2,FALSE,FALSE,SYNTHETIC_DEMO_DATA
INC-00002921,ALT-00012273,2026-06-22T17:11:25Z,2026-06-22T17:19:25Z,2026-06-22T17:39:25Z,2026-06-22T20:47:25Z,2026-06-22T22:58:25Z,2026-06-23T09:26:25Z,EDY Shield,Endpoint Integrity,AST-0165,RUL-003,Medium,Closed,ANL-005,1,65.2,FALSE,FALSE,SYNTHETIC_DEMO_DATA
INC-00001768,ALT-00006315,2026-07-14T07:42:46Z,2026-07-14T07:52:46Z,2026-07-14T08:19:46Z,2026-07-14T11:45:46Z,2026-07-14T15:51:46Z,2026-07-15T03:35:46Z,EDY Sentinel,Cloud Detection,AST-0139,RUL-021,Low,Closed,ANL-011,3,47.1,FALSE,FALSE,SYNTHETIC_DEMO_DATA
INC-00001447,ALT-00017120,2025-03-31T06:44:26Z,2025-03-31T06:58:26Z,2025-03-31T07:08:26Z,2025-03-31T07:36:26Z,2025-03-31T09:12:26Z,2025-03-31T09:51:26Z,EDY SIEM,Correlation Hub,AST-0120,RUL-006,Informational,Closed,ANL-007,1,42.1,FALSE,FALSE,SYNTHETIC_DEMO_DATA
INC-00002101,ALT-00014534,2025-07-14T18:45:55Z,2025-07-14T19:37:55Z,2025-07-14T19:47:55Z,2025-07-14T21:33:55Z,2025-07-14T23:35:55Z,2025-07-14T23:48:55Z,External Synthetic,Cloud Audit,AST-0237,RUL-035,Low,Closed,ANL-002,3,63.2,TRUE,FALSE,SYNTHETIC_DEMO_DATA
INC-00000740,ALT-00002030,2026-03-30T17:35:30Z,2026-03-30T17:57:30Z,2026-03-30T18:54:30Z,2026-03-30T20:55:30Z,2026-03-31T04:36:30Z,,EDY SIEM,Correlation Hub,AST-0152,RUL-002,Low,Resolved,ANL-007,1,48.9,FALSE,FALSE,SYNTHETIC_DEMO_DATA
INC-00003025,ALT-00002988,2026-02-22T15:20:30Z,2026-02-22T15:28:30Z,2026-02-22T16:04:30Z,2026-02-22T20:44:30Z,2026-02-22T21:09:30Z,2026-02-22T21:38:30Z,External Synthetic,Network Sensor,AST-0028,RUL-004,Medium,Closed,ANL-015,1,81.1,TRUE,FALSE,SYNTHETIC_DEMO_DATA
INC-00002586,ALT-00002028,2026-07-28T08:49:13Z,2026-07-28T09:06:13Z,2026-07-28T10:15:13Z,2026-07-28T11:14:13Z,2026-07-28T13:12:13Z,2026-07-28T21:29:13Z,EDY Shield,Endpoint Integrity,AST-0083,RUL-017,Low,Closed,ANL-009,1,56.3,FALSE,FALSE,SYNTHETIC_DEMO_DATA
INC-00000037,ALT-00014155,2025-02-13T00:55:14Z,2025-02-13T01:04:14Z,2025-02-13T01:20:14Z,2025-02-13T02:16:14Z,2025-02-13T05:54:14Z,2025-02-13T10:43:14Z,EDY RECON,Exposure Intelligence,AST-0231,RUL-004,Low,Closed,ANL-014,1,62.1,FALSE,FALSE,SYNTHETIC_DEMO_DATA
INC-00001677,ALT-00016779,2026-07-30T15:52:09Z,2026-07-30T15:59:09Z,2026-07-30T16:37:09Z,,,,EDY SIEM,Correlation Hub,AST-0086,RUL-030,Informational,Active,ANL-017,0,50.9,FALSE,FALSE,SYNTHETIC_DEMO_DATA
INC-00002677,ALT-00003332,2025-06-01T08:14:26Z,2025-06-01T09:53:26Z,2025-06-01T10:13:26Z,2025-06-01T10:46:26Z,2025-06-01T16:57:26Z,2025-06-02T04:14:26Z,EDY Shield,Endpoint Integrity,AST-0065,RUL-045,Informational,Closed,ANL-001,1,41.1,FALSE,FALSE,SYNTHETIC_DEMO_DATA
INC-00000126,ALT-00001615,2025-11-18T16:42:02Z,2025-11-18T16:57:02Z,2025-11-18T17:49:02Z,2025-11-18T18:39:02Z,2025-11-18T22:48:02Z,2025-11-19T01:29:02Z,EDY Shield,Endpoint Integrity,AST-0004,RUL-029,Low,Closed,ANL-003,3,44.4,FALSE,FALSE,SYNTHETIC_DEMO_DATA
INC-00001162,ALT-00002587,2025-03-01T12:28:10Z,2025-03-01T13:05:10Z,2025-03-01T13:15:10Z,2025-03-01T13:45:10Z,2025-03-01T14:24:10Z,2025-03-01T15:06:10Z,EDY Shield,Endpoint Integrity,AST-0134,RUL-033,Medium,Closed,ANL-006,1,61.7,FALSE,FALSE,SYNTHETIC_DEMO_DATA
INC-00000568,ALT-00007370,2026-03-09T12:21:43Z,2026-03-09T12:32:43Z,2026-03-09T12:44:43Z,2026-03-09T15:00:43Z,2026-03-09T19:54:43Z,2026-03-09T23:41:43Z,External Synthetic,Network Sensor,AST-0113,RUL-042,Low,Closed,ANL-005,1,66.2,FALSE,FALSE,SYNTHETIC_DEMO_DATA
INC-00000282,ALT-00016637,2025-12-12T23:04:39Z,2025-12-12T23:19:39Z,2025-12-12T23:53:39Z,2025-12-13T00:24:39Z,2025-12-13T03:03:39Z,2025-12-13T12:10:39Z,EDY RECON,Exposure Intelligence,AST-0012,RUL-030,Informational,Closed,ANL-008,3,33.6,FALSE,FALSE,SYNTHETIC_DEMO_DATA
INC-00000661,ALT-00016806,2026-06-13T13:02:15Z,2026-06-13T14:22:15Z,2026-06-13T14:46:15Z,2026-06-13T16:04:15Z,2026-06-13T17:48:15Z,2026-06-14T01:01:15Z,EDY Sentinel,Cloud Detection,AST-0093,RUL-026,Informational,Closed,ANL-001,1,39.4,FALSE,FALSE,SYNTHETIC_DEMO_DATA
INC-00001311,ALT-00005101,2025-10-08T11:38:08Z,2025-10-08T12:13:08Z,2025-10-08T12:50:08Z,2025-10-08T13:41:08Z,2025-10-08T15:34:08Z,2025-10-08T20:08:08Z,EDY Sentinel,Cloud Detection,AST-0235,RUL-003,Medium,Closed,ANL-007,1,72.6,FALSE,FALSE,SYNTHETIC_DEMO_DATA
INC-00000853,ALT-00007298,2025-03-14T12:54:18Z,2025-03-14T13:02:18Z,2025-03-14T14:03:18Z,2025-03-14T16:20:18Z,2025-03-14T20:00:18Z,2025-03-14T22:01:18Z,EDY Sentinel,Cloud Detection,AST-0044,RUL-042,High,Closed,ANL-010,1,93.5,TRUE,FALSE,SYNTHETIC_DEMO_DATA
INC-00001359,ALT-00009260,2025-06-24T23:36:55Z,2025-06-25T00:23:55Z,2025-06-25T00:44:55Z,2025-06-25T02:05:55Z,2025-06-25T10:50:55Z,2025-06-25T11:17:55Z,External Synthetic,Network Sensor,AST-0231,RUL-020,Informational,Closed,ANL-011,3,39.0,FALSE,FALSE,SYNTHETIC_DEMO_DATA
INC-00000759,ALT-00001075,2025-09-21T15:38:33Z,2025-09-21T16:06:33Z,2025-09-21T16:28:33Z,2025-09-21T17:56:33Z,2025-09-21T19:46:33Z,2025-09-21T21:43:33Z,EDY Shield,Endpoint Integrity,AST-0010,RUL-002,High,Closed,ANL-002,2,96.1,TRUE,FALSE,SYNTHETIC_DEMO_DATA
INC-00001168,ALT-00011966,2025-05-24T22:16:55Z,2025-05-24T22:58:55Z,2025-05-24T23:30:55Z,2025-05-25T00:54:55Z,2025-05-25T03:01:55Z,2025-05-25T05:05:55Z,External Synthetic,Cloud Audit,AST-0164,RUL-042,Informational,Closed,ANL-016,1,37.6,FALSE,FALSE,SYNTHETIC_DEMO_DATA
INC-00000817,ALT-00012130,2025-03-19T15:20:03Z,2025-03-19T15:55:03Z,2025-03-19T16:15:03Z,2025-03-19T16:50:03Z,2025-03-19T22:49:03Z,2025-03-19T23:06:03Z,EDY SIEM,Correlation Hub,AST-0222,RUL-016,Informational,Closed,ANL-007,1,39.0,FALSE,FALSE,SYNTHETIC_DEMO_DATA
INC-00000695,ALT-00000143,2025-02-09T16:35:28Z,2025-02-09T17:09:28Z,2025-02-09T17:21:28Z,2025-02-09T22:41:28Z,2025-02-10T00:26:28Z,,External Synthetic,Network Sensor,AST-0131,RUL-039,Informational,Resolved,ANL-015,1,54.9,FALSE,FALSE,SYNTHETIC_DEMO_DATA
INC-00001220,ALT-00004968,2026-07-11T17:19:37Z,2026-07-11T17:30:37Z,2026-07-11T17:36:37Z,2026-07-11T18:31:37Z,2026-07-12T02:56:37Z,,EDY Shield,Endpoint Integrity,AST-0182,RUL-017,Informational,Resolved,ANL-012,1,37.6,FALSE,FALSE,SYNTHETIC_DEMO_DATA
INC-00002311,ALT-00016171,2025-09-09T18:07:48Z,2025-09-09T18:10:48Z,2025-09-09T18:42:48Z,,,,External Synthetic,Network Sensor,AST-0051,RUL-041,Critical,Active,ANL-011,0,100,TRUE,FALSE,SYNTHETIC_DEMO_DATA
INC-00000939,ALT-00000461,2026-03-18T14:22:09Z,2026-03-18T15:07:09Z,2026-03-18T15:16:09Z,2026-03-18T16:14:09Z,2026-03-18T21:16:09Z,2026-03-19T06:21:09Z,External Synthetic,Identity Provider,AST-0087,RUL-017,Informational,Closed,ANL-017,1,42.6,FALSE,FALSE,SYNTHETIC_DEMO_DATA
INC-00001147,ALT-00010111,2025-08-31T20:14:55Z,2025-08-31T20:40:55Z,2025-08-31T21:07:55Z,2025-08-31T21:44:55Z,2025-09-01T03:19:55Z,2025-09-01T04:48:55Z,EDY SIEM,Correlation Hub,AST-0079,RUL-019,Informational,Closed,ANL-001,1,38.5,FALSE,FALSE,SYNTHETIC_DEMO_DATA
INC-00000079,ALT-00004998,2025-05-08T15:53:23Z,2025-05-08T16:38:23Z,2025-05-08T17:07:23Z,2025-05-08T18:06:23Z,2025-05-08T23:42:23Z,2025-05-09T10:18:23Z,EDY Sentinel,Cloud Detection,AST-0056,RUL-036,High,Closed,ANL-010,1,96.3,TRUE,FALSE,SYNTHETIC_DEMO_DATA
INC-00000491,ALT-00004171,2025-10-08T11:54:11Z,2025-10-08T12:36:11Z,2025-10-08T12:41:11Z,2025-10-08T13:05:11Z,2025-10-08T15:57:11Z,2025-10-08T18:49:11Z,EDY SIEM,Correlation Hub,AST-0055,RUL-043,Low,Closed,ANL-004,1,56.0,FALSE,FALSE,SYNTHETIC_DEMO_DATA
INC-00000214,ALT-00007921,2026-02-06T18:24:41Z,2026-02-06T19:19:41Z,2026-02-06T19:45:41Z,2026-02-06T20:16:41Z,2026-02-07T01:23:41Z,2026-02-07T10:11:41Z,EDY RECON,Exposure Intelligence,AST-0051,RUL-017,MEDIUM,Closed,ANL-018,1,72.6,FALSE,FALSE,SYNTHETIC_DEMO_DATA
INC-00001870,ALT-00015947,2025-04-10T18:23:34Z,2025-04-10T18:34:34Z,2025-04-10T19:07:34Z,2025-04-10T19:51:34Z,2025-04-10T22:58:34Z,2025-04-11T10:30:34Z,External Synthetic,Network Sensor,AST-0016,RUL-035,Low,Closed,ANL-017,1,65.0,TRUE,FALSE,SYNTHETIC_DEMO_DATA
INC-00000609,ALT-00011744,2026-03-18T21:12:10Z,2026-03-18T21:48:10Z,2026-03-18T22:07:10Z,2026-03-18T22:39:10Z,2026-03-19T00:02:10Z,2026-03-19T09:34:10Z,External Synthetic,Network Sensor,AST-0151,RUL-011,Medium,Closed,ANL-007,3,69.0,FALSE,FALSE,SYNTHETIC_DEMO_DATA
INC-00000055,ALT-00010175,2026-07-20T14:47:02Z,2026-07-20T15:16:02Z,2026-07-20T15:37:02Z,2026-07-20T17:16:02Z,2026-07-20T20:46:02Z,2026-07-21T05:46:02Z,EDY Shield,Endpoint Integrity,AST-0240,RUL-010,Informational,Closed,ANL-013,1,52.6,TRUE,FALSE,SYNTHETIC_DEMO_DATA
INC-00000677,ALT-00012743,2026-03-03T15:40:27Z,2026-03-03T15:59:27Z,2026-03-03T16:17:27Z,2026-03-03T17:53:27Z,2026-03-04T02:04:27Z,2026-03-04T04:47:27Z,External Synthetic,Network Sensor,AST-0043,RUL-006,Low,Closed,ANL-016,3,49.8,FALSE,FALSE,SYNTHETIC_DEMO_DATA
INC-00002777,ALT-00002659,2026-06-11T10:11:53Z,2026-06-11T10:28:53Z,2026-06-11T10:38:53Z,2026-06-11T11:09:53Z,2026-06-11T14:10:53Z,,EDY Shield,Endpoint Integrity,AST-0148,RUL-037,Medium,Resolved,ANL-005,1,66.5,FALSE,FALSE,SYNTHETIC_DEMO_DATA
INC-00001242,ALT-00013955,2026-07-22T09:37:34Z,2026-07-22T09:50:34Z,2026-07-22T10:00:34Z,,,,EDY SIEM,Correlation Hub,AST-0058,RUL-007,Informational,Active,ANL-002,0,28.9,FALSE,FALSE,SYNTHETIC_DEMO_DATA
INC-00001827,ALT-00004016,2025-08-10T17:13:27Z,2025-08-10T17:48:27Z,2025-08-10T18:05:27Z,2025-08-10T20:44:27Z,2025-08-10T21:50:27Z,2025-08-11T02:18:27Z,EDY Sentinel,Cloud Detection,AST-0102,RUL-028,Informational,Closed,ANL-011,1,38.9,FALSE,FALSE,SYNTHETIC_DEMO_DATA
INC-00000322,ALT-00012626,2025-10-17T16:15:57Z,2025-10-17T16:17:57Z,2025-10-17T16:58:57Z,2025-10-17T19:05:57Z,2025-10-17T20:12:57Z,,EDY RECON,Exposure Intelligence,AST-0008,RUL-040,High,Resolved,ANL-001,2,91.0,TRUE,FALSE,SYNTHETIC_DEMO_DATA
INC-00002124,ALT-00007595,2025-09-08T15:20:12Z,2025-09-08T15:38:12Z,2025-09-08T16:38:12Z,,,,EDY RECON,Exposure Intelligence,AST-0023,RUL-004,Medium,Active,ANL-004,0,76.2,FALSE,FALSE,SYNTHETIC_DEMO_DATA
INC-00002528,ALT-00010717,2025-09-19T16:39:37Z,2025-09-19T16:54:37Z,2025-09-19T17:07:37Z,2025-09-19T17:31:37Z,2025-09-20T02:29:37Z,2025-09-20T05:33:37Z,EDY Shield,Endpoint Integrity,AST-0195,RUL-011,Low,Closed,ANL-001,1,54.9,FALSE,FALSE,SYNTHETIC_DEMO_DATA
INC-00002195,ALT-00014624,2026-07-31T10:00:15Z,2026-07-31T10:21:15Z,2026-07-31T10:25:15Z,2026-07-31T11:40:15Z,2026-07-31T13:12:15Z,2026-07-31T22:54:15Z,External Synthetic,Network Sensor,AST-0108,RUL-033,Informational,Closed,ANL-009,1,26.2,FALSE,FALSE,SYNTHETIC_DEMO_DATA
INC-00001342,ALT-00008339,2026-05-20T08:52:06Z,2026-05-20T09:16:06Z,2026-05-20T09:46:06Z,,,,External Synthetic,Network Sensor,AST-0148,RUL-009,Low,Active,ANL-005,0,60.9,TRUE,FALSE,SYNTHETIC_DEMO_DATA
INC-00000577,ALT-00007870,2025-12-08T12:21:44Z,2025-12-08T12:32:44Z,2025-12-08T13:20:44Z,2025-12-08T14:39:44Z,,,EDY Shield,Endpoint Integrity,AST-0141,RUL-029,Medium,Contained,ANL-015,0,73.4,FALSE,FALSE,SYNTHETIC_DEMO_DATA
INC-00001363,ALT-00016115,2025-03-10T10:50:27Z,2025-03-10T11:16:27Z,2025-03-10T11:25:27Z,2025-03-10T12:57:27Z,2025-03-10T14:28:27Z,2025-03-10T23:53:27Z,EDY Shield,Endpoint Integrity,AST-0105,RUL-011,Informational,Closed,ANL-001,1,44.9,FALSE,FALSE,SYNTHETIC_DEMO_DATA
INC-00001586,ALT-00001016,2026-07-07T09:23:57Z,2026-07-07T09:44:57Z,2026-07-07T10:18:57Z,2026-07-07T12:19:57Z,2026-07-07T14:57:57Z,2026-07-08T02:24:57Z,External Synthetic,Network Sensor,AST-0238,RUL-039,Informational,Closed,ANL-006,1,29.4,FALSE,FALSE,SYNTHETIC_DEMO_DATA
INC-00002646,ALT-00016392,2025-03-01T13:56:31Z,2025-03-01T14:17:31Z,2025-03-01T14:23:31Z,2025-03-01T15:31:31Z,2025-03-01T18:22:31Z,2025-03-02T02:47:31Z,External Synthetic,Cloud Audit,AST-0074,RUL-033,Low,Closed,ANL-003,2,55.5,FALSE,FALSE,SYNTHETIC_DEMO_DATA
INC-00002129,ALT-00011000,2026-04-26T13:34:21Z,2026-04-26T15:05:21Z,2026-04-26T15:26:21Z,2026-04-26T16:35:21Z,2026-04-27T07:49:21Z,2026-04-27T12:13:21Z,External Synthetic,Network Sensor,AST-0240,RUL-006,Informational,Closed,ANL-003,1,45.8,FALSE,FALSE,SYNTHETIC_DEMO_DATA
INC-00001695,ALT-00001468,2025-10-07T23:43:14Z,2025-10-08T00:46:14Z,2025-10-08T00:59:14Z,2025-10-08T05:57:14Z,2025-10-08T07:44:14Z,2025-10-08T09:49:14Z,External Synthetic,Network Sensor,AST-0140,RUL-043,Low,Closed,ANL-018,1,64.9,FALSE,FALSE,SYNTHETIC_DEMO_DATA
INC-00001958,ALT-00003684,2026-05-07T10:57:44Z,2026-05-07T12:04:44Z,2026-05-07T12:13:44Z,2026-05-07T12:22:44Z,2026-05-08T04:27:44Z,2026-05-08T08:19:44Z,EDY RECON,Exposure Intelligence,AST-0056,RUL-033,Informational,fechado,ANL-012,1,49.1,TRUE,FALSE,SYNTHETIC_DEMO_DATA
INC-00000725,ALT-00015253,2025-05-16T05:56:44Z,2025-05-16T06:15:44Z,2025-05-16T06:52:44Z,2025-05-16T07:22:44Z,2025-05-16T08:00:44Z,2025-05-16T15:45:44Z,External Synthetic,Network Sensor,AST-0110,RUL-007,Low,Closed,ANL-004,1,48.2,FALSE,FALSE,SYNTHETIC_DEMO_DATA
INC-00003076,ALT-00004331,2025-02-16T16:52:26Z,2025-02-16T17:24:26Z,2025-02-16T17:43:26Z,2025-02-16T20:27:26Z,2025-02-16T23:34:26Z,2025-02-17T05:48:26Z,External Synthetic,Cloud Audit,AST-0226,RUL-039,Informational,Closed,ANL-016,2,45.8,FALSE,FALSE,SYNTHETIC_DEMO_DATA
INC-00001296,ALT-00012834,2025-06-30T16:52:34Z,2025-06-30T17:08:34Z,2025-06-30T18:02:34Z,2025-06-30T23:00:34Z,2025-07-01T06:40:34Z,2025-07-01T17:27:34Z,EDY Sentinel,Cloud Detection,AST-0179,RUL-039,Low,Closed,ANL-003,3,43.0,FALSE,FALSE,SYNTHETIC_DEMO_DATA
INC-00001947,ALT-00006894,2025-05-10T12:48:25Z,2025-05-10T13:03:25Z,2025-05-10T13:44:25Z,2025-05-10T14:53:25Z,2025-05-10T19:24:25Z,2025-05-11T03:24:25Z,EDY RECON,Exposure Intelligence,AST-0141,RUL-004,Low,Closed,ANL-018,1,75.0,TRUE,FALSE,SYNTHETIC_DEMO_DATA
INC-00002354,ALT-00004425,2025-10-27T18:19:43Z,2025-10-27T19:33:43Z,2025-10-27T20:41:43Z,2025-10-27T22:30:43Z,2025-10-28T02:52:43Z,2025-10-28T11:39:43Z,EDY Shield,Endpoint Integrity,AST-0230,RUL-016,INFORMATIONAL,Closed,ANL-012,3,61.5,TRUE,FALSE,SYNTHETIC_DEMO_DATA
INC-00001694,ALT-00007053,2025-03-26T08:04:43Z,2025-03-26T08:22:43Z,2025-03-26T08:54:43Z,2025-03-26T11:03:43Z,2025-03-26T15:26:43Z,2025-03-26T15:45:43Z,External Synthetic,Network Sensor,AST-0106,RUL-030,High,Closed,ANL-009,1,95.1,TRUE,FALSE,SYNTHETIC_DEMO_DATA
INC-00002683,ALT-00007401,2025-03-23T06:58:15Z,2025-03-23T07:14:15Z,2025-03-23T07:30:15Z,2025-03-23T08:42:15Z,2025-03-23T11:32:15Z,2025-03-23T11:58:15Z,External Synthetic,Cloud Audit,AST-0078,RUL-035,Informational,Closed,ANL-013,2,47.3,FALSE,FALSE,SYNTHETIC_DEMO_DATA
INC-00001076,ALT-00008100,2025-10-04T19:52:54Z,2025-10-04T20:06:54Z,2025-10-04T20:30:54Z,2025-10-05T01:45:54Z,2025-10-05T03:11:54Z,2025-10-05T03:29:54Z,External Synthetic,Network Sensor,AST-0115,RUL-010,High,Closed,ANL-015,3,96.8,TRUE,FALSE,SYNTHETIC_DEMO_DATA
INC-00000646,ALT-00007854,2026-07-02T09:46:38Z,2026-07-02T10:07:38Z,2026-07-02T10:16:38Z,2026-07-02T11:50:38Z,2026-07-02T15:58:38Z,2026-07-03T00:08:38Z,EDY Shield,Endpoint Integrity,AST-0157,RUL-033,Low,Closed,ANL-017,2,47.5,FALSE,FALSE,SYNTHETIC_DEMO_DATA
INC-00002969,ALT-00011356,2025-06-08T10:01:32Z,2025-06-08T10:24:32Z,2025-06-08T10:51:32Z,2025-06-08T13:09:32Z,2025-06-08T15:29:32Z,2025-06-08T17:12:32Z,External Synthetic,Cloud Audit,AST-0031,RUL-017,Informational,Closed,ANL-009,3,35.2,FALSE,FALSE,SYNTHETIC_DEMO_DATA
INC-00001646,ALT-00008337,2025-09-05T10:15:52Z,2025-09-05T10:31:52Z,2025-09-05T10:48:52Z,2025-09-05T12:32:52Z,2025-09-05T19:55:52Z,,EDY RECON,Exposure Intelligence,AST-0188,RUL-021,Informational,Resolved,ANL-018,3,36.8,FALSE,FALSE,SYNTHETIC_DEMO_DATA
INC-00003147,ALT-00006068,2026-04-27T16:57:34Z,2026-04-27T17:08:34Z,2026-04-27T17:44:34Z,2026-04-27T18:13:34Z,2026-04-27T19:40:34Z,2026-04-27T20:16:34Z,EDY Sentinel,Cloud Detection,AST-0129,RUL-031,Informational,Closed,ANL-005,1,34.9,FALSE,FALSE,SYNTHETIC_DEMO_DATA
INC-00002268,ALT-00004489,2025-04-29T04:55:22Z,2025-04-29T05:17:22Z,2025-04-29T05:45:22Z,2025-04-29T06:44:22Z,2025-04-29T08:17:22Z,2025-04-29T10:29:22Z,EDY SIEM,Correlation Hub,AST-0115,RUL-010,Medium,Closed,ANL-004,4,64.6,FALSE,FALSE,SYNTHETIC_DEMO_DATA
INC-00000182,ALT-00002522,2025-02-05T22:46:27Z,2025-02-05T23:07:27Z,2025-02-05T23:31:27Z,2025-02-06T01:38:27Z,2025-02-06T04:57:27Z,2025-02-06T14:02:27Z,EDY RECON,Exposure Intelligence,AST-0001,RUL-045,Informational,Closed,ANL-006,1,42.5,FALSE,FALSE,SYNTHETIC_DEMO_DATA
INC-00001708,ALT-00011225,2026-02-21T18:41:40Z,2026-02-21T19:08:40Z,2026-02-21T19:16:40Z,2026-02-21T20:40:40Z,2026-02-22T03:35:40Z,2026-02-22T10:57:40Z,EDY RECON,Exposure Intelligence,AST-0133,RUL-040,Low,Closed,ANL-017,1,54.6,FALSE,FALSE,SYNTHETIC_DEMO_DATA
INC-00000207,ALT-00006817,2025-11-19T15:01:39Z,2025-11-19T15:05:39Z,2025-11-19T15:14:39Z,2025-11-19T17:47:39Z,2025-11-20T02:00:39Z,2025-11-20T07:46:39Z,EDY Shield,Endpoint Integrity,AST-0209,RUL-004,Informational,Closed,ANL-011,1,38.4,FALSE,FALSE,SYNTHETIC_DEMO_DATA
INC-00000077,ALT-00015175,2026-02-18T15:16:04Z,2026-02-18T15:53:04Z,2026-02-18T16:07:04Z,2026-02-18T18:37:04Z,2026-02-18T19:47:04Z,2026-02-19T05:33:04Z,EDY SIEM,Correlation Hub,AST-0043,RUL-001,Informational,Closed,ANL-003,3,46.5,TRUE,FALSE,SYNTHETIC_DEMO_DATA
INC-00003077,ALT-00012981,2025-06-05T16:20:00Z,2025-06-05T16:43:00Z,2025-06-05T17:57:00Z,2025-06-05T18:27:00Z,2025-06-05T23:27:00Z,2025-06-06T10:07:00Z,External Synthetic,Identity Provider,AST-0047,RUL-016,Informational,Closed,ANL-009,4,42.4,FALSE,FALSE,SYNTHETIC_DEMO_DATA
INC-00000585,ALT-00004842,2025-06-17T23:46:21Z,2025-06-18T00:47:21Z,2025-06-18T01:04:21Z,2025-06-18T02:11:21Z,2025-06-18T13:50:21Z,2025-06-19T00:41:21Z,EDY SIEM,Correlation Hub,AST-0134,RUL-011,Informational,Closed,ANL-011,1,27.6,FALSE,FALSE,SYNTHETIC_DEMO_DATA
INC-00000448,ALT-00011531,2025-08-06T08:20:54Z,2025-08-06T09:38:54Z,2025-08-06T09:46:54Z,2025-08-06T11:28:54Z,2025-08-06T14:41:54Z,2025-08-06T22:55:54Z,External Synthetic,Network Sensor,AST-0196,RUL-006,Informational,Closed,ANL-016,1,35.0,FALSE,FALSE,SYNTHETIC_DEMO_DATA
INC-00003084,ALT-00016638,2026-05-05T17:17:46Z,2026-05-05T18:17:46Z,2026-05-05T19:04:46Z,2026-05-05T21:47:46Z,2026-05-06T00:24:46Z,2026-05-06T01:28:46Z,External Synthetic,Cloud Audit,AST-0183,RUL-036,Low,Closed,ANL-015,1,53.9,FALSE,FALSE,SYNTHETIC_DEMO_DATA
INC-00001163,ALT-00013072,2026-03-05T21:32:56Z,2026-03-05T21:54:56Z,2026-03-05T22:30:56Z,2026-03-06T00:17:56Z,2026-03-06T04:40:56Z,2026-03-06T07:51:56Z,External Synthetic,Cloud Audit,AST-0141,RUL-023,Medium,Closed,ANL-017,2,71.7,FALSE,FALSE,SYNTHETIC_DEMO_DATA
INC-00002575,ALT-00003471,2025-05-14T19:44:29Z,2025-05-14T20:52:29Z,2025-05-14T21:25:29Z,2025-05-14T23:16:29Z,2025-05-15T02:14:29Z,2025-05-15T05:40:29Z,EDY RECON,Exposure Intelligence,AST-0119,RUL-027,Low,Closed,ANL-014,1,55.8,FALSE,FALSE,SYNTHETIC_DEMO_DATA
INC-00001217,ALT-00006510,2026-04-29T08:47:26Z,2026-04-29T09:10:26Z,2026-04-29T09:37:26Z,2026-04-29T10:13:26Z,2026-04-29T11:39:26Z,,EDY SIEM,Correlation Hub,AST-0074,RUL-018,Low,Resolved,ANL-016,1,49.1,FALSE,FALSE,SYNTHETIC_DEMO_DATA
INC-00000391,ALT-00015791,2025-07-18T17:30:00Z,2025-07-18T17:42:00Z,2025-07-18T17:52:00Z,2025-07-18T18:48:00Z,2025-07-18T20:06:00Z,2025-07-19T02:45:00Z,EDY RECON,Exposure Intelligence,AST-0069,RUL-009,Medium,Closed,ANL-003,1,78.4,FALSE,FALSE,SYNTHETIC_DEMO_DATA
INC-00001904,ALT-00007377,2025-09-11T10:47:24Z,2025-09-11T11:07:24Z,2025-09-11T11:16:24Z,2025-09-11T11:47:24Z,2025-09-11T13:15:24Z,,External Synthetic,Network Sensor,AST-0113,RUL-026,Informational,Resolved,ANL-012,1,50.0,FALSE,FALSE,SYNTHETIC_DEMO_DATA
INC-00000735,ALT-00009917,2025-03-07T14:33:03Z,2025-03-07T14:37:03Z,2025-03-07T14:56:03Z,2025-03-07T17:01:03Z,2025-03-07T17:49:03Z,2025-03-07T22:15:03Z,EDY Shield,Endpoint Integrity,AST-0140,RUL-039,Medium,Closed,ANL-007,4,84.2,FALSE,FALSE,SYNTHETIC_DEMO_DATA
INC-00002609,ALT-00004823,2025-06-18T12:22:08Z,2025-06-18T12:46:08Z,2025-06-18T13:18:08Z,2025-06-18T14:17:08Z,2025-06-18T18:15:08Z,2025-06-19T01:00:08Z,EDY SIEM,Correlation Hub,AST-0045,RUL-028,Informational,Closed,ANL-009,1,29.4,FALSE,FALSE,SYNTHETIC_DEMO_DATA
INC-00001864,ALT-00001501,2026-01-22T18:09:59Z,2026-01-22T18:31:59Z,2026-01-22T18:52:59Z,2026-01-22T22:23:59Z,2026-01-23T02:54:59Z,2026-01-23T10:10:59Z,External Synthetic,Cloud Audit,AST-0212,RUL-030,Informational,Closed,ANL-004,1,50.6,FALSE,FALSE,SYNTHETIC_DEMO_DATA
INC-00000133,ALT-00001508,2026-03-19T14:03:49Z,2026-03-19T14:16:49Z,2026-03-19T14:27:49Z,2026-03-19T15:03:49Z,2026-03-19T19:02:49Z,2026-03-20T01:33:49Z,External Synthetic,Network Sensor,AST-0084,RUL-029,Low,Closed,ANL-008,1,55.1,FALSE,FALSE,SYNTHETIC_DEMO_DATA
INC-00000002,ALT-00015335,2026-07-31T11:45:53Z,2026-07-31T11:59:53Z,2026-07-31T12:32:53Z,,,,EDY SIEM,Correlation Hub,AST-0014,RUL-012,High,Active,ANL-009,0,100,TRUE,FALSE,SYNTHETIC_DEMO_DATA
INC-00000001,ALT-00000037,2026-05-15T11:26:14Z,2026-05-15T13:03:14Z,2026-05-15T13:40:14Z,2026-05-15T15:09:14Z,2026-05-15T15:57:14Z,2026-05-16T00:19:14Z,EDY SIEM,Correlation Hub,AST-0067,RUL-028,Informational,Closed,ANL-013,2,28.5,FALSE,FALSE,SYNTHETIC_DEMO_DATA
INC-00002137,ALT-00011067,2026-02-20T18:12:32Z,2026-02-20T18:40:32Z,2026-02-20T19:21:32Z,2026-02-20T20:16:32Z,2026-02-20T20:42:32Z,2026-02-21T07:13:32Z,EDY RECON,Exposure Intelligence,AST-0169,RUL-005,Low,Closed,ANL-002,1,51.1,FALSE,FALSE,SYNTHETIC_DEMO_DATA
INC-00000343,ALT-00001921,2026-03-28T12:04:27Z,2026-03-28T12:14:27Z,2026-03-28T12:21:27Z,2026-03-28T14:06:27Z,2026-03-28T16:52:27Z,2026-03-28T22:31:27Z,EDY RECON,Exposure Intelligence,AST-0043,RUL-040,High,Closed,ANL-016,3,94.0,TRUE,FALSE,SYNTHETIC_DEMO_DATA
INC-00001545,ALT-00008782,2025-03-03T10:34:47Z,2025-03-03T12:22:47Z,2025-03-03T12:46:47Z,2025-03-03T16:02:47Z,2025-03-03T17:59:47Z,2025-03-04T01:45:47Z,External Synthetic,Network Sensor,AST-0114,RUL-034,Informational,Closed,ANL-005,1,42.3,FALSE,FALSE,SYNTHETIC_DEMO_DATA
INC-00001307,ALT-00001296,2025-12-21T09:47:25Z,2025-12-21T10:09:25Z,2025-12-21T10:24:25Z,2025-12-21T11:26:25Z,2025-12-21T14:37:25Z,2025-12-21T15:38:25Z,External Synthetic,Network Sensor,AST-0098,RUL-020,Medium,Closed,ANL-017,4,59.7,FALSE,FALSE,SYNTHETIC_DEMO_DATA
INC-00000435,ALT-00001826,2026-06-15T14:18:18Z,2026-06-15T14:36:18Z,2026-06-15T15:14:18Z,2026-06-15T15:33:18Z,2026-06-15T21:01:18Z,2026-06-15T22:41:18Z,External Synthetic,Network Sensor,AST-0209,RUL-012,Low,Closed,ANL-018,3,51.9,FALSE,FALSE,SYNTHETIC_DEMO_DATA
INC-00001310,ALT-00010754,2026-05-28T19:51:32Z,2026-05-28T21:15:32Z,2026-05-28T21:25:32Z,,,,External Synthetic,Cloud Audit,AST-0193,RUL-040,Low,Active,ANL-013,0,45.3,FALSE,FALSE,SYNTHETIC_DEMO_DATA
INC-00000362,ALT-00012125,2026-04-27T17:59:31Z,2026-04-27T18:39:31Z,2026-04-27T18:55:31Z,2026-04-27T21:42:31Z,2026-04-28T04:17:31Z,2026-04-28T11:21:31Z,External Synthetic,Cloud Audit,AST-0185,RUL-022,Informational,Closed,ANL-006,1,46.4,FALSE,FALSE,SYNTHETIC_DEMO_DATA
INC-00000427,ALT-00001117,2025-08-06T15:13:30Z,2025-08-06T15:27:30Z,2025-08-06T15:51:30Z,2025-08-06T18:49:30Z,2025-08-06T22:53:30Z,2025-08-07T09:00:30Z,External Synthetic,Cloud Audit,AST-0028,RUL-034,Informational,Closed,ANL-001,3,47.8,FALSE,FALSE,SYNTHETIC_DEMO_DATA
INC-00001689,ALT-00007047,2026-05-04T15:33:42Z,2026-05-04T15:45:42Z,2026-05-04T16:47:42Z,2026-05-04T17:24:42Z,2026-05-04T19:21:42Z,2026-05-04T20:26:42Z,External Synthetic,Network Sensor,AST-0019,RUL-002,Low,Closed,ANL-006,2,57.9,FALSE,FALSE,SYNTHETIC_DEMO_DATA
INC-00000600,ALT-00015186,2025-02-24T00:13:26Z,2025-02-24T00:18:26Z,2025-02-24T01:07:26Z,2025-02-24T01:38:26Z,2025-02-24T04:13:26Z,2025-02-24T07:39:26Z,External Synthetic,Cloud Audit,AST-0146,RUL-031,Critical,Closed,ANL-018,1,100,TRUE,FALSE,SYNTHETIC_DEMO_DATA
INC-00002542,ALT-00004389,2025-06-08T09:02:26Z,2025-06-08T09:26:26Z,2025-06-08T09:42:26Z,2025-06-08T10:49:26Z,2025-06-08T14:27:26Z,2025-06-08T23:10:26Z,EDY Shield,Endpoint Integrity,AST-0041,RUL-037,Low,Closed,ANL-011,1,61.2,FALSE,FALSE,SYNTHETIC_DEMO_DATA
INC-00002293,ALT-00005337,2026-06-04T05:46:13Z,2026-06-04T06:07:13Z,2026-06-04T06:42:13Z,2026-06-04T10:15:13Z,2026-06-04T20:55:13Z,2026-06-05T06:14:13Z,EDY Shield,Endpoint Integrity,AST-0136,RUL-023,Low,Closed,ANL-008,2,63.8,FALSE,FALSE,SYNTHETIC_DEMO_DATA
INC-00002502,ALT-00006241,2025-11-17T06:44:30Z,2025-11-17T07:02:30Z,2025-11-17T07:26:30Z,2025-11-17T09:15:30Z,2025-11-17T12:59:30Z,2025-11-17T21:43:30Z,External Synthetic,Cloud Audit,AST-0204,RUL-043,Low,Closed,ANL-003,4,55.2,FALSE,FALSE,SYNTHETIC_DEMO_DATA
INC-00000837,ALT-00004411,2026-07-17T13:23:42Z,2026-07-17T14:26:42Z,2026-07-17T15:24:42Z,2026-07-17T16:01:42Z,2026-07-17T17:41:42Z,2026-07-17T23:46:42Z,EDY Shield,Endpoint Integrity,AST-0229,RUL-023,Medium,Closed,ANL-013,1,64.6,FALSE,FALSE,SYNTHETIC_DEMO_DATA
INC-00000304,ALT-00013552,2025-04-15T12:54:16Z,2025-04-15T13:32:16Z,2025-04-15T13:53:16Z,2025-04-15T15:21:16Z,2025-04-15T17:07:16Z,2025-04-15T20:18:16Z,External Synthetic,Cloud Audit,AST-0119,RUL-029,Informational,Closed,ANL-016,1,36.9,FALSE,FALSE,SYNTHETIC_DEMO_DATA
INC-00003108,ALT-00017123,2026-02-04T13:59:59Z,,,,,,EDY Shield,Endpoint Integrity,AST-0053,RUL-041,Critical,New,ANL-012,0,100,TRUE,FALSE,SYNTHETIC_DEMO_DATA
INC-00001536,ALT-00014839,2026-02-15T17:45:45Z,2026-02-15T17:59:45Z,2026-02-15T18:09:45Z,2026-02-15T21:26:45Z,2026-02-16T11:28:45Z,2026-02-16T21:43:45Z,EDY SIEM,Correlation Hub,AST-0162,RUL-035,Low,Closed,ANL-015,1,38.8,FALSE,FALSE,SYNTHETIC_DEMO_DATA
INC-00000926,ALT-00013663,2026-04-08T03:44:00Z,2026-04-08T04:01:00Z,2026-04-08T04:11:00Z,2026-04-08T05:06:00Z,2026-04-08T07:08:00Z,2026-04-08T15:03:00Z,External Synthetic,Cloud Audit,AST-0001,RUL-010,Low,Closed,ANL-001,1,62.1,FALSE,FALSE,SYNTHETIC_DEMO_DATA
INC-00000962,ALT-00016329,2025-05-01T10:58:25Z,2025-05-01T11:11:25Z,2025-05-01T12:16:25Z,2025-05-01T15:34:25Z,2025-05-01T16:42:25Z,2025-05-02T04:00:25Z,External Synthetic,Network Sensor,AST-0054,RUL-045,Informational,Closed,ANL-018,1,22.1,FALSE,FALSE,SYNTHETIC_DEMO_DATA
INC-00003150,ALT-00015235,2026-04-05T15:41:35Z,2026-04-05T15:48:35Z,2026-04-05T16:07:35Z,2026-04-05T21:07:35Z,2026-04-05T21:56:35Z,2026-04-06T06:38:35Z,External Synthetic,Identity Provider,AST-0005,RUL-033,Informational,Closed,ANL-002,1,53.2,FALSE,FALSE,SYNTHETIC_DEMO_DATA
INC-00001817,ALT-00010092,2025-12-15T05:52:56Z,2025-12-15T05:59:56Z,2025-12-15T06:37:56Z,2025-12-15T07:29:56Z,2025-12-15T15:44:56Z,2025-12-15T20:41:56Z,External Synthetic,Network Sensor,AST-0073,RUL-010,Informational,Closed,ANL-009,1,48.6,FALSE,FALSE,SYNTHETIC_DEMO_DATA
INC-00001488,ALT-00004643,2025-07-31T15:19:12Z,2025-07-31T16:11:12Z,2025-07-31T16:33:12Z,2025-07-31T17:09:12Z,2025-07-31T22:32:12Z,2025-07-31T23:39:12Z,EDY Sentinel,Cloud Detection,AST-0231,RUL-015,Low,Closed,ANL-009,3,55.6,FALSE,FALSE,SYNTHETIC_DEMO_DATA
INC-00003131,ALT-00012309,2026-04-21T20:48:12Z,2026-04-21T20:56:12Z,2026-04-21T21:01:12Z,2026-04-21T22:25:12Z,2026-04-22T03:35:12Z,2026-04-22T15:13:12Z,External Synthetic,Network Sensor,AST-0036,RUL-040,Informational,Closed,ANL-009,1,23.5,FALSE,FALSE,SYNTHETIC_DEMO_DATA
INC-00002957,ALT-00005708,2025-09-13T16:30:14Z,2025-09-13T16:54:14Z,2025-09-13T17:17:14Z,2025-09-13T17:53:14Z,2025-09-13T22:10:14Z,2025-09-14T04:29:14Z,EDY RECON,Exposure Intelligence,AST-0167,RUL-004,Low,Closed,ANL-004,1,67.5,FALSE,FALSE,SYNTHETIC_DEMO_DATA
INC-00001526,ALT-00007417,2026-02-12T10:44:08Z,2026-02-12T10:48:08Z,2026-02-12T11:03:08Z,2026-02-12T11:43:08Z,2026-02-12T17:26:08Z,,External Synthetic,Network Sensor,AST-0215,RUL-032,Informational,Resolved,ANL-012,1,35.8,FALSE,FALSE,SYNTHETIC_DEMO_DATA
INC-00001214,ALT-00014831,2025-10-23T18:24:31Z,2025-10-23T19:38:31Z,2025-10-23T20:12:31Z,2025-10-23T22:05:31Z,2025-10-24T05:18:31Z,2025-10-24T14:49:31Z,External Synthetic,Cloud Audit,AST-0132,RUL-043,Informational,Closed,ANL-018,1,41.1,FALSE,FALSE,SYNTHETIC_DEMO_DATA
INC-00001895,ALT-00006770,2025-03-11T19:43:59Z,2025-03-11T19:57:59Z,2025-03-11T20:50:59Z,2025-03-11T22:49:59Z,2025-03-12T00:30:59Z,2025-03-12T02:22:59Z,External Synthetic,Network Sensor,AST-0186,RUL-017,Informational,Closed,ANL-003,1,43.3,FALSE,FALSE,SYNTHETIC_DEMO_DATA
INC-00002653,ALT-00010231,2025-10-01T13:57:38Z,2025-10-01T14:06:38Z,2025-10-01T14:49:38Z,2025-10-01T16:51:38Z,2025-10-01T17:47:38Z,2025-10-01T20:38:38Z,EDY Sentinel,Cloud Detection,AST-0013,RUL-021,High,Closed,ANL-010,2,91.4,TRUE,FALSE,SYNTHETIC_DEMO_DATA
INC-00000697,ALT-00014236,2026-05-15T11:14:35Z,2026-05-15T11:27:35Z,2026-05-15T11:34:35Z,2026-05-15T12:29:35Z,2026-05-15T17:27:35Z,,EDY RECON,Exposure Intelligence,AST-0091,RUL-033,Medium,Resolved,ANL-003,3,76.3,FALSE,FALSE,SYNTHETIC_DEMO_DATA
INC-00001572,ALT-00005647,2025-02-24T23:24:11Z,2025-02-24T23:36:11Z,2025-02-25T00:01:11Z,2025-02-25T01:54:11Z,2025-02-25T03:56:11Z,2025-02-25T06:08:11Z,EDY SIEM,Correlation Hub,AST-0178,RUL-004,Informational,Closed,ANL-014,1,42.9,FALSE,FALSE,SYNTHETIC_DEMO_DATA
INC-00002991,ALT-00015343,2026-06-06T15:57:53Z,2026-06-06T16:02:53Z,2026-06-06T16:41:53Z,2026-06-06T16:57:53Z,2026-06-06T18:10:53Z,,External Synthetic,Network Sensor,AST-0024,RUL-043,Medium,Resolved,ANL-001,1,73.6,FALSE,FALSE,SYNTHETIC_DEMO_DATA
INC-00000289,ALT-00017710,2026-05-18T12:12:57Z,2026-05-18T12:45:57Z,2026-05-18T12:54:57Z,2026-05-18T13:13:57Z,2026-05-18T14:28:57Z,2026-05-19T01:36:57Z,EDY SIEM,Correlation Hub,AST-0181,RUL-004,High,Closed,ANL-016,3,100,TRUE,FALSE,SYNTHETIC_DEMO_DATA
INC-00000832,ALT-00013887,2026-03-14T03:07:09Z,2026-03-14T03:12:09Z,2026-03-14T03:32:09Z,2026-03-14T04:28:09Z,2026-03-14T09:39:09Z,2026-03-14T16:35:09Z,EDY Shield,Endpoint Integrity,AST-0119,RUL-039,Medium,Closed,ANL-012,3,67.3,FALSE,FALSE,SYNTHETIC_DEMO_DATA
INC-00002246,ALT-00016969,2026-06-01T12:41:13Z,2026-06-01T13:08:13Z,2026-06-01T13:33:13Z,2026-06-01T15:45:13Z,2026-06-01T22:42:13Z,,External Synthetic,Cloud Audit,AST-0139,RUL-029,Informational,Resolved,ANL-012,1,33.7,FALSE,FALSE,SYNTHETIC_DEMO_DATA
INC-00001618,ALT-00014148,2026-05-15T07:42:02Z,2026-05-15T08:26:02Z,2026-05-15T08:39:02Z,2026-05-15T10:11:02Z,2026-05-15T13:08:02Z,2026-05-15T18:03:02Z,External Synthetic,Cloud Audit,AST-0083,RUL-043,Informational,Closed,ANL-016,2,39.0,FALSE,FALSE,SYNTHETIC_DEMO_DATA
INC-00002708,ALT-00015655,2026-07-11T14:50:43Z,2026-07-11T15:55:43Z,2026-07-11T16:04:43Z,2026-07-11T16:28:43Z,,,EDY Shield,Endpoint Integrity,AST-0073,RUL-021,Informational,Contained,ANL-018,0,43.8,FALSE,FALSE,SYNTHETIC_DEMO_DATA
INC-00000081,ALT-00003034,2025-12-01T10:36:29Z,2025-12-01T10:54:29Z,2025-12-01T10:57:29Z,2025-12-01T11:21:29Z,2025-12-01T17:29:29Z,2025-12-01T22:33:29Z,EDY Sentinel,Cloud Detection,AST-0124,RUL-010,Informational,Closed,ANL-011,3,41.4,FALSE,FALSE,SYNTHETIC_DEMO_DATA
INC-00000466,ALT-00001649,2025-09-28T10:23:03Z,2025-09-28T10:39:03Z,2025-09-28T10:55:03Z,2025-09-28T11:40:03Z,2025-09-28T12:28:03Z,2025-09-28T17:00:03Z,EDY Shield,Endpoint Integrity,AST-0164,RUL-024,Medium,Closed,ANL-018,3,71.2,FALSE,FALSE,SYNTHETIC_DEMO_DATA
INC-00001722,ALT-00016387,2025-05-11T02:36:27Z,2025-05-11T02:52:27Z,2025-05-11T02:54:27Z,2025-05-11T03:48:27Z,2025-05-11T04:13:27Z,,EDY SIEM,Correlation Hub,AST-0075,RUL-015,Informational,Resolved,ANL-008,4,39.1,FALSE,FALSE,SYNTHETIC_DEMO_DATA
INC-00000005,ALT-00011121,2025-03-25T14:49:06Z,2025-03-25T14:55:06Z,2025-03-25T15:06:06Z,2025-03-25T16:12:06Z,2025-03-25T17:47:06Z,2025-03-26T02:53:06Z,EDY SIEM,Correlation Hub,AST-0169,RUL-022,High,Closed,ANL-006,1,96.4,TRUE,FALSE,SYNTHETIC_DEMO_DATA
INC-00002037,ALT-00017348,2026-06-27T10:12:39Z,2026-06-27T10:28:39Z,2026-06-27T10:38:39Z,2026-06-27T12:33:39Z,2026-06-28T01:36:39Z,,External Synthetic,Identity Provider,AST-0232,RUL-035,Low,Resolved,ANL-018,3,56.9,FALSE,FALSE,SYNTHETIC_DEMO_DATA
INC-00002368,ALT-00001323,2025-05-17T21:10:23Z,2025-05-17T21:14:23Z,2025-05-17T22:26:23Z,2025-05-17T22:34:23Z,2025-05-18T01:12:23Z,2025-05-18T09:40:23Z,EDY RECON,Exposure Intelligence,AST-0014,RUL-039,High,Closed,ANL-007,3,100,TRUE,FALSE,SYNTHETIC_DEMO_DATA
INC-00002153,ALT-00011278,2025-06-09T16:17:54Z,2025-06-09T16:41:54Z,2025-06-09T17:04:54Z,2025-06-09T18:20:54Z,2025-06-09T20:00:54Z,2025-06-10T01:39:54Z,External Synthetic,Identity Provider,AST-0205,RUL-031,Low,Closed,ANL-016,2,54.4,FALSE,FALSE,SYNTHETIC_DEMO_DATA
INC-00000139,ALT-00012436,2025-02-01T12:48:00Z,2025-02-01T13:11:00Z,2025-02-01T13:28:00Z,2025-02-01T14:02:00Z,2025-02-01T21:16:00Z,2025-02-02T01:24:00Z,EDY Shield,Endpoint Integrity,AST-0148,RUL-007,Medium,Closed,ANL-003,1,57.6,FALSE,FALSE,SYNTHETIC_DEMO_DATA
INC-00000887,ALT-00013827,2026-02-09T10:28:20Z,2026-02-09T10:40:20Z,2026-02-09T11:05:20Z,2026-02-09T11:26:20Z,2026-02-10T02:16:20Z,2026-02-10T07:52:20Z,EDY SIEM,Correlation Hub,AST-0055,RUL-023,Informational,Closed,ANL-003,1,41.9,FALSE,FALSE,SYNTHETIC_DEMO_DATA
INC-00002697,ALT-00003974,2026-02-05T13:29:28Z,2026-02-05T13:47:28Z,2026-02-05T13:58:28Z,2026-02-05T15:06:28Z,2026-02-05T16:38:28Z,2026-02-05T20:51:28Z,EDY SIEM,Correlation Hub,AST-0110,RUL-013,Medium,Closed,ANL-007,3,66.2,FALSE,FALSE,SYNTHETIC_DEMO_DATA
INC-00001067,ALT-00000383,2026-05-07T09:38:43Z,2026-05-07T09:49:43Z,2026-05-07T10:06:43Z,2026-05-07T11:04:43Z,2026-05-07T13:22:43Z,2026-05-07T20:14:43Z,EDY SIEM,Correlation Hub,AST-0064,RUL-005,Informational,Closed,ANL-003,1,51.2,TRUE,FALSE,SYNTHETIC_DEMO_DATA
INC-00002074,ALT-00008081,2026-03-14T17:31:24Z,2026-03-14T17:39:24Z,2026-03-14T17:48:24Z,2026-03-14T20:33:24Z,2026-03-15T08:37:24Z,,EDY RECON,Exposure Intelligence,AST-0221,RUL-012,Low,Resolved,ANL-011,4,63.9,FALSE,FALSE,SYNTHETIC_DEMO_DATA
INC-00000884,ALT-00006924,2025-07-26T17:37:43Z,2025-07-26T17:59:43Z,2025-07-26T18:16:43Z,2025-07-26T19:21:43Z,2025-07-26T21:53:43Z,2025-07-26T22:30:43Z,EDY SIEM,Correlation Hub,AST-0041,RUL-004,Low,Closed,ANL-007,1,64.3,FALSE,FALSE,SYNTHETIC_DEMO_DATA
INC-00000162,ALT-00017947,2025-11-04T07:23:03Z,2025-11-04T07:53:03Z,2025-11-04T08:09:03Z,2025-11-04T11:00:03Z,2025-11-04T11:39:03Z,2025-11-04T21:46:03Z,EDY Sentinel,Cloud Detection,AST-0067,RUL-021,Low,Closed,ANL-003,1,45.6,FALSE,FALSE,SYNTHETIC_DEMO_DATA
INC-00002302,ALT-00001462,2025-11-05T15:13:10Z,2025-11-05T15:22:10Z,2025-11-05T15:41:10Z,2025-11-05T16:25:10Z,2025-11-05T21:25:10Z,2025-11-06T01:03:10Z,EDY SIEM,Correlation Hub,AST-0147,RUL-013,Low,Closed,ANL-017,1,49.9,FALSE,FALSE,SYNTHETIC_DEMO_DATA
INC-00002790,ALT-00015588,2025-09-13T11:33:52Z,2025-09-13T11:42:52Z,2025-09-13T12:16:52Z,2025-09-13T13:17:52Z,2025-09-13T13:35:52Z,2025-09-13T15:47:52Z,External Synthetic,Identity Provider,AST-0041,RUL-004,Informational,Closed,ANL-002,1,45.5,FALSE,FALSE,SYNTHETIC_DEMO_DATA
INC-00000015,ALT-00007937,2026-05-02T09:40:19Z,2026-05-02T09:58:19Z,2026-05-02T10:28:19Z,2026-05-02T11:25:19Z,2026-05-02T17:07:19Z,2026-05-02T21:51:19Z,External Synthetic,Network Sensor,AST-0138,RUL-007,Medium,Closed,ANL-007,3,72.1,FALSE,FALSE,SYNTHETIC_DEMO_DATA
INC-00002305,ALT-00008257,2026-02-04T10:47:58Z,2026-02-04T11:02:58Z,2026-02-04T11:09:58Z,2026-02-04T12:10:58Z,2026-02-04T13:44:58Z,2026-02-04T15:26:58Z,External Synthetic,Identity Provider,AST-0153,RUL-001,High,Closed,ANL-016,3,83.0,TRUE,FALSE,SYNTHETIC_DEMO_DATA
INC-00000880,ALT-00000955,2025-07-29T05:17:47Z,2025-07-29T05:49:47Z,2025-07-29T06:05:47Z,2025-07-29T07:32:47Z,2025-07-29T08:56:47Z,,EDY SIEM,Correlation Hub,AST-0026,RUL-002,Medium,Resolved,ANL-018,1,70.8,TRUE,FALSE,SYNTHETIC_DEMO_DATA
INC-00000064,ALT-00008029,2026-03-30T14:10:27Z,2026-03-30T14:31:27Z,2026-03-30T14:44:27Z,2026-03-30T17:26:27Z,2026-03-30T21:39:27Z,,EDY SIEM,Correlation Hub,AST-0183,RUL-044,Informational,Resolved,ANL-004,1,38.2,FALSE,FALSE,SYNTHETIC_DEMO_DATA
INC-00003028,ALT-00010937,2025-05-21T08:04:24Z,2025-05-21T09:43:24Z,2025-05-21T09:58:24Z,2025-05-21T10:10:24Z,2025-05-21T11:37:24Z,2025-05-21T19:26:24Z,EDY Sentinel,Cloud Detection,AST-0186,RUL-041,Informational,Closed,ANL-010,4,48.6,FALSE,FALSE,SYNTHETIC_DEMO_DATA
INC-00001236,ALT-00002958,2026-06-17T09:34:15Z,2026-06-17T10:12:15Z,2026-06-17T10:19:15Z,,,,EDY RECON,Exposure Intelligence,AST-0173,RUL-011,Informational,Active,ANL-008,0,38.7,FALSE,FALSE,SYNTHETIC_DEMO_DATA
INC-00002606,ALT-00015044,2025-09-09T08:50:02Z,2025-09-09T09:32:02Z,2025-09-09T10:02:02Z,2025-09-09T12:56:02Z,2025-09-09T16:33:02Z,2025-09-10T00:51:02Z,External Synthetic,Cloud Audit,AST-0218,RUL-022,Informational,Closed,ANL-012,1,33.6,FALSE,FALSE,SYNTHETIC_DEMO_DATA
INC-00000461,ALT-00005496,2025-06-06T11:25:31Z,2025-06-06T11:35:31Z,2025-06-06T11:48:31Z,,,,External Synthetic,Network Sensor,AST-0108,RUL-005,Low,Active,ANL-016,0,45.2,FALSE,FALSE,SYNTHETIC_DEMO_DATA
INC-00000033,ALT-00000610,2026-04-20T14:47:32Z,2026-04-20T15:08:32Z,2026-04-20T15:18:32Z,2026-04-20T16:45:32Z,2026-04-20T21:02:32Z,2026-04-21T06:26:32Z,External Synthetic,Network Sensor,AST-0204,RUL-026,Informational,Closed,ANL-005,3,55.5,TRUE,FALSE,SYNTHETIC_DEMO_DATA
INC-00000770,ALT-00010158,2025-08-26T12:14:55Z,2025-08-26T13:12:55Z,2025-08-26T14:02:55Z,2025-08-26T15:27:55Z,2025-08-26T15:55:55Z,2025-08-26T18:36:55Z,EDY RECON,Exposure Intelligence,AST-0068,RUL-011,High,Closed,ANL-015,1,100,TRUE,FALSE,SYNTHETIC_DEMO_DATA
INC-00000991,ALT-00007437,2025-06-05T17:46:01Z,2025-06-05T18:17:01Z,2025-06-05T18:23:01Z,2025-06-05T18:42:01Z,2025-06-05T22:54:01Z,2025-06-06T10:27:01Z,EDY Shield,Endpoint Integrity,AST-0005,RUL-005,Informational,Closed,ANL-013,1,54.4,FALSE,FALSE,SYNTHETIC_DEMO_DATA
INC-00000918,ALT-00001862,2025-08-30T12:03:55Z,,,,,,External Synthetic,Network Sensor,AST-0212,RUL-018,Informational,New,ANL-002,0,48.3,FALSE,FALSE,SYNTHETIC_DEMO_DATA
INC-00000506,ALT-00001020,2026-07-11T17:08:28Z,2026-07-11T17:31:28Z,2026-07-11T17:37:28Z,2026-07-11T20:32:28Z,2026-07-12T01:44:28Z,2026-07-12T11:56:28Z,External Synthetic,Network Sensor,AST-0048,RUL-032,Informational,Closed,ANL-006,3,52.8,TRUE,FALSE,SYNTHETIC_DEMO_DATA
INC-00002964,ALT-00012412,2026-06-02T15:35:12Z,2026-06-02T15:48:12Z,2026-06-02T16:01:12Z,2026-06-02T16:41:12Z,2026-06-02T20:56:12Z,2026-06-03T03:42:12Z,EDY Shield,Endpoint Integrity,AST-0086,RUL-037,Medium,Closed,ANL-010,1,79.1,FALSE,FALSE,SYNTHETIC_DEMO_DATA
INC-00000841,ALT-00014413,2025-03-03T15:59:16Z,2025-03-03T16:11:16Z,2025-03-03T16:17:16Z,2025-03-03T17:35:16Z,2025-03-04T16:18:16Z,2025-03-05T01:28:16Z,EDY Sentinel,Cloud Detection,AST-0141,RUL-006,Low,Closed,ANL-002,1,60.0,FALSE,FALSE,SYNTHETIC_DEMO_DATA
INC-00000090,ALT-00007451,2026-05-13T18:14:40Z,2026-05-13T18:49:40Z,2026-05-13T18:53:40Z,2026-05-13T19:31:40Z,,,EDY Shield,Endpoint Integrity,AST-0219,RUL-012,Informational,Contained,ANL-002,0,40.7,FALSE,FALSE,SYNTHETIC_DEMO_DATA
INC-00001267,ALT-00000645,2026-07-20T12:15:36Z,,,,,,EDY Shield,Endpoint Integrity,AST-0218,RUL-007,Low,New,ANL-008,0,57.9,FALSE,FALSE,SYNTHETIC_DEMO_DATA
INC-00000670,ALT-00010702,2025-11-10T07:49:00Z,2025-11-10T09:21:00Z,2025-11-10T09:51:00Z,2025-11-10T17:12:00Z,2025-11-10T22:15:00Z,2025-11-11T02:06:00Z,EDY RECON,Exposure Intelligence,AST-0212,RUL-044,Informational,Closed,ANL-010,1,52.1,FALSE,FALSE,SYNTHETIC_DEMO_DATA
INC-00001368,ALT-00000348,2026-01-02T11:07:39Z,2026-01-02T12:45:39Z,2026-01-02T12:53:39Z,2026-01-02T13:11:39Z,2026-01-02T13:51:39Z,2026-01-02T14:45:39Z,EDY Shield,Endpoint Integrity,AST-0105,RUL-014,Informational,Closed,ANL-002,1,43.1,FALSE,FALSE,SYNTHETIC_DEMO_DATA
INC-00000049,ALT-00012039,2025-07-17T14:46:28Z,2025-07-17T14:53:28Z,2025-07-17T15:08:28Z,2025-07-17T17:09:28Z,2025-07-17T22:26:28Z,2025-07-18T04:15:28Z,EDY RECON,Exposure Intelligence,AST-0147,RUL-034,Low,Closed,ANL-002,1,51.7,FALSE,FALSE,SYNTHETIC_DEMO_DATA
INC-00001401,ALT-00001875,2026-05-22T07:25:48Z,2026-05-22T07:44:48Z,2026-05-22T07:56:48Z,2026-05-22T09:00:48Z,2026-05-22T11:28:48Z,2026-05-22T23:17:48Z,EDY Shield,Endpoint Integrity,AST-0115,RUL-025,Medium,Closed,ANL-007,1,63.2,FALSE,FALSE,SYNTHETIC_DEMO_DATA
INC-00000676,ALT-00008868,2025-06-23T21:27:22Z,2025-06-23T22:17:22Z,2025-06-23T22:38:22Z,2025-06-24T00:40:22Z,2025-06-24T01:57:22Z,2025-06-24T06:17:22Z,EDY Shield,Endpoint Integrity,AST-0172,RUL-028,High,Closed,ANL-007,1,100,TRUE,FALSE,SYNTHETIC_DEMO_DATA
INC-00001132,ALT-00011288,2025-03-08T13:50:32Z,2025-03-08T14:21:32Z,2025-03-08T15:00:32Z,2025-03-08T16:15:32Z,2025-03-08T20:32:32Z,2025-03-09T02:25:32Z,External Synthetic,Cloud Audit,AST-0151,RUL-005,Medium,Closed,ANL-018,1,63.5,FALSE,FALSE,SYNTHETIC_DEMO_DATA
INC-00000005,ALT-00011121,2025-03-25T14:49:06Z,2025-03-25T14:55:06Z,2025-03-25T15:06:06Z,2025-03-25T16:12:06Z,2025-03-25T17:47:06Z,2025-03-26T02:53:06Z,EDY SIEM,Correlation Hub,AST-0169,RUL-022,High,Closed,ANL-006,1,96.4,TRUE,FALSE,SYNTHETIC_DEMO_DATA
INC-00000693,ALT-00012287,2026-05-24T06:26:01Z,2026-05-24T07:30:01Z,2026-05-24T07:58:01Z,2026-05-24T09:15:01Z,2026-05-24T18:27:01Z,2026-05-25T05:29:01Z,EDY Sentinel,Cloud Detection,AST-0152,RUL-031,Informational,Closed,ANL-011,1,46.2,TRUE,FALSE,SYNTHETIC_DEMO_DATA
INC-00001409,ALT-00012799,2025-11-06T11:27:49Z,2025-11-06T12:18:49Z,2025-11-06T13:20:49Z,2025-11-06T15:50:49Z,2025-11-06T18:17:49Z,2025-11-06T20:32:49Z,External Synthetic,Cloud Audit,AST-0201,RUL-043,Medium,Closed,ANL-005,4,69.1,FALSE,FALSE,SYNTHETIC_DEMO_DATA
INC-00000217,ALT-00003452,2026-04-30T18:41:20Z,2026-04-30T18:52:20Z,2026-04-30T19:07:20Z,2026-04-30T19:49:20Z,2026-05-01T05:33:20Z,2026-05-01T14:16:20Z,EDY Sentinel,Cloud Detection,AST-0172,RUL-029,High,Closed,ANL-016,1,97.9,TRUE,FALSE,SYNTHETIC_DEMO_DATA
INC-00002260,ALT-00015715,2025-08-23T20:27:35Z,2025-08-23T20:48:35Z,2025-08-23T20:55:35Z,2025-08-24T01:32:35Z,2025-08-24T03:15:35Z,2025-08-24T07:05:35Z,EDY Sentinel,Cloud Detection,AST-0147,RUL-018,Informational,Closed,ANL-004,1,42.3,FALSE,FALSE,SYNTHETIC_DEMO_DATA
INC-00002408,ALT-00003591,2025-02-11T22:10:40Z,2025-02-11T22:20:40Z,2025-02-11T22:27:40Z,2025-02-12T00:41:40Z,2025-02-12T04:32:40Z,2025-02-12T15:53:40Z,EDY SIEM,Correlation Hub,AST-0010,RUL-034,Informational,Closed,ANL-012,1,43.5,FALSE,FALSE,SYNTHETIC_DEMO_DATA
INC-00002923,ALT-00010197,2026-06-03T08:58:39Z,2026-06-03T09:29:39Z,2026-06-03T09:53:39Z,2026-06-03T10:14:39Z,2026-06-03T14:08:39Z,2026-06-03T14:32:39Z,External Synthetic,Cloud Audit,AST-0197,RUL-009,Low,Closed,ANL-008,4,44.8,FALSE,FALSE,SYNTHETIC_DEMO_DATA
INC-00002017,ALT-00014672,2026-02-05T06:19:44Z,2026-02-05T06:51:44Z,2026-02-05T07:37:44Z,2026-02-05T07:57:44Z,2026-02-05T10:24:44Z,2026-02-05T19:23:44Z,External Synthetic,Network Sensor,AST-0020,RUL-012,Low,Closed,ANL-014,3,57.2,FALSE,FALSE,SYNTHETIC_DEMO_DATA
INC-00002769,ALT-00010299,2025-10-11T14:43:52Z,2025-10-11T14:58:52Z,2025-10-11T15:30:52Z,2025-10-11T16:35:52Z,2025-10-11T17:55:52Z,,External Synthetic,Cloud Audit,AST-0157,RUL-023,Informational,Resolved,ANL-005,3,28.7,FALSE,FALSE,SYNTHETIC_DEMO_DATA
INC-00001138,ALT-00009001,2026-05-10T09:58:11Z,2026-05-10T10:07:11Z,2026-05-10T10:15:11Z,2026-05-10T11:26:11Z,2026-05-10T12:50:11Z,2026-05-11T00:05:11Z,External Synthetic,Network Sensor,AST-0131,RUL-022,High,Closed,ANL-013,3,100,TRUE,FALSE,SYNTHETIC_DEMO_DATA
INC-00000975,ALT-00006117,2026-05-12T12:04:06Z,,,,,,External Synthetic,Cloud Audit,AST-0008,RUL-029,Informational,New,ANL-017,0,33.6,FALSE,FALSE,SYNTHETIC_DEMO_DATA
INC-00000550,ALT-00004905,2026-07-25T20:01:47Z,2026-07-25T20:26:47Z,2026-07-25T20:45:47Z,,,,EDY Sentinel,Cloud Detection,AST-0159,RUL-042,Informational,Active,ANL-004,0,53.1,TRUE,FALSE,SYNTHETIC_DEMO_DATA
INC-00000062,ALT-00016684,2025-03-12T11:28:59Z,2025-03-12T11:30:59Z,2025-03-12T12:00:59Z,2025-03-12T13:23:59Z,2025-03-12T14:30:59Z,2025-03-12T23:33:59Z,External Synthetic,Network Sensor,AST-0085,RUL-030,Medium,Closed,ANL-002,3,60.5,FALSE,FALSE,SYNTHETIC_DEMO_DATA
INC-00001099,ALT-00001997,2025-06-30T05:45:40Z,2025-06-30T06:02:40Z,2025-06-30T06:46:40Z,2025-06-30T07:37:40Z,2025-06-30T10:54:40Z,2025-06-30T15:20:40Z,EDY Sentinel,Cloud Detection,AST-0132,RUL-034,Medium,Closed,ANL-015,1,76.5,FALSE,FALSE,SYNTHETIC_DEMO_DATA
INC-00002019,ALT-00013409,2026-05-04T04:37:54Z,2026-05-04T04:49:54Z,2026-05-04T05:20:54Z,2026-05-04T10:34:54Z,2026-05-04T16:57:54Z,2026-05-04T17:35:54Z,External Synthetic,Cloud Audit,AST-0017,RUL-017,Informational,Closed,ANL-017,1,30.3,FALSE,FALSE,SYNTHETIC_DEMO_DATA
INC-00001972,ALT-00014102,2026-03-14T18:12:40Z,2026-03-14T18:46:40Z,2026-03-14T19:19:40Z,2026-03-14T21:59:40Z,2026-03-15T02:17:40Z,,External Synthetic,Network Sensor,AST-0123,RUL-034,Critical,Resolved,ANL-008,1,100,TRUE,FALSE,SYNTHETIC_DEMO_DATA
INC-00002640,ALT-00008378,2025-07-03T07:21:07Z,2025-07-03T08:00:07Z,2025-07-03T08:17:07Z,2025-07-03T10:14:07Z,2025-07-03T18:50:07Z,2025-07-03T22:24:07Z,External Synthetic,Network Sensor,AST-0219,RUL-037,Informational,Closed,ANL-008,2,45.8,TRUE,FALSE,SYNTHETIC_DEMO_DATA
INC-00001066,ALT-00007557,2025-12-27T13:42:40Z,2025-12-27T15:55:40Z,2025-12-27T16:03:40Z,2025-12-27T17:38:40Z,2025-12-27T19:25:40Z,2025-12-28T01:20:40Z,External Synthetic,Cloud Audit,AST-0059,RUL-028,Informational,Closed,ANL-010,1,50.3,FALSE,FALSE,SYNTHETIC_DEMO_DATA
INC-00001619,ALT-00010142,2025-06-16T16:49:07Z,2025-06-16T17:15:07Z,2025-06-16T17:31:07Z,2025-06-16T19:16:07Z,2025-06-17T02:24:07Z,2025-06-17T13:12:07Z,EDY SIEM,Correlation Hub,AST-0106,RUL-007,Informational,Closed,ANL-009,1,42.1,FALSE,FALSE,SYNTHETIC_DEMO_DATA
INC-00002453,ALT-00011625,2026-04-07T16:44:08Z,2026-04-07T17:39:08Z,2026-04-07T17:49:08Z,2026-04-07T18:33:08Z,2026-04-07T21:56:08Z,2026-04-08T06:27:08Z,EDY Shield,Endpoint Integrity,AST-0009,RUL-030,Informational,Closed,ANL-003,2,41.3,TRUE,FALSE,SYNTHETIC_DEMO_DATA
INC-00000035,ALT-00014224,2025-11-03T12:12:17Z,2025-11-03T12:40:17Z,2025-11-03T13:28:17Z,2025-11-03T14:36:17Z,2025-11-03T16:15:17Z,2025-11-03T16:54:17Z,EDY Shield,Endpoint Integrity,AST-0169,RUL-024,Low,Closed,ANL-010,3,51.5,FALSE,FALSE,SYNTHETIC_DEMO_DATA
INC-00002477,ALT-00016278,2025-07-29T21:39:01Z,2025-07-29T22:11:01Z,2025-07-29T22:20:01Z,,,,EDY Sentinel,Cloud Detection,AST-0204,RUL-019,Informational,Active,ANL-015,0,48.1,FALSE,FALSE,SYNTHETIC_DEMO_DATA
INC-00002178,ALT-00017052,2025-11-20T09:17:33Z,2025-11-20T09:55:33Z,2025-11-20T10:12:33Z,2025-11-20T11:29:33Z,2025-11-20T13:51:33Z,2025-11-20T15:37:33Z,EDY RECON,Exposure Intelligence,AST-0119,RUL-031,Low,Closed,ANL-003,1,66.8,TRUE,FALSE,SYNTHETIC_DEMO_DATA
INC-00002217,ALT-00013424,2025-05-27T11:46:03Z,2025-05-27T12:18:03Z,2025-05-27T12:49:03Z,2025-05-27T13:14:03Z,2025-05-27T17:51:03Z,2025-05-27T22:08:03Z,External Synthetic,Network Sensor,AST-0163,RUL-025,Low,Closed,ANL-018,1,63.0,FALSE,FALSE,SYNTHETIC_DEMO_DATA
INC-00000527,ALT-00009973,2025-03-15T09:28:58Z,2025-03-15T09:53:58Z,2025-03-15T10:32:58Z,2025-03-15T10:55:58Z,2025-03-15T13:43:58Z,2025-03-15T19:03:58Z,EDY Sentinel,Cloud Detection,AST-0202,RUL-014,Low,Closed,ANL-004,1,48.4,FALSE,FALSE,SYNTHETIC_DEMO_DATA
INC-00001524,ALT-00010920,2026-01-05T17:41:04Z,2026-01-05T18:17:04Z,2026-01-05T19:33:04Z,2026-01-05T21:28:04Z,2026-01-05T22:33:04Z,2026-01-06T08:22:04Z,External Synthetic,Network Sensor,AST-0099,RUL-017,Low,Closed,ANL-009,4,43.6,FALSE,FALSE,SYNTHETIC_DEMO_DATA
INC-00001772,ALT-00009429,2025-03-08T07:59:28Z,2025-03-08T08:21:28Z,2025-03-08T08:29:28Z,2025-03-08T09:02:28Z,2025-03-09T00:50:28Z,2025-03-09T01:35:28Z,External Synthetic,Cloud Audit,AST-0156,RUL-042,Low,Closed,ANL-001,2,52.5,FALSE,FALSE,SYNTHETIC_DEMO_DATA
INC-00001276,ALT-00005302,2026-04-15T11:56:45Z,,,,,,EDY Shield,Endpoint Integrity,AST-0062,RUL-037,High,New,ANL-001,0,87.1,TRUE,FALSE,SYNTHETIC_DEMO_DATA
INC-00002801,ALT-00005895,2025-03-14T09:42:47Z,2025-03-14T09:53:47Z,2025-03-14T10:33:47Z,2025-03-14T11:16:47Z,2025-03-14T13:52:47Z,2025-03-14T23:41:47Z,External Synthetic,Network Sensor,AST-0015,RUL-023,High,Closed,ANL-018,2,100,TRUE,FALSE,SYNTHETIC_DEMO_DATA
INC-00003137,ALT-00008026,2026-07-01T16:10:24Z,2026-07-01T17:02:24Z,2026-07-01T17:20:24Z,,,,External Synthetic,Network Sensor,AST-0146,RUL-027,Medium,Active,ANL-005,0,64.3,FALSE,FALSE,SYNTHETIC_DEMO_DATA
INC-00002671,ALT-00017386,2025-03-20T03:10:37Z,2025-03-20T03:19:37Z,2025-03-20T03:43:37Z,2025-03-20T04:21:37Z,2025-03-20T06:30:37Z,2025-03-20T17:53:37Z,External Synthetic,Cloud Audit,AST-0122,RUL-009,Low,Closed,ANL-008,1,61.1,FALSE,FALSE,SYNTHETIC_DEMO_DATA
INC-00000760,ALT-00012216,2025-05-16T10:49:06Z,2025-05-16T11:11:06Z,2025-05-16T11:26:06Z,2025-05-16T12:46:06Z,2025-05-16T16:17:06Z,2025-05-17T01:55:06Z,EDY RECON,Exposure Intelligence,AST-0001,RUL-029,Low,Closed,ANL-011,1,63.0,FALSE,FALSE,SYNTHETIC_DEMO_DATA
INC-00002979,ALT-00016376,2025-02-16T13:45:15Z,2025-02-16T14:09:15Z,2025-02-16T14:18:15Z,2025-02-16T14:41:15Z,2025-02-16T22:04:15Z,2025-02-17T05:52:15Z,EDY Shield,Endpoint Integrity,AST-0227,RUL-001,Low,Closed,ANL-012,2,51.7,FALSE,FALSE,SYNTHETIC_DEMO_DATA
INC-00002325,ALT-00015989,2025-10-31T18:33:46Z,2025-10-31T18:35:46Z,2025-10-31T19:11:46Z,2025-10-31T23:55:46Z,2025-11-01T00:50:46Z,2025-11-01T10:48:46Z,EDY Shield,Endpoint Integrity,AST-0103,RUL-024,Critical,Closed,ANL-003,1,100,TRUE,FALSE,SYNTHETIC_DEMO_DATA
INC-00001621,ALT-00014654,2026-02-04T19:28:54Z,2026-02-04T19:52:54Z,2026-02-04T20:20:54Z,2026-02-05T01:44:54Z,2026-02-05T06:21:54Z,,EDY Shield,Endpoint Integrity,AST-0232,RUL-012,Informational,Resolved,ANL-013,3,34.2,FALSE,FALSE,SYNTHETIC_DEMO_DATA
INC-00002122,ALT-00008546,2026-07-09T10:27:25Z,2026-07-09T10:36:25Z,2026-07-09T10:50:25Z,2026-07-09T12:29:25Z,2026-07-09T12:49:25Z,2026-07-09T18:36:25Z,External Synthetic,Network Sensor,AST-0141,RUL-030,Low,Closed,ANL-017,1,63.3,FALSE,FALSE,SYNTHETIC_DEMO_DATA
INC-00002312,ALT-00005501,2025-12-05T09:15:20Z,2025-12-05T09:39:20Z,2025-12-05T10:01:20Z,2025-12-05T12:46:20Z,2025-12-05T23:00:20Z,2025-12-06T02:15:20Z,EDY Shield,Endpoint Integrity,AST-0035,RUL-034,Informational,Closed,ANL-018,1,34.7,FALSE,FALSE,SYNTHETIC_DEMO_DATA
INC-00000488,ALT-00002345,2025-07-31T22:01:45Z,2025-07-31T22:24:45Z,2025-07-31T22:52:45Z,2025-07-31T23:20:45Z,2025-08-01T06:00:45Z,2025-08-01T13:32:45Z,EDY SIEM,Correlation Hub,AST-0111,RUL-020,Informational,Closed,ANL-006,1,40.2,FALSE,FALSE,SYNTHETIC_DEMO_DATA
INC-00000407,ALT-00007635,2025-08-28T14:19:55Z,2025-08-28T14:24:55Z,2025-08-28T14:44:55Z,2025-08-28T17:02:55Z,2025-08-28T18:29:55Z,2025-08-29T02:02:55Z,EDY SIEM,Correlation Hub,AST-0133,RUL-016,Low,Closed,ANL-016,1,60.2,TRUE,FALSE,SYNTHETIC_DEMO_DATA
INC-00001045,ALT-00010165,2025-02-04T16:57:32Z,2025-02-04T17:20:32Z,2025-02-04T17:35:32Z,2025-02-04T23:11:32Z,2025-02-05T01:07:32Z,2025-02-05T03:00:32Z,EDY Sentinel,Cloud Detection,AST-0169,RUL-023,Informational,Closed,ANL-013,1,50.6,TRUE,FALSE,SYNTHETIC_DEMO_DATA
INC-00001754,ALT-00008576,2026-01-21T16:31:18Z,2026-01-21T16:38:18Z,2026-01-21T16:44:18Z,2026-01-21T17:48:18Z,2026-01-21T19:49:18Z,2026-01-22T00:48:18Z,External Synthetic,Identity Provider,AST-0239,RUL-030,Medium,Closed,ANL-002,1,81.6,FALSE,FALSE,SYNTHETIC_DEMO_DATA
INC-00000518,ALT-00005481,2025-11-10T12:57:57Z,2025-11-10T13:13:57Z,2025-11-10T13:24:57Z,2025-11-10T15:54:57Z,2025-11-10T18:22:57Z,2025-11-11T02:56:57Z,EDY Shield,Endpoint Integrity,AST-0073,RUL-015,Low,Closed,ANL-013,3,59.5,FALSE,FALSE,SYNTHETIC_DEMO_DATA
INC-00000294,ALT-00005635,2025-05-19T04:08:57Z,2025-05-19T04:26:57Z,2025-05-19T04:51:57Z,2025-05-19T05:00:57Z,2025-05-19T07:41:57Z,2025-05-19T14:33:57Z,EDY SIEM,Correlation Hub,AST-0146,RUL-045,Critical,Closed,ANL-018,1,100,TRUE,FALSE,SYNTHETIC_DEMO_DATA
INC-00000344,ALT-00002791,2025-11-19T01:50:16Z,2025-11-19T03:13:16Z,2025-11-19T03:31:16Z,2025-11-19T06:10:16Z,2025-11-19T07:14:16Z,2025-11-19T18:28:16Z,EDY Sentinel,Cloud Detection,AST-0099,RUL-018,Low,Closed,ANL-007,1,38.7,FALSE,FALSE,SYNTHETIC_DEMO_DATA
INC-00002784,ALT-00006548,2025-11-22T09:38:14Z,2025-11-22T10:07:14Z,2025-11-22T10:11:14Z,2025-11-22T11:40:14Z,2025-11-22T19:30:14Z,,EDY Shield,Endpoint Integrity,AST-0142,RUL-009,Medium,Resolved,ANL-010,2,71.5,FALSE,FALSE,SYNTHETIC_DEMO_DATA
INC-00002099,ALT-00011631,2025-04-09T11:25:36Z,2025-04-09T11:29:36Z,2025-04-09T11:49:36Z,2025-04-09T15:41:36Z,2025-04-09T18:19:36Z,2025-04-10T03:15:36Z,External Synthetic,Cloud Audit,AST-0089,RUL-006,Medium,Closed,ANL-017,3,65.5,FALSE,FALSE,SYNTHETIC_DEMO_DATA
INC-00002549,ALT-00003230,2026-03-09T02:58:52Z,2026-03-09T03:07:52Z,2026-03-09T03:33:52Z,2026-03-09T05:08:52Z,2026-03-09T06:09:52Z,2026-03-09T09:12:52Z,External Synthetic,Network Sensor,AST-0173,RUL-025,Critical,Closed,ANL-001,1,100,TRUE,FALSE,SYNTHETIC_DEMO_DATA
INC-00001432,ALT-00004288,2026-05-06T13:48:20Z,2026-05-06T14:01:20Z,2026-05-06T14:17:20Z,2026-05-06T15:45:20Z,2026-05-06T16:56:20Z,2026-05-06T22:05:20Z,EDY RECON,Exposure Intelligence,AST-0043,RUL-011,Informational,Closed,ANL-004,4,39.8,FALSE,FALSE,SYNTHETIC_DEMO_DATA
INC-00002789,ALT-00004033,2025-09-04T11:31:24Z,2025-09-04T11:40:24Z,2025-09-04T11:46:24Z,2025-09-04T12:15:24Z,2025-09-04T14:15:24Z,2025-09-04T22:08:24Z,EDY SIEM,Correlation Hub,AST-0005,RUL-037,Low,Closed,ANL-010,4,60.1,FALSE,FALSE,SYNTHETIC_DEMO_DATA
INC-00000328,ALT-00001436,2026-04-21T09:03:36Z,2026-04-21T09:37:36Z,2026-04-21T09:49:36Z,2026-04-21T10:47:36Z,2026-04-21T14:04:36Z,2026-04-21T19:54:36Z,EDY Sentinel,Cloud Detection,AST-0040,RUL-044,Low,Closed,ANL-011,3,50.4,FALSE,FALSE,SYNTHETIC_DEMO_DATA
INC-00000660,ALT-00004057,2026-02-15T22:16:24Z,2026-02-15T22:23:24Z,2026-02-15T22:53:24Z,2026-02-15T23:58:24Z,2026-02-16T09:29:24Z,2026-02-16T16:16:24Z,EDY Shield,Endpoint Integrity,AST-0176,RUL-037,Low,Closed,ANL-009,1,74.6,TRUE,FALSE,SYNTHETIC_DEMO_DATA
INC-00000246,ALT-00011082,2025-11-19T20:17:27Z,2025-11-19T20:55:27Z,2025-11-19T21:52:27Z,2025-11-19T22:26:27Z,2025-11-20T01:43:27Z,,External Synthetic,Identity Provider,AST-0194,RUL-045,Low,Resolved,ANL-009,1,66.2,FALSE,FALSE,SYNTHETIC_DEMO_DATA
INC-00001149,ALT-00009246,2026-07-25T10:17:26Z,2026-07-25T10:48:26Z,2026-07-25T10:51:26Z,2026-07-25T11:32:26Z,2026-07-25T17:19:26Z,2026-07-26T02:15:26Z,EDY SIEM,Correlation Hub,AST-0038,RUL-010,Low,Closed,ANL-006,1,57.4,FALSE,FALSE,SYNTHETIC_DEMO_DATA
INC-00000056,ALT-00008481,2025-10-28T14:47:52Z,2025-10-28T15:47:52Z,2025-10-28T16:09:52Z,,,,EDY Shield,Endpoint Integrity,AST-0078,RUL-040,Medium,Active,ANL-008,0,78.7,FALSE,FALSE,SYNTHETIC_DEMO_DATA
INC-00001006,ALT-00012413,2025-10-13T15:13:34Z,2025-10-13T15:26:34Z,2025-10-13T15:35:34Z,2025-10-13T18:31:34Z,2025-10-13T19:32:34Z,2025-10-13T22:18:34Z,External Synthetic,Network Sensor,AST-0178,RUL-011,Informational,Closed,ANL-016,2,41.9,FALSE,FALSE,SYNTHETIC_DEMO_DATA
INC-00000948,ALT-00010841,2025-11-19T15:00:32Z,2025-11-19T16:07:32Z,2025-11-19T17:23:32Z,2025-11-19T17:40:32Z,2025-11-19T21:13:32Z,2025-11-20T05:13:32Z,External Synthetic,Cloud Audit,AST-0226,RUL-006,Medium,Closed,ANL-010,1,73.7,FALSE,FALSE,SYNTHETIC_DEMO_DATA
INC-00000999,ALT-00010625,2025-07-08T15:30:12Z,2025-07-08T15:41:12Z,2025-07-08T16:14:12Z,2025-07-08T19:12:12Z,2025-07-08T21:50:12Z,2025-07-09T07:48:12Z,External Synthetic,Identity Provider,AST-0184,RUL-014,Informational,Closed,ANL-011,1,33.3,FALSE,FALSE,SYNTHETIC_DEMO_DATA
INC-00000180,ALT-00010043,2025-12-04T10:07:09Z,2025-12-04T10:30:09Z,2025-12-04T10:41:09Z,2025-12-04T11:09:09Z,2025-12-04T14:32:09Z,,EDY RECON,Exposure Intelligence,AST-0202,RUL-022,Informational,Resolved,ANL-002,3,35.2,FALSE,FALSE,SYNTHETIC_DEMO_DATA
INC-00001568,ALT-00004574,2025-08-26T11:36:51Z,2025-08-26T11:52:51Z,2025-08-26T11:56:51Z,2025-08-26T12:34:51Z,2025-08-26T12:54:51Z,2025-08-26T20:06:51Z,External Synthetic,Network Sensor,AST-0217,RUL-013,High,Closed,ANL-009,3,96.9,TRUE,FALSE,SYNTHETIC_DEMO_DATA
INC-00001241,ALT-00005198,2026-05-15T15:04:03Z,2026-05-15T15:18:03Z,2026-05-15T15:43:03Z,2026-05-15T17:19:03Z,2026-05-15T21:36:03Z,2026-05-15T22:43:03Z,EDY Shield,Endpoint Integrity,AST-0164,RUL-035,Low,Closed,ANL-010,3,55.0,FALSE,FALSE,SYNTHETIC_DEMO_DATA
INC-00002155,ALT-00001962,2025-07-31T16:23:38Z,2025-07-31T16:34:38Z,2025-07-31T16:56:38Z,2025-07-31T18:31:38Z,2025-08-01T04:05:38Z,2025-08-01T08:08:38Z,EDY RECON,Exposure Intelligence,AST-0103,RUL-020,Low,Closed,ANL-002,1,50.3,FALSE,FALSE,SYNTHETIC_DEMO_DATA
INC-00002360,ALT-00013438,2025-05-11T22:32:59Z,2025-05-12T00:31:59Z,2025-05-12T00:55:59Z,2025-05-12T02:17:59Z,2025-05-12T03:39:59Z,2025-05-12T04:21:59Z,EDY RECON,Exposure Intelligence,AST-0008,RUL-004,Informational,Closed,ANL-006,1,33.0,FALSE,FALSE,SYNTHETIC_DEMO_DATA
INC-00000346,ALT-00016106,2025-06-23T12:04:47Z,2025-06-23T12:14:47Z,2025-06-23T12:34:47Z,,,,EDY Shield,Endpoint Integrity,AST-0152,RUL-006,Low,Active,ANL-011,0,44.9,FALSE,FALSE,SYNTHETIC_DEMO_DATA
INC-00000928,ALT-00011933,2025-03-15T09:18:43Z,2025-03-15T09:24:43Z,2025-03-15T10:12:43Z,2025-03-15T10:48:43Z,2025-03-15T11:20:43Z,2025-03-15T20:11:43Z,External Synthetic,Cloud Audit,AST-0054,RUL-043,Critical,Closed,ANL-008,4,100,TRUE,FALSE,SYNTHETIC_DEMO_DATA
INC-00003012,ALT-00005951,2026-05-22T14:11:22Z,2026-05-22T15:06:22Z,2026-05-22T15:15:22Z,2026-05-22T16:03:22Z,2026-05-22T16:59:22Z,,EDY SIEM,Correlation Hub,AST-0237,RUL-041,High,Resolved,ANL-017,3,91.6,TRUE,FALSE,SYNTHETIC_DEMO_DATA
INC-00001696,ALT-00017104,2025-09-09T19:41:40Z,2025-09-09T19:54:40Z,2025-09-09T20:25:40Z,2025-09-09T21:40:40Z,2025-09-10T06:14:40Z,2025-09-10T08:00:40Z,EDY SIEM,Correlation Hub,AST-0032,RUL-029,Informational,Closed,ANL-010,4,54.6,FALSE,TRUE,SYNTHETIC_DEMO_DATA
INC-00002520,ALT-00011494,2026-06-10T09:10:27Z,2026-06-10T09:24:27Z,2026-06-10T09:38:27Z,2026-06-10T10:58:27Z,2026-06-10T12:47:27Z,2026-06-10T20:51:27Z,External Synthetic,Network Sensor,AST-0141,RUL-024,Low,Closed,ANL-003,2,62.0,FALSE,FALSE,SYNTHETIC_DEMO_DATA
INC-00000152,ALT-00005461,2025-04-07T14:57:53Z,2025-04-07T15:30:53Z,2025-04-07T15:59:53Z,2025-04-07T16:53:53Z,2025-04-07T18:32:53Z,2025-04-07T20:13:53Z,External Synthetic,Identity Provider,AST-0009,RUL-037,Informational,Closed,ANL-018,3,22.3,FALSE,FALSE,SYNTHETIC_DEMO_DATA
INC-00000038,ALT-00001354,2025-11-30T23:24:35Z,2025-12-01T00:27:35Z,2025-12-01T00:38:35Z,2025-12-01T03:52:35Z,2025-12-01T05:42:35Z,2025-12-01T07:36:35Z,External Synthetic,Network Sensor,AST-0091,RUL-003,Medium,Closed,ANL-008,1,72.1,FALSE,FALSE,SYNTHETIC_DEMO_DATA
INC-00002454,ALT-00002417,2025-08-26T10:52:51Z,2025-08-26T11:42:51Z,2025-08-26T12:07:51Z,2025-08-26T13:16:51Z,2025-08-26T20:31:51Z,2025-08-26T22:56:51Z,External Synthetic,Network Sensor,AST-0231,RUL-001,Low,Closed,ANL-015,2,58.0,FALSE,FALSE,SYNTHETIC_DEMO_DATA
INC-00000155,ALT-00007241,2025-05-28T09:23:12Z,2025-05-28T09:58:12Z,2025-05-28T10:16:12Z,2025-05-28T11:13:12Z,2025-05-28T17:53:12Z,2025-05-29T04:49:12Z,External Synthetic,Network Sensor,AST-0181,RUL-028,Informational,Closed,ANL-015,1,48.1,FALSE,FALSE,SYNTHETIC_DEMO_DATA
INC-00000195,ALT-00001480,2025-08-10T14:52:17Z,2025-08-10T15:23:17Z,2025-08-10T15:39:17Z,2025-08-10T17:36:17Z,2025-08-10T18:59:17Z,2025-08-11T06:09:17Z,EDY Shield,Endpoint Integrity,AST-0006,RUL-044,Informational,Closed,ANL-005,1,42.9,FALSE,FALSE,SYNTHETIC_DEMO_DATA
INC-00001157,ALT-00017811,2025-10-23T14:06:19Z,2025-10-23T14:15:19Z,2025-10-23T14:29:19Z,2025-10-23T15:39:19Z,2025-10-23T18:49:19Z,2025-10-23T22:20:19Z,EDY Shield,Endpoint Integrity,AST-0226,RUL-012,Medium,fechado,ANL-005,1,72.8,FALSE,FALSE,SYNTHETIC_DEMO_DATA
INC-00001309,ALT-00005791,2025-06-16T11:13:14Z,2025-06-16T11:24:14Z,2025-06-16T11:36:14Z,2025-06-16T12:16:14Z,2025-06-16T16:59:14Z,2025-06-17T00:06:14Z,EDY SIEM,Correlation Hub,AST-0121,RUL-042,Low,Closed,ANL-002,1,61.1,TRUE,FALSE,SYNTHETIC_DEMO_DATA
INC-00001593,ALT-00010401,2026-04-24T15:46:04Z,2026-04-24T17:20:04Z,2026-04-24T18:17:04Z,2026-04-24T18:36:04Z,2026-04-25T00:58:04Z,2026-04-25T07:32:04Z,EDY Sentinel,Cloud Detection,AST-0086,RUL-023,Low,Closed,ANL-012,4,69.6,FALSE,FALSE,SYNTHETIC_DEMO_DATA
INC-00002870,ALT-00011073,2025-08-06T15:56:57Z,2025-08-06T16:16:57Z,2025-08-06T17:22:57Z,2025-08-06T18:37:57Z,2025-08-06T21:57:57Z,2025-08-07T06:48:57Z,EDY Sentinel,Cloud Detection,AST-0055,RUL-031,Low,Closed,ANL-001,1,54.8,FALSE,FALSE,SYNTHETIC_DEMO_DATA
INC-00001126,ALT-00000704,2025-10-11T12:47:03Z,2025-10-11T12:53:03Z,2025-10-11T13:30:03Z,2025-10-11T13:46:03Z,2025-10-11T19:42:03Z,2025-10-11T21:25:03Z,External Synthetic,Cloud Audit,AST-0151,RUL-023,Medium,Closed,ANL-006,3,72.9,FALSE,FALSE,SYNTHETIC_DEMO_DATA
INC-00001290,ALT-00015081,2025-08-29T23:05:28Z,2025-08-29T23:15:28Z,2025-08-29T23:33:28Z,2025-08-30T00:29:28Z,2025-08-30T04:20:28Z,,External Synthetic,Network Sensor,AST-0114,RUL-027,Informational,Resolved,ANL-008,1,42.6,FALSE,FALSE,SYNTHETIC_DEMO_DATA
INC-00002170,ALT-00011840,2025-11-27T09:40:58Z,2025-11-27T09:58:58Z,2025-11-27T10:15:58Z,2025-11-27T12:35:58Z,2025-11-28T07:05:58Z,2025-11-28T09:18:58Z,EDY Shield,Endpoint Integrity,AST-0018,RUL-034,Low,Closed,ANL-005,1,36.2,FALSE,FALSE,SYNTHETIC_DEMO_DATA
INC-00001998,ALT-00012699,2025-05-31T16:32:29Z,2025-05-31T16:56:29Z,2025-05-31T17:19:29Z,2025-05-31T19:33:29Z,,,External Synthetic,Network Sensor,AST-0133,RUL-018,Low,Contained,ANL-003,0,54.4,FALSE,FALSE,SYNTHETIC_DEMO_DATA
INC-00002320,ALT-00017823,2025-12-15T17:29:51Z,2025-12-15T17:55:51Z,2025-12-15T19:04:51Z,2025-12-15T21:10:51Z,2025-12-16T01:30:51Z,2025-12-16T11:33:51Z,EDY Shield,Endpoint Integrity,AST-0169,RUL-007,Informational,Closed,ANL-016,2,35.2,FALSE,FALSE,SYNTHETIC_DEMO_DATA
INC-00001320,ALT-00004048,2026-07-13T17:05:50Z,2026-07-13T17:37:50Z,2026-07-13T17:47:50Z,2026-07-13T18:19:50Z,2026-07-14T05:04:50Z,2026-07-14T16:41:50Z,External Synthetic,Cloud Audit,AST-0090,RUL-020,Informational,Closed,ANL-014,3,35.4,TRUE,FALSE,SYNTHETIC_DEMO_DATA
INC-00000478,ALT-00001395,2026-02-08T08:08:47Z,2026-02-08T08:59:47Z,2026-02-08T09:26:47Z,2026-02-08T11:16:47Z,2026-02-08T13:43:47Z,2026-02-08T19:00:47Z,External Synthetic,Network Sensor,AST-0005,RUL-011,Medium,Closed,ANL-006,1,78.7,FALSE,FALSE,SYNTHETIC_DEMO_DATA
INC-00000043,ALT-00003972,2025-06-06T13:06:11Z,2025-06-06T13:44:11Z,2025-06-06T14:10:11Z,2025-06-06T18:02:11Z,2025-06-06T19:03:11Z,2025-06-07T00:23:11Z,External Synthetic,Network Sensor,AST-0125,RUL-006,Medium,Closed,ANL-009,1,61.2,FALSE,FALSE,SYNTHETIC_DEMO_DATA
INC-00000011,ALT-00011173,2025-05-20T21:48:43Z,2025-05-20T22:07:43Z,2025-05-20T22:20:43Z,2025-05-20T23:50:43Z,2025-05-21T08:43:43Z,2025-05-21T13:00:43Z,EDY SIEM,Correlation Hub,AST-0092,RUL-027,Medium,Closed,ANL-017,3,82.8,TRUE,FALSE,SYNTHETIC_DEMO_DATA
INC-00003148,ALT-00008889,2025-02-07T16:11:09Z,2025-02-07T16:47:09Z,2025-02-07T17:09:09Z,2025-02-07T17:35:09Z,2025-02-07T19:22:09Z,,External Synthetic,Network Sensor,AST-0016,RUL-027,Medium,Resolved,ANL-018,3,71.2,FALSE,FALSE,SYNTHETIC_DEMO_DATA
INC-00001833,ALT-00014762,2026-05-16T14:00:31Z,2026-05-16T14:41:31Z,2026-05-16T14:52:31Z,2026-05-16T16:07:31Z,2026-05-17T00:17:31Z,2026-05-17T09:26:31Z,EDY Shield,Endpoint Integrity,AST-0135,RUL-035,Medium,Closed,ANL-007,3,59.9,FALSE,FALSE,SYNTHETIC_DEMO_DATA
INC-00001293,ALT-00011825,2026-06-10T06:46:06Z,2026-06-10T07:20:06Z,2026-06-10T07:35:06Z,2026-06-10T08:24:06Z,2026-06-10T12:58:06Z,2026-06-11T00:51:06Z,EDY Shield,Endpoint Integrity,AST-0060,RUL-005,Informational,Closed,ANL-005,1,45.5,FALSE,FALSE,SYNTHETIC_DEMO_DATA
INC-00002591,ALT-00008166,2025-10-19T21:13:40Z,2025-10-19T21:57:40Z,2025-10-19T22:17:40Z,2025-10-19T23:22:40Z,2025-10-20T06:10:40Z,2025-10-20T13:30:40Z,External Synthetic,Network Sensor,AST-0004,RUL-003,Informational,Closed,ANL-009,1,27.7,FALSE,FALSE,SYNTHETIC_DEMO_DATA
INC-00000366,ALT-00015199,2026-07-29T23:58:11Z,2026-07-30T00:06:11Z,2026-07-30T00:23:11Z,2026-07-30T03:10:11Z,2026-07-30T05:45:11Z,2026-07-30T14:43:11Z,External Synthetic,Network Sensor,AST-0109,RUL-006,Medium,Closed,ANL-016,1,69.4,FALSE,FALSE,SYNTHETIC_DEMO_DATA
INC-00001959,ALT-00003665,2026-07-03T19:09:50Z,2026-07-03T19:34:50Z,2026-07-03T19:43:50Z,2026-07-03T20:08:50Z,2026-07-03T23:50:50Z,2026-07-04T00:58:50Z,EDY Sentinel,Cloud Detection,AST-0125,RUL-036,Medium,Closed,ANL-007,1,57.3,FALSE,FALSE,SYNTHETIC_DEMO_DATA
INC-00000912,ALT-00013306,2025-06-25T15:44:08Z,2025-06-25T15:47:08Z,2025-06-25T16:16:08Z,2025-06-25T17:12:08Z,2025-06-25T18:42:08Z,,External Synthetic,Identity Provider,AST-0048,RUL-023,Critical,Resolved,ANL-012,1,100,TRUE,FALSE,SYNTHETIC_DEMO_DATA
INC-00002816,ALT-00011567,2026-05-06T17:02:12Z,2026-05-06T17:28:12Z,2026-05-06T17:32:12Z,2026-05-06T20:01:12Z,2026-05-07T00:59:12Z,2026-05-07T01:48:12Z,External Synthetic,Network Sensor,AST-0137,RUL-040,Informational,Closed,ANL-018,2,48.0,TRUE,FALSE,SYNTHETIC_DEMO_DATA
INC-00000900,ALT-00002981,2025-05-13T10:48:29Z,2025-05-13T11:11:29Z,2025-05-13T11:27:29Z,2025-05-13T13:47:29Z,2025-05-13T21:24:29Z,2025-05-14T02:16:29Z,EDY RECON,Exposure Intelligence,AST-0048,RUL-037,Medium,Closed,ANL-004,2,65.1,FALSE,FALSE,SYNTHETIC_DEMO_DATA
INC-00003120,ALT-00002519,2025-03-22T21:36:06Z,2025-03-22T22:15:06Z,2025-03-22T22:40:06Z,2025-03-22T23:45:06Z,2025-03-23T04:56:06Z,2025-03-23T05:19:06Z,EDY SIEM,Correlation Hub,AST-0038,RUL-012,Low,Closed,ANL-015,2,56.1,FALSE,FALSE,SYNTHETIC_DEMO_DATA
INC-00002945,ALT-00017746,2026-01-26T11:51:18Z,2026-01-26T12:04:18Z,2026-01-26T12:10:18Z,2026-01-26T17:00:18Z,2026-01-26T18:43:18Z,2026-01-27T01:31:18Z,External Synthetic,Cloud Audit,AST-0050,RUL-004,Medium,Closed,ANL-017,1,79.8,FALSE,FALSE,SYNTHETIC_DEMO_DATA
INC-00002174,ALT-00011549,2025-08-14T14:53:45Z,2025-08-14T15:30:45Z,2025-08-14T15:51:45Z,2025-08-14T16:52:45Z,2025-08-14T20:53:45Z,2025-08-14T21:41:45Z,EDY SIEM,Correlation Hub,AST-0225,RUL-005,Low,Closed,ANL-013,1,42.7,FALSE,FALSE,SYNTHETIC_DEMO_DATA
INC-00000892,ALT-00007742,2025-05-07T18:28:29Z,2025-05-07T18:36:29Z,2025-05-07T18:48:29Z,2025-05-08T00:26:29Z,2025-05-08T03:06:29Z,2025-05-08T14:08:29Z,External Synthetic,Network Sensor,AST-0102,RUL-018,Informational,Closed,ANL-004,1,34.4,FALSE,FALSE,SYNTHETIC_DEMO_DATA
INC-00000492,ALT-00003177,2026-06-30T16:47:09Z,2026-06-30T17:00:09Z,2026-06-30T17:08:09Z,2026-06-30T18:25:09Z,,,External Synthetic,Network Sensor,AST-0027,RUL-026,Medium,Contained,ANL-016,0,52.1,FALSE,FALSE,SYNTHETIC_DEMO_DATA
INC-00000441,ALT-00012352,2026-03-27T12:22:40Z,2026-03-27T13:16:40Z,2026-03-27T14:24:40Z,2026-03-27T18:44:40Z,2026-03-28T01:12:40Z,2026-03-28T06:34:40Z,EDY Sentinel,Cloud Detection,AST-0122,RUL-038,Low,Closed,ANL-012,3,62.5,FALSE,FALSE,SYNTHETIC_DEMO_DATA
INC-00001060,ALT-00006338,2026-01-10T00:06:34Z,2026-01-10T00:49:34Z,2026-01-10T00:57:34Z,2026-01-10T02:11:34Z,2026-01-10T10:41:34Z,2026-01-10T15:17:34Z,EDY Sentinel,Cloud Detection,AST-0116,RUL-037,Low,Closed,ANL-017,1,51.9,FALSE,TRUE,SYNTHETIC_DEMO_DATA
INC-00003121,ALT-00013445,2025-12-13T16:31:38Z,2025-12-13T16:41:38Z,2025-12-13T17:02:38Z,2025-12-13T17:43:38Z,2025-12-14T00:59:38Z,2025-12-14T11:58:38Z,External Synthetic,Cloud Audit,AST-0032,RUL-020,Low,Closed,ANL-008,1,66.5,FALSE,FALSE,SYNTHETIC_DEMO_DATA
INC-00000248,ALT-00010469,2026-06-19T09:48:57Z,2026-06-19T10:35:57Z,2026-06-19T11:15:57Z,2026-06-19T12:40:57Z,2026-06-19T17:00:57Z,2026-06-19T19:27:57Z,EDY Sentinel,Cloud Detection,AST-0237,RUL-035,High,Closed,ANL-015,3,95.9,TRUE,FALSE,SYNTHETIC_DEMO_DATA
INC-00000612,ALT-00005195,2026-03-02T08:18:42Z,2026-03-02T08:34:42Z,2026-03-02T08:56:42Z,2026-03-02T09:40:42Z,2026-03-02T13:06:42Z,,EDY Shield,Endpoint Integrity,AST-0210,RUL-043,Informational,Resolved,ANL-002,1,33.2,FALSE,FALSE,SYNTHETIC_DEMO_DATA
INC-00000476,ALT-00000545,2025-03-14T09:53:05Z,2025-03-14T10:03:05Z,2025-03-14T10:30:05Z,2025-03-14T10:45:05Z,2025-03-15T05:50:05Z,2025-03-15T08:23:05Z,EDY Sentinel,Cloud Detection,AST-0022,RUL-014,Informational,Closed,ANL-018,1,32.1,FALSE,FALSE,SYNTHETIC_DEMO_DATA
INC-00000411,ALT-00000046,2026-01-14T02:16:11Z,2026-01-14T02:22:11Z,2026-01-14T02:48:11Z,2026-01-14T03:31:11Z,2026-01-14T06:44:11Z,,External Synthetic,Cloud Audit,AST-0057,RUL-028,Medium,Resolved,ANL-007,1,65.9,FALSE,FALSE,SYNTHETIC_DEMO_DATA
INC-00001811,ALT-00007251,2025-05-23T16:28:30Z,2025-05-23T17:06:30Z,2025-05-23T17:14:30Z,2025-05-23T19:05:30Z,2025-05-23T19:46:30Z,2025-05-23T21:00:30Z,EDY Sentinel,Cloud Detection,AST-0053,RUL-017,Informational,Closed,ANL-015,4,30.2,FALSE,FALSE,SYNTHETIC_DEMO_DATA
INC-00002126,ALT-00003858,2025-07-08T15:18:49Z,2025-07-08T15:59:49Z,2025-07-08T16:27:49Z,2025-07-08T17:27:49Z,2025-07-08T20:41:49Z,2025-07-09T05:12:49Z,External Synthetic,Network Sensor,AST-0103,RUL-040,Low,Closed,ANL-007,1,48.4,FALSE,FALSE,SYNTHETIC_DEMO_DATA
INC-00000324,ALT-00009529,2025-05-05T10:11:15Z,2025-05-05T11:19:15Z,2025-05-05T11:32:15Z,2025-05-05T12:21:15Z,2025-05-05T13:26:15Z,2025-05-06T00:02:15Z,EDY Sentinel,Cloud Detection,AST-0216,RUL-041,Informational,Closed,ANL-002,1,28.9,FALSE,FALSE,SYNTHETIC_DEMO_DATA
INC-00001461,ALT-00004613,2025-08-03T09:33:14Z,2025-08-03T09:40:14Z,2025-08-03T09:49:14Z,2025-08-03T10:10:14Z,2025-08-03T15:35:14Z,2025-08-04T00:16:14Z,EDY RECON,Exposure Intelligence,AST-0182,RUL-042,Critical,Closed,ANL-003,1,100,TRUE,FALSE,SYNTHETIC_DEMO_DATA
INC-00002636,ALT-00006750,2025-12-17T19:23:32Z,2025-12-17T19:41:32Z,2025-12-17T19:49:32Z,2025-12-17T21:24:32Z,2025-12-18T04:02:32Z,2025-12-18T07:03:32Z,External Synthetic,Network Sensor,AST-0141,RUL-025,Informational,Closed,ANL-018,1,46.6,FALSE,FALSE,SYNTHETIC_DEMO_DATA
INC-00000721,ALT-00003706,2025-05-07T16:11:35Z,2025-05-07T16:32:35Z,2025-05-07T16:42:35Z,2025-05-07T18:36:35Z,2025-05-07T20:40:35Z,2025-05-08T00:56:35Z,EDY SIEM,Correlation Hub,AST-0067,RUL-018,Medium,Closed,ANL-015,1,66.5,FALSE,FALSE,SYNTHETIC_DEMO_DATA
INC-00000392,ALT-00015431,2026-07-25T18:31:57Z,2026-07-25T18:49:57Z,2026-07-25T19:13:57Z,2026-07-25T23:34:57Z,2026-07-26T05:30:57Z,2026-07-26T09:51:57Z,EDY Shield,Endpoint Integrity,AST-0235,RUL-045,Low,Closed,ANL-013,1,56.4,FALSE,FALSE,SYNTHETIC_DEMO_DATA
INC-00000352,ALT-00011275,2026-02-05T16:15:52Z,2026-02-05T16:51:52Z,2026-02-05T16:55:52Z,2026-02-05T19:40:52Z,2026-02-06T05:26:52Z,2026-02-06T08:01:52Z,External Synthetic,Network Sensor,AST-0186,RUL-040,Informational,Closed,ANL-004,2,60.1,TRUE,FALSE,SYNTHETIC_DEMO_DATA
INC-00002460,ALT-00004096,2025-07-31T01:08:59Z,2025-07-31T01:34:59Z,2025-07-31T02:39:59Z,2025-07-31T10:29:59Z,2025-07-31T13:39:59Z,2025-07-31T22:18:59Z,EDY SIEM,Correlation Hub,AST-0150,RUL-013,Informational,Closed,ANL-008,1,40.4,FALSE,FALSE,SYNTHETIC_DEMO_DATA
INC-00002463,ALT-00014725,2026-01-20T00:35:38Z,2026-01-20T00:56:38Z,2026-01-20T01:15:38Z,2026-01-20T06:44:38Z,2026-01-20T07:31:38Z,2026-01-20T16:07:38Z,EDY Shield,Endpoint Integrity,AST-0122,RUL-022,Informational,Closed,ANL-005,1,50.8,FALSE,FALSE,SYNTHETIC_DEMO_DATA
INC-00000014,ALT-00011704,2025-06-24T03:46:14Z,2025-06-24T04:09:14Z,2025-06-24T04:53:14Z,2025-06-24T05:14:14Z,2025-06-24T08:05:14Z,2025-06-24T17:56:14Z,External Synthetic,Cloud Audit,AST-0005,RUL-013,Informational,Closed,ANL-012,1,51.0,FALSE,FALSE,SYNTHETIC_DEMO_DATA
INC-00001907,ALT-00003021,2025-08-29T11:15:12Z,2025-08-29T11:39:12Z,2025-08-29T11:51:12Z,2025-08-29T13:56:12Z,,,EDY Shield,Endpoint Integrity,AST-0232,RUL-006,Informational,Contained,ANL-009,0,37.6,FALSE,FALSE,SYNTHETIC_DEMO_DATA
INC-00000956,ALT-00011042,2025-07-21T11:30:55Z,2025-07-21T11:49:55Z,2025-07-21T12:27:55Z,2025-07-21T13:15:55Z,2025-07-21T16:28:55Z,2025-07-22T02:58:55Z,External Synthetic,Cloud Audit,AST-0092,RUL-003,Low,Closed,ANL-007,1,51.3,FALSE,FALSE,SYNTHETIC_DEMO_DATA
INC-00001437,ALT-00009986,2025-09-23T03:04:13Z,2025-09-23T03:23:13Z,2025-09-23T03:39:13Z,,,,External Synthetic,Network Sensor,AST-0058,RUL-024,High,Active,ANL-008,0,86.1,TRUE,FALSE,SYNTHETIC_DEMO_DATA
INC-00000878,ALT-00001368,2025-08-09T06:20:24Z,2025-08-09T06:32:24Z,2025-08-09T06:46:24Z,2025-08-09T09:41:24Z,2025-08-09T17:00:24Z,2025-08-09T17:27:24Z,EDY SIEM,Correlation Hub,AST-0008,RUL-010,Low,Closed,ANL-013,1,49.0,FALSE,FALSE,SYNTHETIC_DEMO_DATA
INC-00001312,ALT-00013244,2025-09-11T15:12:58Z,2025-09-11T15:19:58Z,2025-09-11T15:36:58Z,2025-09-11T16:34:58Z,2025-09-11T19:54:58Z,2025-09-12T05:58:58Z,EDY Sentinel,Cloud Detection,AST-0024,RUL-032,Informational,Closed,ANL-016,3,44.6,FALSE,FALSE,SYNTHETIC_DEMO_DATA
INC-00002117,ALT-00002680,2025-09-14T00:33:41Z,2025-09-14T01:01:41Z,2025-09-14T01:27:41Z,2025-09-14T02:42:41Z,2025-09-14T08:14:41Z,2025-09-14T09:55:41Z,External Synthetic,Identity Provider,AST-0092,RUL-002,Informational,Closed,ANL-015,1,36.7,FALSE,FALSE,SYNTHETIC_DEMO_DATA
INC-00001125,ALT-00009457,2025-03-04T11:27:54Z,2025-03-04T11:58:54Z,2025-03-04T12:11:54Z,2025-03-04T13:05:54Z,2025-03-04T14:10:54Z,2025-03-05T01:49:54Z,External Synthetic,Network Sensor,AST-0123,RUL-041,Low,Closed,ANL-012,3,63.7,FALSE,FALSE,SYNTHETIC_DEMO_DATA
INC-00002287,ALT-00015172,2025-10-01T00:00:32Z,2025-10-01T00:18:32Z,2025-10-01T00:28:32Z,2025-10-01T01:18:32Z,2025-10-01T04:12:32Z,2025-10-01T12:40:32Z,EDY SIEM,Correlation Hub,AST-0021,RUL-035,Critical,Closed,ANL-017,1,100,TRUE,FALSE,SYNTHETIC_DEMO_DATA
INC-00001127,ALT-00011466,2026-02-02T14:25:47Z,2026-02-02T14:40:47Z,2026-02-02T14:54:47Z,2026-02-02T16:44:47Z,2026-02-02T18:41:47Z,2026-02-03T03:17:47Z,External Synthetic,Identity Provider,AST-0020,RUL-015,Medium,Closed,ANL-017,4,65.7,FALSE,FALSE,SYNTHETIC_DEMO_DATA
INC-00002504,ALT-00014398,2025-11-15T20:03:13Z,2025-11-15T20:16:13Z,2025-11-15T20:28:13Z,2025-11-15T22:54:13Z,2025-11-16T01:30:13Z,2025-11-16T01:46:13Z,EDY Sentinel,Cloud Detection,AST-0200,RUL-037,Informational,Closed,ANL-006,1,41.4,FALSE,FALSE,SYNTHETIC_DEMO_DATA
INC-00000080,ALT-00011414,2026-06-01T14:41:01Z,2026-06-01T15:18:01Z,2026-06-01T15:35:01Z,2026-06-01T16:03:01Z,2026-06-01T22:04:01Z,2026-06-02T05:29:01Z,External Synthetic,Cloud Audit,AST-0044,RUL-034,Low,Closed,ANL-001,4,47.1,FALSE,FALSE,SYNTHETIC_DEMO_DATA
INC-00000138,ALT-00004901,2025-03-23T12:21:35Z,2025-03-23T13:08:35Z,2025-03-23T13:36:35Z,2025-03-23T14:56:35Z,2025-03-23T17:52:35Z,,EDY Shield,Endpoint Integrity,AST-0227,RUL-010,Informational,Resolved,ANL-008,1,39.4,FALSE,FALSE,SYNTHETIC_DEMO_DATA
INC-00002615,ALT-00005319,2026-04-13T11:26:26Z,2026-04-13T11:48:26Z,2026-04-13T12:33:26Z,2026-04-13T12:51:26Z,2026-04-13T14:40:26Z,2026-04-13T18:42:26Z,EDY SIEM,Correlation Hub,AST-0129,RUL-026,Low,Closed,ANL-004,1,53.1,FALSE,FALSE,SYNTHETIC_DEMO_DATA
INC-00002200,ALT-00002451,2025-02-09T15:39:33Z,2025-02-09T17:38:33Z,2025-02-09T17:44:33Z,2025-02-09T18:21:33Z,2025-02-09T20:10:33Z,2025-02-10T07:02:33Z,EDY SIEM,Correlation Hub,AST-0217,RUL-015,Low,Closed,ANL-011,3,72.2,TRUE,FALSE,SYNTHETIC_DEMO_DATA
INC-00002420,ALT-00011272,2026-05-13T05:30:08Z,2026-05-13T05:53:08Z,2026-05-13T06:05:08Z,2026-05-13T06:55:08Z,2026-05-13T07:47:08Z,2026-05-13T17:29:08Z,EDY RECON,Exposure Intelligence,AST-0039,RUL-026,Medium,Closed,ANL-002,1,82.4,TRUE,FALSE,SYNTHETIC_DEMO_DATA
INC-00001466,ALT-00005143,2025-05-29T09:21:14Z,2025-05-29T09:36:14Z,2025-05-29T09:54:14Z,2025-05-29T10:20:14Z,2025-05-29T10:37:14Z,2025-05-29T19:24:14Z,EDY RECON,Exposure Intelligence,AST-0030,RUL-017,Low,Closed,ANL-001,1,53.9,FALSE,FALSE,SYNTHETIC_DEMO_DATA
INC-00002788,ALT-00006181,2026-05-11T03:07:42Z,2026-05-11T03:33:42Z,2026-05-11T04:04:42Z,2026-05-11T11:27:42Z,2026-05-11T14:09:42Z,2026-05-12T00:55:42Z,External Synthetic,Identity Provider,AST-0234,RUL-032,Low,Closed,ANL-017,1,43.4,FALSE,FALSE,SYNTHETIC_DEMO_DATA
INC-00002977,ALT-00001688,2026-05-18T11:31:40Z,2026-05-18T11:55:40Z,2026-05-18T12:07:40Z,2026-05-18T12:39:40Z,,,External Synthetic,Cloud Audit,AST-0213,RUL-018,Medium,Contained,ANL-009,0,78.0,FALSE,FALSE,SYNTHETIC_DEMO_DATA
INC-00002966,ALT-00006825,2025-10-13T11:26:25Z,2025-10-13T11:40:25Z,2025-10-13T12:08:25Z,2025-10-13T14:08:25Z,2025-10-13T23:48:25Z,2025-10-14T07:36:25Z,External Synthetic,Cloud Audit,AST-0011,RUL-021,Informational,Closed,ANL-012,1,36.7,FALSE,FALSE,SYNTHETIC_DEMO_DATA
INC-00002226,ALT-00009137,2026-02-24T02:05:37Z,2026-02-24T02:35:37Z,2026-02-24T02:49:37Z,2026-02-24T03:57:37Z,2026-02-24T04:58:37Z,2026-02-24T09:19:37Z,External Synthetic,Cloud Audit,AST-0234,RUL-003,Informational,Closed,ANL-008,1,22.2,FALSE,TRUE,SYNTHETIC_DEMO_DATA
INC-00000084,ALT-00014919,2025-09-04T22:47:27Z,2025-09-04T23:11:27Z,2025-09-04T23:37:27Z,2025-09-05T01:11:27Z,2025-09-05T03:56:27Z,2025-09-05T04:27:27Z,External Synthetic,Identity Provider,AST-0203,RUL-041,Informational,Closed,ANL-008,1,51.6,FALSE,FALSE,SYNTHETIC_DEMO_DATA
INC-00000830,ALT-00011003,2025-10-27T14:19:59Z,2025-10-27T14:36:59Z,2025-10-27T15:15:59Z,2025-10-27T17:30:59Z,2025-10-27T18:11:59Z,2025-10-27T22:11:59Z,External Synthetic,Identity Provider,AST-0128,RUL-012,Medium,Closed,ANL-008,1,71.9,FALSE,FALSE,SYNTHETIC_DEMO_DATA
INC-00001023,ALT-00013844,2025-11-11T10:55:14Z,2025-11-11T11:17:14Z,2025-11-11T11:42:14Z,2025-11-11T12:40:14Z,2025-11-11T15:58:14Z,2025-11-11T20:45:14Z,EDY Shield,Endpoint Integrity,AST-0042,RUL-019,Informational,Closed,ANL-005,2,59.6,TRUE,FALSE,SYNTHETIC_DEMO_DATA
INC-00002497,ALT-00003602,2025-06-25T09:33:58Z,2025-06-25T10:31:58Z,2025-06-25T10:45:58Z,2025-06-25T15:08:58Z,2025-06-25T22:51:58Z,2025-06-26T07:32:58Z,EDY SIEM,Correlation Hub,AST-0129,RUL-006,Informational,Closed,ANL-001,1,46.3,TRUE,FALSE,SYNTHETIC_DEMO_DATA
INC-00001973,ALT-00003631,2026-04-17T12:37:25Z,2026-04-17T12:57:25Z,2026-04-17T13:51:25Z,2026-04-17T15:51:25Z,2026-04-17T19:27:25Z,2026-04-17T20:34:25Z,EDY Shield,Endpoint Integrity,AST-0212,RUL-008,Informational,Closed,ANL-015,1,54.5,FALSE,FALSE,SYNTHETIC_DEMO_DATA
INC-00000828,ALT-00005100,2025-06-17T13:18:23Z,2025-06-17T13:57:23Z,2025-06-17T14:43:23Z,2025-06-17T16:05:23Z,2025-06-17T17:16:23Z,2025-06-18T03:39:23Z,External Synthetic,Network Sensor,AST-0233,RUL-023,Informational,Closed,ANL-002,3,28.2,FALSE,FALSE,SYNTHETIC_DEMO_DATA
INC-00001981,ALT-00003003,2026-06-19T11:09:25Z,2026-06-19T11:17:25Z,2026-06-19T11:43:25Z,2026-06-19T14:59:25Z,2026-06-19T16:05:25Z,2026-06-19T20:59:25Z,External Synthetic,Cloud Audit,AST-0118,RUL-005,Low,Closed,ANL-014,1,55.8,FALSE,FALSE,SYNTHETIC_DEMO_DATA
INC-00001767,ALT-00011183,2026-05-12T18:14:32Z,2026-05-12T18:16:32Z,2026-05-12T19:03:32Z,2026-05-12T19:56:32Z,2026-05-12T22:21:32Z,2026-05-13T08:26:32Z,EDY Shield,Endpoint Integrity,AST-0064,RUL-035,Informational,Closed,ANL-017,1,45.1,FALSE,FALSE,SYNTHETIC_DEMO_DATA
INC-00001386,ALT-00002234,2025-05-12T15:26:57Z,2025-05-12T15:45:57Z,2025-05-12T15:54:57Z,2025-05-12T17:57:57Z,2025-05-12T19:07:57Z,2025-05-13T05:32:57Z,EDY SIEM,Correlation Hub,AST-0146,RUL-011,Medium,Closed,ANL-004,3,75.3,TRUE,FALSE,SYNTHETIC_DEMO_DATA
INC-00000339,ALT-00015670,2025-05-16T00:54:15Z,2025-05-16T01:01:15Z,2025-05-16T01:33:15Z,2025-05-16T02:21:15Z,2025-05-16T11:27:15Z,,EDY Sentinel,Cloud Detection,AST-0118,RUL-037,Low,Resolved,ANL-006,4,61.4,FALSE,FALSE,SYNTHETIC_DEMO_DATA
INC-00001830,ALT-00014750,2025-09-07T18:03:02Z,2025-09-07T18:08:02Z,2025-09-07T18:57:02Z,2025-09-07T23:51:02Z,2025-09-10T13:34:02Z,2025-09-10T22:52:02Z,EDY Sentinel,Cloud Detection,AST-0203,RUL-003,Informational,Closed,ANL-008,1,46.7,FALSE,FALSE,SYNTHETIC_DEMO_DATA
INC-00000089,ALT-00000905,2026-02-21T15:50:34Z,2026-02-21T16:48:34Z,2026-02-21T17:06:34Z,2026-02-21T18:23:34Z,2026-02-21T19:20:34Z,2026-02-22T04:23:34Z,External Synthetic,Network Sensor,AST-0231,RUL-009,Informational,fechado,ANL-009,1,47.9,FALSE,FALSE,SYNTHETIC_DEMO_DATA
INC-00000951,ALT-00013929,2025-03-07T07:56:20Z,2025-03-07T08:17:20Z,2025-03-07T08:22:20Z,,,,EDY Shield,Endpoint Integrity,AST-0187,RUL-019,Low,Active,ANL-006,0,52.5,FALSE,FALSE,SYNTHETIC_DEMO_DATA
INC-00002754,ALT-00005800,2025-06-18T10:08:40Z,2025-06-18T10:35:40Z,2025-06-18T10:42:40Z,2025-06-18T11:05:40Z,2025-06-18T15:04:40Z,2025-06-18T22:59:40Z,EDY Shield,Endpoint Integrity,AST-0150,RUL-012,Informational,Closed,ANL-002,4,46.0,FALSE,FALSE,SYNTHETIC_DEMO_DATA
INC-00000964,ALT-00007548,2025-05-13T16:30:24Z,2025-05-13T16:45:24Z,2025-05-13T17:10:24Z,2025-05-13T20:21:24Z,2025-05-14T15:39:24Z,2025-05-14T17:29:24Z,External Synthetic,Network Sensor,AST-0101,RUL-042,Informational,Closed,ANL-004,1,36.5,FALSE,FALSE,SYNTHETIC_DEMO_DATA
INC-00002819,ALT-00010210,2025-03-25T01:37:52Z,2025-03-25T02:10:52Z,2025-03-25T02:23:52Z,2025-03-25T03:47:52Z,2025-03-25T06:47:52Z,2025-03-25T15:55:52Z,EDY Shield,Endpoint Integrity,AST-0152,RUL-019,Informational,Closed,ANL-015,1,33.5,FALSE,FALSE,SYNTHETIC_DEMO_DATA
INC-00000736,ALT-00017302,2025-11-18T12:31:20Z,2025-11-18T12:41:20Z,2025-11-18T12:58:20Z,2025-11-18T21:31:20Z,2025-11-18T21:57:20Z,2025-11-19T00:10:20Z,External Synthetic,Network Sensor,AST-0178,RUL-008,Low,Closed,ANL-017,1,52.4,FALSE,FALSE,SYNTHETIC_DEMO_DATA
INC-00002741,ALT-00017824,2026-01-26T17:15:36Z,2026-01-26T17:20:36Z,2026-01-26T17:42:36Z,2026-01-26T18:37:36Z,2026-01-26T19:46:36Z,2026-01-27T04:16:36Z,EDY SIEM,Correlation Hub,AST-0007,RUL-017,High,Closed,ANL-006,4,98.6,TRUE,FALSE,SYNTHETIC_DEMO_DATA
INC-00000839,ALT-00013382,2026-04-01T07:04:16Z,2026-04-01T07:13:16Z,2026-04-01T07:21:16Z,2026-04-01T08:24:16Z,2026-04-01T10:43:16Z,2026-04-01T11:56:16Z,External Synthetic,Cloud Audit,AST-0064,RUL-029,Medium,Closed,ANL-017,1,78.8,FALSE,FALSE,SYNTHETIC_DEMO_DATA
INC-00001441,ALT-00012509,2025-11-30T08:59:40Z,2025-11-30T09:12:40Z,2025-11-30T09:39:40Z,2025-11-30T10:26:40Z,2025-11-30T15:07:40Z,2025-12-01T02:16:40Z,External Synthetic,Network Sensor,AST-0219,RUL-010,Informational,Closed,ANL-013,4,48.2,TRUE,FALSE,SYNTHETIC_DEMO_DATA
INC-00002759,ALT-00002763,2026-01-07T16:24:41Z,2026-01-07T16:36:41Z,2026-01-07T17:20:41Z,2026-01-07T18:58:41Z,2026-01-07T21:34:41Z,,EDY Sentinel,Cloud Detection,AST-0003,RUL-015,Informational,resolvido,ANL-003,3,40.2,FALSE,FALSE,SYNTHETIC_DEMO_DATA
INC-00003045,ALT-00002204,2025-03-28T15:46:17Z,2025-03-28T16:02:17Z,2025-03-28T16:26:17Z,2025-03-28T20:05:17Z,2025-03-29T00:31:17Z,2025-03-29T03:37:17Z,External Synthetic,Cloud Audit,AST-0167,RUL-011,Low,Closed,ANL-018,1,67.5,FALSE,FALSE,SYNTHETIC_DEMO_DATA
INC-00002400,ALT-00014297,2025-04-11T14:00:52Z,2025-04-11T14:47:52Z,2025-04-11T15:16:52Z,2025-04-11T16:53:52Z,2025-04-11T17:11:52Z,2025-04-12T01:38:52Z,External Synthetic,Network Sensor,AST-0087,RUL-043,Informational,Closed,ANL-014,1,40.4,FALSE,FALSE,SYNTHETIC_DEMO_DATA
INC-00000766,ALT-00003742,2025-12-04T01:55:22Z,2025-12-04T02:17:22Z,2025-12-04T02:47:22Z,2025-12-04T03:05:22Z,2025-12-04T07:33:22Z,2025-12-04T11:14:22Z,EDY SIEM,Correlation Hub,AST-0033,RUL-039,Informational,Closed,ANL-004,3,45.6,FALSE,FALSE,SYNTHETIC_DEMO_DATA
INC-00000336,ALT-00014886,2025-06-21T10:20:31Z,2025-06-21T10:29:31Z,2025-06-21T11:08:31Z,2025-06-21T12:25:31Z,,,External Synthetic,Network Sensor,AST-0135,RUL-035,Low,Contained,ANL-009,0,39.7,FALSE,FALSE,SYNTHETIC_DEMO_DATA
INC-00000750,ALT-00004191,2026-01-28T16:58:13Z,2026-01-28T17:09:13Z,2026-01-28T17:30:13Z,2026-01-28T18:52:13Z,2026-01-28T19:18:13Z,2026-01-29T04:09:13Z,EDY Shield,Endpoint Integrity,AST-0054,RUL-023,Critical,Closed,ANL-012,1,99.3,TRUE,FALSE,SYNTHETIC_DEMO_DATA
INC-00001477,ALT-00001438,2025-08-08T09:32:32Z,2025-08-08T10:06:32Z,2025-08-08T10:18:32Z,2025-08-08T13:44:32Z,2025-08-08T21:41:32Z,2025-08-09T01:03:32Z,EDY Shield,Endpoint Integrity,AST-0165,RUL-005,Low,Closed,ANL-014,1,48.8,FALSE,FALSE,SYNTHETIC_DEMO_DATA
INC-00001733,ALT-00000896,2025-04-24T08:05:57Z,2025-04-24T08:31:57Z,2025-04-24T09:25:57Z,2025-04-24T09:49:57Z,2025-04-24T15:16:57Z,2025-04-24T17:46:57Z,External Synthetic,Network Sensor,AST-0201,RUL-030,Critical,Closed,ANL-007,2,100,TRUE,FALSE,SYNTHETIC_DEMO_DATA
INC-00002623,ALT-00006927,2026-04-19T11:34:38Z,2026-04-19T11:52:38Z,2026-04-19T12:23:38Z,2026-04-19T12:34:38Z,2026-04-19T16:27:38Z,2026-04-19T17:47:38Z,EDY Sentinel,Cloud Detection,AST-0026,RUL-016,Informational,Closed,ANL-001,1,27.8,FALSE,FALSE,SYNTHETIC_DEMO_DATA
INC-00001152,ALT-00007426,2025-04-09T20:02:27Z,2025-04-09T20:10:27Z,2025-04-09T20:36:27Z,2025-04-09T23:09:27Z,2025-04-09T23:55:27Z,2025-04-10T02:12:27Z,External Synthetic,Cloud Audit,AST-0217,RUL-034,Medium,Closed,ANL-004,4,75.2,FALSE,FALSE,SYNTHETIC_DEMO_DATA
INC-00001226,ALT-00012026,2026-06-25T09:00:15Z,2026-06-25T10:09:15Z,2026-06-25T10:17:15Z,2026-06-25T13:47:15Z,2026-06-25T16:04:15Z,,External Synthetic,Network Sensor,AST-0057,RUL-026,Medium,Resolved,ANL-008,1,64.4,FALSE,FALSE,SYNTHETIC_DEMO_DATA
INC-00002764,ALT-00008200,2025-02-24T14:49:00Z,2025-02-24T15:31:00Z,2025-02-24T16:07:00Z,2025-02-24T16:40:00Z,2025-02-24T17:20:00Z,2025-02-24T17:48:00Z,EDY Shield,Endpoint Integrity,AST-0127,RUL-041,Informational,Closed,ANL-004,1,41.1,FALSE,FALSE,SYNTHETIC_DEMO_DATA
INC-00000120,ALT-00001622,2025-08-24T09:01:17Z,2025-08-24T09:49:17Z,2025-08-24T10:08:17Z,2025-08-24T11:16:17Z,2025-08-24T21:51:17Z,2025-08-24T23:33:17Z,External Synthetic,Network Sensor,AST-0208,RUL-002,High,Closed,ANL-011,1,100,TRUE,FALSE,SYNTHETIC_DEMO_DATA
INC-00001990,ALT-00010200,2026-06-29T18:27:02Z,2026-06-29T18:45:02Z,2026-06-29T18:57:02Z,,,,EDY Shield,Endpoint Integrity,AST-0021,RUL-019,High,Active,,0,97.7,TRUE,FALSE,SYNTHETIC_DEMO_DATA
INC-00002488,ALT-00014809,2025-10-21T09:14:08Z,2025-10-21T09:23:08Z,2025-10-21T09:51:08Z,,,,EDY Shield,Endpoint Integrity,AST-0139,RUL-040,High,Active,ANL-013,0,87.1,TRUE,FALSE,SYNTHETIC_DEMO_DATA
INC-00002831,ALT-00003473,2026-06-13T07:57:05Z,2026-06-13T08:06:05Z,2026-06-13T08:15:05Z,2026-06-13T08:44:05Z,2026-06-13T09:04:05Z,2026-06-13T19:03:05Z,External Synthetic,Network Sensor,AST-0235,RUL-011,High,Closed,ANL-006,1,99.5,TRUE,FALSE,SYNTHETIC_DEMO_DATA
INC-00001308,ALT-00011572,2025-03-27T07:57:42Z,2025-03-27T08:33:42Z,2025-03-27T09:21:42Z,2025-03-27T11:07:42Z,2025-03-27T14:25:42Z,2025-03-27T16:46:42Z,External Synthetic,Cloud Audit,AST-0203,RUL-043,Informational,Closed,ANL-008,3,52.8,FALSE,FALSE,SYNTHETIC_DEMO_DATA
INC-00002256,ALT-00017496,2025-02-19T16:05:00Z,2025-02-19T16:34:00Z,2025-02-19T17:13:00Z,2025-02-19T19:22:00Z,2025-02-19T21:49:00Z,2025-02-20T07:41:00Z,EDY Sentinel,Cloud Detection,AST-0221,RUL-003,Informational,Closed,ANL-014,1,46.7,FALSE,FALSE,SYNTHETIC_DEMO_DATA
INC-00002993,ALT-00011482,2026-07-28T12:37:55Z,2026-07-28T12:39:55Z,2026-07-28T12:57:55Z,,,,EDY Shield,Endpoint Integrity,AST-0062,RUL-021,Medium,Active,ANL-005,0,58.6,FALSE,FALSE,SYNTHETIC_DEMO_DATA
INC-00000396,ALT-00016743,2025-11-27T07:29:37Z,2025-11-27T07:45:37Z,2025-11-27T07:48:37Z,2025-11-27T09:26:37Z,2025-11-27T15:01:37Z,2025-11-27T23:02:37Z,External Synthetic,Identity Provider,AST-0101,RUL-028,Low,Closed,ANL-003,1,61.4,TRUE,FALSE,SYNTHETIC_DEMO_DATA
INC-00000673,ALT-00009472,2026-05-26T10:40:13Z,2026-05-26T11:16:13Z,2026-05-26T11:50:13Z,2026-05-26T12:43:13Z,2026-05-26T22:59:13Z,2026-05-27T06:05:13Z,EDY Sentinel,Cloud Detection,AST-0184,RUL-014,Informational,Closed,ANL-007,1,29.1,FALSE,FALSE,SYNTHETIC_DEMO_DATA
INC-00001971,ALT-00016114,2025-07-12T21:36:10Z,2025-07-12T21:50:10Z,2025-07-12T22:00:10Z,2025-07-12T23:10:10Z,2025-07-13T01:26:10Z,2025-07-13T02:56:10Z,EDY Sentinel,Cloud Detection,AST-0024,RUL-018,Low,Closed,ANL-012,1,62.8,FALSE,FALSE,SYNTHETIC_DEMO_DATA
INC-00002054,ALT-00001728,2025-08-16T13:46:12Z,2025-08-16T14:03:12Z,2025-08-16T14:30:12Z,2025-08-16T15:10:12Z,2025-08-16T16:58:12Z,2025-08-17T02:55:12Z,EDY RECON,Exposure Intelligence,AST-0044,RUL-043,Informational,Closed,ANL-006,2,32.2,FALSE,FALSE,SYNTHETIC_DEMO_DATA
INC-00002633,ALT-00016205,2026-04-13T15:16:08Z,2026-04-13T16:07:08Z,2026-04-13T16:16:08Z,2026-04-13T18:19:08Z,2026-04-13T21:29:08Z,2026-04-14T04:30:08Z,External Synthetic,Identity Provider,AST-0101,RUL-032,Low,Closed,ANL-004,2,56.4,FALSE,FALSE,SYNTHETIC_DEMO_DATA
INC-00002070,ALT-00004935,2026-02-21T15:25:16Z,2026-02-21T16:05:16Z,2026-02-21T16:19:16Z,2026-02-21T16:47:16Z,2026-02-21T17:39:16Z,2026-02-22T02:38:16Z,External Synthetic,Network Sensor,AST-0048,RUL-005,High,Closed,ANL-005,1,99.3,TRUE,FALSE,SYNTHETIC_DEMO_DATA
INC-00002875,ALT-00011432,2025-11-06T12:35:51Z,2025-11-06T13:39:51Z,2025-11-06T13:47:51Z,2025-11-06T15:00:51Z,2025-11-07T03:52:51Z,2025-11-07T13:44:51Z,External Synthetic,Identity Provider,AST-0087,RUL-037,Informational,Closed,ANL-001,1,48.9,FALSE,FALSE,SYNTHETIC_DEMO_DATA
INC-00001172,ALT-00016503,2026-04-14T16:14:12Z,2026-04-14T16:26:12Z,2026-04-14T16:48:12Z,2026-04-14T17:23:12Z,2026-04-14T21:19:12Z,2026-04-15T04:44:12Z,External Synthetic,Network Sensor,AST-0100,RUL-034,Informational,Closed,ANL-006,3,48.0,FALSE,FALSE,SYNTHETIC_DEMO_DATA
INC-00000301,ALT-00015165,2025-05-22T15:39:50Z,2025-05-22T15:43:50Z,2025-05-22T15:56:50Z,2025-05-22T17:03:50Z,2025-05-22T21:03:50Z,2025-05-23T02:19:50Z,EDY Sentinel,Cloud Detection,AST-0040,RUL-006,Medium,Closed,ANL-003,2,63.2,FALSE,FALSE,SYNTHETIC_DEMO_DATA
INC-00000317,ALT-00009598,2026-04-04T15:02:05Z,2026-04-04T15:19:05Z,2026-04-04T15:40:05Z,2026-04-04T18:49:05Z,2026-04-04T19:51:05Z,2026-04-05T06:50:05Z,External Synthetic,Identity Provider,AST-0068,RUL-013,Medium,Closed,ANL-017,1,80.8,FALSE,FALSE,SYNTHETIC_DEMO_DATA
INC-00000065,ALT-00005689,2026-06-05T11:36:23Z,2026-06-05T11:41:23Z,2026-06-05T11:50:23Z,2026-06-05T13:27:23Z,2026-06-05T21:03:23Z,,External Synthetic,Identity Provider,AST-0085,RUL-039,Informational,Resolved,ANL-015,1,32.8,FALSE,FALSE,SYNTHETIC_DEMO_DATA
INC-00002652,ALT-00003743,2025-05-20T20:04:48Z,2025-05-20T20:18:48Z,2025-05-20T20:36:48Z,2025-05-20T21:42:48Z,2025-05-20T22:49:48Z,2025-05-21T04:04:48Z,External Synthetic,Network Sensor,AST-0109,RUL-042,Critical,Closed,ANL-018,4,100,TRUE,FALSE,SYNTHETIC_DEMO_DATA
INC-00003117,ALT-00006391,2026-07-03T09:42:43Z,2026-07-03T09:59:43Z,2026-07-03T10:23:43Z,2026-07-03T11:03:43Z,2026-07-03T13:40:43Z,2026-07-03T22:35:43Z,External Synthetic,Identity Provider,AST-0062,RUL-003,Low,Closed,ANL-018,3,51.7,FALSE,FALSE,SYNTHETIC_DEMO_DATA
INC-00000480,ALT-00008681,2026-07-10T19:47:17Z,2026-07-10T20:07:17Z,2026-07-10T20:19:17Z,2026-07-10T22:09:17Z,2026-07-10T22:50:17Z,2026-07-11T08:03:17Z,EDY SIEM,Correlation Hub,AST-0135,RUL-003,Medium,Closed,ANL-010,1,52.6,FALSE,FALSE,SYNTHETIC_DEMO_DATA
INC-00001128,ALT-00002099,2025-03-12T14:36:31Z,2025-03-12T14:39:31Z,2025-03-12T15:07:31Z,2025-03-12T16:12:31Z,2025-03-12T22:07:31Z,2025-03-13T04:36:31Z,EDY RECON,Exposure Intelligence,AST-0075,RUL-011,Informational,Closed,ANL-008,1,37.8,FALSE,FALSE,SYNTHETIC_DEMO_DATA
INC-00002903,ALT-00002972,2025-10-07T16:00:30Z,2025-10-07T16:38:30Z,2025-10-07T17:06:30Z,2025-10-07T18:06:30Z,2025-10-07T21:05:30Z,,External Synthetic,Identity Provider,AST-0148,RUL-009,Informational,Resolved,ANL-003,1,35.5,FALSE,FALSE,SYNTHETIC_DEMO_DATA
INC-00002873,ALT-00011819,2025-07-18T17:08:58Z,2025-07-18T17:27:58Z,2025-07-18T17:39:58Z,2025-07-18T18:25:58Z,2025-07-18T19:24:58Z,,EDY Shield,Endpoint Integrity,AST-0030,RUL-033,Low,Resolved,ANL-016,1,54.8,FALSE,FALSE,SYNTHETIC_DEMO_DATA
INC-00001371,ALT-00006148,2025-09-29T01:06:38Z,2025-09-29T01:24:38Z,2025-09-29T01:34:38Z,2025-09-29T03:15:38Z,2025-09-29T06:58:38Z,2025-09-29T14:29:38Z,External Synthetic,Network Sensor,AST-0129,RUL-023,Low,Closed,ANL-018,3,55.6,FALSE,FALSE,SYNTHETIC_DEMO_DATA
INC-00001628,ALT-00011904,2025-04-14T17:29:47Z,2025-04-14T17:49:47Z,2025-04-14T18:16:47Z,2025-04-14T19:31:47Z,2025-04-15T03:30:47Z,2025-04-15T06:37:47Z,EDY SIEM,Correlation Hub,AST-0058,RUL-028,High,Closed,ANL-003,1,87.7,TRUE,FALSE,SYNTHETIC_DEMO_DATA
INC-00001352,ALT-00000795,2025-11-01T01:15:11Z,2025-11-01T01:20:11Z,2025-11-01T01:36:11Z,2025-11-01T03:24:11Z,2025-11-01T10:22:11Z,2025-11-01T14:07:11Z,EDY SIEM,Correlation Hub,AST-0191,RUL-018,Low,Closed,ANL-007,1,54.9,FALSE,FALSE,SYNTHETIC_DEMO_DATA
INC-00002482,ALT-00013365,2026-04-09T14:08:03Z,2026-04-09T14:32:03Z,2026-04-09T14:48:03Z,2026-04-09T15:02:03Z,2026-04-09T19:14:03Z,2026-04-10T00:39:03Z,EDY SIEM,Correlation Hub,AST-0023,RUL-029,Low,Closed,ANL-017,1,63.4,FALSE,FALSE,SYNTHETIC_DEMO_DATA
INC-00000023,ALT-00006921,2025-03-27T01:58:27Z,2025-03-27T02:17:27Z,2025-03-27T02:29:27Z,2025-03-27T03:42:27Z,2025-03-27T06:45:27Z,2025-03-27T09:15:27Z,EDY Shield,Endpoint Integrity,AST-0012,RUL-029,Low,Closed,ANL-004,1,57.6,FALSE,FALSE,SYNTHETIC_DEMO_DATA
INC-00000101,ALT-00014192,2025-09-29T08:24:34Z,2025-09-29T08:47:34Z,2025-09-29T09:07:34Z,2025-09-29T10:12:34Z,2025-09-29T13:18:34Z,2025-09-29T21:05:34Z,EDY Sentinel,Cloud Detection,AST-0026,RUL-002,Low,Closed,ANL-016,1,48.4,FALSE,FALSE,SYNTHETIC_DEMO_DATA
INC-00000444,ALT-00003044,2025-12-06T08:34:32Z,2025-12-06T08:45:32Z,2025-12-06T09:12:32Z,2025-12-06T10:16:32Z,2025-12-06T15:10:32Z,2025-12-07T02:30:32Z,External Synthetic,Cloud Audit,AST-0032,RUL-012,Low,Closed,ANL-009,4,67.3,FALSE,FALSE,SYNTHETIC_DEMO_DATA
INC-00002770,ALT-00008063,2025-05-15T16:50:49Z,2025-05-15T17:22:49Z,2025-05-15T17:33:49Z,2025-05-15T18:21:49Z,2025-05-15T23:05:49Z,2025-05-15T23:35:49Z,EDY SIEM,Correlation Hub,AST-0035,RUL-035,Low,Closed,ANL-017,1,48.1,FALSE,FALSE,SYNTHETIC_DEMO_DATA
INC-00000272,ALT-00010885,2026-05-07T14:32:28Z,2026-05-07T14:37:28Z,2026-05-07T17:24:28Z,2026-05-07T18:00:28Z,2026-05-08T00:26:28Z,2026-05-08T02:06:28Z,External Synthetic,Identity Provider,AST-0028,RUL-037,Medium,Closed,ANL-008,2,74.7,FALSE,FALSE,SYNTHETIC_DEMO_DATA
INC-00000842,ALT-00014058,2025-07-22T12:09:43Z,2025-07-22T12:53:43Z,2025-07-22T13:34:43Z,,,,EDY Shield,Endpoint Integrity,AST-0230,RUL-025,Informational,Active,ANL-012,0,48.1,FALSE,FALSE,SYNTHETIC_DEMO_DATA
INC-00000057,ALT-00007978,2025-09-17T04:53:52Z,2025-09-17T05:25:52Z,2025-09-17T06:55:52Z,2025-09-17T08:34:52Z,2025-09-17T16:28:52Z,2025-09-18T00:47:52Z,External Synthetic,Cloud Audit,AST-0033,RUL-045,Informational,Closed,ANL-017,3,41.1,FALSE,FALSE,SYNTHETIC_DEMO_DATA
INC-00001710,ALT-00008356,2025-11-12T16:04:22Z,2025-11-12T16:35:22Z,2025-11-12T16:56:22Z,2025-11-12T17:54:22Z,2025-11-12T22:31:22Z,2025-11-13T03:57:22Z,EDY Shield,Endpoint Integrity,AST-0231,RUL-038,Low,Closed,ANL-003,1,57.6,FALSE,FALSE,SYNTHETIC_DEMO_DATA
INC-00000006,ALT-00004558,2026-04-13T10:28:28Z,2026-04-13T11:18:28Z,2026-04-13T12:00:28Z,2026-04-13T13:00:28Z,2026-04-13T15:30:28Z,2026-04-14T01:47:28Z,External Synthetic,Network Sensor,AST-0067,RUL-032,Low,Closed,ANL-015,1,42.7,FALSE,FALSE,SYNTHETIC_DEMO_DATA
INC-00001106,ALT-00007668,2025-08-21T17:02:25Z,2025-08-21T18:16:25Z,2025-08-21T18:32:25Z,2025-08-21T19:15:25Z,2025-08-22T01:44:25Z,2025-08-22T02:00:25Z,EDY SIEM,Correlation Hub,AST-0085,RUL-016,Informational,Closed,ANL-018,1,36.5,FALSE,FALSE,SYNTHETIC_DEMO_DATA
INC-00001569,ALT-00013973,2025-12-13T16:45:45Z,2025-12-13T17:18:45Z,2025-12-13T18:53:45Z,2025-12-14T02:46:45Z,2025-12-14T04:58:45Z,2025-12-14T13:49:45Z,EDY SIEM,Correlation Hub,AST-0093,RUL-029,Low,Closed,ANL-018,1,49.1,FALSE,FALSE,SYNTHETIC_DEMO_DATA
INC-00001053,ALT-00011145,2025-06-24T13:51:05Z,2025-06-24T14:36:05Z,2025-06-24T14:56:05Z,2025-06-24T21:21:05Z,2025-06-25T10:51:05Z,2025-06-25T18:28:05Z,External Synthetic,Identity Provider,AST-0177,RUL-034,Informational,Closed,ANL-011,1,44.3,FALSE,FALSE,SYNTHETIC_DEMO_DATA
INC-00000924,ALT-00008374,2025-04-29T09:35:35Z,2025-04-29T10:27:35Z,2025-04-29T10:39:35Z,2025-04-29T13:02:35Z,2025-04-29T14:33:35Z,2025-04-29T22:29:35Z,External Synthetic,Network Sensor,AST-0021,RUL-039,Low,Closed,ANL-015,1,62.1,TRUE,FALSE,SYNTHETIC_DEMO_DATA
INC-00001318,ALT-00017493,2025-05-15T11:49:57Z,2025-05-15T12:16:57Z,2025-05-15T12:35:57Z,2025-05-15T15:02:57Z,2025-05-16T02:50:57Z,2025-05-16T05:54:57Z,EDY RECON,Exposure Intelligence,AST-0169,RUL-019,Medium,Closed,ANL-012,1,63.6,FALSE,FALSE,SYNTHETIC_DEMO_DATA
INC-00000904,ALT-00003273,2025-12-09T16:42:37Z,2025-12-09T17:36:37Z,2025-12-09T17:45:37Z,2025-12-09T18:16:37Z,2025-12-10T01:46:37Z,2025-12-10T08:27:37Z,EDY Shield,Endpoint Integrity,AST-0215,RUL-012,High,Closed,ANL-013,2,91.3,TRUE,FALSE,SYNTHETIC_DEMO_DATA
INC-00002244,ALT-00015245,2025-05-13T10:38:01Z,2025-05-13T10:48:01Z,2025-05-13T10:55:01Z,,,,External Synthetic,Cloud Audit,AST-0105,RUL-032,High,Active,ANL-011,0,96.0,TRUE,FALSE,SYNTHETIC_DEMO_DATA
INC-00002173,ALT-00012220,2025-07-01T07:12:02Z,2025-07-01T07:54:02Z,2025-07-01T08:23:02Z,2025-07-01T08:38:02Z,2025-07-01T10:26:02Z,2025-07-01T17:58:02Z,EDY Shield,Endpoint Integrity,AST-0228,RUL-035,Informational,Closed,ANL-001,1,35.9,FALSE,TRUE,SYNTHETIC_DEMO_DATA
INC-00000236,ALT-00009372,2025-10-06T09:10:51Z,2025-10-06T09:40:51Z,2025-10-06T10:33:51Z,2025-10-06T12:31:51Z,2025-10-06T19:07:51Z,2025-10-07T02:27:51Z,EDY SIEM,Correlation Hub,AST-0084,RUL-044,Informational,Closed,ANL-006,1,34.9,FALSE,FALSE,SYNTHETIC_DEMO_DATA
INC-00001120,ALT-00014201,2025-09-25T11:53:33Z,2025-09-25T12:08:33Z,2025-09-25T12:59:33Z,2025-09-25T15:34:33Z,2025-09-25T17:04:33Z,2025-09-25T21:14:33Z,External Synthetic,Cloud Audit,AST-0150,RUL-005,Low,Closed,ANL-011,3,57.1,FALSE,FALSE,SYNTHETIC_DEMO_DATA
INC-00000893,ALT-00010219,2026-02-15T19:27:29Z,2026-02-15T19:50:29Z,2026-02-15T20:22:29Z,2026-02-16T00:51:29Z,2026-02-16T07:54:29Z,2026-02-16T14:21:29Z,EDY Shield,Endpoint Integrity,AST-0137,RUL-011,Medium,Closed,ANL-017,1,63.1,FALSE,FALSE,SYNTHETIC_DEMO_DATA
INC-00001093,ALT-00017043,2025-08-16T21:18:19Z,2025-08-16T22:17:19Z,2025-08-16T22:37:19Z,2025-08-17T01:57:19Z,2025-08-17T07:55:19Z,2025-08-17T12:20:19Z,EDY Sentinel,Cloud Detection,AST-0200,RUL-037,Informational,Closed,ANL-001,1,37.7,FALSE,FALSE,SYNTHETIC_DEMO_DATA
INC-00003027,ALT-00017226,2026-06-11T09:23:31Z,2026-06-11T09:29:31Z,2026-06-11T09:42:31Z,2026-06-11T11:56:31Z,2026-06-11T13:20:31Z,2026-06-11T21:18:31Z,EDY SIEM,Correlation Hub,AST-0188,RUL-010,Low,Closed,ANL-018,1,49.4,FALSE,FALSE,SYNTHETIC_DEMO_DATA
INC-00002202,ALT-00007044,2025-09-15T10:35:10Z,2025-09-15T11:27:10Z,2025-09-15T11:45:10Z,2025-09-15T13:57:10Z,2025-09-16T04:43:10Z,,EDY SIEM,Correlation Hub,AST-0158,RUL-005,Informational,Resolved,ANL-014,1,47.6,FALSE,FALSE,SYNTHETIC_DEMO_DATA
INC-00002832,ALT-00004740,2025-04-08T12:14:18Z,2025-04-08T12:22:18Z,2025-04-08T13:07:18Z,2025-04-08T16:16:18Z,2025-04-08T17:25:18Z,2025-04-09T01:06:18Z,External Synthetic,Network Sensor,AST-0172,RUL-026,Low,Closed,ANL-015,1,54.9,FALSE,FALSE,SYNTHETIC_DEMO_DATA
INC-00002937,ALT-00012259,2026-01-29T17:40:22Z,2026-01-29T18:35:22Z,2026-01-29T18:41:22Z,2026-01-29T20:38:22Z,2026-01-30T06:45:22Z,2026-01-30T14:17:22Z,External Synthetic,Cloud Audit,AST-0206,RUL-033,Low,fechado,ANL-018,1,59.0,TRUE,FALSE,SYNTHETIC_DEMO_DATA
INC-00001460,ALT-00002594,2026-02-04T06:44:12Z,2026-02-04T08:01:12Z,2026-02-04T08:15:12Z,2026-02-04T08:51:12Z,2026-02-04T14:44:12Z,,EDY Sentinel,Cloud Detection,AST-0121,RUL-042,Medium,Resolved,ANL-008,3,57.4,FALSE,FALSE,SYNTHETIC_DEMO_DATA
INC-00002747,ALT-00000720,2025-12-26T08:54:54Z,2025-12-26T10:38:54Z,2025-12-26T10:43:54Z,2025-12-26T11:14:54Z,,,EDY Shield,Endpoint Integrity,AST-0086,RUL-023,Low,Contained,ANL-016,0,69.4,FALSE,FALSE,SYNTHETIC_DEMO_DATA
INC-00001030,ALT-00004907,2025-09-11T08:55:56Z,2025-09-11T09:20:56Z,2025-09-11T10:10:56Z,2025-09-11T10:52:56Z,2025-09-11T15:34:56Z,2025-09-11T20:43:56Z,External Synthetic,Cloud Audit,AST-0231,RUL-019,Medium,Closed,ANL-012,1,69.6,FALSE,FALSE,SYNTHETIC_DEMO_DATA
INC-00002955,ALT-00011456,2026-03-06T17:22:49Z,2026-03-06T17:54:49Z,2026-03-06T18:09:49Z,2026-03-06T18:45:49Z,2026-03-07T06:50:49Z,2026-03-07T17:55:49Z,External Synthetic,Network Sensor,AST-0041,RUL-008,Low,Closed,ANL-018,1,65.5,FALSE,FALSE,SYNTHETIC_DEMO_DATA
INC-00001029,ALT-00016615,2026-05-07T17:11:15Z,2026-05-07T19:08:15Z,2026-05-07T19:28:15Z,2026-05-07T20:37:15Z,2026-05-08T08:53:15Z,2026-05-08T16:59:15Z,EDY Sentinel,Cloud Detection,AST-0215,RUL-022,Informational,Closed,ANL-017,2,32.5,FALSE,FALSE,SYNTHETIC_DEMO_DATA
INC-00000638,ALT-00012077,2025-05-19T05:36:59Z,2025-05-19T05:50:59Z,2025-05-19T06:06:59Z,2025-05-19T07:06:59Z,2025-05-19T08:28:59Z,2025-05-19T17:04:59Z,EDY RECON,Exposure Intelligence,AST-0170,RUL-037,Medium,Closed,ANL-002,1,74.6,TRUE,FALSE,SYNTHETIC_DEMO_DATA
INC-00001656,ALT-00006616,2025-12-27T19:05:42Z,2025-12-27T19:12:42Z,2025-12-27T19:23:42Z,2025-12-27T19:30:42Z,2025-12-27T20:54:42Z,2025-12-28T06:44:42Z,External Synthetic,Network Sensor,AST-0066,RUL-030,Critical,Closed,ANL-006,3,100,TRUE,FALSE,SYNTHETIC_DEMO_DATA
INC-00000541,ALT-00003729,2025-07-09T18:39:10Z,2025-07-09T19:12:10Z,2025-07-09T19:49:10Z,2025-07-09T20:15:10Z,2025-07-09T21:19:10Z,2025-07-10T02:43:10Z,External Synthetic,Cloud Audit,AST-0094,RUL-019,Low,Closed,ANL-014,1,45.5,FALSE,FALSE,SYNTHETIC_DEMO_DATA
INC-00000814,ALT-00011746,2025-03-12T22:03:51Z,2025-03-12T22:11:51Z,2025-03-12T22:28:51Z,2025-03-12T23:38:51Z,2025-03-13T05:57:51Z,2025-03-13T15:51:51Z,EDY Sentinel,Cloud Detection,AST-0144,RUL-017,Informational,Closed,ANL-010,1,34.3,TRUE,FALSE,SYNTHETIC_DEMO_DATA
INC-00002316,ALT-00006089,2025-12-06T17:23:40Z,2025-12-06T17:30:40Z,2025-12-06T17:43:40Z,,,,External Synthetic,Network Sensor,AST-0104,RUL-011,Medium,Active,ANL-010,0,83.4,FALSE,FALSE,SYNTHETIC_DEMO_DATA
INC-00002123,ALT-00001003,2025-10-02T19:58:49Z,2025-10-02T20:16:49Z,2025-10-02T21:08:49Z,2025-10-02T22:58:49Z,2025-10-03T06:12:49Z,2025-10-03T13:22:49Z,External Synthetic,Network Sensor,AST-0155,RUL-028,Informational,Closed,ANL-009,1,54.4,TRUE,FALSE,SYNTHETIC_DEMO_DATA
INC-00000630,ALT-00009447,2025-12-12T15:31:09Z,2025-12-12T16:26:09Z,2025-12-12T17:10:09Z,2025-12-12T18:35:09Z,2025-12-12T19:45:09Z,2025-12-13T01:24:09Z,EDY Shield,Endpoint Integrity,AST-0135,RUL-036,Informational,Closed,ANL-002,1,24.2,FALSE,FALSE,SYNTHETIC_DEMO_DATA
INC-00001173,ALT-00003895,2025-10-03T17:34:23Z,2025-10-03T18:11:23Z,2025-10-03T18:20:23Z,2025-10-03T19:02:23Z,2025-10-03T22:47:23Z,2025-10-04T04:20:23Z,External Synthetic,Network Sensor,AST-0183,RUL-011,Medium,Closed,ANL-001,1,70.1,FALSE,FALSE,SYNTHETIC_DEMO_DATA
INC-00002936,ALT-00013757,2026-03-30T17:53:10Z,2026-03-30T18:04:10Z,2026-03-30T18:20:10Z,2026-03-30T19:12:10Z,2026-03-31T03:46:10Z,2026-03-31T04:15:10Z,External Synthetic,Cloud Audit,AST-0048,RUL-030,Informational,Closed,ANL-006,1,39.1,FALSE,FALSE,SYNTHETIC_DEMO_DATA
INC-00001610,ALT-00010903,2025-05-06T19:07:48Z,2025-05-06T21:12:48Z,2025-05-06T21:27:48Z,2025-05-06T22:50:48Z,2025-05-08T00:25:48Z,2025-05-08T07:27:48Z,EDY Shield,Endpoint Integrity,AST-0075,RUL-018,Informational,Closed,ANL-018,2,39.3,FALSE,FALSE,SYNTHETIC_DEMO_DATA
INC-00002763,ALT-00014303,2025-07-24T14:14:08Z,2025-07-24T15:39:08Z,2025-07-24T15:57:08Z,2025-07-24T16:20:08Z,2025-07-24T20:13:08Z,2025-07-24T23:55:08Z,External Synthetic,Cloud Audit,AST-0169,RUL-044,Informational,Closed,ANL-011,1,40.9,FALSE,FALSE,SYNTHETIC_DEMO_DATA
INC-00001455,ALT-00000156,2026-05-16T05:11:00Z,2026-05-16T05:55:00Z,2026-05-16T06:21:00Z,,,,EDY Sentinel,Cloud Detection,AST-0239,RUL-017,Informational,Active,ANL-005,0,54.1,FALSE,FALSE,SYNTHETIC_DEMO_DATA
INC-00003136,ALT-00006741,2026-01-08T05:55:41Z,2026-01-08T07:34:41Z,2026-01-08T08:00:41Z,2026-01-08T10:16:41Z,2026-01-08T21:04:41Z,,External Synthetic,Identity Provider,AST-0150,RUL-003,Informational,Resolved,ANL-010,1,46.0,FALSE,FALSE,SYNTHETIC_DEMO_DATA
INC-00001431,ALT-00007946,2025-09-11T17:23:07Z,2025-09-11T17:30:07Z,2025-09-11T17:40:07Z,2025-09-11T18:27:07Z,2025-09-11T19:27:07Z,2025-09-12T00:27:07Z,External Synthetic,Network Sensor,AST-0095,RUL-024,Low,Closed,ANL-012,1,62.6,FALSE,TRUE,SYNTHETIC_DEMO_DATA
INC-00003118,ALT-00005561,2025-07-31T09:02:01Z,2025-07-31T10:52:01Z,2025-07-31T11:18:01Z,2025-07-31T11:35:01Z,2025-07-31T15:30:01Z,2025-07-31T16:44:01Z,EDY SIEM,Correlation Hub,AST-0091,RUL-035,Informational,Closed,ANL-010,1,40.3,FALSE,FALSE,SYNTHETIC_DEMO_DATA
INC-00003160,ALT-00001114,2026-07-17T14:59:37Z,2026-07-17T15:25:37Z,2026-07-17T15:35:37Z,,,,External Synthetic,Network Sensor,AST-0013,RUL-008,Low,Active,ANL-005,0,47.4,FALSE,FALSE,SYNTHETIC_DEMO_DATA
INC-00000298,ALT-00009890,2026-02-06T04:52:59Z,2026-02-06T05:40:59Z,2026-02-06T05:51:59Z,2026-02-06T06:31:59Z,2026-02-06T09:16:59Z,2026-02-06T19:21:59Z,EDY SIEM,Correlation Hub,AST-0065,RUL-015,Low,Closed,ANL-005,1,56.1,FALSE,FALSE,SYNTHETIC_DEMO_DATA
INC-00002907,ALT-00009342,2025-09-09T13:36:57Z,2025-09-09T13:41:57Z,2025-09-09T13:53:57Z,2025-09-09T16:23:57Z,2025-09-10T02:20:57Z,2025-09-10T02:58:57Z,EDY SIEM,Correlation Hub,AST-0154,RUL-040,Informational,Closed,ANL-011,4,39.7,FALSE,FALSE,SYNTHETIC_DEMO_DATA
INC-00001419,ALT-00014078,2026-06-11T13:30:26Z,2026-06-11T13:47:26Z,2026-06-11T14:03:26Z,2026-06-11T14:24:26Z,2026-06-11T16:17:26Z,2026-06-11T19:32:26Z,EDY Shield,Endpoint Integrity,AST-0196,RUL-017,Low,Closed,ANL-006,1,64.7,TRUE,FALSE,SYNTHETIC_DEMO_DATA
INC-00002052,ALT-00015977,2026-05-26T15:06:11Z,2026-05-26T15:39:11Z,2026-05-26T16:11:11Z,,,,EDY Sentinel,Cloud Detection,AST-0052,RUL-045,Informational,Active,ANL-002,0,34.9,FALSE,FALSE,SYNTHETIC_DEMO_DATA
INC-00000753,ALT-00015437,2025-04-04T07:39:36Z,2025-04-04T07:54:36Z,2025-04-04T08:46:36Z,2025-04-04T12:33:36Z,2025-04-04T14:00:36Z,2025-04-04T22:18:36Z,External Synthetic,Network Sensor,AST-0213,RUL-027,Informational,Closed,ANL-005,1,44.2,FALSE,FALSE,SYNTHETIC_DEMO_DATA
INC-00002637,ALT-00013794,2025-06-22T18:25:13Z,2025-06-22T18:38:13Z,2025-06-22T19:01:13Z,2025-06-22T20:50:13Z,2025-06-23T08:51:13Z,2025-06-23T12:20:13Z,External Synthetic,Cloud Audit,AST-0146,RUL-019,Informational,Closed,ANL-011,1,39.2,FALSE,FALSE,SYNTHETIC_DEMO_DATA
INC-00002289,ALT-00001109,2025-11-26T16:31:39Z,2025-11-26T17:02:39Z,2025-11-26T17:13:39Z,2025-11-26T18:19:39Z,2025-11-26T21:52:39Z,2025-11-27T08:33:39Z,EDY SIEM,Correlation Hub,AST-0149,RUL-023,Medium,Closed,ANL-001,3,76.4,FALSE,FALSE,SYNTHETIC_DEMO_DATA
INC-00001774,ALT-00007611,2025-04-13T18:15:56Z,2025-04-13T18:40:56Z,2025-04-13T19:20:56Z,2025-04-13T21:04:56Z,2025-04-14T01:02:56Z,2025-04-14T12:17:56Z,External Synthetic,Network Sensor,AST-0150,RUL-030,Low,Closed,ANL-005,1,62.4,FALSE,FALSE,SYNTHETIC_DEMO_DATA
INC-00001381,ALT-00012977,2025-12-20T12:56:33Z,2025-12-20T13:22:33Z,2025-12-20T13:24:33Z,2025-12-20T15:49:33Z,2025-12-20T16:41:33Z,2025-12-20T18:07:33Z,External Synthetic,Network Sensor,AST-0068,RUL-020,Medium,Closed,ANL-003,3,76.7,FALSE,FALSE,SYNTHETIC_DEMO_DATA
INC-00000390,ALT-00009655,2025-11-06T18:27:49Z,2025-11-06T18:47:49Z,2025-11-06T19:11:49Z,2025-11-06T20:16:49Z,2025-11-07T04:11:49Z,2025-11-07T13:00:49Z,EDY Shield,Endpoint Integrity,AST-0148,RUL-041,Informational,Closed,ANL-008,1,32.7,FALSE,FALSE,SYNTHETIC_DEMO_DATA
INC-00001196,ALT-00015815,2025-04-22T15:21:29Z,2025-04-22T15:29:29Z,2025-04-22T15:35:29Z,2025-04-22T16:23:29Z,2025-04-22T16:48:29Z,2025-04-22T23:56:29Z,External Synthetic,Network Sensor,AST-0070,RUL-037,Medium,Closed,ANL-002,3,64.5,FALSE,FALSE,SYNTHETIC_DEMO_DATA
INC-00000399,ALT-00011091,2025-09-26T08:27:01Z,2025-09-26T08:30:01Z,2025-09-26T09:06:01Z,2025-09-26T15:21:01Z,2025-09-26T18:07:01Z,2025-09-27T01:18:01Z,External Synthetic,Network Sensor,AST-0013,RUL-015,Low,Closed,ANL-018,3,49.1,FALSE,FALSE,SYNTHETIC_DEMO_DATA
INC-00000602,ALT-00001938,2025-04-01T19:30:41Z,2025-04-01T20:15:41Z,2025-04-01T20:42:41Z,2025-04-01T21:55:41Z,2025-04-02T00:13:41Z,,EDY Shield,Endpoint Integrity,AST-0129,RUL-039,Medium,Resolved,ANL-002,1,69.9,FALSE,FALSE,SYNTHETIC_DEMO_DATA
INC-00001874,ALT-00015536,2026-02-26T10:09:37Z,2026-02-26T11:30:37Z,2026-02-26T11:39:37Z,2026-02-26T13:33:37Z,2026-02-26T16:20:37Z,2026-02-26T20:22:37Z,EDY SIEM,Correlation Hub,AST-0003,RUL-010,Informational,Closed,ANL-006,1,38.0,FALSE,FALSE,SYNTHETIC_DEMO_DATA
INC-00002523,ALT-00017954,2025-06-30T11:47:06Z,2025-06-30T12:04:06Z,2025-06-30T12:23:06Z,2025-06-30T13:09:06Z,2025-06-30T23:50:06Z,2025-07-01T06:03:06Z,External Synthetic,Network Sensor,AST-0173,RUL-008,Low,Closed,ANL-018,1,52.6,FALSE,FALSE,SYNTHETIC_DEMO_DATA
INC-00000654,ALT-00014017,2026-06-18T00:31:27Z,2026-06-18T00:45:27Z,2026-06-18T01:35:27Z,2026-06-18T07:48:27Z,,,EDY Sentinel,Cloud Detection,AST-0177,RUL-024,Informational,Contained,ANL-014,0,41.5,FALSE,FALSE,SYNTHETIC_DEMO_DATA
INC-00003143,ALT-00008655,2025-03-02T19:28:17Z,2025-03-02T19:43:17Z,2025-03-02T19:54:17Z,2025-03-02T22:11:17Z,2025-03-03T09:58:17Z,2025-03-03T11:53:17Z,EDY SIEM,Correlation Hub,AST-0036,RUL-023,Low,Closed,ANL-016,1,37.6,FALSE,FALSE,SYNTHETIC_DEMO_DATA
INC-00001606,ALT-00011310,2025-10-10T00:55:15Z,2025-10-10T01:27:15Z,2025-10-10T01:40:15Z,2025-10-10T02:16:15Z,2025-10-10T06:37:15Z,2025-10-10T12:30:15Z,EDY SIEM,Correlation Hub,AST-0127,RUL-034,High,Closed,ANL-013,1,96.8,TRUE,FALSE,SYNTHETIC_DEMO_DATA
INC-00001474,ALT-00007063,2025-07-30T09:47:03Z,2025-07-30T10:24:03Z,2025-07-30T10:50:03Z,2025-07-30T11:27:03Z,2025-07-30T13:46:03Z,2025-07-30T23:39:03Z,External Synthetic,Identity Provider,AST-0030,RUL-009,Medium,Closed,ANL-018,2,83.5,TRUE,FALSE,SYNTHETIC_DEMO_DATA
INC-00002552,ALT-00015736,2025-09-08T09:45:21Z,2025-09-08T11:13:21Z,2025-09-08T11:45:21Z,2025-09-08T12:32:21Z,2025-09-08T15:18:21Z,2025-09-08T20:34:21Z,EDY Sentinel,Cloud Detection,AST-0087,RUL-024,Informational,Closed,ANL-012,4,59.7,TRUE,FALSE,SYNTHETIC_DEMO_DATA
INC-00002449,ALT-00007409,2026-04-30T14:57:45Z,2026-04-30T15:08:45Z,2026-04-30T15:14:45Z,2026-04-30T16:05:45Z,2026-04-30T18:05:45Z,2026-04-30T18:17:45Z,EDY Sentinel,Cloud Detection,AST-0209,RUL-021,Informational,Closed,ANL-013,2,36.6,FALSE,FALSE,SYNTHETIC_DEMO_DATA
INC-00002415,ALT-00006658,2025-03-30T08:46:53Z,2025-03-30T09:04:53Z,2025-03-30T09:34:53Z,2025-03-30T10:22:53Z,2025-03-30T11:44:53Z,2025-03-30T12:26:53Z,External Synthetic,Cloud Audit,AST-0064,RUL-004,Medium,Closed,ANL-001,1,77.1,FALSE,FALSE,SYNTHETIC_DEMO_DATA
INC-00000348,ALT-00000890,2026-04-19T06:58:57Z,2026-04-19T07:44:57Z,2026-04-19T08:06:57Z,2026-04-19T09:36:57Z,2026-04-19T10:35:57Z,,EDY Shield,Endpoint Integrity,AST-0040,RUL-012,Medium,Resolved,ANL-016,1,65.0,FALSE,FALSE,SYNTHETIC_DEMO_DATA
INC-00000205,ALT-00010212,2026-06-08T22:02:22Z,2026-06-08T22:20:22Z,2026-06-08T22:25:22Z,2026-06-08T23:50:22Z,2026-06-09T00:28:22Z,2026-06-09T03:23:22Z,External Synthetic,Identity Provider,AST-0152,RUL-008,High,Closed,ANL-010,1,89.5,TRUE,FALSE,SYNTHETIC_DEMO_DATA
INC-00001483,ALT-00000108,2026-07-01T10:02:03Z,2026-07-01T10:17:03Z,2026-07-01T10:38:03Z,2026-07-01T13:41:03Z,2026-07-01T16:11:03Z,2026-07-01T23:11:03Z,External Synthetic,Network Sensor,AST-0239,RUL-041,Informational,Closed,ANL-007,2,46.9,FALSE,FALSE,SYNTHETIC_DEMO_DATA
INC-00002097,ALT-00001203,2026-01-02T13:35:21Z,2026-01-02T16:56:21Z,2026-01-02T17:38:21Z,2026-01-02T19:05:21Z,2026-01-02T20:22:21Z,2026-01-03T05:25:21Z,External Synthetic,Cloud Audit,AST-0103,RUL-026,Low,Closed,ANL-012,3,44.2,FALSE,FALSE,SYNTHETIC_DEMO_DATA
INC-00001360,ALT-00003170,2025-09-05T09:59:32Z,2025-09-05T10:09:32Z,2025-09-05T10:30:32Z,2025-09-05T11:01:32Z,2025-09-05T12:41:32Z,,External Synthetic,Network Sensor,AST-0026,RUL-041,Critical,Resolved,ANL-008,1,100,TRUE,FALSE,SYNTHETIC_DEMO_DATA
INC-00000906,ALT-00004696,2025-07-18T18:18:23Z,2025-07-18T18:46:23Z,2025-07-18T19:13:23Z,,,,EDY SIEM,Correlation Hub,AST-0141,RUL-008,Medium,Active,ANL-016,0,75.1,FALSE,FALSE,SYNTHETIC_DEMO_DATA
INC-00001133,ALT-00012403,2026-03-29T13:12:06Z,2026-03-29T13:34:06Z,2026-03-29T13:45:06Z,2026-03-29T15:37:06Z,2026-03-29T16:32:06Z,,EDY RECON,Exposure Intelligence,AST-0188,RUL-009,Informational,Resolved,ANL-009,1,45.7,TRUE,FALSE,SYNTHETIC_DEMO_DATA
INC-00001497,ALT-00008124,2025-12-13T15:22:34Z,2025-12-13T15:30:34Z,2025-12-13T15:52:34Z,2025-12-13T17:10:34Z,2025-12-14T03:14:34Z,,EDY RECON,Exposure Intelligence,AST-0010,RUL-024,Informational,Resolved,ANL-017,2,39.4,FALSE,FALSE,SYNTHETIC_DEMO_DATA
INC-00001763,ALT-00009815,2026-02-19T00:09:15Z,2026-02-19T00:16:15Z,2026-02-19T00:24:15Z,2026-02-19T00:53:15Z,2026-02-19T01:34:15Z,,External Synthetic,Identity Provider,AST-0049,RUL-015,High,Resolved,ANL-012,1,87.2,TRUE,FALSE,SYNTHETIC_DEMO_DATA
INC-00001567,ALT-00010852,2026-02-20T09:12:26Z,2026-02-20T09:28:26Z,2026-02-20T09:44:26Z,2026-02-20T11:05:26Z,2026-02-20T11:42:26Z,2026-02-20T15:33:26Z,External Synthetic,Cloud Audit,AST-0173,RUL-006,Informational,Closed,ANL-013,1,35.6,FALSE,FALSE,SYNTHETIC_DEMO_DATA
INC-00000241,ALT-00010419,2025-06-02T20:24:42Z,2025-06-02T20:37:42Z,2025-06-02T21:04:42Z,2025-06-02T21:57:42Z,2025-06-03T00:00:42Z,2025-06-03T08:36:42Z,EDY RECON,Exposure Intelligence,AST-0037,RUL-017,Informational,Closed,ANL-007,2,45.9,FALSE,FALSE,SYNTHETIC_DEMO_DATA
INC-00001237,ALT-00008301,2025-06-17T14:01:07Z,2025-06-17T14:31:07Z,2025-06-17T14:54:07Z,,,,External Synthetic,Network Sensor,AST-0082,RUL-020,Low,Active,ANL-002,0,59.3,FALSE,FALSE,SYNTHETIC_DEMO_DATA
INC-00000623,ALT-00016003,2025-09-28T13:18:39Z,2025-09-28T13:28:39Z,2025-09-28T13:50:39Z,2025-09-28T16:14:39Z,2025-09-29T02:35:39Z,,External Synthetic,Cloud Audit,AST-0164,RUL-020,Informational,resolvido,ANL-015,1,40.8,FALSE,FALSE,SYNTHETIC_DEMO_DATA
INC-00000979,ALT-00011675,2025-03-04T15:01:13Z,2025-03-04T15:58:13Z,2025-03-04T16:06:13Z,2025-03-04T17:22:13Z,2025-03-04T22:26:13Z,2025-03-05T06:49:13Z,EDY SIEM,Correlation Hub,AST-0086,RUL-041,Medium,fechado,ANL-009,4,93.4,TRUE,FALSE,SYNTHETIC_DEMO_DATA
INC-00000655,ALT-00017656,2026-05-21T21:19:36Z,2026-05-21T21:42:36Z,2026-05-21T22:07:36Z,2026-05-22T03:31:36Z,2026-05-22T06:59:36Z,2026-05-22T11:51:36Z,EDY SIEM,Correlation Hub,AST-0057,RUL-034,High,Closed,ANL-010,1,94.8,TRUE,FALSE,SYNTHETIC_DEMO_DATA
INC-00002443,ALT-00004322,2026-04-22T00:47:45Z,2026-04-22T00:52:45Z,2026-04-22T01:07:45Z,2026-04-22T02:45:45Z,2026-04-22T04:17:45Z,2026-04-22T05:35:45Z,EDY Shield,Endpoint Integrity,AST-0114,RUL-021,Low,Closed,ANL-002,1,62.3,FALSE,FALSE,SYNTHETIC_DEMO_DATA
INC-00000547,ALT-00017763,2026-05-07T01:37:20Z,2026-05-07T01:56:20Z,2026-05-07T02:22:20Z,2026-05-07T07:37:20Z,2026-05-07T13:01:20Z,2026-05-07T19:49:20Z,EDY Shield,Endpoint Integrity,AST-0037,RUL-002,Informational,Closed,ANL-007,1,41.0,FALSE,FALSE,SYNTHETIC_DEMO_DATA
INC-00001376,ALT-00004864,2026-01-24T21:58:57Z,2026-01-24T22:23:57Z,2026-01-24T22:31:57Z,2026-01-24T23:21:57Z,2026-01-25T01:38:57Z,2026-01-25T08:26:57Z,EDY Sentinel,Cloud Detection,AST-0223,RUL-044,Informational,Closed,ANL-018,3,41.5,FALSE,FALSE,SYNTHETIC_DEMO_DATA
INC-00002558,ALT-00013081,2026-03-26T17:08:50Z,2026-03-26T17:20:50Z,2026-03-26T17:24:50Z,2026-03-26T18:51:50Z,2026-03-27T04:44:50Z,2026-03-27T07:26:50Z,External Synthetic,Identity Provider,AST-0096,RUL-007,Medium,Closed,ANL-008,1,71.4,FALSE,FALSE,SYNTHETIC_DEMO_DATA
INC-00001504,ALT-00013980,2025-09-22T20:18:33Z,2025-09-22T20:35:33Z,2025-09-22T20:46:33Z,2025-09-22T21:31:33Z,2025-09-23T06:35:33Z,2025-09-23T09:48:33Z,External Synthetic,Network Sensor,AST-0191,RUL-033,Low,Closed,ANL-005,1,48.2,FALSE,FALSE,SYNTHETIC_DEMO_DATA
INC-00001798,ALT-00015522,2026-01-06T14:09:41Z,2026-01-06T15:12:41Z,2026-01-06T15:20:41Z,2026-01-06T16:32:41Z,2026-01-06T17:54:41Z,,EDY Shield,Endpoint Integrity,AST-0231,RUL-044,Informational,Resolved,ANL-016,2,42.3,FALSE,FALSE,SYNTHETIC_DEMO_DATA
INC-00001298,ALT-00004263,2025-03-05T15:04:53Z,2025-03-05T15:54:53Z,2025-03-05T16:17:53Z,2025-03-05T16:41:53Z,2025-03-06T09:25:53Z,2025-03-06T15:12:53Z,EDY Sentinel,Cloud Detection,AST-0089,RUL-025,Low,Closed,ANL-007,1,57.0,TRUE,FALSE,SYNTHETIC_DEMO_DATA
INC-00001249,ALT-00002326,2025-11-25T18:32:06Z,2025-11-25T18:52:06Z,2025-11-25T19:13:06Z,2025-11-26T04:29:06Z,2025-11-28T02:21:06Z,2025-11-28T04:24:06Z,EDY Shield,Endpoint Integrity,AST-0020,RUL-042,Informational,Closed,ANL-007,1,35.5,FALSE,FALSE,SYNTHETIC_DEMO_DATA
INC-00000153,ALT-00016869,2025-02-11T06:03:39Z,2025-02-11T06:28:39Z,2025-02-11T06:48:39Z,2025-02-11T08:09:39Z,2025-02-11T09:16:39Z,2025-02-11T20:23:39Z,External Synthetic,Cloud Audit,AST-0132,RUL-012,Low,Closed,ANL-012,1,58.6,FALSE,FALSE,SYNTHETIC_DEMO_DATA
INC-00001212,ALT-00006211,2026-06-17T09:48:57Z,,,,,,EDY Sentinel,Cloud Detection,AST-0144,RUL-011,Low,New,ANL-015,0,41.8,FALSE,FALSE,SYNTHETIC_DEMO_DATA
INC-00002729,ALT-00017613,2025-08-15T11:54:45Z,2025-08-15T12:38:45Z,2025-08-15T12:52:45Z,2025-08-15T13:42:45Z,2025-08-15T19:21:45Z,2025-08-15T23:56:45Z,EDY SIEM,Correlation Hub,AST-0065,RUL-006,Medium,Closed,ANL-017,1,63.8,FALSE,FALSE,SYNTHETIC_DEMO_DATA
INC-00000899,ALT-00015022,2025-11-04T12:14:06Z,2025-11-04T12:24:06Z,2025-11-04T13:00:06Z,2025-11-04T13:39:06Z,2025-11-04T14:59:06Z,2025-11-04T20:50:06Z,EDY Shield,Endpoint Integrity,AST-0195,RUL-005,Medium,Closed,ANL-011,2,73.8,FALSE,FALSE,SYNTHETIC_DEMO_DATA
INC-00003039,ALT-00005289,2026-06-14T12:19:36Z,2026-06-14T12:51:36Z,2026-06-14T13:23:36Z,2026-06-14T14:07:36Z,2026-06-14T17:00:36Z,2026-06-14T21:49:36Z,External Synthetic,Network Sensor,AST-0102,RUL-018,Low,Closed,ANL-006,2,56.0,FALSE,FALSE,SYNTHETIC_DEMO_DATA
INC-00000961,ALT-00016509,2025-02-28T14:48:25Z,2025-02-28T15:48:25Z,2025-02-28T16:04:25Z,2025-02-28T16:42:25Z,2025-03-01T01:49:25Z,2025-03-01T02:27:25Z,External Synthetic,Network Sensor,AST-0196,RUL-039,Informational,Closed,ANL-007,2,33.5,FALSE,FALSE,SYNTHETIC_DEMO_DATA
INC-00003096,ALT-00008192,2025-11-26T13:54:56Z,2025-11-26T14:07:56Z,2025-11-26T14:45:56Z,2025-11-26T15:26:56Z,2025-11-26T16:29:56Z,2025-11-26T17:00:56Z,EDY SIEM,Correlation Hub,AST-0119,RUL-033,Medium,Closed,ANL-004,3,71.4,FALSE,FALSE,SYNTHETIC_DEMO_DATA
INC-00001906,ALT-00000477,2025-06-24T14:04:19Z,2025-06-24T14:50:19Z,2025-06-24T15:08:19Z,2025-06-24T15:55:19Z,2025-06-24T19:30:19Z,2025-06-25T05:46:19Z,EDY SIEM,Correlation Hub,AST-0170,RUL-033,Informational,Closed,ANL-016,1,30.5,FALSE,FALSE,SYNTHETIC_DEMO_DATA
INC-00001643,ALT-00005065,2026-05-28T19:27:36Z,2026-05-28T19:39:36Z,2026-05-28T19:59:36Z,2026-05-28T21:27:36Z,,,External Synthetic,Cloud Audit,AST-0131,RUL-032,Low,Contained,ANL-004,0,67.5,FALSE,FALSE,SYNTHETIC_DEMO_DATA
INC-00002380,ALT-00005720,2026-06-16T11:54:31Z,2026-06-16T12:30:31Z,2026-06-16T12:46:31Z,2026-06-16T14:14:31Z,2026-06-16T15:15:31Z,2026-06-16T23:51:31Z,EDY Shield,Endpoint Integrity,AST-0148,RUL-029,High,Closed,ANL-013,4,87.6,TRUE,FALSE,SYNTHETIC_DEMO_DATA
INC-00000426,ALT-00013989,2025-03-22T19:15:27Z,2025-03-22T19:34:27Z,2025-03-22T19:44:27Z,2025-03-22T20:11:27Z,2025-03-22T22:13:27Z,2025-03-23T01:26:27Z,External Synthetic,Cloud Audit,AST-0226,RUL-031,Medium,Closed,ANL-010,1,77.7,FALSE,FALSE,SYNTHETIC_DEMO_DATA
INC-00001674,ALT-00001813,2025-02-25T09:11:34Z,2025-02-25T09:17:34Z,2025-02-25T09:50:34Z,2025-02-25T11:34:34Z,2025-02-25T13:13:34Z,2025-02-26T00:57:34Z,EDY SIEM,Correlation Hub,AST-0112,RUL-027,Medium,Closed,ANL-004,1,62.6,FALSE,FALSE,SYNTHETIC_DEMO_DATA
INC-00000925,ALT-00005393,2025-08-22T09:01:21Z,2025-08-22T09:16:21Z,2025-08-22T09:46:21Z,2025-08-22T10:07:21Z,2025-08-22T10:26:21Z,2025-08-22T18:54:21Z,External Synthetic,Network Sensor,AST-0003,RUL-044,Medium,Closed,ANL-009,1,67.3,FALSE,FALSE,SYNTHETIC_DEMO_DATA
INC-00002140,ALT-00012999,2025-03-31T21:07:12Z,2025-03-31T21:34:12Z,2025-03-31T21:48:12Z,2025-03-31T22:01:12Z,2025-03-31T23:29:12Z,,EDY SIEM,Correlation Hub,AST-0202,RUL-006,INFORMATIONAL,Resolved,ANL-016,1,35.3,FALSE,FALSE,SYNTHETIC_DEMO_DATA
INC-00001153,ALT-00001360,2025-08-05T10:45:54Z,2025-08-05T11:02:54Z,2025-08-05T11:16:54Z,2025-08-05T14:23:54Z,2025-08-05T17:07:54Z,2025-08-05T21:27:54Z,EDY Sentinel,Cloud Detection,AST-0176,RUL-040,Informational,Closed,ANL-013,1,46.7,FALSE,FALSE,SYNTHETIC_DEMO_DATA
INC-00002827,ALT-00001542,2025-12-09T17:02:51Z,2025-12-09T17:06:51Z,2025-12-09T17:24:51Z,2025-12-09T18:30:51Z,2025-12-09T20:19:51Z,2025-12-10T06:15:51Z,EDY Sentinel,Cloud Detection,AST-0238,RUL-040,Low,Closed,ANL-014,3,57.5,TRUE,FALSE,SYNTHETIC_DEMO_DATA
INC-00002624,ALT-00010318,2026-06-16T07:57:51Z,2026-06-16T08:19:51Z,2026-06-16T08:40:51Z,2026-06-16T09:42:51Z,2026-06-16T13:29:51Z,2026-06-16T18:31:51Z,EDY SIEM,Correlation Hub,AST-0207,RUL-004,Informational,Closed,ANL-012,1,21.5,FALSE,FALSE,SYNTHETIC_DEMO_DATA
INC-00000712,ALT-00009847,2026-06-05T13:11:40Z,2026-06-05T13:33:40Z,2026-06-05T13:52:40Z,2026-06-05T16:11:40Z,2026-06-05T17:22:40Z,2026-06-06T04:09:40Z,EDY SIEM,Correlation Hub,AST-0060,RUL-002,Informational,fechado,ANL-004,1,44.7,FALSE,FALSE,SYNTHETIC_DEMO_DATA
INC-00000471,ALT-00011469,2025-03-20T19:04:11Z,2025-03-20T19:35:11Z,2025-03-20T19:55:11Z,2025-03-20T20:42:11Z,2025-03-20T23:12:11Z,2025-03-21T10:21:11Z,EDY Shield,Endpoint Integrity,AST-0183,RUL-015,Informational,Closed,ANL-017,1,36.5,FALSE,FALSE,SYNTHETIC_DEMO_DATA
INC-00002474,ALT-00004398,2026-05-08T20:50:43Z,2026-05-08T21:06:43Z,2026-05-08T21:20:43Z,2026-05-08T23:42:43Z,2026-05-09T02:07:43Z,2026-05-09T06:06:43Z,EDY SIEM,Correlation Hub,AST-0104,RUL-010,Informational,Closed,ANL-018,1,45.3,FALSE,FALSE,SYNTHETIC_DEMO_DATA
INC-00000358,ALT-00005809,2025-03-28T20:46:36Z,,,,,,EDY RECON,Exposure Intelligence,AST-0023,RUL-027,Informational,New,ANL-016,0,50.4,FALSE,FALSE,SYNTHETIC_DEMO_DATA
INC-00001791,ALT-00009494,2026-06-12T09:41:18Z,2026-06-12T10:35:18Z,2026-06-12T11:11:18Z,2026-06-12T12:53:18Z,2026-06-12T16:50:18Z,2026-06-12T23:12:18Z,EDY Shield,Endpoint Integrity,AST-0051,RUL-004,Informational,Closed,,2,40.8,FALSE,FALSE,SYNTHETIC_DEMO_DATA
INC-00002726,ALT-00014178,2026-02-24T12:24:28Z,2026-02-24T13:22:28Z,2026-02-24T13:42:28Z,2026-02-24T14:42:28Z,2026-02-24T16:21:28Z,,External Synthetic,Identity Provider,AST-0044,RUL-011,Medium,Resolved,ANL-002,3,58.0,FALSE,FALSE,SYNTHETIC_DEMO_DATA
INC-00002703,ALT-00011409,2025-02-28T15:31:30Z,2025-02-28T15:39:30Z,2025-02-28T15:57:30Z,2025-02-28T17:22:30Z,2025-03-01T10:07:30Z,2025-03-01T19:06:30Z,External Synthetic,Network Sensor,AST-0161,RUL-032,Informational,Closed,ANL-017,4,35.1,FALSE,TRUE,SYNTHETIC_DEMO_DATA
INC-00001292,ALT-00014215,2026-05-22T18:52:06Z,2026-05-22T19:43:06Z,2026-05-22T20:42:06Z,2026-05-22T21:01:06Z,2026-05-23T10:26:06Z,2026-05-23T22:01:06Z,EDY SIEM,Correlation Hub,AST-0028,RUL-001,Medium,Closed,ANL-014,1,77.5,FALSE,FALSE,SYNTHETIC_DEMO_DATA
INC-00001097,ALT-00016849,2025-05-18T14:18:05Z,2025-05-18T14:51:05Z,2025-05-18T15:22:05Z,2025-05-18T19:55:05Z,2025-05-19T02:55:05Z,2025-05-19T13:34:05Z,External Synthetic,Cloud Audit,AST-0234,RUL-032,Informational,Closed,ANL-009,1,29.2,FALSE,FALSE,SYNTHETIC_DEMO_DATA
INC-00000891,ALT-00012719,2026-01-14T00:18:33Z,2026-01-14T00:22:33Z,2026-01-14T00:47:33Z,2026-01-14T02:50:33Z,2026-01-14T05:47:33Z,2026-01-14T09:10:33Z,External Synthetic,Identity Provider,AST-0205,RUL-006,Low,Closed,ANL-012,1,68.8,TRUE,FALSE,SYNTHETIC_DEMO_DATA
INC-00002035,ALT-00002584,2026-03-04T10:16:48Z,2026-03-04T10:27:48Z,2026-03-04T10:42:48Z,2026-03-04T12:50:48Z,2026-03-04T15:36:48Z,2026-03-05T01:42:48Z,External Synthetic,Identity Provider,AST-0176,RUL-024,Informational,Closed,ANL-013,2,66.4,TRUE,FALSE,SYNTHETIC_DEMO_DATA
INC-00002445,ALT-00005568,2026-03-12T07:50:37Z,2026-03-12T08:11:37Z,2026-03-12T08:18:37Z,2026-03-12T09:37:37Z,2026-03-12T09:59:37Z,2026-03-12T11:44:37Z,EDY SIEM,Correlation Hub,AST-0133,RUL-011,Low,Closed,ANL-006,1,49.7,FALSE,FALSE,SYNTHETIC_DEMO_DATA
INC-00001936,ALT-00005126,2025-12-14T20:13:23Z,2025-12-14T20:33:23Z,2025-12-14T21:00:23Z,2025-12-14T22:33:23Z,2025-12-14T23:31:23Z,2025-12-15T03:07:23Z,External Synthetic,Network Sensor,AST-0085,RUL-021,Medium,Closed,ANL-006,1,77.5,TRUE,FALSE,SYNTHETIC_DEMO_DATA
INC-00000954,ALT-00012682,2026-06-25T10:55:25Z,2026-06-25T11:15:25Z,2026-06-25T13:02:25Z,2026-06-25T14:35:25Z,2026-06-25T15:30:25Z,2026-06-25T19:13:25Z,EDY SIEM,Correlation Hub,AST-0206,RUL-006,Medium,Closed,ANL-004,1,63.0,FALSE,TRUE,SYNTHETIC_DEMO_DATA
INC-00002180,ALT-00005338,2026-07-31T21:51:03Z,2026-07-31T22:14:03Z,2026-07-31T22:36:03Z,2026-08-01T01:33:03Z,2026-08-01T03:38:03Z,2026-08-01T08:27:03Z,EDY Sentinel,Cloud Detection,AST-0185,RUL-012,High,Closed,ANL-009,1,100,TRUE,FALSE,SYNTHETIC_DEMO_DATA
INC-00001913,ALT-00015802,2025-07-11T21:02:22Z,2025-07-11T21:06:22Z,2025-07-11T21:26:22Z,2025-07-12T00:59:22Z,2025-07-12T09:16:22Z,2025-07-12T14:41:22Z,External Synthetic,Network Sensor,AST-0068,RUL-044,Medium,Closed,ANL-005,3,83.2,FALSE,FALSE,SYNTHETIC_DEMO_DATA
INC-00002647,ALT-00014229,2025-10-07T09:03:06Z,2025-10-07T09:43:06Z,2025-10-07T10:24:06Z,2025-10-07T10:43:06Z,2025-10-07T12:53:06Z,2025-10-07T21:25:06Z,EDY Sentinel,Cloud Detection,AST-0183,RUL-012,High,Closed,ANL-016,3,98.4,TRUE,FALSE,SYNTHETIC_DEMO_DATA
INC-00001215,ALT-00017946,2025-08-11T12:14:59Z,2025-08-11T12:45:59Z,2025-08-11T13:06:59Z,2025-08-11T16:15:59Z,2025-08-11T18:49:59Z,2025-08-11T23:54:59Z,External Synthetic,Cloud Audit,AST-0159,RUL-030,Informational,Closed,ANL-011,1,39.1,FALSE,FALSE,SYNTHETIC_DEMO_DATA
INC-00001061,ALT-00012872,2026-02-23T01:04:56Z,2026-02-23T01:32:56Z,2026-02-23T01:51:56Z,2026-02-23T02:17:56Z,2026-02-23T11:30:56Z,2026-02-23T17:51:56Z,EDY Sentinel,Cloud Detection,AST-0227,RUL-024,Low,Closed,ANL-010,1,53.8,FALSE,FALSE,SYNTHETIC_DEMO_DATA
INC-00000650,ALT-00001811,2025-06-30T07:16:38Z,2025-06-30T07:23:38Z,2025-06-30T07:45:38Z,2025-06-30T15:45:38Z,2025-06-30T17:39:38Z,2025-06-30T21:23:38Z,EDY SIEM,Correlation Hub,AST-0184,RUL-029,Informational,Closed,ANL-006,2,32.9,FALSE,FALSE,SYNTHETIC_DEMO_DATA
INC-00001433,ALT-00005193,2026-06-09T13:44:35Z,2026-06-09T14:49:35Z,2026-06-09T15:06:35Z,2026-06-09T17:22:35Z,2026-06-09T23:41:35Z,,EDY Shield,Endpoint Integrity,AST-0201,RUL-005,Low,Resolved,ANL-016,2,52.2,FALSE,FALSE,SYNTHETIC_DEMO_DATA
INC-00001650,ALT-00014202,2025-10-17T09:06:26Z,2025-10-17T09:31:26Z,2025-10-17T11:23:26Z,2025-10-17T12:26:26Z,2025-10-17T21:52:26Z,2025-10-18T07:21:26Z,External Synthetic,Network Sensor,AST-0228,RUL-032,Low,Closed,ANL-009,1,63.7,TRUE,FALSE,SYNTHETIC_DEMO_DATA
INC-00001688,ALT-00009164,2026-06-02T15:31:08Z,2026-06-02T16:18:08Z,2026-06-02T16:36:08Z,2026-06-02T17:49:08Z,2026-06-02T18:43:08Z,2026-06-03T02:51:08Z,EDY Shield,Endpoint Integrity,AST-0055,RUL-038,Medium,Closed,ANL-014,1,77.5,FALSE,FALSE,SYNTHETIC_DEMO_DATA
INC-00003165,ALT-00016007,2025-07-27T12:19:36Z,2025-07-27T12:25:36Z,2025-07-27T12:39:36Z,2025-07-27T18:11:36Z,2025-07-27T20:05:36Z,2025-07-28T03:24:36Z,EDY RECON,Exposure Intelligence,AST-0125,RUL-038,Informational,Closed,ANL-005,1,34.7,FALSE,FALSE,SYNTHETIC_DEMO_DATA
INC-00002724,ALT-00016391,2025-02-24T18:01:10Z,2025-02-24T18:21:10Z,2025-02-24T18:39:10Z,2025-02-24T19:19:10Z,2025-02-24T20:58:10Z,2025-02-24T23:58:10Z,EDY Sentinel,Cloud Detection,AST-0130,RUL-039,Low,Closed,ANL-015,2,42.7,FALSE,FALSE,SYNTHETIC_DEMO_DATA
INC-00001193,ALT-00008317,2026-03-19T23:54:59Z,2026-03-20T00:05:59Z,2026-03-20T00:21:59Z,2026-03-20T01:21:59Z,2026-03-20T02:14:59Z,2026-03-20T07:34:59Z,External Synthetic,Network Sensor,AST-0005,RUL-034,Medium,Closed,ANL-005,4,77.2,FALSE,FALSE,SYNTHETIC_DEMO_DATA
INC-00001300,ALT-00006957,2025-03-23T23:09:23Z,2025-03-24T00:16:23Z,2025-03-24T00:28:23Z,2025-03-24T02:24:23Z,2025-03-24T08:43:23Z,2025-03-24T12:57:23Z,EDY Shield,Endpoint Integrity,AST-0023,RUL-006,Informational,Closed,ANL-010,4,49.1,FALSE,FALSE,SYNTHETIC_DEMO_DATA
INC-00002004,ALT-00013847,2026-05-20T14:35:12Z,2026-05-20T14:45:12Z,2026-05-20T15:12:12Z,2026-05-20T17:30:12Z,2026-05-20T18:46:12Z,2026-05-20T19:06:12Z,External Synthetic,Cloud Audit,AST-0011,RUL-001,Low,Closed,ANL-015,1,56.6,FALSE,FALSE,SYNTHETIC_DEMO_DATA
INC-00000512,ALT-00001951,2025-10-02T16:52:35Z,2025-10-02T16:59:35Z,2025-10-02T17:05:35Z,2025-10-02T18:35:35Z,2025-10-03T01:27:35Z,2025-10-03T07:26:35Z,EDY RECON,Exposure Intelligence,AST-0122,RUL-008,Low,Closed,ANL-001,1,63.9,FALSE,FALSE,SYNTHETIC_DEMO_DATA
INC-00001967,ALT-00006222,2025-02-25T13:40:03Z,2025-02-25T14:01:03Z,2025-02-25T14:10:03Z,2025-02-25T14:58:03Z,2025-02-25T21:08:03Z,2025-02-26T00:58:03Z,External Synthetic,Network Sensor,AST-0188,RUL-012,Informational,Closed,ANL-003,1,31.1,FALSE,FALSE,SYNTHETIC_DEMO_DATA
INC-00001234,ALT-00009603,2025-07-15T17:09:45Z,2025-07-15T17:30:45Z,2025-07-15T17:48:45Z,2025-07-15T19:10:45Z,2025-07-15T20:11:45Z,2025-07-16T07:25:45Z,EDY RECON,Exposure Intelligence,AST-0056,RUL-020,High,Closed,ANL-007,3,93.5,TRUE,FALSE,SYNTHETIC_DEMO_DATA
INC-00000051,ALT-00004218,2026-02-18T00:12:24Z,2026-02-18T00:31:24Z,2026-02-18T01:05:24Z,2026-02-18T02:40:24Z,2026-02-18T17:51:24Z,,EDY RECON,Exposure Intelligence,AST-0139,RUL-003,Informational,Resolved,ANL-005,1,31.3,FALSE,FALSE,SYNTHETIC_DEMO_DATA
INC-00001620,ALT-00003321,2025-11-28T09:56:48Z,2025-11-28T10:09:48Z,2025-11-28T10:28:48Z,2025-11-28T11:07:48Z,2025-11-28T13:40:48Z,2025-11-28T15:51:48Z,EDY RECON,Exposure Intelligence,AST-0003,RUL-033,Informational,Closed,ANL-002,2,38.3,FALSE,FALSE,SYNTHETIC_DEMO_DATA
INC-00000515,ALT-00001249,2025-08-16T18:21:46Z,2025-08-16T18:50:46Z,2025-08-16T19:07:46Z,2025-08-16T20:07:46Z,2025-08-16T23:13:46Z,2025-08-17T02:26:46Z,EDY Sentinel,Cloud Detection,AST-0118,RUL-019,Low,Closed,ANL-016,1,58.5,FALSE,FALSE,SYNTHETIC_DEMO_DATA
INC-00001329,ALT-00002219,2025-07-04T15:16:24Z,2025-07-04T15:49:24Z,2025-07-04T16:32:24Z,2025-07-04T20:19:24Z,2025-07-05T00:29:24Z,2025-07-05T02:19:24Z,EDY Shield,Endpoint Integrity,AST-0213,RUL-036,Informational,Closed,ANL-005,1,41.8,FALSE,FALSE,SYNTHETIC_DEMO_DATA
INC-00000105,ALT-00009790,2025-07-02T12:37:41Z,2025-07-02T14:16:41Z,2025-07-02T14:32:41Z,2025-07-02T15:30:41Z,2025-07-02T19:55:41Z,,External Synthetic,Identity Provider,AST-0220,RUL-021,Low,Resolved,ANL-006,1,45.2,FALSE,FALSE,SYNTHETIC_DEMO_DATA
INC-00001910,ALT-00004008,2025-05-25T22:18:03Z,2025-05-25T22:36:03Z,2025-05-25T23:06:03Z,2025-05-26T02:11:03Z,2025-05-26T04:55:03Z,2025-05-26T08:58:03Z,EDY Shield,Endpoint Integrity,AST-0076,RUL-027,Low,Closed,ANL-007,3,44.1,FALSE,FALSE,SYNTHETIC_DEMO_DATA
INC-00000688,ALT-00003280,2025-11-23T11:44:11Z,2025-11-23T12:30:11Z,2025-11-23T12:38:11Z,2025-11-23T14:31:11Z,2025-11-23T16:59:11Z,2025-11-23T18:05:11Z,EDY Sentinel,Cloud Detection,AST-0056,RUL-016,Informational,Closed,ANL-010,3,34.3,FALSE,FALSE,SYNTHETIC_DEMO_DATA
INC-00000085,ALT-00009496,2026-07-26T21:37:53Z,2026-07-26T21:55:53Z,2026-07-26T22:04:53Z,,,,EDY Shield,Endpoint Integrity,AST-0064,RUL-003,Low,Active,ANL-002,0,59.8,FALSE,FALSE,SYNTHETIC_DEMO_DATA
INC-00000587,ALT-00005422,2025-09-30T15:47:42Z,2025-09-30T16:05:42Z,2025-09-30T16:35:42Z,2025-09-30T19:17:42Z,2025-09-30T19:56:42Z,2025-09-30T23:28:42Z,EDY Shield,Endpoint Integrity,AST-0113,RUL-002,Informational,Closed,ANL-015,1,52.7,FALSE,FALSE,SYNTHETIC_DEMO_DATA
INC-00002695,ALT-00004040,2025-12-05T06:26:06Z,2025-12-05T06:31:06Z,2025-12-05T06:40:06Z,2025-12-05T06:54:06Z,2025-12-05T13:09:06Z,2025-12-05T19:45:06Z,EDY SIEM,Correlation Hub,AST-0203,RUL-044,Low,Closed,ANL-002,1,77.3,TRUE,FALSE,SYNTHETIC_DEMO_DATA
INC-00002229,ALT-00000105,2025-12-17T09:35:11Z,2025-12-17T09:57:11Z,2025-12-17T10:08:11Z,2025-12-17T10:38:11Z,2025-12-17T14:14:11Z,,EDY Sentinel,Cloud Detection,AST-0001,RUL-026,Medium,Resolved,ANL-007,1,69.3,FALSE,FALSE,SYNTHETIC_DEMO_DATA
INC-00002891,ALT-00014816,2025-02-26T15:54:45Z,2025-02-26T16:04:45Z,2025-02-26T16:27:45Z,2025-02-26T23:48:45Z,2025-02-27T07:17:45Z,2025-02-27T13:57:45Z,External Synthetic,Network Sensor,AST-0129,RUL-031,Informational,Closed,ANL-015,1,33.1,FALSE,FALSE,SYNTHETIC_DEMO_DATA
INC-00001849,ALT-00015886,2025-06-27T10:39:08Z,2025-06-27T11:11:08Z,2025-06-27T11:37:08Z,2025-06-27T16:39:08Z,2025-06-27T17:59:08Z,2025-06-27T21:24:08Z,External Synthetic,Cloud Audit,AST-0134,RUL-005,Informational,Closed,ANL-001,4,31.2,FALSE,FALSE,SYNTHETIC_DEMO_DATA
INC-00000308,ALT-00008343,2025-07-10T08:46:19Z,2025-07-10T08:58:19Z,2025-07-10T09:46:19Z,2025-07-10T14:25:19Z,2025-07-10T19:17:19Z,2025-07-11T03:03:19Z,External Synthetic,Identity Provider,AST-0027,RUL-042,Informational,Closed,ANL-006,2,33.4,TRUE,FALSE,SYNTHETIC_DEMO_DATA
INC-00002285,ALT-00014588,2025-03-31T19:33:50Z,2025-03-31T20:09:50Z,2025-03-31T20:18:50Z,2025-03-31T22:31:50Z,2025-04-01T16:08:50Z,2025-04-01T17:46:50Z,EDY Sentinel,Cloud Detection,AST-0036,RUL-010,Informational,Closed,ANL-009,2,27.0,FALSE,FALSE,SYNTHETIC_DEMO_DATA
INC-00000908,ALT-00015216,2025-03-23T23:43:14Z,2025-03-24T00:07:14Z,2025-03-24T00:20:14Z,2025-03-24T02:33:14Z,2025-03-24T02:56:14Z,,EDY SIEM,Correlation Hub,AST-0213,RUL-026,Low,Resolved,ANL-001,1,60.3,FALSE,FALSE,SYNTHETIC_DEMO_DATA
INC-00002087,ALT-00015742,2026-01-02T06:55:52Z,2026-01-02T07:11:52Z,2026-01-02T07:35:52Z,2026-01-02T08:17:52Z,2026-01-02T09:32:52Z,2026-01-02T14:43:52Z,External Synthetic,Network Sensor,AST-0076,RUL-003,Medium,Closed,ANL-011,1,57.9,FALSE,FALSE,SYNTHETIC_DEMO_DATA
INC-00001862,ALT-00000442,2025-12-31T12:09:41Z,2025-12-31T12:27:41Z,2025-12-31T13:40:41Z,2025-12-31T14:01:41Z,2025-12-31T15:09:41Z,2025-12-31T18:34:41Z,External Synthetic,Network Sensor,AST-0023,RUL-037,Medium,Closed,ANL-002,1,79.1,FALSE,FALSE,SYNTHETIC_DEMO_DATA
INC-00001316,ALT-00008162,2025-03-07T20:51:21Z,2025-03-07T21:06:21Z,2025-03-07T21:29:21Z,2025-03-07T22:06:21Z,2025-03-07T23:26:21Z,2025-03-08T10:07:21Z,External Synthetic,Network Sensor,AST-0201,RUL-043,High,Closed,ANL-009,1,91.6,TRUE,FALSE,SYNTHETIC_DEMO_DATA
INC-00002973,ALT-00010472,2025-09-23T09:30:28Z,2025-09-23T10:34:28Z,2025-09-23T11:02:28Z,2025-09-23T12:20:28Z,2025-09-23T16:02:28Z,2025-09-23T22:02:28Z,External Synthetic,Network Sensor,AST-0048,RUL-034,Low,Closed,ANL-018,1,52.6,FALSE,FALSE,SYNTHETIC_DEMO_DATA
INC-00000331,ALT-00003470,2025-10-25T18:12:16Z,2025-10-25T18:18:16Z,2025-10-25T18:37:16Z,2025-10-25T18:57:16Z,2025-10-26T05:28:16Z,2025-10-26T10:43:16Z,External Synthetic,Network Sensor,AST-0061,RUL-043,Medium,Closed,ANL-009,1,70.4,FALSE,FALSE,SYNTHETIC_DEMO_DATA
INC-00002299,ALT-00003141,2026-05-19T13:42:43Z,2026-05-19T14:27:43Z,2026-05-19T14:41:43Z,2026-05-19T16:30:43Z,2026-05-19T20:04:43Z,2026-05-19T23:20:43Z,External Synthetic,Network Sensor,AST-0007,RUL-014,Medium,Closed,ANL-003,1,78.7,TRUE,FALSE,SYNTHETIC_DEMO_DATA
INC-00001595,ALT-00016730,2026-06-09T12:31:35Z,2026-06-09T12:46:35Z,2026-06-09T12:50:35Z,2026-06-09T17:55:35Z,2026-06-10T07:41:35Z,2026-06-10T09:15:35Z,EDY Shield,Endpoint Integrity,AST-0138,RUL-015,Low,Closed,ANL-016,1,63.0,TRUE,FALSE,SYNTHETIC_DEMO_DATA
INC-00001846,ALT-00017776,2025-12-31T09:30:15Z,2025-12-31T09:45:15Z,2025-12-31T13:15:15Z,2025-12-31T14:07:15Z,2025-12-31T15:08:15Z,2025-12-31T20:01:15Z,External Synthetic,Identity Provider,AST-0098,RUL-023,Critical,Closed,ANL-008,1,100,TRUE,FALSE,SYNTHETIC_DEMO_DATA
INC-00002859,ALT-00005826,2025-08-27T07:47:57Z,2025-08-27T13:23:57Z,2025-08-27T14:03:57Z,2025-08-27T14:59:57Z,2025-08-27T18:20:57Z,2025-08-28T02:08:57Z,EDY Sentinel,Cloud Detection,AST-0145,RUL-031,Low,Closed,ANL-006,3,56.6,FALSE,FALSE,SYNTHETIC_DEMO_DATA
INC-00000988,ALT-00008974,2026-07-18T16:10:30Z,2026-07-18T16:17:30Z,2026-07-18T17:02:30Z,2026-07-18T19:41:30Z,2026-07-18T20:43:30Z,2026-07-19T08:41:30Z,EDY Sentinel,Cloud Detection,AST-0164,RUL-028,Informational,Closed,ANL-016,1,38.9,FALSE,FALSE,SYNTHETIC_DEMO_DATA
INC-00003114,ALT-00007824,2025-04-25T19:31:48Z,2025-04-25T19:42:48Z,2025-04-25T19:51:48Z,2025-04-25T20:37:48Z,2025-04-26T07:19:48Z,2025-04-26T16:15:48Z,External Synthetic,Cloud Audit,AST-0175,RUL-037,Medium,Closed,ANL-004,2,63.2,FALSE,FALSE,SYNTHETIC_DEMO_DATA
INC-00002983,ALT-00014438,2026-03-11T12:38:35Z,2026-03-11T12:56:35Z,2026-03-11T13:01:35Z,,,,External Synthetic,Network Sensor,AST-0135,RUL-044,Informational,Active,ANL-001,0,22.4,FALSE,FALSE,SYNTHETIC_DEMO_DATA
INC-00002104,ALT-00001664,2026-03-05T17:29:02Z,2026-03-05T17:38:02Z,2026-03-05T17:41:02Z,2026-03-05T18:14:02Z,2026-03-06T01:06:02Z,2026-03-06T06:45:02Z,External Synthetic,Identity Provider,AST-0048,RUL-023,Low,Closed,ANL-017,3,53.4,FALSE,FALSE,SYNTHETIC_DEMO_DATA
INC-00000993,ALT-00016430,2025-06-19T09:32:44Z,2025-06-19T09:52:44Z,2025-06-19T10:12:44Z,2025-06-19T10:31:44Z,2025-06-19T11:11:44Z,,EDY SIEM,Correlation Hub,AST-0188,RUL-019,Informational,Resolved,ANL-017,1,31.4,FALSE,FALSE,SYNTHETIC_DEMO_DATA
INC-00000990,ALT-00009934,2025-04-07T00:46:57Z,2025-04-07T01:08:57Z,2025-04-07T01:24:57Z,2025-04-07T03:20:57Z,2025-04-07T10:32:57Z,,EDY Sentinel,Cloud Detection,AST-0154,RUL-001,Informational,Resolved,ANL-002,3,55.4,TRUE,FALSE,SYNTHETIC_DEMO_DATA
INC-00001229,ALT-00015999,2026-06-07T09:38:03Z,2026-06-07T09:47:03Z,2026-06-07T09:56:03Z,2026-06-07T11:04:03Z,2026-06-07T11:23:03Z,2026-06-07T12:39:03Z,External Synthetic,Identity Provider,AST-0023,RUL-043,Medium,Closed,ANL-005,1,78.7,FALSE,FALSE,SYNTHETIC_DEMO_DATA
INC-00002669,ALT-00017336,2025-09-10T15:30:08Z,2025-09-10T15:56:08Z,2025-09-10T16:18:08Z,2025-09-10T17:11:08Z,2025-09-10T19:16:08Z,2025-09-11T03:23:08Z,External Synthetic,Network Sensor,AST-0005,RUL-015,Low,Closed,ANL-004,1,62.6,FALSE,FALSE,SYNTHETIC_DEMO_DATA
INC-00002111,ALT-00014231,2025-11-06T05:55:42Z,2025-11-06T06:45:42Z,2025-11-06T06:53:42Z,2025-11-06T09:24:42Z,2025-11-06T10:30:42Z,2025-11-06T14:21:42Z,External Synthetic,Identity Provider,AST-0104,RUL-012,Critical,Closed,ANL-007,4,100,TRUE,FALSE,SYNTHETIC_DEMO_DATA
INC-00001322,ALT-00007320,2026-03-10T14:25:55Z,2026-03-10T14:49:55Z,2026-03-10T15:08:55Z,2026-03-10T17:34:55Z,2026-03-10T23:13:55Z,2026-03-11T03:37:55Z,EDY SIEM,Correlation Hub,AST-0227,RUL-001,Informational,Closed,ANL-018,1,38.7,FALSE,FALSE,SYNTHETIC_DEMO_DATA
INC-00000309,ALT-00015807,2025-06-19T18:09:02Z,2025-06-19T19:40:02Z,2025-06-19T20:07:02Z,2025-06-19T20:46:02Z,2025-06-20T01:00:02Z,2025-06-20T06:21:02Z,EDY Sentinel,Cloud Detection,AST-0220,RUL-011,Informational,Closed,ANL-017,1,34.2,FALSE,FALSE,SYNTHETIC_DEMO_DATA
INC-00002625,ALT-00011050,2025-08-27T15:28:12Z,2025-08-27T16:11:12Z,2025-08-27T16:33:12Z,2025-08-27T18:30:12Z,2025-08-27T21:13:12Z,2025-08-28T01:02:12Z,External Synthetic,Network Sensor,AST-0148,RUL-004,Informational,Closed,ANL-005,2,33.7,FALSE,FALSE,SYNTHETIC_DEMO_DATA
INC-00000852,ALT-00008400,2025-07-26T15:00:00Z,2025-07-26T15:23:00Z,2025-07-26T15:52:00Z,2025-07-26T19:48:00Z,2025-07-26T20:59:00Z,,EDY SIEM,Correlation Hub,AST-0209,RUL-024,Low,Resolved,ANL-015,1,55.2,FALSE,FALSE,SYNTHETIC_DEMO_DATA
INC-00000675,ALT-00003037,2025-05-24T10:03:26Z,2025-05-24T10:15:26Z,2025-05-24T10:25:26Z,2025-05-24T10:36:26Z,2025-05-24T12:16:26Z,,EDY RECON,Exposure Intelligence,AST-0024,RUL-031,Informational,Resolved,ANL-011,1,42.9,FALSE,FALSE,SYNTHETIC_DEMO_DATA
INC-00002950,ALT-00015831,2026-07-29T12:06:29Z,2026-07-29T12:28:29Z,2026-07-29T12:51:29Z,,,,External Synthetic,Identity Provider,AST-0042,RUL-040,Low,Active,ANL-017,0,59.2,FALSE,FALSE,SYNTHETIC_DEMO_DATA
INC-00000135,ALT-00002146,2026-04-19T15:01:47Z,2026-04-19T15:21:47Z,2026-04-19T15:31:47Z,2026-04-19T16:43:47Z,2026-04-19T19:30:47Z,,EDY SIEM,Correlation Hub,AST-0087,RUL-017,Informational,Resolved,ANL-011,1,43.0,FALSE,FALSE,SYNTHETIC_DEMO_DATA
INC-00001094,ALT-00000561,2025-03-04T13:08:28Z,2025-03-04T13:31:28Z,2025-03-04T14:01:28Z,2025-03-04T15:44:28Z,2025-03-04T21:19:28Z,2025-03-05T02:42:28Z,External Synthetic,Network Sensor,AST-0231,RUL-004,Informational,Closed,ANL-012,2,45.6,FALSE,FALSE,SYNTHETIC_DEMO_DATA
INC-00002745,ALT-00000707,2025-06-12T16:22:57Z,2025-06-12T16:28:57Z,2025-06-12T16:53:57Z,2025-06-12T18:10:57Z,2025-06-12T20:34:57Z,,EDY RECON,Exposure Intelligence,AST-0188,RUL-017,Informational,Resolved,ANL-011,1,35.2,FALSE,FALSE,SYNTHETIC_DEMO_DATA
INC-00001129,ALT-00001822,2025-04-12T07:02:32Z,2025-04-12T08:08:32Z,2025-04-12T08:48:32Z,2025-04-12T09:09:32Z,2025-04-12T10:16:32Z,,EDY Sentinel,Cloud Detection,AST-0046,RUL-040,Medium,Resolved,ANL-003,1,69.5,FALSE,FALSE,SYNTHETIC_DEMO_DATA
INC-00000015,ALT-00007937,2026-05-02T09:40:19Z,2026-05-02T09:58:19Z,2026-05-02T10:28:19Z,2026-05-02T11:25:19Z,2026-05-02T17:07:19Z,2026-05-02T21:51:19Z,External Synthetic,Network Sensor,AST-0138,RUL-007,Medium,Closed,ANL-007,3,72.1,FALSE,FALSE,SYNTHETIC_DEMO_DATA
INC-00002189,ALT-00015767,2025-02-04T11:09:12Z,2025-02-04T11:52:12Z,2025-02-04T12:23:12Z,2025-02-04T14:33:12Z,2025-02-04T21:21:12Z,2025-02-05T03:32:12Z,External Synthetic,Network Sensor,AST-0134,RUL-024,Informational,Closed,,1,45.8,TRUE,FALSE,SYNTHETIC_DEMO_DATA
INC-00003074,ALT-00013219,2026-06-22T11:30:32Z,2026-06-22T11:39:32Z,2026-06-22T12:14:32Z,2026-06-22T12:39:32Z,2026-06-22T13:52:32Z,,External Synthetic,Cloud Audit,AST-0182,RUL-011,High,Resolved,ANL-015,3,92.0,TRUE,TRUE,SYNTHETIC_DEMO_DATA
INC-00001470,ALT-00013292,2025-05-03T14:13:03Z,2025-05-03T16:36:03Z,2025-05-03T17:05:03Z,2025-05-03T22:17:03Z,2025-05-04T00:04:03Z,2025-05-04T02:17:03Z,EDY Sentinel,Cloud Detection,AST-0121,RUL-004,Informational,Closed,ANL-008,3,29.2,FALSE,FALSE,SYNTHETIC_DEMO_DATA
INC-00002916,ALT-00010891,2025-09-14T13:21:55Z,2025-09-14T13:45:55Z,2025-09-14T14:10:55Z,2025-09-14T15:06:55Z,2025-09-14T17:35:55Z,2025-09-14T23:50:55Z,EDY RECON,Exposure Intelligence,AST-0111,RUL-015,Informational,Closed,ANL-002,3,37.2,FALSE,FALSE,SYNTHETIC_DEMO_DATA
INC-00000601,ALT-00000942,2026-06-19T09:04:09Z,2026-06-19T09:15:09Z,2026-06-19T09:18:09Z,2026-06-19T09:35:09Z,2026-06-19T10:16:09Z,2026-06-19T20:32:09Z,External Synthetic,Identity Provider,AST-0171,RUL-037,High,Closed,ANL-010,3,80.9,TRUE,FALSE,SYNTHETIC_DEMO_DATA
INC-00002628,ALT-00003284,2026-04-25T10:51:54Z,2026-04-25T11:02:54Z,2026-04-25T11:13:54Z,2026-04-25T12:40:54Z,2026-04-25T13:04:54Z,2026-04-25T20:52:54Z,EDY Shield,Endpoint Integrity,AST-0054,RUL-021,Medium,Closed,ANL-004,1,60.8,FALSE,FALSE,SYNTHETIC_DEMO_DATA
INC-00001645,ALT-00005640,2025-03-18T16:35:42Z,2025-03-18T17:33:42Z,2025-03-18T17:58:42Z,2025-03-18T18:25:42Z,2025-03-18T21:28:42Z,2025-03-19T03:43:42Z,EDY RECON,Exposure Intelligence,AST-0032,RUL-045,Informational,Closed,ANL-007,1,53.0,FALSE,FALSE,SYNTHETIC_DEMO_DATA
INC-00000315,ALT-00017148,2026-05-09T15:40:25Z,2026-05-09T15:53:25Z,2026-05-09T16:32:25Z,2026-05-09T17:00:25Z,2026-05-09T21:03:25Z,2026-05-10T01:55:25Z,EDY RECON,Exposure Intelligence,AST-0058,RUL-042,Informational,Closed,ANL-011,1,30.7,FALSE,FALSE,SYNTHETIC_DEMO_DATA
INC-00002008,ALT-00008027,2026-04-23T13:44:32Z,2026-04-23T14:03:32Z,2026-04-23T14:29:32Z,2026-04-23T15:22:32Z,2026-04-23T21:18:32Z,2026-04-23T21:53:32Z,External Synthetic,Network Sensor,AST-0119,RUL-043,Medium,Closed,ANL-006,1,68.1,FALSE,FALSE,SYNTHETIC_DEMO_DATA
INC-00002014,ALT-00009668,2025-08-17T14:36:59Z,2025-08-17T14:52:59Z,2025-08-17T15:08:59Z,2025-08-17T15:52:59Z,2025-08-17T16:58:59Z,,External Synthetic,Identity Provider,AST-0155,RUL-041,Medium,Resolved,ANL-018,1,72.1,FALSE,TRUE,SYNTHETIC_DEMO_DATA
INC-00000066,ALT-00004749,2026-05-11T17:24:07Z,2026-05-11T17:57:07Z,2026-05-11T18:24:07Z,2026-05-11T19:38:07Z,2026-05-12T00:26:07Z,,EDY Shield,Endpoint Integrity,AST-0226,RUL-035,Low,Resolved,ANL-009,1,68.2,TRUE,FALSE,SYNTHETIC_DEMO_DATA
INC-00000664,ALT-00013860,2025-02-22T14:39:24Z,2025-02-22T15:17:24Z,2025-02-22T15:31:24Z,2025-02-22T15:58:24Z,2025-02-22T18:53:24Z,2025-02-23T06:03:24Z,EDY Shield,Endpoint Integrity,AST-0120,RUL-040,Low,Closed,ANL-017,1,49.4,FALSE,FALSE,SYNTHETIC_DEMO_DATA
INC-00002919,ALT-00000661,2026-02-27T19:26:28Z,2026-02-27T19:35:28Z,2026-02-27T20:06:28Z,2026-02-27T20:48:28Z,2026-02-27T22:52:28Z,,External Synthetic,Network Sensor,AST-0039,RUL-002,High,Resolved,ANL-002,3,96.8,TRUE,FALSE,SYNTHETIC_DEMO_DATA
INC-00001382,ALT-00014882,2025-12-17T09:09:05Z,2025-12-17T09:45:05Z,2025-12-17T10:00:05Z,2025-12-17T13:53:05Z,2025-12-17T15:32:05Z,2025-12-17T16:47:05Z,External Synthetic,Identity Provider,AST-0217,RUL-033,Informational,Closed,ANL-012,4,40.2,FALSE,FALSE,SYNTHETIC_DEMO_DATA
INC-00000620,ALT-00013177,2025-05-27T16:36:07Z,2025-05-27T16:49:07Z,2025-05-27T17:25:07Z,2025-05-27T18:50:07Z,2025-05-27T22:04:07Z,2025-05-28T09:03:07Z,External Synthetic,Network Sensor,AST-0111,RUL-027,Informational,Closed,ANL-018,1,38.5,FALSE,FALSE,SYNTHETIC_DEMO_DATA
INC-00001867,ALT-00001289,2025-10-14T16:04:02Z,2025-10-14T16:08:02Z,2025-10-14T16:28:02Z,2025-10-14T17:31:02Z,2025-10-14T20:27:02Z,2025-10-15T02:19:02Z,External Synthetic,Identity Provider,AST-0028,RUL-042,Low,Closed,ANL-002,1,59.8,FALSE,FALSE,SYNTHETIC_DEMO_DATA
INC-00001333,ALT-00007225,2026-03-04T12:48:05Z,2026-03-04T13:05:05Z,2026-03-04T13:45:05Z,2026-03-04T15:28:05Z,2026-03-04T18:29:05Z,2026-03-05T00:10:05Z,External Synthetic,Cloud Audit,AST-0142,RUL-015,Informational,Closed,ANL-013,1,40.6,FALSE,FALSE,SYNTHETIC_DEMO_DATA
INC-00002995,ALT-00015547,2025-06-24T09:08:56Z,2025-06-24T09:26:56Z,2025-06-24T09:38:56Z,2025-06-24T12:43:56Z,2025-06-24T14:57:56Z,2025-06-24T17:57:56Z,External Synthetic,Identity Provider,AST-0140,RUL-004,Informational,Closed,ANL-007,1,48.3,FALSE,FALSE,SYNTHETIC_DEMO_DATA
INC-00001017,ALT-00008792,2025-10-13T13:46:38Z,2025-10-13T13:56:38Z,2025-10-13T14:43:38Z,2025-10-13T16:45:38Z,2025-10-13T18:25:38Z,2025-10-14T00:32:38Z,EDY Shield,Endpoint Integrity,AST-0223,RUL-037,Low,Closed,ANL-012,1,56.1,FALSE,FALSE,SYNTHETIC_DEMO_DATA
INC-00000225,ALT-00013952,2026-06-01T05:36:44Z,2026-06-01T05:58:44Z,2026-06-01T06:18:44Z,2026-06-01T08:36:44Z,2026-06-01T11:40:44Z,2026-06-01T12:53:44Z,EDY Sentinel,Cloud Detection,AST-0039,RUL-040,Low,Closed,ANL-012,2,54.7,FALSE,FALSE,SYNTHETIC_DEMO_DATA
INC-00002022,ALT-00010038,2025-04-03T10:37:22Z,2025-04-03T11:11:22Z,2025-04-03T11:32:22Z,2025-04-03T12:29:22Z,2025-04-03T14:10:22Z,2025-04-03T23:19:22Z,EDY Shield,Endpoint Integrity,AST-0146,RUL-015,Informational,Closed,ANL-014,1,35.2,FALSE,FALSE,SYNTHETIC_DEMO_DATA
INC-00001323,ALT-00006430,2025-08-27T13:14:59Z,2025-08-27T13:37:59Z,2025-08-27T14:04:59Z,2025-08-27T14:48:59Z,2025-08-27T17:48:59Z,2025-08-28T01:51:59Z,EDY SIEM,Correlation Hub,AST-0167,RUL-030,Low,Closed,ANL-012,1,61.9,FALSE,FALSE,SYNTHETIC_DEMO_DATA
INC-00000481,ALT-00014784,2026-03-08T08:09:41Z,2026-03-08T08:54:41Z,2026-03-08T09:22:41Z,2026-03-08T10:55:41Z,2026-03-08T11:36:41Z,2026-03-08T22:34:41Z,EDY Sentinel,Cloud Detection,AST-0130,RUL-022,Medium,Closed,ANL-003,1,64.1,FALSE,FALSE,SYNTHETIC_DEMO_DATA
INC-00003138,ALT-00013922,2025-08-01T05:53:51Z,2025-08-01T06:24:51Z,2025-08-01T06:38:51Z,2025-08-01T10:21:51Z,2025-08-01T15:31:51Z,2025-08-01T18:21:51Z,External Synthetic,Network Sensor,AST-0016,RUL-008,Low,Closed,ANL-015,3,53.6,FALSE,FALSE,SYNTHETIC_DEMO_DATA
INC-00000113,ALT-00004227,2025-12-26T04:04:43Z,2025-12-26T04:25:43Z,2025-12-26T04:41:43Z,2025-12-26T05:27:43Z,2025-12-26T06:51:43Z,2025-12-26T14:03:43Z,EDY SIEM,Correlation Hub,AST-0106,RUL-031,Low,Closed,ANL-004,1,49.8,FALSE,FALSE,SYNTHETIC_DEMO_DATA
INC-00002719,ALT-00017435,2025-03-20T04:56:47Z,2025-03-20T05:44:47Z,2025-03-20T06:11:47Z,2025-03-20T12:06:47Z,2025-03-20T13:41:47Z,2025-03-20T19:20:47Z,EDY RECON,Exposure Intelligence,AST-0078,RUL-028,Informational,Closed,ANL-013,1,43.6,FALSE,FALSE,SYNTHETIC_DEMO_DATA
INC-00002172,ALT-00009711,2026-05-08T05:23:34Z,2026-05-08T06:17:34Z,2026-05-08T06:24:34Z,2026-05-08T07:08:34Z,2026-05-08T11:28:34Z,2026-05-08T22:29:34Z,External Synthetic,Cloud Audit,AST-0148,RUL-004,Informational,Closed,ANL-008,3,29.6,FALSE,FALSE,SYNTHETIC_DEMO_DATA
INC-00000493,ALT-00001833,2025-11-16T09:59:15Z,2025-11-16T10:33:15Z,2025-11-16T10:48:15Z,2025-11-16T11:22:15Z,,,EDY Sentinel,Cloud Detection,AST-0163,RUL-020,Medium,Contained,ANL-009,0,78.7,FALSE,FALSE,SYNTHETIC_DEMO_DATA
INC-00000845,ALT-00010453,2025-10-17T19:35:12Z,2025-10-17T19:48:12Z,2025-10-17T20:25:12Z,2025-10-17T20:59:12Z,2025-10-17T22:36:12Z,2025-10-18T05:29:12Z,EDY Sentinel,Cloud Detection,AST-0138,RUL-038,Informational,Closed,ANL-009,3,36.2,FALSE,FALSE,SYNTHETIC_DEMO_DATA
INC-00003166,ALT-00016118,2025-03-03T14:35:23Z,2025-03-03T15:04:23Z,2025-03-03T15:13:23Z,,,,EDY Shield,Endpoint Integrity,AST-0047,RUL-036,Low,Active,ANL-017,0,53.2,FALSE,FALSE,SYNTHETIC_DEMO_DATA
INC-00001609,ALT-00002354,2025-04-07T12:15:19Z,2025-04-07T12:44:19Z,2025-04-07T13:10:19Z,2025-04-07T13:35:19Z,2025-04-07T16:53:19Z,2025-04-08T03:53:19Z,External Synthetic,Identity Provider,AST-0034,RUL-016,Low,Closed,ANL-008,4,53.9,FALSE,FALSE,SYNTHETIC_DEMO_DATA
INC-00000864,ALT-00006876,2026-06-13T03:00:32Z,2026-06-13T03:13:32Z,2026-06-13T03:23:32Z,2026-06-13T13:36:32Z,,,EDY Sentinel,Cloud Detection,AST-0014,RUL-006,Informational,Contained,ANL-002,0,50.5,FALSE,FALSE,SYNTHETIC_DEMO_DATA
INC-00000131,ALT-00014448,2026-03-23T12:49:17Z,2026-03-23T13:25:17Z,2026-03-23T13:41:17Z,2026-03-23T14:34:17Z,2026-03-23T16:43:17Z,2026-03-23T21:31:17Z,EDY SIEM,Correlation Hub,AST-0003,RUL-037,Low,Closed,ANL-004,1,48.7,FALSE,FALSE,SYNTHETIC_DEMO_DATA
INC-00000869,ALT-00006659,2026-06-25T14:17:57Z,2026-06-25T14:43:57Z,2026-06-25T15:13:57Z,2026-06-25T16:12:57Z,2026-06-26T00:42:57Z,2026-06-26T01:06:57Z,EDY Shield,Endpoint Integrity,AST-0130,RUL-025,Informational,Closed,ANL-003,1,43.6,TRUE,FALSE,SYNTHETIC_DEMO_DATA
INC-00002992,ALT-00011621,2025-02-08T20:39:12Z,2025-02-08T20:47:12Z,2025-02-08T21:02:12Z,2025-02-08T21:29:12Z,2025-02-09T19:51:12Z,2025-02-09T21:10:12Z,EDY Sentinel,Cloud Detection,AST-0198,RUL-043,Low,Closed,ANL-011,1,54.0,TRUE,FALSE,SYNTHETIC_DEMO_DATA
INC-00001956,ALT-00008895,2025-04-24T18:51:57Z,2025-04-24T19:03:57Z,2025-04-24T19:14:57Z,,,,External Synthetic,Network Sensor,AST-0181,RUL-006,Medium,Active,ANL-010,0,72.0,FALSE,FALSE,SYNTHETIC_DEMO_DATA
INC-00001451,ALT-00008220,2026-04-05T08:35:11Z,2026-04-05T09:06:11Z,2026-04-05T10:47:11Z,2026-04-05T11:17:11Z,2026-04-05T18:59:11Z,,EDY Shield,Endpoint Integrity,AST-0181,RUL-008,Informational,Resolved,ANL-015,1,48.0,FALSE,FALSE,SYNTHETIC_DEMO_DATA
INC-00001727,ALT-00008940,2025-05-22T15:54:48Z,2025-05-22T15:59:48Z,2025-05-22T16:16:48Z,2025-05-22T17:34:48Z,2025-05-23T04:27:48Z,2025-05-23T13:22:48Z,EDY Sentinel,Cloud Detection,AST-0184,RUL-004,Critical,Closed,ANL-013,2,100,TRUE,FALSE,SYNTHETIC_DEMO_DATA
INC-00001221,ALT-00006754,2026-05-01T14:25:56Z,2026-05-01T14:47:56Z,2026-05-01T15:16:56Z,2026-05-01T17:39:56Z,2026-05-01T21:44:56Z,2026-05-02T04:31:56Z,EDY SIEM,Correlation Hub,AST-0074,RUL-019,Informational,Closed,ANL-005,1,46.3,TRUE,FALSE,SYNTHETIC_DEMO_DATA
INC-00000172,ALT-00011914,2026-07-10T16:47:03Z,2026-07-10T16:56:03Z,2026-07-10T17:15:03Z,2026-07-10T20:27:03Z,2026-07-11T03:32:03Z,2026-07-11T10:38:03Z,External Synthetic,Identity Provider,AST-0013,RUL-042,High,Closed,ANL-007,3,91.2,TRUE,FALSE,SYNTHETIC_DEMO_DATA
INC-00002366,ALT-00008798,2025-09-05T07:16:06Z,2025-09-05T07:26:06Z,2025-09-05T08:09:06Z,2025-09-05T10:25:06Z,2025-09-05T13:08:06Z,2025-09-05T18:08:06Z,External Synthetic,Network Sensor,AST-0057,RUL-040,High,Closed,ANL-003,2,93.9,TRUE,FALSE,SYNTHETIC_DEMO_DATA
INC-00000805,ALT-00008728,2026-05-03T12:27:49Z,2026-05-03T12:35:49Z,2026-05-03T12:50:49Z,2026-05-03T13:21:49Z,2026-05-03T15:56:49Z,2026-05-03T18:58:49Z,External Synthetic,Identity Provider,AST-0166,RUL-005,Informational,Closed,ANL-001,1,29.4,FALSE,FALSE,SYNTHETIC_DEMO_DATA
INC-00001757,ALT-00002270,2025-02-11T19:05:12Z,2025-02-11T19:16:12Z,2025-02-11T19:34:12Z,2025-02-11T20:15:12Z,2025-02-12T00:16:12Z,2025-02-12T03:29:12Z,EDY RECON,Exposure Intelligence,AST-0194,RUL-021,Low,Closed,ANL-016,2,68.9,FALSE,FALSE,SYNTHETIC_DEMO_DATA
INC-00002227,ALT-00002089,2026-07-29T11:36:47Z,2026-07-29T11:41:47Z,2026-07-29T11:57:47Z,2026-07-29T13:12:47Z,2026-07-29T13:33:47Z,2026-07-29T18:33:47Z,EDY RECON,Exposure Intelligence,AST-0055,RUL-012,Critical,Closed,ANL-005,1,100,TRUE,FALSE,SYNTHETIC_DEMO_DATA
INC-00000290,ALT-00016182,2025-08-24T13:12:00Z,2025-08-24T14:51:00Z,2025-08-24T15:08:00Z,2025-08-24T16:23:00Z,2025-08-26T03:32:00Z,,External Synthetic,Network Sensor,AST-0114,RUL-017,Informational,Resolved,ANL-006,4,40.4,FALSE,FALSE,SYNTHETIC_DEMO_DATA
INC-00000522,ALT-00003933,2026-02-12T21:29:24Z,2026-02-12T22:32:24Z,2026-02-12T22:54:24Z,2026-02-13T00:14:24Z,2026-02-13T02:38:24Z,2026-02-13T03:41:24Z,EDY Shield,Endpoint Integrity,AST-0040,RUL-033,Informational,Closed,ANL-002,1,30.7,FALSE,FALSE,SYNTHETIC_DEMO_DATA
INC-00000109,ALT-00004988,2026-06-29T18:16:01Z,2026-06-29T18:40:01Z,2026-06-29T18:54:01Z,,,,External Synthetic,Network Sensor,AST-0136,RUL-018,Informational,Active,ANL-013,0,42.6,FALSE,FALSE,SYNTHETIC_DEMO_DATA
INC-00001778,ALT-00017774,2026-01-02T10:01:01Z,2026-01-02T10:19:01Z,2026-01-02T10:29:01Z,2026-01-02T17:15:01Z,2026-01-03T01:46:01Z,2026-01-03T07:40:01Z,External Synthetic,Cloud Audit,AST-0048,RUL-007,Informational,Closed,ANL-012,2,42.7,FALSE,FALSE,SYNTHETIC_DEMO_DATA
INC-00002275,ALT-00011419,2025-12-03T06:19:45Z,2025-12-03T06:22:45Z,2025-12-03T06:30:45Z,2025-12-03T08:06:45Z,2025-12-03T11:52:45Z,2025-12-03T13:00:45Z,EDY Sentinel,Cloud Detection,AST-0106,RUL-044,Medium,Closed,ANL-009,1,63.9,FALSE,FALSE,SYNTHETIC_DEMO_DATA
INC-00000174,ALT-00013374,2026-06-04T07:30:41Z,2026-06-04T08:00:41Z,2026-06-04T08:30:41Z,2026-06-04T11:45:41Z,2026-06-04T17:28:41Z,2026-06-04T20:23:41Z,EDY RECON,Exposure Intelligence,AST-0155,RUL-010,Medium,Closed,ANL-010,1,72.2,FALSE,FALSE,SYNTHETIC_DEMO_DATA
INC-00001533,ALT-00006062,2026-07-08T19:55:57Z,2026-07-08T20:28:57Z,2026-07-08T20:56:57Z,2026-07-09T00:03:57Z,2026-07-09T01:49:57Z,2026-07-09T07:15:57Z,EDY Sentinel,Cloud Detection,AST-0022,RUL-032,Informational,Closed,ANL-017,1,31.9,FALSE,FALSE,SYNTHETIC_DEMO_DATA
INC-00000546,ALT-00010784,2026-05-22T12:56:27Z,2026-05-22T13:31:27Z,2026-05-22T14:01:27Z,2026-05-22T15:04:27Z,2026-05-22T18:28:27Z,,EDY SIEM,Correlation Hub,AST-0014,RUL-029,Low,Resolved,ANL-015,1,60.2,FALSE,FALSE,SYNTHETIC_DEMO_DATA
INC-00000216,ALT-00009218,2025-08-05T17:20:50Z,2025-08-05T17:34:50Z,2025-08-05T18:19:50Z,2025-08-05T19:21:50Z,2025-08-05T21:22:50Z,2025-08-06T03:51:50Z,External Synthetic,Network Sensor,AST-0163,RUL-021,Low,Closed,ANL-003,3,59.6,FALSE,FALSE,SYNTHETIC_DEMO_DATA
INC-00003097,ALT-00001099,2026-01-05T13:52:05Z,2026-01-05T14:24:05Z,2026-01-05T15:15:05Z,2026-01-05T15:44:05Z,2026-01-05T19:05:05Z,2026-01-06T03:09:05Z,External Synthetic,Identity Provider,AST-0078,RUL-043,Medium,Closed,ANL-015,1,69.2,FALSE,FALSE,SYNTHETIC_DEMO_DATA
INC-00002303,ALT-00004694,2026-04-23T14:17:50Z,2026-04-23T14:19:50Z,2026-04-23T14:46:50Z,2026-04-23T16:15:50Z,2026-04-23T21:06:50Z,2026-04-24T06:26:50Z,External Synthetic,Identity Provider,AST-0120,RUL-024,Low,Closed,ANL-010,1,54.3,FALSE,FALSE,SYNTHETIC_DEMO_DATA
INC-00002436,ALT-00016300,2025-03-18T10:02:21Z,2025-03-18T10:42:21Z,2025-03-18T10:55:21Z,2025-03-18T11:30:21Z,2025-03-18T15:58:21Z,2025-03-19T02:59:21Z,EDY RECON,Exposure Intelligence,AST-0131,RUL-037,Informational,Closed,ANL-014,3,54.8,FALSE,FALSE,SYNTHETIC_DEMO_DATA
INC-00002755,ALT-00005674,2026-06-15T20:33:54Z,2026-06-15T21:04:54Z,2026-06-15T21:31:54Z,2026-06-15T23:08:54Z,2026-06-16T00:46:54Z,2026-06-16T01:30:54Z,External Synthetic,Cloud Audit,AST-0056,RUL-020,Low,Closed,ANL-014,1,48.0,FALSE,FALSE,SYNTHETIC_DEMO_DATA
INC-00000831,ALT-00015929,2026-03-12T13:29:58Z,2026-03-12T13:46:58Z,2026-03-12T15:11:58Z,2026-03-12T16:49:58Z,2026-03-12T20:00:58Z,,External Synthetic,Identity Provider,AST-0002,RUL-008,Informational,Resolved,ANL-017,1,42.4,FALSE,FALSE,SYNTHETIC_DEMO_DATA
INC-00000634,ALT-00004304,2025-03-13T09:16:47Z,2025-03-13T10:22:47Z,2025-03-13T10:54:47Z,2025-03-13T11:13:47Z,2025-03-13T12:35:47Z,2025-03-13T23:02:47Z,External Synthetic,Network Sensor,AST-0222,RUL-011,Low,Closed,ANL-011,1,58.1,FALSE,FALSE,SYNTHETIC_DEMO_DATA
INC-00002030,ALT-00006982,2026-07-05T16:42:21Z,2026-07-05T17:10:21Z,2026-07-05T17:23:21Z,2026-07-05T20:22:21Z,2026-07-05T23:08:21Z,2026-07-06T10:54:21Z,EDY Sentinel,Cloud Detection,AST-0051,RUL-003,Low,Closed,ANL-013,3,59.0,FALSE,FALSE,SYNTHETIC_DEMO_DATA
INC-00001403,ALT-00011154,2025-06-03T17:44:19Z,2025-06-03T17:56:19Z,2025-06-03T18:09:19Z,2025-06-03T18:52:19Z,2025-06-04T04:35:19Z,2025-06-04T06:21:19Z,External Synthetic,Network Sensor,AST-0067,RUL-028,Informational,Closed,ANL-009,1,28.7,FALSE,FALSE,SYNTHETIC_DEMO_DATA
INC-00000645,ALT-00016248,2025-07-03T05:01:59Z,2025-07-03T05:43:59Z,2025-07-03T06:35:59Z,2025-07-03T08:37:59Z,2025-07-03T10:02:59Z,2025-07-03T19:10:59Z,External Synthetic,Cloud Audit,AST-0046,RUL-039,Medium,Closed,ANL-007,4,71.4,FALSE,FALSE,SYNTHETIC_DEMO_DATA
INC-00002578,ALT-00004922,2025-04-16T22:55:21Z,2025-04-16T23:16:21Z,2025-04-16T23:29:21Z,2025-04-16T23:58:21Z,2025-04-17T00:47:21Z,,External Synthetic,Cloud Audit,AST-0004,RUL-011,High,Resolved,ANL-013,3,89.2,TRUE,FALSE,SYNTHETIC_DEMO_DATA
INC-00000780,ALT-00000460,2025-05-04T20:43:21Z,2025-05-04T21:16:21Z,2025-05-04T21:52:21Z,2025-05-05T00:48:21Z,2025-05-05T05:14:21Z,2025-05-05T08:49:21Z,EDY Sentinel,Cloud Detection,AST-0202,RUL-030,Informational,Closed,ANL-014,1,31.5,FALSE,FALSE,SYNTHETIC_DEMO_DATA
INC-00000063,ALT-00008945,2025-07-05T18:52:30Z,2025-07-05T19:07:30Z,2025-07-05T19:16:30Z,2025-07-05T19:46:30Z,2025-07-06T08:42:30Z,2025-07-06T14:53:30Z,EDY SIEM,Correlation Hub,AST-0075,RUL-034,Low,Closed,ANL-012,1,48.5,FALSE,FALSE,SYNTHETIC_DEMO_DATA
INC-00002085,ALT-00013706,2025-11-16T17:24:44Z,2025-11-16T17:35:44Z,2025-11-16T17:54:44Z,2025-11-16T18:39:44Z,2025-11-17T00:29:44Z,,EDY Sentinel,Cloud Detection,AST-0128,RUL-024,Low,Resolved,ANL-006,1,50.8,FALSE,FALSE,SYNTHETIC_DEMO_DATA
INC-00002382,ALT-00001185,2025-08-17T16:20:26Z,2025-08-17T16:25:26Z,2025-08-17T16:32:26Z,2025-08-17T17:27:26Z,2025-08-17T18:50:26Z,2025-08-18T03:20:26Z,EDY Sentinel,Cloud Detection,AST-0219,RUL-025,Medium,Closed,ANL-016,1,69.5,FALSE,FALSE,SYNTHETIC_DEMO_DATA
INC-00002825,ALT-00015952,2025-08-11T13:35:08Z,2025-08-11T13:42:08Z,2025-08-11T13:47:08Z,2025-08-11T14:40:08Z,2025-08-11T17:51:08Z,2025-08-11T18:43:08Z,External Synthetic,Network Sensor,AST-0033,RUL-001,Low,Closed,ANL-010,3,63.8,FALSE,FALSE,SYNTHETIC_DEMO_DATA
INC-00000739,ALT-00013241,2026-01-05T18:15:36Z,2026-01-05T18:26:36Z,2026-01-05T18:36:36Z,2026-01-05T20:20:36Z,2026-01-06T13:47:36Z,2026-01-06T21:56:36Z,EDY RECON,Exposure Intelligence,AST-0014,RUL-028,Informational,Closed,ANL-013,1,51.0,FALSE,FALSE,SYNTHETIC_DEMO_DATA
INC-00000340,ALT-00011491,2025-08-26T18:54:24Z,2025-08-26T19:36:24Z,2025-08-26T20:05:24Z,2025-08-26T22:14:24Z,2025-08-27T01:39:24Z,2025-08-27T07:46:24Z,External Synthetic,Cloud Audit,AST-0118,RUL-024,High,Closed,ANL-001,1,99.5,TRUE,FALSE,SYNTHETIC_DEMO_DATA
INC-00000751,ALT-00017342,2026-03-25T11:18:18Z,2026-03-25T11:24:18Z,2026-03-25T11:37:18Z,2026-03-25T12:00:18Z,2026-03-25T12:15:18Z,2026-03-25T17:12:18Z,EDY Sentinel,Cloud Detection,AST-0107,RUL-035,Critical,Closed,ANL-005,2,100,TRUE,FALSE,SYNTHETIC_DEMO_DATA
INC-00002142,ALT-00003944,2026-05-15T06:16:26Z,2026-05-15T06:28:26Z,2026-05-15T06:41:26Z,2026-05-15T07:30:26Z,2026-05-15T17:03:26Z,2026-05-16T01:21:26Z,EDY Sentinel,Cloud Detection,AST-0040,RUL-028,Informational,Closed,ANL-002,1,35.8,FALSE,FALSE,SYNTHETIC_DEMO_DATA
INC-00000316,ALT-00009948,2025-04-26T08:40:47Z,2025-04-26T09:24:47Z,2025-04-26T09:28:47Z,2025-04-26T10:23:47Z,2025-04-26T11:34:47Z,2025-04-26T22:19:47Z,EDY SIEM,Correlation Hub,AST-0001,RUL-043,Low,Closed,ANL-005,1,61.6,FALSE,FALSE,SYNTHETIC_DEMO_DATA
INC-00001240,ALT-00005607,2025-06-13T14:43:08Z,2025-06-13T15:03:08Z,2025-06-13T15:27:08Z,2025-06-13T16:21:08Z,2025-06-14T03:50:08Z,2025-06-14T06:53:08Z,EDY Sentinel,Cloud Detection,AST-0184,RUL-044,Informational,Closed,ANL-016,1,28.6,FALSE,FALSE,SYNTHETIC_DEMO_DATA
INC-00000851,ALT-00014496,2025-06-27T18:58:16Z,2025-06-27T19:05:16Z,2025-06-27T19:32:16Z,2025-06-27T20:27:16Z,2025-06-27T23:37:16Z,,EDY SIEM,Correlation Hub,AST-0164,RUL-033,Low,Resolved,ANL-004,1,50.8,FALSE,FALSE,SYNTHETIC_DEMO_DATA
INC-00002584,ALT-00011774,2025-02-19T04:08:34Z,2025-02-19T04:26:34Z,2025-02-19T05:18:34Z,2025-02-19T05:31:34Z,2025-02-19T13:46:34Z,2025-02-19T14:07:34Z,EDY Shield,Endpoint Integrity,AST-0027,RUL-029,Low,Closed,ANL-005,1,41.7,FALSE,FALSE,SYNTHETIC_DEMO_DATA
INC-00000663,ALT-00002424,2025-08-14T12:59:40Z,2025-08-14T13:06:40Z,2025-08-14T13:29:40Z,2025-08-14T14:04:40Z,2025-08-14T15:15:40Z,2025-08-14T23:39:40Z,EDY RECON,Exposure Intelligence,AST-0150,RUL-028,Informational,Closed,ANL-005,2,41.0,FALSE,FALSE,SYNTHETIC_DEMO_DATA
INC-00002062,ALT-00001690,2025-06-14T16:53:36Z,2025-06-14T17:24:36Z,2025-06-14T17:40:36Z,2025-06-14T18:35:36Z,2025-06-15T01:09:36Z,2025-06-15T11:00:36Z,EDY Sentinel,Cloud Detection,AST-0058,RUL-033,Informational,Closed,ANL-004,1,32.1,FALSE,FALSE,SYNTHETIC_DEMO_DATA
INC-00000617,ALT-00010719,2025-03-05T13:04:12Z,2025-03-05T13:19:12Z,2025-03-05T16:01:12Z,2025-03-05T16:25:12Z,2025-03-05T23:15:12Z,2025-03-06T08:25:12Z,External Synthetic,Network Sensor,AST-0043,RUL-015,Medium,Closed,ANL-005,1,68.9,FALSE,FALSE,SYNTHETIC_DEMO_DATA
INC-00001184,ALT-00004964,2026-02-18T08:57:15Z,2026-02-18T09:39:15Z,2026-02-18T09:43:15Z,2026-02-18T12:23:15Z,2026-02-18T13:30:15Z,2026-02-18T21:59:15Z,EDY SIEM,Correlation Hub,AST-0122,RUL-034,Informational,Closed,ANL-012,1,49.8,FALSE,FALSE,SYNTHETIC_DEMO_DATA
INC-00002696,ALT-00008464,2025-12-09T10:30:00Z,2025-12-09T10:34:00Z,2025-12-09T10:51:00Z,2025-12-09T11:50:00Z,2025-12-09T16:58:00Z,,External Synthetic,Identity Provider,AST-0003,RUL-003,Medium,Resolved,ANL-014,1,63.3,FALSE,FALSE,SYNTHETIC_DEMO_DATA
INC-00001939,ALT-00004103,2025-06-12T17:34:21Z,2025-06-12T17:41:21Z,2025-06-12T18:24:21Z,2025-06-12T19:33:21Z,2025-06-12T21:29:21Z,2025-06-13T05:44:21Z,External Synthetic,Network Sensor,AST-0007,RUL-018,High,Closed,ANL-004,1,96.7,TRUE,FALSE,SYNTHETIC_DEMO_DATA
INC-00001909,ALT-00005539,2025-04-18T15:45:46Z,2025-04-18T16:00:46Z,2025-04-18T16:08:46Z,2025-04-18T17:49:46Z,2025-04-18T22:37:46Z,2025-04-19T10:02:46Z,External Synthetic,Network Sensor,AST-0074,RUL-035,Informational,Closed,ANL-013,1,36.7,FALSE,FALSE,SYNTHETIC_DEMO_DATA
INC-00000848,ALT-00007157,2026-04-02T14:48:00Z,2026-04-02T15:18:00Z,2026-04-02T15:44:00Z,2026-04-02T16:15:00Z,2026-04-02T18:12:00Z,2026-04-03T02:12:00Z,EDY Shield,Endpoint Integrity,AST-0211,RUL-020,Medium,Closed,ANL-008,1,66.4,FALSE,TRUE,SYNTHETIC_DEMO_DATA
INC-00001078,ALT-00009092,2025-11-13T16:14:45Z,2025-11-13T16:33:45Z,2025-11-13T16:40:45Z,2025-11-13T17:35:45Z,2025-11-13T19:50:45Z,2025-11-14T05:18:45Z,EDY RECON,Exposure Intelligence,AST-0104,RUL-012,Low,Closed,ANL-017,2,78.2,TRUE,FALSE,SYNTHETIC_DEMO_DATA
INC-00001038,ALT-00001400,2025-03-14T20:03:07Z,2025-03-14T20:26:07Z,2025-03-14T20:32:07Z,2025-03-15T01:12:07Z,2025-03-15T05:51:07Z,2025-03-15T11:46:07Z,External Synthetic,Identity Provider,AST-0208,RUL-009,Low,Closed,ANL-009,1,57.7,FALSE,FALSE,SYNTHETIC_DEMO_DATA
INC-00003071,ALT-00004093,2026-06-10T01:02:41Z,2026-06-10T01:52:41Z,2026-06-10T01:58:41Z,2026-06-10T03:16:41Z,2026-06-10T06:55:41Z,2026-06-10T15:06:41Z,EDY Sentinel,Cloud Detection,AST-0165,RUL-035,Informational,Closed,ANL-015,2,34.6,FALSE,FALSE,SYNTHETIC_DEMO_DATA
INC-00001855,ALT-00003671,2026-03-15T09:35:31Z,2026-03-15T09:56:31Z,2026-03-15T10:02:31Z,2026-03-15T18:23:31Z,2026-03-15T23:53:31Z,2026-03-16T01:07:31Z,External Synthetic,Cloud Audit,AST-0154,RUL-016,Low,Closed,ANL-014,1,62.8,FALSE,TRUE,SYNTHETIC_DEMO_DATA
INC-00000597,ALT-00013708,2025-04-12T07:21:03Z,2025-04-12T08:51:03Z,2025-04-12T09:27:03Z,2025-04-12T09:40:03Z,2025-04-12T13:11:03Z,2025-04-12T15:06:03Z,EDY SIEM,Correlation Hub,AST-0240,RUL-005,Informational,Closed,,3,47.6,FALSE,FALSE,SYNTHETIC_DEMO_DATA
INC-00002118,ALT-00010819,2026-07-03T22:05:27Z,2026-07-03T22:22:27Z,2026-07-03T23:11:27Z,2026-07-03T23:43:27Z,2026-07-04T07:02:27Z,2026-07-04T07:43:27Z,EDY RECON,Exposure Intelligence,AST-0232,RUL-015,High,Closed,ANL-011,4,99.1,TRUE,FALSE,SYNTHETIC_DEMO_DATA
INC-00000404,ALT-00010399,2026-04-30T16:31:29Z,2026-04-30T16:37:29Z,2026-04-30T17:02:29Z,2026-04-30T20:00:29Z,2026-04-30T22:19:29Z,2026-04-30T23:03:29Z,External Synthetic,Cloud Audit,AST-0210,RUL-034,High,Closed,ANL-003,1,98.7,TRUE,FALSE,SYNTHETIC_DEMO_DATA
INC-00002266,ALT-00015130,2025-07-27T17:45:13Z,2025-07-27T18:12:13Z,2025-07-27T18:50:13Z,2025-07-27T19:37:13Z,2025-07-27T20:30:13Z,2025-07-28T04:02:13Z,EDY SIEM,Correlation Hub,AST-0028,RUL-023,Low,Closed,ANL-017,1,72.3,TRUE,FALSE,SYNTHETIC_DEMO_DATA
INC-00001273,ALT-00007756,2025-05-07T00:58:12Z,2025-05-07T01:20:12Z,2025-05-07T01:30:12Z,2025-05-07T02:34:12Z,2025-05-07T09:18:12Z,2025-05-07T19:16:12Z,External Synthetic,Network Sensor,AST-0223,RUL-028,Informational,Closed,ANL-001,1,36.7,FALSE,FALSE,SYNTHETIC_DEMO_DATA
INC-00001315,ALT-00010710,2026-02-25T08:11:44Z,2026-02-25T08:59:44Z,2026-02-25T09:05:44Z,2026-02-25T10:12:44Z,2026-02-25T19:03:44Z,2026-02-25T20:37:44Z,EDY Shield,Endpoint Integrity,AST-0134,RUL-005,Low,Closed,ANL-014,1,51.5,FALSE,FALSE,SYNTHETIC_DEMO_DATA
INC-00000913,ALT-00009339,2025-06-12T09:05:26Z,2025-06-12T10:01:26Z,2025-06-12T10:20:26Z,2025-06-12T13:44:26Z,2025-06-12T20:35:26Z,2025-06-13T06:09:26Z,External Synthetic,Network Sensor,AST-0150,RUL-024,Low,Closed,ANL-002,1,71.3,TRUE,FALSE,SYNTHETIC_DEMO_DATA
INC-00002918,ALT-00007536,2025-11-17T09:13:26Z,2025-11-17T09:28:26Z,2025-11-17T09:47:26Z,2025-11-17T15:34:26Z,2025-11-17T16:18:26Z,2025-11-18T02:32:26Z,External Synthetic,Cloud Audit,AST-0178,RUL-027,High,Closed,ANL-009,1,94.4,TRUE,FALSE,SYNTHETIC_DEMO_DATA
INC-00000299,ALT-00006655,2026-05-26T23:39:50Z,2026-05-26T23:59:50Z,2026-05-27T00:11:50Z,2026-05-27T01:30:50Z,2026-05-27T03:09:50Z,,EDY RECON,Exposure Intelligence,AST-0016,RUL-031,Medium,Resolved,ANL-017,1,70.1,FALSE,FALSE,SYNTHETIC_DEMO_DATA
INC-00001576,ALT-00007953,2026-06-17T10:58:36Z,2026-06-17T11:11:36Z,2026-06-17T11:29:36Z,2026-06-17T13:07:36Z,2026-06-17T16:15:36Z,2026-06-17T18:35:36Z,EDY Sentinel,Cloud Detection,AST-0221,RUL-023,Low,Closed,ANL-005,1,69.5,FALSE,FALSE,SYNTHETIC_DEMO_DATA
INC-00003175,ALT-00009959,2025-04-29T09:03:19Z,2025-04-29T09:30:19Z,2025-04-29T09:51:19Z,2025-04-29T11:23:19Z,2025-04-29T12:04:19Z,2025-04-29T15:09:19Z,External Synthetic,Cloud Audit,AST-0222,RUL-036,Low,Closed,ANL-008,4,63.8,FALSE,FALSE,SYNTHETIC_DEMO_DATA
INC-00002395,ALT-00013985,2025-07-03T18:48:46Z,2025-07-03T19:06:46Z,2025-07-03T19:35:46Z,2025-07-03T20:40:46Z,2025-07-04T00:28:46Z,,External Synthetic,Identity Provider,AST-0076,RUL-022,Low,Resolved,ANL-014,1,48.2,FALSE,FALSE,SYNTHETIC_DEMO_DATA
INC-00002629,ALT-00009575,2026-02-08T19:02:04Z,2026-02-08T19:29:04Z,2026-02-08T19:43:04Z,2026-02-08T22:02:04Z,2026-02-09T00:27:04Z,2026-02-09T04:39:04Z,External Synthetic,Identity Provider,AST-0030,RUL-025,Informational,Closed,ANL-013,1,50.3,TRUE,FALSE,SYNTHETIC_DEMO_DATA
INC-00001599,ALT-00000745,2026-07-21T14:33:09Z,2026-07-21T14:54:09Z,2026-07-21T15:11:09Z,,,,EDY SIEM,Correlation Hub,AST-0184,RUL-027,Informational,Active,ANL-005,0,34.7,FALSE,FALSE,SYNTHETIC_DEMO_DATA
INC-00001116,ALT-00012053,2025-03-25T16:54:32Z,2025-03-25T17:08:32Z,2025-03-25T17:56:32Z,2025-03-25T20:39:32Z,2025-03-25T23:24:32Z,2025-03-26T04:42:32Z,External Synthetic,Network Sensor,AST-0122,RUL-012,Low,Closed,ANL-003,1,63.6,FALSE,FALSE,SYNTHETIC_DEMO_DATA
INC-00000970,ALT-00015930,2026-03-08T19:07:25Z,2026-03-08T19:47:25Z,2026-03-08T20:59:25Z,2026-03-09T00:45:25Z,2026-03-09T10:48:25Z,2026-03-09T14:20:25Z,External Synthetic,Cloud Audit,AST-0017,RUL-002,Informational,Closed,ANL-016,1,27.8,FALSE,FALSE,SYNTHETIC_DEMO_DATA
INC-00003173,ALT-00000874,2026-03-03T10:43:30Z,2026-03-03T10:49:30Z,2026-03-03T11:23:30Z,2026-03-03T12:05:30Z,2026-03-03T16:25:30Z,2026-03-03T18:14:30Z,EDY Sentinel,Cloud Detection,AST-0169,RUL-041,Medium,Closed,ANL-005,2,66.0,FALSE,FALSE,SYNTHETIC_DEMO_DATA
INC-00002546,ALT-00014824,2026-06-12T10:22:01Z,2026-06-12T10:35:01Z,2026-06-12T10:52:01Z,2026-06-12T11:16:01Z,2026-06-12T19:10:01Z,,EDY Sentinel,Cloud Detection,AST-0128,RUL-043,High,Resolved,ANL-003,1,99.6,TRUE,FALSE,SYNTHETIC_DEMO_DATA
INC-00001436,ALT-00012801,2025-12-31T12:15:22Z,2025-12-31T12:45:22Z,2025-12-31T14:14:22Z,2025-12-31T14:22:22Z,2025-12-31T16:04:22Z,,EDY SIEM,Correlation Hub,AST-0166,RUL-042,High,Resolved,ANL-015,1,86.7,TRUE,FALSE,SYNTHETIC_DEMO_DATA
INC-00003016,ALT-00004216,2025-02-05T00:41:51Z,2025-02-05T00:48:51Z,2025-02-05T01:02:51Z,2025-02-05T02:00:51Z,2025-02-05T05:48:51Z,,External Synthetic,Identity Provider,AST-0240,RUL-026,Low,Resolved,ANL-005,4,58.1,FALSE,FALSE,SYNTHETIC_DEMO_DATA
INC-00000436,ALT-00005576,2026-02-21T08:06:13Z,2026-02-21T08:22:13Z,2026-02-21T08:40:13Z,2026-02-21T08:55:13Z,2026-02-21T09:57:13Z,2026-02-21T14:09:13Z,External Synthetic,Cloud Audit,AST-0183,RUL-007,High,Closed,ANL-013,1,91.4,TRUE,FALSE,SYNTHETIC_DEMO_DATA
INC-00000054,ALT-00010340,2026-06-14T16:18:57Z,2026-06-14T16:21:57Z,2026-06-14T16:52:57Z,2026-06-14T17:17:57Z,2026-06-15T01:03:57Z,2026-06-15T12:20:57Z,External Synthetic,Cloud Audit,AST-0096,RUL-029,Medium,Closed,ANL-004,4,74.2,FALSE,FALSE,SYNTHETIC_DEMO_DATA
INC-00001367,ALT-00013442,2026-07-27T11:22:21Z,2026-07-27T11:48:21Z,2026-07-27T12:09:21Z,2026-07-27T14:40:21Z,,,EDY Shield,Endpoint Integrity,AST-0069,RUL-024,Informational,Contained,ANL-009,0,43.8,FALSE,FALSE,SYNTHETIC_DEMO_DATA
INC-00002635,ALT-00012495,2025-07-18T13:40:05Z,2025-07-18T13:54:05Z,2025-07-18T14:04:05Z,2025-07-18T15:51:05Z,2025-07-18T16:58:05Z,2025-07-18T18:48:05Z,EDY Shield,Endpoint Integrity,AST-0088,RUL-016,Informational,Closed,ANL-007,1,40.6,FALSE,FALSE,SYNTHETIC_DEMO_DATA
INC-00002614,ALT-00000302,2025-04-23T13:12:46Z,2025-04-23T13:57:46Z,2025-04-23T14:10:46Z,2025-04-23T15:02:46Z,2025-04-23T17:53:46Z,2025-04-23T21:30:46Z,External Synthetic,Network Sensor,AST-0142,RUL-037,Informational,Closed,ANL-010,1,42.7,FALSE,FALSE,SYNTHETIC_DEMO_DATA
INC-00000361,ALT-00003242,2025-11-25T19:50:59Z,2025-11-25T20:55:59Z,2025-11-25T21:10:59Z,2025-11-25T21:38:59Z,2025-11-26T02:33:59Z,2025-11-26T05:52:59Z,EDY Sentinel,Cloud Detection,AST-0066,RUL-010,Low,Closed,ANL-014,2,51.0,FALSE,FALSE,SYNTHETIC_DEMO_DATA
INC-00001278,ALT-00006869,2025-04-19T10:14:20Z,2025-04-19T10:33:20Z,2025-04-19T10:37:20Z,2025-04-19T11:51:20Z,2025-04-19T16:37:20Z,,EDY SIEM,Correlation Hub,AST-0117,RUL-010,Informational,Resolved,ANL-002,1,21.0,FALSE,FALSE,SYNTHETIC_DEMO_DATA
INC-00002931,ALT-00016427,2026-02-18T13:24:03Z,2026-02-18T13:33:03Z,2026-02-18T14:13:03Z,2026-02-18T15:58:03Z,2026-02-18T17:16:03Z,2026-02-18T18:10:03Z,External Synthetic,Cloud Audit,AST-0130,RUL-009,Low,Closed,ANL-006,1,45.3,FALSE,FALSE,SYNTHETIC_DEMO_DATA
INC-00001379,ALT-00014507,2026-02-13T12:32:42Z,2026-02-13T12:38:42Z,2026-02-13T12:54:42Z,2026-02-13T16:28:42Z,2026-02-13T22:04:42Z,2026-02-14T07:14:42Z,External Synthetic,Identity Provider,AST-0082,RUL-027,Informational,Closed,ANL-015,1,45.2,FALSE,FALSE,SYNTHETIC_DEMO_DATA
INC-00000457,ALT-00010545,2026-02-27T08:21:02Z,2026-02-27T08:35:02Z,2026-02-27T08:53:02Z,2026-02-27T10:42:02Z,2026-02-27T14:26:02Z,,EDY RECON,Exposure Intelligence,AST-0139,RUL-044,Low,Resolved,ANL-008,2,45.7,FALSE,FALSE,SYNTHETIC_DEMO_DATA
INC-00001203,ALT-00014815,2026-02-25T19:00:45Z,2026-02-25T19:22:45Z,2026-02-25T19:45:45Z,2026-02-25T20:40:45Z,2026-02-26T01:29:45Z,2026-02-26T03:43:45Z,External Synthetic,Network Sensor,AST-0127,RUL-033,Informational,Closed,ANL-005,1,46.3,FALSE,FALSE,SYNTHETIC_DEMO_DATA
INC-00002113,ALT-00000299,2025-10-13T17:08:36Z,,,,,,EDY SIEM,Correlation Hub,AST-0012,RUL-042,Informational,New,ANL-007,0,36.6,FALSE,FALSE,SYNTHETIC_DEMO_DATA
INC-00003122,ALT-00004302,2025-02-22T11:49:26Z,2025-02-22T12:13:26Z,2025-02-22T12:23:26Z,2025-02-22T13:28:26Z,2025-02-22T15:01:26Z,2025-02-22T20:01:26Z,External Synthetic,Network Sensor,AST-0005,RUL-024,Informational,Closed,ANL-018,1,54.1,FALSE,FALSE,SYNTHETIC_DEMO_DATA
INC-00002276,ALT-00010651,2026-05-03T18:45:16Z,2026-05-03T18:58:16Z,2026-05-03T19:15:16Z,2026-05-04T00:17:16Z,2026-05-04T10:01:16Z,2026-05-04T17:24:16Z,EDY Shield,Endpoint Integrity,AST-0197,RUL-025,Informational,Closed,ANL-018,1,36.4,FALSE,FALSE,SYNTHETIC_DEMO_DATA
INC-00001429,ALT-00013139,2026-06-24T21:00:06Z,2026-06-24T21:17:06Z,2026-06-24T21:26:06Z,2026-06-24T22:25:06Z,2026-06-24T23:42:06Z,,EDY Shield,Endpoint Integrity,AST-0011,RUL-023,Critical,Resolved,ANL-011,3,100,TRUE,FALSE,SYNTHETIC_DEMO_DATA
INC-00002699,ALT-00002039,2026-01-28T00:38:38Z,2026-01-28T00:56:38Z,2026-01-28T01:11:38Z,2026-01-28T01:23:38Z,2026-01-28T02:25:38Z,2026-01-28T11:33:38Z,EDY Shield,Endpoint Integrity,AST-0105,RUL-007,Medium,Closed,ANL-011,1,72.8,FALSE,FALSE,SYNTHETIC_DEMO_DATA
INC-00000482,ALT-00007743,2026-07-27T00:34:17Z,2026-07-27T00:39:17Z,2026-07-27T00:56:17Z,2026-07-27T01:06:17Z,2026-07-27T01:52:17Z,2026-07-27T12:49:17Z,EDY SIEM,Correlation Hub,AST-0210,RUL-007,Critical,Closed,ANL-016,3,100,TRUE,FALSE,SYNTHETIC_DEMO_DATA
INC-00002002,ALT-00009293,2025-10-26T11:10:30Z,2025-10-26T11:35:30Z,2025-10-26T11:50:30Z,,,,External Synthetic,Cloud Audit,AST-0024,RUL-007,Low,Active,ANL-011,0,74.2,TRUE,FALSE,SYNTHETIC_DEMO_DATA
INC-00001121,ALT-00008497,2025-08-14T12:27:05Z,2025-08-14T13:16:05Z,2025-08-14T13:38:05Z,2025-08-14T14:22:05Z,2025-08-14T15:42:05Z,2025-08-14T19:44:05Z,EDY Sentinel,Cloud Detection,AST-0057,RUL-013,High,Closed,ANL-006,3,98.4,TRUE,FALSE,SYNTHETIC_DEMO_DATA
INC-00002061,ALT-00014250,2026-02-25T17:15:59Z,2026-02-25T17:31:59Z,2026-02-25T17:55:59Z,2026-02-25T20:48:59Z,2026-02-26T07:42:59Z,2026-02-26T09:44:59Z,EDY Sentinel,Cloud Detection,AST-0124,RUL-041,Informational,Closed,ANL-011,2,41.7,FALSE,FALSE,SYNTHETIC_DEMO_DATA
INC-00000176,ALT-00012690,2025-12-23T14:48:57Z,2025-12-23T15:01:57Z,2025-12-23T15:09:57Z,2025-12-23T16:10:57Z,2025-12-23T17:24:57Z,2025-12-23T22:22:57Z,EDY SIEM,Correlation Hub,AST-0192,RUL-024,Informational,Closed,ANL-012,1,48.5,TRUE,FALSE,SYNTHETIC_DEMO_DATA
INC-00002114,ALT-00009410,2026-01-02T08:35:32Z,2026-01-02T08:49:32Z,2026-01-02T09:06:32Z,2026-01-02T10:07:32Z,2026-01-02T11:58:32Z,2026-01-02T16:52:32Z,EDY Shield,Endpoint Integrity,AST-0022,RUL-013,Low,Closed,ANL-001,3,51.3,FALSE,FALSE,SYNTHETIC_DEMO_DATA
INC-00001657,ALT-00010186,2026-02-21T23:23:01Z,2026-02-21T23:50:01Z,2026-02-22T00:05:01Z,2026-02-22T00:41:01Z,2026-02-22T04:49:01Z,,EDY RECON,Exposure Intelligence,AST-0026,RUL-029,Low,Resolved,ANL-014,1,44.1,FALSE,FALSE,SYNTHETIC_DEMO_DATA
INC-00002069,ALT-00007450,2025-12-29T12:50:18Z,2025-12-29T13:04:18Z,2025-12-29T13:20:18Z,2025-12-29T17:32:18Z,2025-12-29T22:25:18Z,2025-12-30T06:26:18Z,External Synthetic,Network Sensor,AST-0193,RUL-042,Low,Closed,ANL-010,1,44.8,FALSE,FALSE,SYNTHETIC_DEMO_DATA
INC-00001332,ALT-00007926,2025-03-16T05:40:29Z,2025-03-16T05:56:29Z,2025-03-16T06:06:29Z,2025-03-16T11:34:29Z,2025-03-16T19:55:29Z,,EDY Sentinel,Cloud Detection,AST-0104,RUL-022,Informational,Resolved,ANL-002,3,45.9,FALSE,FALSE,SYNTHETIC_DEMO_DATA
INC-00001574,ALT-00003816,2026-04-04T12:54:31Z,2026-04-04T13:25:31Z,2026-04-04T13:30:31Z,2026-04-04T14:26:31Z,2026-04-05T01:33:31Z,2026-04-05T10:46:31Z,External Synthetic,Cloud Audit,AST-0204,RUL-030,Informational,Closed,ANL-018,1,45.9,FALSE,FALSE,SYNTHETIC_DEMO_DATA
INC-00001590,ALT-00016838,2026-03-24T15:07:50Z,2026-03-24T15:18:50Z,2026-03-24T15:28:50Z,2026-03-24T15:44:50Z,2026-03-24T18:36:50Z,2026-03-25T03:08:50Z,External Synthetic,Cloud Audit,AST-0203,RUL-024,Low,Closed,ANL-015,1,63.3,FALSE,TRUE,SYNTHETIC_DEMO_DATA
INC-00002913,ALT-00014018,2025-12-12T08:48:09Z,2025-12-12T08:53:09Z,2025-12-12T09:27:09Z,2025-12-12T13:12:09Z,2025-12-12T17:08:09Z,,External Synthetic,Cloud Audit,AST-0190,RUL-017,Low,Resolved,ANL-006,1,56.4,FALSE,FALSE,SYNTHETIC_DEMO_DATA
INC-00002994,ALT-00006843,2025-07-14T12:42:09Z,2025-07-14T13:22:09Z,2025-07-14T13:31:09Z,2025-07-14T15:18:09Z,2025-07-14T21:22:09Z,,EDY SIEM,Correlation Hub,AST-0051,RUL-010,Low,Resolved,ANL-015,1,62.0,FALSE,FALSE,SYNTHETIC_DEMO_DATA
INC-00000501,ALT-00005340,2025-04-04T21:34:16Z,2025-04-04T21:47:16Z,2025-04-04T22:25:16Z,2025-04-04T23:33:16Z,2025-04-05T02:10:16Z,2025-04-05T10:47:16Z,External Synthetic,Network Sensor,AST-0138,RUL-018,Low,Closed,ANL-006,1,57.7,FALSE,FALSE,SYNTHETIC_DEMO_DATA
INC-00002651,ALT-00004077,2025-06-16T21:15:32Z,,,,,,EDY Shield,Endpoint Integrity,AST-0002,RUL-042,Informational,New,ANL-003,0,53.9,TRUE,FALSE,SYNTHETIC_DEMO_DATA
INC-00001200,ALT-00003490,2026-04-24T15:31:05Z,2026-04-24T16:02:05Z,2026-04-24T16:11:05Z,2026-04-24T16:38:05Z,2026-04-25T06:38:05Z,2026-04-25T11:18:05Z,External Synthetic,Network Sensor,AST-0090,RUL-030,Medium,Closed,ANL-010,1,55.0,FALSE,FALSE,SYNTHETIC_DEMO_DATA
INC-00001252,ALT-00006456,2026-06-11T13:10:54Z,2026-06-11T13:13:54Z,2026-06-11T13:41:54Z,2026-06-11T13:50:54Z,2026-06-11T19:35:54Z,2026-06-12T00:50:54Z,EDY Sentinel,Cloud Detection,AST-0113,RUL-010,Informational,Closed,ANL-004,1,52.4,FALSE,FALSE,SYNTHETIC_DEMO_DATA
INC-00001578,ALT-00003069,2026-07-28T17:26:18Z,2026-07-28T17:49:18Z,2026-07-28T18:54:18Z,,,,EDY Sentinel,Cloud Detection,AST-0004,RUL-023,High,Active,ANL-011,0,93.0,TRUE,FALSE,SYNTHETIC_DEMO_DATA
INC-00002359,ALT-00015142,2025-06-15T08:49:16Z,2025-06-15T09:17:16Z,2025-06-15T09:41:16Z,2025-06-15T10:51:16Z,2025-06-15T11:36:16Z,2025-06-15T12:00:16Z,EDY Shield,Endpoint Integrity,AST-0009,RUL-035,Informational,Closed,ANL-013,1,24.9,FALSE,FALSE,SYNTHETIC_DEMO_DATA
INC-00003023,ALT-00005050,2025-12-04T06:34:36Z,2025-12-04T06:42:36Z,2025-12-04T06:51:36Z,2025-12-04T07:14:36Z,2025-12-04T08:09:36Z,2025-12-04T10:06:36Z,EDY RECON,Exposure Intelligence,AST-0123,RUL-011,Informational,Closed,ANL-009,1,42.1,FALSE,FALSE,SYNTHETIC_DEMO_DATA
INC-00001661,ALT-00009588,2025-05-05T06:10:38Z,2025-05-05T06:30:38Z,2025-05-05T06:49:38Z,2025-05-05T07:44:38Z,2025-05-05T10:50:38Z,2025-05-05T19:53:38Z,External Synthetic,Identity Provider,AST-0087,RUL-037,Informational,Closed,ANL-003,1,51.2,TRUE,FALSE,SYNTHETIC_DEMO_DATA
INC-00002322,ALT-00004705,2025-11-17T12:39:41Z,2025-11-17T15:16:41Z,2025-11-17T15:43:41Z,2025-11-17T16:12:41Z,2025-11-18T06:23:41Z,2025-11-18T10:43:41Z,EDY Sentinel,Cloud Detection,AST-0078,RUL-032,Low,Closed,ANL-003,1,61.4,FALSE,FALSE,SYNTHETIC_DEMO_DATA
INC-00002095,ALT-00009831,2026-04-15T07:37:13Z,2026-04-15T07:51:13Z,2026-04-15T08:08:13Z,2026-04-15T11:58:13Z,2026-04-15T23:17:13Z,2026-04-16T04:23:13Z,EDY RECON,Exposure Intelligence,AST-0144,RUL-037,Low,Closed,ANL-008,1,36.5,FALSE,FALSE,SYNTHETIC_DEMO_DATA
INC-00000279,ALT-00017990,2025-08-22T07:00:30Z,2025-08-22T08:11:30Z,2025-08-22T08:19:30Z,2025-08-22T13:03:30Z,2025-08-22T15:41:30Z,2025-08-22T22:05:30Z,EDY SIEM,Correlation Hub,AST-0220,RUL-043,Informational,Closed,ANL-011,1,34.3,FALSE,FALSE,SYNTHETIC_DEMO_DATA
INC-00002601,ALT-00014918,2026-03-10T09:58:20Z,2026-03-10T10:30:20Z,2026-03-10T11:29:20Z,2026-03-10T12:10:20Z,2026-03-10T16:09:20Z,2026-03-10T21:46:20Z,External Synthetic,Cloud Audit,AST-0117,RUL-016,Informational,Closed,ANL-011,3,26.7,FALSE,FALSE,SYNTHETIC_DEMO_DATA
INC-00001933,ALT-00005202,2026-03-03T11:31:58Z,2026-03-03T11:43:58Z,2026-03-03T11:50:58Z,2026-03-03T16:58:58Z,2026-03-03T18:48:58Z,2026-03-03T19:11:58Z,EDY SIEM,Correlation Hub,AST-0229,RUL-006,Informational,Closed,ANL-007,1,32.6,FALSE,FALSE,SYNTHETIC_DEMO_DATA
INC-00002579,ALT-00016251,2025-07-22T07:15:43Z,2025-07-22T07:40:43Z,2025-07-22T07:47:43Z,2025-07-22T08:45:43Z,2025-07-22T13:41:43Z,2025-07-22T20:48:43Z,External Synthetic,Identity Provider,AST-0226,RUL-042,Informational,Closed,ANL-003,1,42.9,FALSE,FALSE,SYNTHETIC_DEMO_DATA
INC-00000888,ALT-00011975,2025-12-05T20:40:06Z,2025-12-05T20:42:06Z,2025-12-05T21:07:06Z,2025-12-05T22:42:06Z,2025-12-06T02:42:06Z,,External Synthetic,Network Sensor,AST-0046,RUL-010,Critical,Resolved,ANL-018,2,100,TRUE,FALSE,SYNTHETIC_DEMO_DATA
INC-00001169,ALT-00005665,2025-05-25T12:19:59Z,2025-05-25T12:34:59Z,2025-05-25T13:35:59Z,2025-05-25T15:08:59Z,2025-05-27T12:49:59Z,2025-05-27T19:47:59Z,EDY Shield,Endpoint Integrity,AST-0023,RUL-023,Informational,Closed,ANL-009,1,47.6,FALSE,FALSE,SYNTHETIC_DEMO_DATA
INC-00002468,ALT-00011104,2025-08-15T17:12:42Z,2025-08-15T19:08:42Z,2025-08-15T19:12:42Z,,,,EDY Sentinel,Cloud Detection,AST-0174,RUL-036,Low,Active,ANL-007,0,50.0,FALSE,FALSE,SYNTHETIC_DEMO_DATA
INC-00002272,ALT-00017498,2026-06-11T14:56:28Z,2026-06-11T15:01:28Z,2026-06-11T15:23:28Z,2026-06-11T16:16:28Z,2026-06-11T19:00:28Z,2026-06-11T22:29:28Z,EDY Shield,Endpoint Integrity,AST-0074,RUL-012,Medium,Closed,ANL-012,3,63.2,FALSE,FALSE,SYNTHETIC_DEMO_DATA
INC-00000151,ALT-00016490,2026-06-10T09:12:33Z,2026-06-10T11:06:33Z,2026-06-10T11:30:33Z,2026-06-10T12:47:33Z,2026-06-10T14:43:33Z,,EDY Sentinel,Cloud Detection,AST-0144,RUL-033,Informational,Resolved,ANL-007,3,30.5,FALSE,FALSE,SYNTHETIC_DEMO_DATA
INC-00000196,ALT-00001559,2025-06-28T08:30:02Z,2025-06-28T08:45:02Z,2025-06-28T09:28:02Z,2025-06-28T10:44:02Z,2025-06-28T13:47:02Z,2025-06-28T21:44:02Z,EDY SIEM,Correlation Hub,AST-0052,RUL-044,Informational,Closed,ANL-016,1,34.0,FALSE,FALSE,SYNTHETIC_DEMO_DATA
INC-00001218,ALT-00005844,2025-09-26T09:52:09Z,2025-09-26T10:14:09Z,2025-09-26T10:41:09Z,2025-09-26T11:16:09Z,2025-09-26T13:27:09Z,2025-09-27T00:02:09Z,EDY RECON,Exposure Intelligence,AST-0205,RUL-044,Medium,Closed,ANL-010,3,64.3,FALSE,FALSE,SYNTHETIC_DEMO_DATA
INC-00001357,ALT-00006376,2025-12-18T15:08:41Z,2025-12-18T15:23:41Z,2025-12-18T16:12:41Z,2025-12-18T16:47:41Z,,,EDY RECON,Exposure Intelligence,AST-0176,RUL-039,Medium,Contained,ANL-009,0,77.2,FALSE,FALSE,SYNTHETIC_DEMO_DATA
INC-00001462,ALT-00008123,2026-03-26T12:59:27Z,2026-03-26T13:19:27Z,2026-03-26T13:51:27Z,2026-03-26T16:52:27Z,2026-03-27T00:27:27Z,2026-03-27T12:09:27Z,External Synthetic,Network Sensor,AST-0209,RUL-004,Informational,Closed,ANL-010,1,40.2,FALSE,FALSE,SYNTHETIC_DEMO_DATA
INC-00002438,ALT-00017524,2025-06-20T13:37:01Z,2025-06-20T13:47:01Z,2025-06-20T14:04:01Z,2025-06-20T17:18:01Z,2025-06-21T04:27:01Z,2025-06-21T04:46:01Z,EDY SIEM,Correlation Hub,AST-0005,RUL-006,Informational,Closed,ANL-018,3,50.9,FALSE,TRUE,SYNTHETIC_DEMO_DATA
INC-00000523,ALT-00014251,2025-02-25T15:48:08Z,2025-02-25T15:59:08Z,2025-02-25T16:21:08Z,2025-02-25T18:21:08Z,2025-02-26T00:03:08Z,2025-02-26T10:02:08Z,EDY Sentinel,Cloud Detection,AST-0055,RUL-031,High,Closed,ANL-016,1,99.5,TRUE,FALSE,SYNTHETIC_DEMO_DATA
INC-00001835,ALT-00015503,2026-04-29T06:19:53Z,2026-04-29T06:46:53Z,2026-04-29T07:02:53Z,2026-04-29T09:34:53Z,2026-04-29T15:11:53Z,2026-04-29T18:56:53Z,EDY SIEM,Correlation Hub,AST-0113,RUL-037,Informational,Closed,ANL-009,1,52.1,FALSE,FALSE,SYNTHETIC_DEMO_DATA
INC-00000194,ALT-00008993,2026-06-08T18:39:15Z,2026-06-08T18:51:15Z,2026-06-08T19:03:15Z,2026-06-08T21:13:15Z,2026-06-08T22:17:15Z,2026-06-09T04:54:15Z,EDY SIEM,Correlation Hub,AST-0224,RUL-028,Low,Closed,ANL-013,1,49.2,FALSE,FALSE,SYNTHETIC_DEMO_DATA
INC-00001317,ALT-00003342,2025-10-25T14:30:08Z,2025-10-25T15:14:08Z,2025-10-25T15:41:08Z,2025-10-25T16:04:08Z,2025-10-25T18:40:08Z,2025-10-26T01:06:08Z,EDY RECON,Exposure Intelligence,AST-0147,RUL-040,Medium,Closed,ANL-001,2,72.4,FALSE,FALSE,SYNTHETIC_DEMO_DATA
INC-00001113,ALT-00007238,2025-08-22T07:05:02Z,2025-08-22T07:40:02Z,2025-08-22T07:50:02Z,2025-08-22T09:18:02Z,2025-08-22T10:39:02Z,2025-08-22T17:54:02Z,EDY Sentinel,Cloud Detection,AST-0032,RUL-001,Low,Closed,ANL-006,1,65.5,FALSE,TRUE,SYNTHETIC_DEMO_DATA
INC-00002164,ALT-00003160,2026-04-24T11:05:00Z,2026-04-24T11:37:00Z,2026-04-24T11:57:00Z,2026-04-24T13:12:00Z,2026-04-24T15:44:00Z,2026-04-24T19:37:00Z,EDY Shield,Endpoint Integrity,AST-0096,RUL-028,Informational,Closed,ANL-010,1,48.1,FALSE,FALSE,SYNTHETIC_DEMO_DATA
INC-00000984,ALT-00001832,2025-08-21T17:19:36Z,2025-08-21T17:26:36Z,2025-08-21T17:56:36Z,2025-08-22T00:53:36Z,,,EDY Sentinel,Cloud Detection,AST-0231,RUL-043,Informational,Contained,ANL-008,0,44.9,FALSE,FALSE,SYNTHETIC_DEMO_DATA
INC-00001396,ALT-00017871,2025-05-21T00:24:23Z,2025-05-21T00:36:23Z,2025-05-21T01:57:23Z,2025-05-21T02:15:23Z,2025-05-21T17:14:23Z,2025-05-21T23:38:23Z,EDY RECON,Exposure Intelligence,AST-0003,RUL-042,Low,Closed,ANL-005,4,57.9,FALSE,FALSE,SYNTHETIC_DEMO_DATA
INC-00000656,ALT-00006518,2025-05-31T08:04:44Z,2025-05-31T08:18:44Z,2025-05-31T08:22:44Z,2025-05-31T09:28:44Z,2025-05-31T12:02:44Z,2025-05-31T22:14:44Z,External Synthetic,Network Sensor,AST-0143,RUL-019,Low,Closed,ANL-001,3,49.2,FALSE,FALSE,SYNTHETIC_DEMO_DATA
INC-00001539,ALT-00013486,2025-11-28T11:36:09Z,2025-11-28T12:27:09Z,2025-11-28T13:06:09Z,2025-11-28T14:31:09Z,2025-11-28T14:44:09Z,2025-11-28T18:45:09Z,EDY Shield,Endpoint Integrity,AST-0070,RUL-038,High,Closed,ANL-014,1,97.8,TRUE,FALSE,SYNTHETIC_DEMO_DATA
INC-00002572,ALT-00014994,2025-07-29T18:04:31Z,2025-07-29T18:33:31Z,2025-07-29T19:01:31Z,2025-07-29T20:01:31Z,2025-07-29T22:29:31Z,2025-07-30T01:52:31Z,External Synthetic,Cloud Audit,AST-0137,RUL-032,Low,Closed,ANL-017,2,53.1,FALSE,FALSE,SYNTHETIC_DEMO_DATA
INC-00000704,ALT-00008041,2025-10-07T20:25:37Z,2025-10-07T20:52:37Z,2025-10-07T21:30:37Z,2025-10-07T21:47:37Z,2025-10-07T23:55:37Z,2025-10-08T00:26:37Z,EDY SIEM,Correlation Hub,AST-0181,RUL-042,Low,Closed,ANL-007,1,66.5,TRUE,FALSE,SYNTHETIC_DEMO_DATA
INC-00002534,ALT-00013715,2025-04-01T12:27:45Z,2025-04-01T14:06:45Z,2025-04-01T14:18:45Z,2025-04-01T15:25:45Z,2025-04-01T18:44:45Z,2025-04-01T23:32:45Z,EDY SIEM,Correlation Hub,AST-0184,RUL-002,Medium,Closed,ANL-014,1,60.9,FALSE,FALSE,SYNTHETIC_DEMO_DATA
INC-00000070,ALT-00000245,2025-08-21T17:44:54Z,2025-08-21T17:55:54Z,2025-08-21T18:05:54Z,2025-08-21T20:29:54Z,2025-08-22T09:34:54Z,2025-08-22T12:13:54Z,EDY Sentinel,Cloud Detection,AST-0123,RUL-026,Low,Closed,ANL-017,1,59.6,FALSE,FALSE,SYNTHETIC_DEMO_DATA
INC-00000475,ALT-00017290,2026-05-07T11:17:01Z,2026-05-07T11:18:01Z,2026-05-07T11:43:01Z,2026-05-07T12:08:01Z,2026-05-07T13:32:01Z,2026-05-07T23:23:01Z,EDY Sentinel,Cloud Detection,AST-0111,RUL-035,Critical,Closed,ANL-011,1,100,TRUE,FALSE,SYNTHETIC_DEMO_DATA
INC-00000820,ALT-00009531,2026-07-24T18:35:45Z,2026-07-24T18:41:45Z,2026-07-24T19:01:45Z,,,,EDY Sentinel,Cloud Detection,AST-0199,RUL-019,High,Active,ANL-007,0,100,TRUE,FALSE,SYNTHETIC_DEMO_DATA
INC-00002627,ALT-00016756,2025-06-05T06:57:08Z,2025-06-05T07:26:08Z,2025-06-05T07:38:08Z,2025-06-05T12:39:08Z,2025-06-05T13:50:08Z,2025-06-05T23:10:08Z,EDY Sentinel,Cloud Detection,AST-0052,RUL-006,Medium,Closed,ANL-011,1,72.4,FALSE,FALSE,SYNTHETIC_DEMO_DATA
INC-00003195,ALT-00014466,2026-04-10T13:10:39Z,2026-04-10T14:25:39Z,2026-04-10T14:43:39Z,2026-04-10T15:11:39Z,2026-04-10T18:46:39Z,2026-04-11T04:57:39Z,EDY Sentinel,Cloud Detection,AST-0013,RUL-031,Informational,Closed,ANL-011,2,31.5,FALSE,FALSE,SYNTHETIC_DEMO_DATA
INC-00001347,ALT-00014310,2025-07-13T16:05:59Z,2025-07-13T16:14:59Z,2025-07-13T16:41:59Z,2025-07-13T17:43:59Z,2025-07-13T23:40:59Z,2025-07-14T03:02:59Z,External Synthetic,Network Sensor,AST-0087,RUL-024,Low,Closed,ANL-006,2,63.5,FALSE,FALSE,SYNTHETIC_DEMO_DATA
INC-00000936,ALT-00012928,2025-09-12T13:37:02Z,2025-09-12T14:13:02Z,2025-09-12T14:59:02Z,2025-09-12T17:24:02Z,2025-09-13T00:10:02Z,2025-09-13T01:52:02Z,External Synthetic,Network Sensor,AST-0084,RUL-004,Informational,Closed,ANL-002,3,42.3,FALSE,FALSE,SYNTHETIC_DEMO_DATA
INC-00000557,ALT-00007052,2025-05-29T10:46:16Z,2025-05-29T11:00:16Z,2025-05-29T12:09:16Z,2025-05-29T13:39:16Z,2025-05-29T14:07:16Z,2025-05-29T14:40:16Z,EDY SIEM,Correlation Hub,AST-0217,RUL-011,Informational,Closed,ANL-009,1,47.3,FALSE,FALSE,SYNTHETIC_DEMO_DATA
INC-00000775,ALT-00001381,2025-11-23T18:55:02Z,2025-11-23T19:11:02Z,2025-11-23T20:24:02Z,2025-11-24T01:39:02Z,2025-11-24T09:14:02Z,2025-11-24T14:02:02Z,EDY Sentinel,Cloud Detection,AST-0146,RUL-016,Informational,Closed,ANL-013,2,42.1,FALSE,FALSE,SYNTHETIC_DEMO_DATA
INC-00002748,ALT-00001191,2025-07-11T03:51:47Z,,,,,,External Synthetic,Identity Provider,AST-0010,RUL-015,Informational,New,ANL-008,0,46.3,FALSE,FALSE,SYNTHETIC_DEMO_DATA
INC-00002723,ALT-00008368,2025-08-17T17:34:54Z,2025-08-17T18:38:54Z,2025-08-17T18:50:54Z,2025-08-17T20:04:54Z,2025-08-18T09:33:54Z,2025-08-18T17:35:54Z,EDY SIEM,Correlation Hub,AST-0139,RUL-039,Low,Closed,ANL-004,1,42.5,FALSE,FALSE,SYNTHETIC_DEMO_DATA
INC-00001340,ALT-00003806,2026-06-26T07:11:41Z,2026-06-26T07:52:41Z,2026-06-26T08:04:41Z,2026-06-26T08:57:41Z,2026-06-26T09:31:41Z,2026-06-26T12:30:41Z,EDY SIEM,Correlation Hub,AST-0158,RUL-035,Low,Closed,ANL-001,1,62.4,FALSE,FALSE,SYNTHETIC_DEMO_DATA
INC-00000149,ALT-00000870,2026-02-20T11:03:34Z,2026-02-20T11:33:34Z,2026-02-20T12:14:34Z,2026-02-20T12:54:34Z,2026-02-20T13:36:34Z,2026-02-20T20:00:34Z,EDY Shield,Endpoint Integrity,AST-0071,RUL-035,Low,Closed,ANL-004,3,49.4,FALSE,FALSE,SYNTHETIC_DEMO_DATA
INC-00003064,ALT-00005713,2026-05-23T14:16:53Z,2026-05-23T14:29:53Z,2026-05-23T15:05:53Z,2026-05-23T16:21:53Z,2026-05-23T18:27:53Z,2026-05-24T01:47:53Z,EDY Shield,Endpoint Integrity,AST-0136,RUL-003,Informational,Closed,ANL-010,4,46.3,FALSE,FALSE,SYNTHETIC_DEMO_DATA
INC-00002626,ALT-00003723,2026-06-20T09:07:26Z,2026-06-20T09:29:26Z,2026-06-20T09:49:26Z,2026-06-20T10:52:26Z,2026-06-20T14:29:26Z,2026-06-20T21:36:26Z,External Synthetic,Network Sensor,AST-0047,RUL-018,Informational,Closed,ANL-016,1,36.7,FALSE,FALSE,SYNTHETIC_DEMO_DATA
INC-00002145,ALT-00001914,2025-06-03T00:21:49Z,2025-06-03T00:50:49Z,2025-06-03T01:27:49Z,2025-06-03T02:09:49Z,2025-06-03T04:42:49Z,2025-06-03T05:46:49Z,External Synthetic,Cloud Audit,AST-0067,RUL-019,Informational,Closed,ANL-017,3,45.6,TRUE,FALSE,SYNTHETIC_DEMO_DATA
INC-00002861,ALT-00004697,2026-04-17T17:05:51Z,2026-04-17T18:21:51Z,2026-04-17T18:34:51Z,2026-04-17T20:07:51Z,2026-04-17T21:20:51Z,2026-04-18T06:33:51Z,External Synthetic,Cloud Audit,AST-0185,RUL-011,Informational,Closed,ANL-009,2,50.7,FALSE,FALSE,SYNTHETIC_DEMO_DATA
INC-00002666,ALT-00001860,2025-03-05T09:55:54Z,2025-03-05T10:26:54Z,2025-03-05T10:48:54Z,2025-03-05T12:47:54Z,2025-03-05T21:25:54Z,2025-03-06T09:19:54Z,EDY Sentinel,Cloud Detection,AST-0115,RUL-003,Low,Closed,ANL-007,3,53.1,FALSE,FALSE,SYNTHETIC_DEMO_DATA
INC-00001008,ALT-00004550,2026-02-11T08:01:17Z,2026-02-11T08:14:17Z,2026-02-11T08:35:17Z,2026-02-11T11:53:17Z,2026-02-12T04:14:17Z,2026-02-12T08:08:17Z,External Synthetic,Cloud Audit,AST-0013,RUL-024,Informational,Closed,ANL-002,1,28.2,FALSE,FALSE,SYNTHETIC_DEMO_DATA
INC-00002660,ALT-00001741,2026-06-11T23:47:58Z,2026-06-11T23:53:58Z,2026-06-12T00:18:58Z,,,,External Synthetic,Cloud Audit,AST-0152,RUL-034,Medium,Active,ANL-014,0,64.7,FALSE,FALSE,SYNTHETIC_DEMO_DATA
INC-00000031,ALT-00005940,2026-05-08T22:31:39Z,2026-05-08T22:54:39Z,2026-05-08T23:41:39Z,2026-05-09T01:08:39Z,2026-05-09T02:25:39Z,2026-05-09T13:34:39Z,EDY SIEM,Correlation Hub,AST-0174,RUL-041,Low,Closed,ANL-002,3,56.0,FALSE,FALSE,SYNTHETIC_DEMO_DATA
INC-00002897,ALT-00006838,2026-03-10T05:34:09Z,2026-03-10T06:07:09Z,2026-03-10T06:17:09Z,2026-03-10T07:21:09Z,2026-03-10T10:04:09Z,2026-03-10T20:31:09Z,EDY Sentinel,Cloud Detection,AST-0240,RUL-045,Informational,Closed,ANL-009,1,46.5,FALSE,FALSE,SYNTHETIC_DEMO_DATA
INC-00001439,ALT-00007274,2026-01-01T12:20:13Z,2026-01-01T12:26:13Z,2026-01-01T12:36:13Z,2026-01-01T15:37:13Z,2026-01-01T17:38:13Z,2026-01-01T23:43:13Z,EDY Sentinel,Cloud Detection,AST-0061,RUL-030,Low,Closed,ANL-010,4,51.3,FALSE,FALSE,SYNTHETIC_DEMO_DATA
INC-00002893,ALT-00000711,2025-03-17T22:42:45Z,2025-03-17T23:29:45Z,2025-03-17T23:36:45Z,2025-03-18T00:28:45Z,2025-03-18T06:13:45Z,2025-03-18T16:56:45Z,External Synthetic,Network Sensor,AST-0119,RUL-004,Medium,Closed,ANL-003,3,84.8,TRUE,FALSE,SYNTHETIC_DEMO_DATA
INC-00000100,ALT-00007155,2025-10-23T13:33:37Z,2025-10-23T13:38:37Z,2025-10-23T14:15:37Z,2025-10-23T21:19:37Z,2025-10-24T02:45:37Z,2025-10-24T07:33:37Z,EDY SIEM,Correlation Hub,AST-0102,RUL-023,Informational,Closed,ANL-004,3,40.4,FALSE,FALSE,SYNTHETIC_DEMO_DATA
INC-00002551,ALT-00015992,2025-10-04T16:05:19Z,2025-10-04T16:15:19Z,2025-10-04T16:20:19Z,2025-10-04T16:57:19Z,2025-10-04T23:07:19Z,2025-10-05T04:40:19Z,EDY RECON,Exposure Intelligence,AST-0211,RUL-035,Low,Closed,ANL-002,1,42.7,FALSE,FALSE,SYNTHETIC_DEMO_DATA
INC-00001253,ALT-00002708,2025-10-23T14:13:06Z,2025-10-23T14:27:06Z,2025-10-23T14:45:06Z,2025-10-23T15:39:06Z,2025-10-23T16:36:06Z,2025-10-24T00:18:06Z,External Synthetic,Network Sensor,AST-0036,RUL-003,Medium,Closed,ANL-017,1,51.1,FALSE,FALSE,SYNTHETIC_DEMO_DATA
INC-00002702,ALT-00012688,2026-02-06T18:38:36Z,2026-02-06T20:15:36Z,2026-02-06T20:34:36Z,2026-02-06T21:15:36Z,2026-02-07T00:04:36Z,2026-02-07T05:36:36Z,EDY Sentinel,Cloud Detection,AST-0117,RUL-004,Medium,Closed,ANL-008,1,59.8,FALSE,FALSE,SYNTHETIC_DEMO_DATA
INC-00000825,ALT-00012250,2025-09-27T18:27:48Z,2025-09-27T18:41:48Z,2025-09-27T19:26:48Z,2025-09-27T21:41:48Z,2025-09-28T00:32:48Z,2025-09-28T01:18:48Z,EDY Shield,Endpoint Integrity,AST-0059,RUL-037,Informational,Closed,ANL-005,1,57.8,TRUE,FALSE,SYNTHETIC_DEMO_DATA
INC-00001478,ALT-00001766,2026-05-07T15:14:58Z,2026-05-07T15:21:58Z,2026-05-07T15:33:58Z,2026-05-07T16:09:58Z,2026-05-07T17:48:58Z,2026-05-07T19:42:58Z,External Synthetic,Network Sensor,AST-0122,RUL-041,High,Closed,ANL-009,1,100,TRUE,FALSE,SYNTHETIC_DEMO_DATA
INC-00002820,ALT-00004482,2025-03-07T23:43:28Z,2025-03-07T23:54:28Z,2025-03-08T00:39:28Z,2025-03-08T03:37:28Z,2025-03-08T04:57:28Z,,EDY SIEM,Correlation Hub,AST-0110,RUL-031,Informational,Resolved,ANL-008,2,41.4,FALSE,FALSE,SYNTHETIC_DEMO_DATA
INC-00003139,ALT-00002415,2026-03-18T16:15:48Z,2026-03-18T17:53:48Z,2026-03-18T18:23:48Z,2026-03-18T19:00:48Z,2026-03-18T19:52:48Z,2026-03-19T01:08:48Z,EDY RECON,Exposure Intelligence,AST-0218,RUL-034,Informational,Closed,ANL-007,1,40.5,FALSE,FALSE,SYNTHETIC_DEMO_DATA
INC-00002222,ALT-00005646,2026-04-23T12:20:49Z,2026-04-23T12:39:49Z,2026-04-23T12:51:49Z,2026-04-23T14:59:49Z,2026-04-23T16:25:49Z,2026-04-24T01:19:49Z,EDY SIEM,Correlation Hub,AST-0144,RUL-024,Low,Closed,ANL-001,1,56.4,TRUE,FALSE,SYNTHETIC_DEMO_DATA
INC-00000160,ALT-00008580,2025-05-17T11:35:06Z,2025-05-17T12:02:06Z,2025-05-17T12:26:06Z,2025-05-17T14:46:06Z,2025-05-18T05:19:06Z,2025-05-18T12:37:06Z,External Synthetic,Identity Provider,AST-0130,RUL-006,Informational,Closed,ANL-016,1,27.4,FALSE,FALSE,SYNTHETIC_DEMO_DATA
INC-00001721,ALT-00003469,2026-05-31T17:51:19Z,2026-05-31T18:08:19Z,2026-05-31T18:31:19Z,2026-05-31T19:07:19Z,2026-05-31T20:28:19Z,2026-06-01T03:41:19Z,EDY Shield,Endpoint Integrity,AST-0187,RUL-034,Low,Closed,ANL-016,1,55.9,FALSE,FALSE,SYNTHETIC_DEMO_DATA
INC-00002167,ALT-00008617,2025-04-30T16:41:18Z,2025-04-30T16:58:18Z,2025-04-30T17:09:18Z,2025-04-30T18:15:18Z,2025-05-01T01:50:18Z,2025-05-01T09:34:18Z,EDY SIEM,Correlation Hub,AST-0183,RUL-032,Medium,Closed,ANL-009,1,75.2,TRUE,FALSE,SYNTHETIC_DEMO_DATA
INC-00000256,ALT-00003518,2025-12-18T14:27:46Z,2025-12-18T15:06:46Z,2025-12-18T15:15:46Z,2025-12-18T15:46:46Z,2025-12-19T16:04:46Z,,External Synthetic,Network Sensor,AST-0176,RUL-005,Informational,Resolved,ANL-010,3,51.1,FALSE,FALSE,SYNTHETIC_DEMO_DATA
INC-00001362,ALT-00008921,2025-03-03T07:19:23Z,2025-03-03T07:32:23Z,2025-03-03T07:47:23Z,2025-03-03T08:30:23Z,2025-03-03T09:54:23Z,2025-03-03T20:08:23Z,EDY RECON,Exposure Intelligence,AST-0045,RUL-041,Low,Closed,ANL-009,1,39.8,FALSE,FALSE,SYNTHETIC_DEMO_DATA
INC-00000099,ALT-00011208,2025-03-25T21:14:37Z,2025-03-25T21:34:37Z,2025-03-25T21:48:37Z,2025-03-25T23:07:37Z,2025-03-26T00:14:37Z,2025-03-26T02:42:37Z,External Synthetic,Identity Provider,AST-0078,RUL-023,High,Closed,ANL-014,1,100,TRUE,FALSE,SYNTHETIC_DEMO_DATA
INC-00002843,ALT-00017985,2025-02-02T21:48:30Z,2025-02-02T22:19:30Z,2025-02-02T22:28:30Z,2025-02-03T00:04:30Z,2025-02-03T01:58:30Z,2025-02-03T07:31:30Z,External Synthetic,Cloud Audit,AST-0100,RUL-039,Medium,Closed,ANL-011,1,74.2,FALSE,FALSE,SYNTHETIC_DEMO_DATA
INC-00000382,ALT-00012445,2026-03-13T16:00:26Z,2026-03-13T16:21:26Z,2026-03-13T16:42:26Z,2026-03-13T17:32:26Z,2026-03-13T19:07:26Z,2026-03-14T01:59:26Z,External Synthetic,Network Sensor,AST-0046,RUL-029,Low,Closed,ANL-011,3,62.6,FALSE,FALSE,SYNTHETIC_DEMO_DATA
INC-00000095,ALT-00009637,2025-03-27T20:07:14Z,2025-03-27T20:14:14Z,2025-03-27T20:49:14Z,2025-03-27T21:48:14Z,2025-03-27T23:20:14Z,2025-03-28T02:18:14Z,EDY Shield,Endpoint Integrity,AST-0114,RUL-023,High,Closed,ANL-006,3,97.4,TRUE,FALSE,SYNTHETIC_DEMO_DATA
INC-00001706,ALT-00000700,2026-01-28T11:20:57Z,2026-01-28T12:03:57Z,2026-01-28T12:18:57Z,2026-01-28T14:09:57Z,2026-01-28T17:41:57Z,2026-01-29T05:06:57Z,EDY SIEM,Correlation Hub,AST-0239,RUL-005,Medium,Closed,ANL-014,1,84.6,FALSE,FALSE,SYNTHETIC_DEMO_DATA
INC-00002714,ALT-00005437,2026-05-21T11:30:00Z,2026-05-21T11:42:00Z,2026-05-21T12:07:00Z,2026-05-21T12:54:00Z,2026-05-21T14:12:00Z,2026-05-21T17:04:00Z,EDY Sentinel,Cloud Detection,AST-0152,RUL-023,Low,Closed,ANL-013,1,49.2,FALSE,FALSE,SYNTHETIC_DEMO_DATA
INC-00000764,ALT-00002957,2026-07-19T08:45:20Z,2026-07-19T09:09:20Z,2026-07-19T09:58:20Z,,,,External Synthetic,Cloud Audit,AST-0009,RUL-035,Informational,Active,ANL-018,0,29.7,FALSE,FALSE,SYNTHETIC_DEMO_DATA
INC-00000210,ALT-00012554,2025-06-14T17:36:00Z,2025-06-14T17:55:00Z,2025-06-14T18:22:00Z,2025-06-14T21:53:00Z,2025-06-15T10:04:00Z,2025-06-15T11:47:00Z,External Synthetic,Cloud Audit,AST-0198,RUL-016,Informational,Closed,ANL-008,1,28.5,FALSE,FALSE,SYNTHETIC_DEMO_DATA
INC-00000683,ALT-00008265,2026-06-08T06:53:34Z,2026-06-08T07:55:34Z,2026-06-08T08:03:34Z,,,,EDY Sentinel,Cloud Detection,AST-0230,RUL-038,Informational,Active,ANL-009,0,49.9,FALSE,FALSE,SYNTHETIC_DEMO_DATA
INC-00001482,ALT-00012568,2025-09-12T07:54:28Z,2025-09-12T08:15:28Z,2025-09-12T08:39:28Z,2025-09-12T10:39:28Z,2025-09-12T14:26:28Z,2025-09-12T16:40:28Z,External Synthetic,Network Sensor,AST-0062,RUL-033,Informational,Closed,ANL-014,2,28.9,FALSE,FALSE,SYNTHETIC_DEMO_DATA
INC-00001427,ALT-00009303,2025-07-15T17:40:37Z,2025-07-15T17:58:37Z,2025-07-15T18:19:37Z,2025-07-15T21:35:37Z,2025-07-15T23:54:37Z,2025-07-16T06:26:37Z,EDY Shield,Endpoint Integrity,AST-0065,RUL-021,Informational,Closed,ANL-003,2,37.7,FALSE,FALSE,SYNTHETIC_DEMO_DATA
INC-00001664,ALT-00001179,2025-06-07T23:24:41Z,2025-06-07T23:31:41Z,2025-06-07T23:45:41Z,2025-06-08T00:33:41Z,2025-06-08T05:35:41Z,2025-06-08T11:47:41Z,EDY Shield,Endpoint Integrity,AST-0053,RUL-017,Medium,Closed,ANL-002,2,66.8,FALSE,FALSE,SYNTHETIC_DEMO_DATA
INC-00000628,ALT-00004403,2025-02-23T14:38:42Z,2025-02-23T15:31:42Z,2025-02-23T15:58:42Z,2025-02-23T17:02:42Z,2025-02-23T18:18:42Z,2025-02-23T22:44:42Z,EDY Shield,Endpoint Integrity,AST-0182,RUL-011,Low,Closed,ANL-017,1,54.8,FALSE,FALSE,SYNTHETIC_DEMO_DATA
INC-00000618,ALT-00009117,2026-05-29T10:27:47Z,2026-05-29T10:37:47Z,2026-05-29T11:04:47Z,2026-05-29T13:42:47Z,2026-05-30T00:13:47Z,2026-05-30T10:53:47Z,External Synthetic,Identity Provider,AST-0179,RUL-011,Informational,Closed,ANL-014,1,27.3,FALSE,FALSE,SYNTHETIC_DEMO_DATA
INC-00001838,ALT-00014259,2026-01-11T06:25:15Z,2026-01-11T06:32:15Z,2026-01-11T07:05:15Z,,,,External Synthetic,Identity Provider,AST-0003,RUL-006,Medium,Active,ANL-008,0,65.4,FALSE,FALSE,SYNTHETIC_DEMO_DATA
INC-00002128,ALT-00012179,2025-10-29T17:14:30Z,2025-10-29T17:43:30Z,2025-10-29T18:03:30Z,2025-10-29T21:25:30Z,2025-10-30T00:25:30Z,2025-10-30T06:06:30Z,EDY SIEM,Correlation Hub,AST-0025,RUL-005,Informational,Closed,ANL-010,3,33.8,FALSE,FALSE,SYNTHETIC_DEMO_DATA
INC-00001400,ALT-00009239,2025-12-26T13:50:25Z,2025-12-26T14:55:25Z,2025-12-26T15:06:25Z,2025-12-26T16:17:25Z,2025-12-26T17:52:25Z,2025-12-27T01:29:25Z,EDY RECON,Exposure Intelligence,AST-0223,RUL-010,Medium,Closed,ANL-014,1,65.4,FALSE,FALSE,SYNTHETIC_DEMO_DATA
INC-00001424,ALT-00013637,2026-06-05T01:03:42Z,2026-06-05T02:45:42Z,2026-06-05T03:03:42Z,,,,External Synthetic,Cloud Audit,AST-0105,RUL-014,Medium,ativo,ANL-008,0,73.3,FALSE,FALSE,SYNTHETIC_DEMO_DATA
INC-00000555,ALT-00001763,2025-02-19T17:24:05Z,2025-02-19T17:39:05Z,2025-02-19T17:57:05Z,2025-02-19T20:42:05Z,2025-02-19T22:18:05Z,,External Synthetic,Network Sensor,AST-0166,RUL-029,Informational,Resolved,ANL-005,3,35.5,FALSE,FALSE,SYNTHETIC_DEMO_DATA
INC-00002836,ALT-00016682,2025-03-30T05:50:01Z,2025-03-30T06:10:01Z,2025-03-30T06:40:01Z,2025-03-30T08:15:01Z,2025-03-30T11:14:01Z,,External Synthetic,Identity Provider,AST-0169,RUL-028,Informational,Resolved,ANL-004,2,42.1,FALSE,FALSE,SYNTHETIC_DEMO_DATA
INC-00002990,ALT-00006302,2025-12-01T13:43:35Z,2025-12-01T14:14:35Z,2025-12-01T14:19:35Z,2025-12-01T14:52:35Z,2025-12-01T17:00:35Z,2025-12-01T23:14:35Z,EDY SIEM,Correlation Hub,AST-0093,RUL-013,High,Closed,ANL-009,3,98.8,TRUE,FALSE,SYNTHETIC_DEMO_DATA
INC-00001011,ALT-00006293,2026-06-25T09:41:48Z,2026-06-25T10:13:48Z,2026-06-25T11:05:48Z,2026-06-25T12:25:48Z,,,EDY Shield,Endpoint Integrity,AST-0076,RUL-042,Informational,Contained,ANL-017,0,36.4,FALSE,FALSE,SYNTHETIC_DEMO_DATA
INC-00001165,ALT-00003215,2026-04-20T11:41:30Z,2026-04-20T12:04:30Z,2026-04-20T12:34:30Z,,,,External Synthetic,Network Sensor,AST-0031,RUL-029,Informational,Active,ANL-001,0,34.3,FALSE,FALSE,SYNTHETIC_DEMO_DATA
INC-00001001,ALT-00008278,2026-06-01T14:10:22Z,2026-06-01T14:33:22Z,2026-06-01T15:22:22Z,2026-06-01T16:26:22Z,2026-06-01T18:10:22Z,2026-06-02T02:35:22Z,External Synthetic,Cloud Audit,AST-0030,RUL-010,Low,Closed,ANL-016,1,66.2,TRUE,FALSE,SYNTHETIC_DEMO_DATA
INC-00000879,ALT-00010853,2025-02-13T13:57:04Z,2025-02-13T14:59:04Z,2025-02-13T15:18:04Z,2025-02-13T17:56:04Z,2025-02-14T06:37:04Z,2025-02-14T16:45:04Z,EDY Shield,Endpoint Integrity,AST-0137,RUL-021,Low,Closed,ANL-006,1,56.1,FALSE,FALSE,SYNTHETIC_DEMO_DATA
INC-00000147,ALT-00014563,2025-03-15T22:25:00Z,2025-03-15T22:51:00Z,2025-03-15T23:16:00Z,2025-03-16T01:55:00Z,2025-03-16T14:35:00Z,2025-03-16T21:13:00Z,EDY RECON,Exposure Intelligence,AST-0218,RUL-042,Informational,Closed,ANL-017,1,35.5,FALSE,FALSE,SYNTHETIC_DEMO_DATA
INC-00003142,ALT-00003370,2025-08-22T11:10:30Z,2025-08-22T11:17:30Z,2025-08-22T11:38:30Z,2025-08-22T12:59:30Z,2025-08-22T19:10:30Z,2025-08-23T05:55:30Z,EDY SIEM,Correlation Hub,AST-0039,RUL-035,Informational,Closed,ANL-004,2,33.8,FALSE,FALSE,SYNTHETIC_DEMO_DATA
INC-00000607,ALT-00002914,2025-04-23T16:23:19Z,2025-04-23T16:58:19Z,2025-04-23T17:13:19Z,2025-04-23T19:39:19Z,2025-04-23T21:16:19Z,2025-04-23T22:28:19Z,External Synthetic,Cloud Audit,AST-0190,RUL-043,Low,Closed,ANL-002,1,62.8,FALSE,FALSE,SYNTHETIC_DEMO_DATA
INC-00000619,ALT-00006096,2025-11-24T12:17:17Z,2025-11-24T12:31:17Z,2025-11-24T12:41:17Z,2025-11-24T14:23:17Z,2025-11-24T15:24:17Z,2025-11-24T18:47:17Z,External Synthetic,Cloud Audit,AST-0160,RUL-026,High,Closed,ANL-010,2,93.5,TRUE,FALSE,SYNTHETIC_DEMO_DATA
INC-00002089,ALT-00010488,2025-07-16T10:27:24Z,2025-07-16T11:30:24Z,2025-07-16T11:40:24Z,2025-07-16T13:25:24Z,2025-07-16T20:09:24Z,2025-07-17T06:56:24Z,EDY SIEM,Correlation Hub,AST-0091,RUL-022,Informational,Closed,ANL-013,1,39.6,FALSE,FALSE,SYNTHETIC_DEMO_DATA
INC-00002336,ALT-00002997,2025-09-02T11:03:12Z,2025-09-02T11:24:12Z,2025-09-02T11:38:12Z,2025-09-02T19:05:12Z,2025-09-02T20:04:12Z,2025-09-03T07:37:12Z,External Synthetic,Network Sensor,AST-0076,RUL-044,Low,Closed,ANL-013,1,43.6,FALSE,FALSE,SYNTHETIC_DEMO_DATA
INC-00000222,ALT-00001592,2026-06-01T15:02:24Z,2026-06-01T15:23:24Z,2026-06-01T16:02:24Z,2026-06-01T16:53:24Z,2026-06-02T02:51:24Z,2026-06-02T14:21:24Z,EDY RECON,Exposure Intelligence,AST-0090,RUL-002,Informational,Closed,ANL-014,1,25.2,FALSE,FALSE,SYNTHETIC_DEMO_DATA
INC-00002510,ALT-00015707,2025-08-05T16:51:08Z,2025-08-05T17:42:08Z,2025-08-05T18:43:08Z,2025-08-05T19:09:08Z,2025-08-06T05:02:08Z,,EDY Sentinel,Cloud Detection,AST-0227,RUL-019,Informational,Resolved,ANL-018,1,41.4,FALSE,FALSE,SYNTHETIC_DEMO_DATA
INC-00002884,ALT-00003590,2025-08-06T11:23:55Z,2025-08-06T12:41:55Z,2025-08-06T13:09:55Z,2025-08-06T14:36:55Z,2025-08-07T19:04:55Z,,External Synthetic,Cloud Audit,AST-0056,RUL-045,Informational,Resolved,ANL-010,3,37.6,FALSE,FALSE,SYNTHETIC_DEMO_DATA
INC-00001675,ALT-00009002,2025-08-17T15:10:58Z,2025-08-17T15:27:58Z,2025-08-17T15:42:58Z,2025-08-17T17:02:58Z,2025-08-17T18:56:58Z,2025-08-17T21:31:58Z,EDY SIEM,Correlation Hub,AST-0228,RUL-027,Low,Closed,ANL-014,1,56.9,FALSE,FALSE,SYNTHETIC_DEMO_DATA
INC-00002319,ALT-00001214,2025-03-14T20:10:29Z,2025-03-14T21:21:29Z,2025-03-14T21:36:29Z,2025-03-14T22:29:29Z,2025-03-15T01:59:29Z,2025-03-15T04:54:29Z,EDY Sentinel,Cloud Detection,AST-0240,RUL-011,Medium,Closed,ANL-007,1,70.6,FALSE,FALSE,SYNTHETIC_DEMO_DATA
INC-00002391,ALT-00000672,2025-12-17T12:24:41Z,2025-12-17T12:31:41Z,2025-12-17T13:54:41Z,2025-12-17T15:10:41Z,2025-12-17T17:16:41Z,,External Synthetic,Cloud Audit,AST-0240,RUL-004,High,Resolved,ANL-008,4,100,TRUE,FALSE,SYNTHETIC_DEMO_DATA
INC-00002953,ALT-00006311,2025-02-23T19:34:30Z,2025-02-23T20:00:30Z,2025-02-23T20:10:30Z,2025-02-23T23:19:30Z,2025-02-24T02:53:30Z,2025-02-24T11:42:30Z,External Synthetic,Identity Provider,AST-0217,RUL-006,Informational,Closed,ANL-013,1,46.1,FALSE,FALSE,SYNTHETIC_DEMO_DATA
INC-00000129,ALT-00010434,2025-06-26T13:20:04Z,2025-06-26T13:27:04Z,2025-06-26T13:37:04Z,2025-06-26T14:54:04Z,2025-06-26T16:17:04Z,2025-06-27T02:15:04Z,EDY Sentinel,Cloud Detection,AST-0116,RUL-018,Low,Closed,ANL-018,1,43.5,FALSE,FALSE,SYNTHETIC_DEMO_DATA
INC-00001728,ALT-00016466,2025-07-03T20:36:18Z,2025-07-03T20:58:18Z,2025-07-03T21:19:18Z,2025-07-03T22:24:18Z,2025-07-04T02:09:18Z,,EDY Shield,Endpoint Integrity,AST-0060,RUL-013,Informational,Resolved,ANL-002,1,47.3,FALSE,FALSE,SYNTHETIC_DEMO_DATA
INC-00003180,ALT-00016564,2025-09-14T14:32:06Z,2025-09-14T14:44:06Z,2025-09-14T15:55:06Z,2025-09-14T16:19:06Z,2025-09-14T18:01:06Z,2025-09-15T04:26:06Z,External Synthetic,Cloud Audit,AST-0086,RUL-042,Medium,Closed,ANL-010,1,78.3,FALSE,TRUE,SYNTHETIC_DEMO_DATA
INC-00000029,ALT-00015359,2025-04-10T08:15:58Z,2025-04-10T08:42:58Z,2025-04-10T09:02:58Z,2025-04-10T10:03:58Z,2025-04-10T12:54:58Z,2025-04-11T00:14:58Z,EDY RECON,Exposure Intelligence,AST-0078,RUL-036,Low,Closed,ANL-016,1,59.3,FALSE,FALSE,SYNTHETIC_DEMO_DATA
INC-00000549,ALT-00016386,2025-10-09T20:19:28Z,2025-10-09T20:27:28Z,2025-10-09T21:10:28Z,2025-10-09T22:12:28Z,2025-10-10T03:28:28Z,,EDY SIEM,Correlation Hub,AST-0086,RUL-042,Informational,Resolved,ANL-011,1,49.3,FALSE,FALSE,SYNTHETIC_DEMO_DATA
INC-00003037,ALT-00009863,2025-02-10T23:18:50Z,2025-02-10T23:41:50Z,2025-02-11T00:21:50Z,2025-02-11T05:53:50Z,2025-02-11T07:55:50Z,2025-02-11T18:33:50Z,External Synthetic,Identity Provider,AST-0154,RUL-034,Informational,Closed,ANL-001,3,44.7,FALSE,FALSE,SYNTHETIC_DEMO_DATA
INC-00001494,ALT-00002920,2025-10-12T16:00:53Z,2025-10-12T16:38:53Z,2025-10-12T17:39:53Z,2025-10-12T20:50:53Z,2025-10-12T23:09:53Z,2025-10-13T07:51:53Z,EDY Sentinel,Cloud Detection,AST-0230,RUL-016,Medium,Closed,ANL-004,1,81.4,FALSE,FALSE,SYNTHETIC_DEMO_DATA
INC-00001773,ALT-00010735,2026-05-13T15:05:59Z,2026-05-13T15:14:59Z,2026-05-13T16:33:59Z,2026-05-13T16:42:59Z,2026-05-14T00:40:59Z,2026-05-14T05:12:59Z,External Synthetic,Network Sensor,AST-0050,RUL-028,Informational,Closed,ANL-011,1,49.8,FALSE,FALSE,SYNTHETIC_DEMO_DATA
INC-00001422,ALT-00004246,2025-06-17T10:23:02Z,2025-06-17T10:27:02Z,2025-06-17T10:33:02Z,,,,External Synthetic,Cloud Audit,AST-0125,RUL-036,High,Active,ANL-005,0,92.0,TRUE,FALSE,SYNTHETIC_DEMO_DATA
INC-00003026,ALT-00000995,2025-05-17T01:15:21Z,2025-05-17T02:15:21Z,2025-05-17T04:34:21Z,2025-05-17T05:47:21Z,2025-05-17T15:50:21Z,,EDY Sentinel,Cloud Detection,AST-0221,RUL-036,Low,resolvido,ANL-007,1,69.6,FALSE,FALSE,SYNTHETIC_DEMO_DATA
INC-00002327,ALT-00005541,2026-06-01T08:42:14Z,2026-06-01T09:20:14Z,2026-06-01T09:33:14Z,,,,EDY Sentinel,Cloud Detection,AST-0185,RUL-012,Low,Active,ANL-004,0,68.2,FALSE,FALSE,SYNTHETIC_DEMO_DATA
INC-00002143,ALT-00007247,2025-07-04T15:22:34Z,2025-07-04T18:30:34Z,2025-07-04T18:57:34Z,2025-07-05T00:56:34Z,2025-07-05T02:34:34Z,2025-07-05T08:03:34Z,External Synthetic,Network Sensor,AST-0203,RUL-028,Informational,Closed,ANL-013,1,48.9,FALSE,FALSE,SYNTHETIC_DEMO_DATA
INC-00002742,ALT-00012832,2026-06-20T14:33:34Z,2026-06-20T14:46:34Z,2026-06-20T14:52:34Z,2026-06-20T16:34:34Z,2026-06-20T18:39:34Z,2026-06-21T01:08:34Z,External Synthetic,Network Sensor,AST-0068,RUL-029,Informational,Closed,ANL-014,3,49.5,FALSE,FALSE,SYNTHETIC_DEMO_DATA
INC-00000834,ALT-00010300,2026-05-22T16:23:35Z,2026-05-22T16:32:35Z,2026-05-22T17:01:35Z,2026-05-22T17:32:35Z,2026-05-22T19:21:35Z,2026-05-23T05:28:35Z,EDY Sentinel,Cloud Detection,AST-0232,RUL-024,Low,Closed,ANL-015,3,54.4,FALSE,FALSE,SYNTHETIC_DEMO_DATA
INC-00002844,ALT-00002475,2025-08-26T08:58:47Z,2025-08-26T09:06:47Z,2025-08-26T09:13:47Z,2025-08-26T11:22:47Z,2025-08-26T13:35:47Z,2025-08-26T20:55:47Z,External Synthetic,Network Sensor,AST-0194,RUL-023,Low,Closed,ANL-003,1,60.7,FALSE,FALSE,SYNTHETIC_DEMO_DATA
INC-00002245,ALT-00009538,2025-09-14T14:55:55Z,2025-09-14T16:16:55Z,2025-09-14T16:31:55Z,2025-09-14T23:19:55Z,2025-09-15T02:28:55Z,2025-09-15T10:53:55Z,EDY Shield,Endpoint Integrity,AST-0058,RUL-027,Informational,Closed,ANL-001,3,33.9,FALSE,FALSE,SYNTHETIC_DEMO_DATA
INC-00002659,ALT-00001659,2025-09-09T16:06:06Z,2025-09-09T16:24:06Z,2025-09-09T16:41:06Z,2025-09-09T19:23:06Z,2025-09-09T21:46:06Z,,EDY RECON,Exposure Intelligence,AST-0005,RUL-030,Informational,Resolved,ANL-001,1,50.7,FALSE,FALSE,SYNTHETIC_DEMO_DATA
INC-00000702,ALT-00008460,2026-05-08T14:39:54Z,2026-05-08T15:21:54Z,2026-05-08T15:35:54Z,2026-05-08T19:38:54Z,2026-05-08T23:45:54Z,2026-05-09T02:50:54Z,EDY Shield,Endpoint Integrity,AST-0237,RUL-043,Medium,Closed,ANL-004,1,67.6,FALSE,FALSE,SYNTHETIC_DEMO_DATA
INC-00000239,ALT-00016890,2026-04-30T16:05:01Z,2026-04-30T16:26:01Z,2026-04-30T16:44:01Z,2026-04-30T19:41:01Z,2026-04-30T21:43:01Z,2026-05-01T06:11:01Z,External Synthetic,Identity Provider,AST-0106,RUL-004,Informational,Closed,ANL-003,2,41.6,FALSE,FALSE,SYNTHETIC_DEMO_DATA
INC-00000867,ALT-00000743,2026-04-16T09:46:27Z,2026-04-16T10:03:27Z,2026-04-16T10:52:27Z,2026-04-16T12:39:27Z,2026-04-16T14:31:27Z,,EDY Sentinel,Cloud Detection,AST-0042,RUL-003,Low,Resolved,ANL-018,1,58.8,FALSE,FALSE,SYNTHETIC_DEMO_DATA
INC-00002522,ALT-00017970,2026-03-05T23:24:52Z,2026-03-05T23:38:52Z,2026-03-05T23:55:52Z,2026-03-06T02:09:52Z,2026-03-06T04:13:52Z,,EDY RECON,Exposure Intelligence,AST-0152,RUL-010,Low,Resolved,ANL-007,1,51.1,FALSE,FALSE,SYNTHETIC_DEMO_DATA
INC-00002347,ALT-00001702,2026-02-22T12:37:49Z,2026-02-22T13:09:49Z,2026-02-22T14:26:49Z,2026-02-22T14:56:49Z,2026-02-22T15:55:49Z,,EDY Shield,Endpoint Integrity,AST-0200,RUL-015,Medium,Resolved,ANL-009,1,64.4,FALSE,FALSE,SYNTHETIC_DEMO_DATA
INC-00001337,ALT-00005071,2025-02-20T10:54:46Z,2025-02-20T11:30:46Z,2025-02-20T11:58:46Z,2025-02-20T12:57:46Z,2025-02-20T15:37:46Z,2025-02-20T20:05:46Z,External Synthetic,Network Sensor,AST-0007,RUL-023,Medium,Closed,ANL-005,2,68.2,FALSE,FALSE,SYNTHETIC_DEMO_DATA
INC-00000325,ALT-00011155,2025-09-12T17:47:18Z,2025-09-12T18:08:18Z,2025-09-12T19:22:18Z,2025-09-12T20:13:18Z,2025-09-12T21:50:18Z,2025-09-13T08:59:18Z,EDY SIEM,Correlation Hub,AST-0051,RUL-045,Medium,Closed,ANL-015,1,70.6,FALSE,FALSE,SYNTHETIC_DEMO_DATA
INC-00003017,ALT-00001566,2026-02-05T15:08:51Z,2026-02-05T15:15:51Z,2026-02-05T15:36:51Z,2026-02-05T16:00:51Z,2026-02-05T17:57:51Z,2026-02-06T03:56:51Z,External Synthetic,Identity Provider,AST-0206,RUL-040,Medium,Closed,ANL-017,2,65.2,FALSE,FALSE,SYNTHETIC_DEMO_DATA
INC-00001915,ALT-00010523,2026-04-17T09:22:07Z,2026-04-17T10:04:07Z,2026-04-17T10:10:07Z,2026-04-17T10:55:07Z,2026-04-17T11:21:07Z,2026-04-17T14:52:07Z,EDY RECON,Exposure Intelligence,AST-0118,RUL-036,Medium,Closed,ANL-009,1,71.1,FALSE,FALSE,SYNTHETIC_DEMO_DATA
INC-00001180,ALT-00004909,2025-07-01T09:43:19Z,2025-07-01T10:00:19Z,2025-07-01T10:06:19Z,2025-07-01T10:24:19Z,2025-07-01T15:17:19Z,2025-07-01T18:04:19Z,EDY Sentinel,Cloud Detection,AST-0059,RUL-023,Informational,Closed,ANL-004,2,52.4,FALSE,FALSE,SYNTHETIC_DEMO_DATA
INC-00001411,ALT-00014116,2026-03-28T22:52:30Z,2026-03-28T23:07:30Z,2026-03-29T00:12:30Z,2026-03-29T01:45:30Z,2026-03-29T02:13:30Z,2026-03-29T04:28:30Z,EDY RECON,Exposure Intelligence,AST-0171,RUL-017,Informational,Closed,ANL-007,1,29.0,FALSE,FALSE,SYNTHETIC_DEMO_DATA
INC-00001420,ALT-00003663,2025-04-11T17:21:29Z,2025-04-11T17:37:29Z,2025-04-11T17:57:29Z,2025-04-11T19:23:29Z,2025-04-11T20:37:29Z,,External Synthetic,Identity Provider,AST-0101,RUL-004,Low,Resolved,ANL-017,1,49.1,FALSE,FALSE,SYNTHETIC_DEMO_DATA
INC-00001421,ALT-00004619,2026-07-05T10:52:57Z,2026-07-05T11:34:57Z,2026-07-05T11:49:57Z,2026-07-05T12:23:57Z,2026-07-05T14:26:57Z,2026-07-05T21:03:57Z,External Synthetic,Cloud Audit,AST-0087,RUL-020,Medium,Closed,ANL-011,1,77.3,FALSE,FALSE,SYNTHETIC_DEMO_DATA
INC-00002036,ALT-00013437,2025-02-25T13:34:33Z,2025-02-25T13:51:33Z,2025-02-25T13:58:33Z,2025-02-25T15:28:33Z,2025-02-25T16:20:33Z,2025-02-26T00:14:33Z,External Synthetic,Network Sensor,AST-0185,RUL-002,High,Closed,ANL-009,1,100,TRUE,FALSE,SYNTHETIC_DEMO_DATA
INC-00001206,ALT-00006515,2026-02-28T18:24:58Z,2026-02-28T18:48:58Z,2026-02-28T19:28:58Z,2026-02-28T19:53:58Z,2026-03-01T01:47:58Z,2026-03-01T06:11:58Z,External Synthetic,Identity Provider,AST-0044,RUL-001,Medium,Closed,ANL-004,1,60.9,FALSE,FALSE,SYNTHETIC_DEMO_DATA
INC-00000737,ALT-00002242,2026-03-28T10:05:53Z,2026-03-28T10:41:53Z,2026-03-28T10:44:53Z,2026-03-28T11:23:53Z,2026-03-28T16:39:53Z,2026-03-28T18:05:53Z,EDY Shield,Endpoint Integrity,AST-0039,RUL-003,Informational,Closed,ANL-009,4,51.0,TRUE,FALSE,SYNTHETIC_DEMO_DATA
INC-00001464,ALT-00017011,2025-08-11T15:09:05Z,2025-08-11T15:19:05Z,2025-08-11T15:49:05Z,2025-08-11T18:54:05Z,,,EDY RECON,Exposure Intelligence,AST-0209,RUL-033,Medium,Contained,ANL-016,0,67.6,FALSE,FALSE,SYNTHETIC_DEMO_DATA
INC-00000360,ALT-00005368,2026-07-01T18:20:17Z,2026-07-01T18:34:17Z,2026-07-01T19:07:17Z,,,,EDY SIEM,Correlation Hub,AST-0051,RUL-025,Informational,Active,ANL-002,0,40.9,FALSE,FALSE,SYNTHETIC_DEMO_DATA
INC-00002929,ALT-00016363,2026-06-27T00:52:28Z,2026-06-27T01:03:28Z,2026-06-27T01:21:28Z,2026-06-27T02:22:28Z,2026-06-27T06:50:28Z,2026-06-27T16:26:28Z,External Synthetic,Network Sensor,AST-0118,RUL-042,Informational,Closed,ANL-001,1,42.6,FALSE,FALSE,SYNTHETIC_DEMO_DATA
INC-00001896,ALT-00006345,2025-06-11T08:39:36Z,2025-06-11T10:26:36Z,2025-06-11T10:38:36Z,2025-06-11T12:46:36Z,2025-06-11T16:27:36Z,2025-06-11T17:56:36Z,External Synthetic,Network Sensor,AST-0030,RUL-032,Informational,Closed,ANL-014,3,42.7,FALSE,FALSE,SYNTHETIC_DEMO_DATA
INC-00000576,ALT-00010137,2025-02-18T17:30:08Z,2025-02-18T17:53:08Z,2025-02-18T18:17:08Z,2025-02-18T18:54:08Z,2025-02-19T00:08:08Z,,External Synthetic,Network Sensor,AST-0075,RUL-011,Low,Resolved,ANL-003,3,48.1,FALSE,FALSE,SYNTHETIC_DEMO_DATA
INC-00003036,ALT-00004986,2026-02-09T14:18:00Z,2026-02-09T14:43:00Z,2026-02-09T15:12:00Z,2026-02-09T15:47:00Z,2026-02-09T23:51:00Z,2026-02-10T02:47:00Z,External Synthetic,Network Sensor,AST-0043,RUL-016,Medium,Closed,ANL-010,1,82.7,TRUE,FALSE,SYNTHETIC_DEMO_DATA
INC-00002577,ALT-00012097,2025-06-23T11:21:31Z,2025-06-23T11:30:31Z,2025-06-23T12:16:31Z,2025-06-23T13:06:31Z,2025-06-23T16:26:31Z,2025-06-24T01:32:31Z,External Synthetic,Cloud Audit,AST-0176,RUL-032,Low,Closed,ANL-018,1,68.9,FALSE,FALSE,SYNTHETIC_DEMO_DATA
INC-00002053,ALT-00007217,2025-03-23T16:27:58Z,2025-03-23T16:31:58Z,2025-03-23T16:53:58Z,2025-03-23T18:27:58Z,2025-03-24T02:41:58Z,2025-03-24T04:04:58Z,EDY Shield,Endpoint Integrity,AST-0051,RUL-038,High,Closed,ANL-016,1,100,TRUE,FALSE,SYNTHETIC_DEMO_DATA
INC-00001608,ALT-00007675,2025-12-04T16:11:56Z,2025-12-04T17:37:56Z,2025-12-04T17:44:56Z,2025-12-04T20:46:56Z,2025-12-05T01:12:56Z,2025-12-05T09:48:56Z,External Synthetic,Cloud Audit,AST-0185,RUL-043,Informational,Closed,ANL-014,1,52.8,FALSE,FALSE,SYNTHETIC_DEMO_DATA
INC-00001348,ALT-00010134,2025-05-03T09:06:08Z,2025-05-03T09:21:08Z,2025-05-03T09:31:08Z,2025-05-03T10:42:08Z,2025-05-03T16:53:08Z,2025-05-03T20:34:08Z,EDY Sentinel,Cloud Detection,AST-0204,RUL-042,Low,Closed,ANL-017,2,57.2,FALSE,FALSE,SYNTHETIC_DEMO_DATA
INC-00002146,ALT-00007307,2025-08-20T09:37:56Z,2025-08-20T10:03:56Z,2025-08-20T10:14:56Z,2025-08-20T11:14:56Z,2025-08-20T12:57:56Z,2025-08-20T23:46:56Z,External Synthetic,Cloud Audit,AST-0025,RUL-028,Informational,Closed,ANL-010,3,34.9,FALSE,FALSE,SYNTHETIC_DEMO_DATA
INC-00000866,ALT-00000528,2025-06-27T14:34:19Z,2025-06-27T15:03:19Z,2025-06-27T15:12:19Z,2025-06-27T16:31:19Z,2025-06-27T20:07:19Z,2025-06-28T08:04:19Z,External Synthetic,Network Sensor,AST-0077,RUL-039,Informational,Closed,ANL-006,1,46.4,FALSE,FALSE,SYNTHETIC_DEMO_DATA
INC-00000230,ALT-00012774,2025-06-15T18:17:57Z,2025-06-15T18:34:57Z,2025-06-15T18:54:57Z,2025-06-15T20:38:57Z,2025-06-16T00:24:57Z,,EDY SIEM,Correlation Hub,AST-0182,RUL-003,Low,Resolved,ANL-013,1,50.7,FALSE,FALSE,SYNTHETIC_DEMO_DATA
INC-00002329,ALT-00001140,2026-07-07T22:20:55Z,2026-07-07T22:32:55Z,2026-07-07T23:33:55Z,2026-07-08T02:46:55Z,2026-07-08T06:18:55Z,2026-07-08T07:54:55Z,EDY SIEM,Correlation Hub,AST-0119,RUL-028,Informational,Closed,ANL-007,1,37.7,FALSE,FALSE,SYNTHETIC_DEMO_DATA
INC-00001663,ALT-00004695,2026-06-11T21:47:16Z,2026-06-11T22:38:16Z,2026-06-11T22:51:16Z,2026-06-11T23:37:16Z,2026-06-12T05:49:16Z,2026-06-12T12:31:16Z,External Synthetic,Network Sensor,AST-0173,RUL-041,Low,Closed,ANL-008,1,50.2,FALSE,FALSE,SYNTHETIC_DEMO_DATA
INC-00001346,ALT-00016828,2026-05-05T22:58:49Z,2026-05-05T23:12:49Z,2026-05-05T23:20:49Z,2026-05-06T00:24:49Z,2026-05-06T02:18:49Z,2026-05-06T10:57:49Z,EDY SIEM,Correlation Hub,AST-0138,RUL-023,Low,Closed,ANL-013,1,57.3,FALSE,FALSE,SYNTHETIC_DEMO_DATA
INC-00001442,ALT-00002622,2025-11-28T14:41:27Z,2025-11-28T14:45:27Z,2025-11-28T14:48:27Z,2025-11-28T18:29:27Z,2025-11-28T23:00:27Z,2025-11-29T06:34:27Z,EDY SIEM,Correlation Hub,AST-0195,RUL-016,Medium,Closed,ANL-008,1,78.4,FALSE,FALSE,SYNTHETIC_DEMO_DATA
INC-00001563,ALT-00017562,2025-06-08T16:43:00Z,2025-06-08T16:49:00Z,2025-06-08T17:18:00Z,2025-06-08T18:03:00Z,2025-06-08T18:40:00Z,2025-06-09T02:56:00Z,External Synthetic,Network Sensor,AST-0055,RUL-021,Medium,Closed,ANL-007,1,75.8,FALSE,FALSE,SYNTHETIC_DEMO_DATA
INC-00000824,ALT-00009849,2026-05-13T13:25:33Z,2026-05-13T13:39:33Z,2026-05-13T13:48:33Z,2026-05-13T16:39:33Z,2026-05-14T02:20:33Z,2026-05-14T12:12:33Z,EDY SIEM,Correlation Hub,AST-0103,RUL-004,Informational,Closed,ANL-012,1,34.3,FALSE,FALSE,SYNTHETIC_DEMO_DATA
INC-00001430,ALT-00000168,2025-03-18T10:19:48Z,2025-03-18T11:25:48Z,2025-03-18T12:29:48Z,2025-03-18T15:05:48Z,2025-03-18T22:10:48Z,2025-03-19T02:08:48Z,External Synthetic,Cloud Audit,AST-0190,RUL-032,Low,Closed,ANL-001,1,67.5,TRUE,FALSE,SYNTHETIC_DEMO_DATA
INC-00001561,ALT-00002954,2025-08-26T11:24:44Z,2025-08-26T11:29:44Z,2025-08-26T12:23:44Z,2025-08-26T13:27:44Z,,,External Synthetic,Identity Provider,AST-0063,RUL-036,Critical,Contained,ANL-005,0,98.3,TRUE,FALSE,SYNTHETIC_DEMO_DATA
INC-00002740,ALT-00004409,2025-11-12T10:26:41Z,2025-11-12T10:34:41Z,2025-11-12T11:36:41Z,2025-11-12T11:52:41Z,2025-11-12T15:34:41Z,2025-11-12T21:10:41Z,EDY Sentinel,Cloud Detection,AST-0066,RUL-009,Informational,Closed,ANL-010,1,39.5,FALSE,FALSE,SYNTHETIC_DEMO_DATA
INC-00002775,ALT-00012104,2025-05-26T10:07:25Z,2025-05-26T11:00:25Z,2025-05-26T11:21:25Z,2025-05-26T12:28:25Z,2025-05-26T17:15:25Z,2025-05-27T04:10:25Z,External Synthetic,Cloud Audit,AST-0155,RUL-021,High,Closed,ANL-002,3,91.3,TRUE,FALSE,SYNTHETIC_DEMO_DATA
INC-00000489,ALT-00005463,2026-02-02T16:42:46Z,2026-02-02T16:51:46Z,2026-02-02T17:33:46Z,2026-02-02T18:15:46Z,2026-02-02T20:50:46Z,2026-02-03T01:39:46Z,EDY SIEM,Correlation Hub,AST-0103,RUL-041,Medium,Closed,ANL-001,1,66.3,FALSE,FALSE,SYNTHETIC_DEMO_DATA
INC-00001170,ALT-00013138,2025-12-18T12:36:51Z,2025-12-18T12:47:51Z,2025-12-18T13:40:51Z,2025-12-18T22:00:51Z,2025-12-19T01:55:51Z,2025-12-19T05:41:51Z,External Synthetic,Cloud Audit,AST-0137,RUL-020,Low,Closed,ANL-003,3,49.9,FALSE,FALSE,SYNTHETIC_DEMO_DATA
INC-00000865,ALT-00017036,2025-09-16T09:26:22Z,2025-09-16T09:41:22Z,2025-09-16T09:59:22Z,2025-09-16T10:18:22Z,2025-09-16T12:57:22Z,2025-09-16T23:20:22Z,External Synthetic,Cloud Audit,AST-0038,RUL-037,Low,Closed,ANL-014,1,48.7,FALSE,FALSE,SYNTHETIC_DEMO_DATA
INC-00001040,ALT-00005211,2026-07-23T19:37:31Z,2026-07-23T19:56:31Z,2026-07-23T20:41:31Z,2026-07-23T22:11:31Z,2026-07-23T23:38:31Z,2026-07-24T01:24:31Z,External Synthetic,Cloud Audit,AST-0103,RUL-012,Low,Closed,ANL-013,1,49.0,FALSE,FALSE,SYNTHETIC_DEMO_DATA
INC-00002309,ALT-00004886,2025-11-21T16:25:33Z,2025-11-21T16:57:33Z,2025-11-21T17:17:33Z,2025-11-22T00:38:33Z,2025-11-22T08:48:33Z,2025-11-22T17:02:33Z,External Synthetic,Identity Provider,AST-0014,RUL-038,Low,Closed,ANL-004,2,69.8,FALSE,FALSE,SYNTHETIC_DEMO_DATA
INC-00002944,ALT-00005230,2026-02-25T15:30:12Z,2026-02-25T16:05:12Z,2026-02-25T16:45:12Z,,,,External Synthetic,Network Sensor,AST-0095,RUL-009,Medium,Active,ANL-006,0,76.5,FALSE,FALSE,SYNTHETIC_DEMO_DATA
INC-00000710,ALT-00001511,2025-08-08T01:17:08Z,2025-08-08T02:00:08Z,2025-08-08T02:38:08Z,2025-08-08T03:18:08Z,2025-08-08T05:04:08Z,2025-08-08T07:36:08Z,EDY Sentinel,Cloud Detection,AST-0023,RUL-003,Informational,Closed,ANL-018,4,46.1,FALSE,FALSE,SYNTHETIC_DEMO_DATA
INC-00001013,ALT-00002989,2026-07-13T12:29:56Z,2026-07-13T13:06:56Z,2026-07-13T13:16:56Z,2026-07-13T13:36:56Z,2026-07-13T16:18:56Z,2026-07-13T23:32:56Z,EDY Shield,Endpoint Integrity,AST-0128,RUL-038,Low,Closed,ANL-004,1,56.0,FALSE,FALSE,SYNTHETIC_DEMO_DATA
INC-00001865,ALT-00017745,2025-02-18T09:05:15Z,2025-02-18T09:09:15Z,2025-02-18T09:20:15Z,2025-02-18T10:04:15Z,2025-02-18T10:29:15Z,2025-02-18T12:23:15Z,EDY SIEM,Correlation Hub,AST-0197,RUL-022,High,Closed,ANL-018,4,90.6,TRUE,FALSE,SYNTHETIC_DEMO_DATA
INC-00001369,ALT-00002324,2025-05-28T19:13:03Z,2025-05-28T19:30:03Z,2025-05-28T19:47:03Z,2025-05-28T21:56:03Z,2025-05-29T02:24:03Z,,External Synthetic,Cloud Audit,AST-0032,RUL-010,Low,Resolved,ANL-014,4,67.0,FALSE,FALSE,SYNTHETIC_DEMO_DATA
INC-00000639,ALT-00008109,2026-03-02T13:18:43Z,2026-03-02T13:32:43Z,2026-03-02T13:45:43Z,2026-03-02T15:45:43Z,2026-03-02T18:10:43Z,2026-03-03T04:51:43Z,EDY RECON,Exposure Intelligence,AST-0157,RUL-011,Low,Closed,ANL-012,3,51.3,FALSE,FALSE,SYNTHETIC_DEMO_DATA
INC-00002138,ALT-00013077,2025-12-28T15:59:54Z,2025-12-28T16:11:54Z,2025-12-28T16:25:54Z,2025-12-28T16:46:54Z,2025-12-29T01:16:54Z,,EDY Shield,Endpoint Integrity,AST-0099,RUL-041,Informational,Resolved,ANL-012,2,28.3,FALSE,FALSE,SYNTHETIC_DEMO_DATA
INC-00003098,ALT-00013013,2025-09-11T15:07:11Z,2025-09-11T16:00:11Z,2025-09-11T16:11:11Z,2025-09-11T17:56:11Z,2025-09-12T03:27:11Z,2025-09-12T12:50:11Z,EDY Shield,Endpoint Integrity,AST-0010,RUL-030,Informational,Closed,ANL-006,2,48.8,FALSE,FALSE,SYNTHETIC_DEMO_DATA
INC-00000840,ALT-00003272,2025-10-14T18:08:59Z,2025-10-14T18:19:59Z,2025-10-14T19:00:59Z,2025-10-14T20:21:59Z,2025-10-14T22:04:59Z,2025-10-15T08:13:59Z,External Synthetic,Identity Provider,AST-0140,RUL-008,Informational,Closed,ANL-008,1,52.7,FALSE,FALSE,SYNTHETIC_DEMO_DATA
INC-00000008,ALT-00014549,2025-05-18T22:02:33Z,2025-05-18T22:48:33Z,2025-05-18T23:08:33Z,2025-05-19T00:06:33Z,2025-05-19T07:18:33Z,2025-05-19T08:13:33Z,EDY Shield,Endpoint Integrity,AST-0085,RUL-011,Informational,Closed,ANL-018,4,27.6,FALSE,FALSE,SYNTHETIC_DEMO_DATA
INC-00001019,ALT-00004025,2025-02-21T10:14:15Z,2025-02-21T10:25:15Z,2025-02-21T10:40:15Z,2025-02-21T11:50:15Z,2025-02-21T15:32:15Z,2025-02-21T23:23:15Z,EDY RECON,Exposure Intelligence,AST-0015,RUL-033,High,Closed,ANL-018,1,98.2,TRUE,FALSE,SYNTHETIC_DEMO_DATA
INC-00002664,ALT-00010738,2025-02-21T15:31:40Z,2025-02-21T15:53:40Z,2025-02-21T16:27:40Z,2025-02-22T00:10:40Z,2025-02-22T10:08:40Z,2025-02-22T10:31:40Z,EDY Shield,Endpoint Integrity,AST-0160,RUL-032,Low,Closed,ANL-003,2,56.4,FALSE,FALSE,SYNTHETIC_DEMO_DATA
INC-00000540,ALT-00009930,2025-03-08T07:49:54Z,2025-03-08T09:06:54Z,2025-03-08T09:22:54Z,2025-03-08T14:30:54Z,,,External Synthetic,Cloud Audit,AST-0153,RUL-027,Low,Contained,ANL-003,0,38.8,FALSE,FALSE,SYNTHETIC_DEMO_DATA
INC-00000669,ALT-00017909,2025-06-11T08:13:40Z,2025-06-11T08:21:40Z,2025-06-11T08:44:40Z,2025-06-11T09:56:40Z,2025-06-11T14:00:40Z,2025-06-11T23:12:40Z,EDY SIEM,Correlation Hub,AST-0125,RUL-031,Medium,Closed,ANL-001,1,63.9,FALSE,FALSE,SYNTHETIC_DEMO_DATA
INC-00002058,ALT-00007999,2026-01-13T09:00:15Z,2026-01-13T09:05:15Z,2026-01-13T09:10:15Z,2026-01-13T10:08:15Z,2026-01-13T12:36:15Z,2026-01-13T14:52:15Z,EDY Sentinel,Cloud Detection,AST-0213,RUL-006,Low,Closed,ANL-015,1,63.3,FALSE,FALSE,SYNTHETIC_DEMO_DATA
INC-00002132,ALT-00003131,2025-05-30T22:26:18Z,2025-05-30T22:39:18Z,2025-05-30T22:44:18Z,2025-05-30T23:22:18Z,2025-05-31T01:18:18Z,2025-05-31T10:57:18Z,External Synthetic,Identity Provider,AST-0033,RUL-010,Low,Closed,ANL-001,3,56.6,FALSE,FALSE,SYNTHETIC_DEMO_DATA
INC-00003128,ALT-00004233,2025-07-23T17:09:41Z,2025-07-23T17:25:41Z,2025-07-23T17:43:41Z,2025-07-23T18:29:41Z,2025-07-23T22:49:41Z,2025-07-24T05:57:41Z,EDY Shield,Endpoint Integrity,AST-0082,RUL-023,Low,Closed,ANL-013,4,57.8,FALSE,FALSE,SYNTHETIC_DEMO_DATA
INC-00002817,ALT-00005410,2026-02-16T17:07:53Z,2026-02-16T17:37:53Z,2026-02-16T17:58:53Z,2026-02-16T21:10:53Z,2026-02-16T22:34:53Z,2026-02-17T08:52:53Z,External Synthetic,Cloud Audit,AST-0115,RUL-002,Low,Closed,ANL-012,1,49.5,FALSE,FALSE,SYNTHETIC_DEMO_DATA
INC-00000507,ALT-00011756,2025-08-28T18:20:16Z,2025-08-28T19:23:16Z,2025-08-28T19:47:16Z,2025-08-28T20:15:16Z,2025-08-29T00:25:16Z,2025-08-29T08:58:16Z,External Synthetic,Network Sensor,AST-0042,RUL-036,Low,Closed,ANL-018,1,56.2,FALSE,FALSE,SYNTHETIC_DEMO_DATA
INC-00000140,ALT-00005584,2026-03-15T07:12:46Z,2026-03-15T07:21:46Z,2026-03-15T07:36:46Z,2026-03-15T07:46:46Z,2026-03-15T10:58:46Z,2026-03-15T19:24:46Z,External Synthetic,Identity Provider,AST-0158,RUL-010,Low,Closed,ANL-013,1,64.4,FALSE,FALSE,SYNTHETIC_DEMO_DATA
INC-00001822,ALT-00009414,2026-02-15T07:07:50Z,2026-02-15T07:51:50Z,2026-02-15T07:59:50Z,2026-02-15T09:43:50Z,2026-02-15T11:56:50Z,2026-02-15T20:35:50Z,EDY RECON,Exposure Intelligence,AST-0098,RUL-018,Informational,Closed,ANL-010,4,36.1,FALSE,FALSE,SYNTHETIC_DEMO_DATA
INC-00001720,ALT-00009336,2026-07-08T15:49:25Z,2026-07-08T16:22:25Z,2026-07-08T16:35:25Z,2026-07-08T17:10:25Z,2026-07-09T02:06:25Z,2026-07-09T13:55:25Z,External Synthetic,Cloud Audit,AST-0239,RUL-026,Medium,Closed,ANL-006,4,82.1,FALSE,FALSE,SYNTHETIC_DEMO_DATA
INC-00002613,ALT-00009800,2025-12-17T17:03:11Z,2025-12-17T17:07:11Z,2025-12-17T17:32:11Z,2025-12-17T18:15:11Z,2025-12-18T01:09:11Z,2025-12-18T04:53:11Z,EDY SIEM,Correlation Hub,AST-0020,RUL-031,Low,Closed,ANL-018,3,52.5,FALSE,FALSE,SYNTHETIC_DEMO_DATA
INC-00002465,ALT-00015207,2025-08-11T13:00:01Z,2025-08-11T13:36:01Z,2025-08-11T14:44:01Z,2025-08-11T16:06:01Z,2025-08-12T02:47:01Z,2025-08-12T13:54:01Z,EDY Shield,Endpoint Integrity,AST-0148,RUL-042,Low,Closed,ANL-010,1,44.4,FALSE,FALSE,SYNTHETIC_DEMO_DATA
INC-00001889,ALT-00004727,2025-03-29T10:47:05Z,2025-03-29T11:24:05Z,2025-03-29T12:22:05Z,2025-03-29T13:45:05Z,2025-03-29T21:23:05Z,2025-03-30T07:18:05Z,EDY Sentinel,Cloud Detection,AST-0061,RUL-009,Informational,Closed,ANL-009,1,38.0,FALSE,FALSE,SYNTHETIC_DEMO_DATA
INC-00001580,ALT-00010334,2026-03-05T13:47:58Z,2026-03-05T13:54:58Z,2026-03-05T14:14:58Z,2026-03-05T15:10:58Z,2026-03-05T15:55:58Z,2026-03-05T19:52:58Z,EDY SIEM,Correlation Hub,AST-0099,RUL-027,Low,Closed,ANL-013,4,37.0,FALSE,FALSE,SYNTHETIC_DEMO_DATA
INC-00002149,ALT-00006392,2025-02-24T10:53:54Z,2025-02-24T11:16:54Z,2025-02-24T12:11:54Z,2025-02-24T13:19:54Z,2025-02-24T14:07:54Z,2025-02-24T22:46:54Z,EDY Shield,Endpoint Integrity,AST-0084,RUL-018,High,Closed,ANL-010,3,94.4,TRUE,FALSE,SYNTHETIC_DEMO_DATA
INC-00002760,ALT-00000615,2025-08-18T22:26:51Z,2025-08-18T22:34:51Z,2025-08-18T23:11:51Z,2025-08-18T23:53:51Z,2025-08-19T01:16:51Z,2025-08-19T03:46:51Z,External Synthetic,Cloud Audit,AST-0052,RUL-017,Medium,Closed,ANL-016,2,63.5,FALSE,FALSE,SYNTHETIC_DEMO_DATA
INC-00001059,ALT-00001273,2025-06-25T03:26:14Z,2025-06-25T04:13:14Z,2025-06-25T04:42:14Z,2025-06-25T05:59:14Z,2025-06-25T08:22:14Z,2025-06-25T16:45:14Z,EDY RECON,Exposure Intelligence,AST-0122,RUL-037,Informational,Closed,ANL-005,4,50.5,FALSE,FALSE,SYNTHETIC_DEMO_DATA
INC-00002619,ALT-00006165,2025-04-27T08:23:33Z,2025-04-27T08:32:33Z,2025-04-27T08:40:33Z,2025-04-27T09:44:33Z,2025-04-27T12:32:33Z,2025-04-27T16:39:33Z,EDY Sentinel,Cloud Detection,AST-0001,RUL-007,Informational,Closed,ANL-011,1,41.1,FALSE,FALSE,SYNTHETIC_DEMO_DATA
INC-00001395,ALT-00016463,2025-12-05T13:28:25Z,2025-12-05T13:57:25Z,2025-12-05T14:09:25Z,2025-12-05T15:43:25Z,2025-12-05T17:22:25Z,2025-12-06T00:26:25Z,External Synthetic,Network Sensor,AST-0079,RUL-033,Informational,Closed,ANL-011,1,35.7,FALSE,FALSE,SYNTHETIC_DEMO_DATA
INC-00000268,ALT-00002851,2026-06-01T17:11:27Z,2026-06-01T17:35:27Z,2026-06-01T17:48:27Z,2026-06-01T19:28:27Z,2026-06-02T10:36:27Z,2026-06-02T16:59:27Z,External Synthetic,Cloud Audit,AST-0068,RUL-007,Informational,Closed,ANL-016,1,53.1,FALSE,FALSE,SYNTHETIC_DEMO_DATA
INC-00003004,ALT-00015380,2025-04-14T17:11:01Z,2025-04-14T17:46:01Z,2025-04-14T18:50:01Z,2025-04-15T02:57:01Z,2025-04-15T03:41:01Z,2025-04-15T15:01:01Z,EDY Shield,Endpoint Integrity,AST-0065,RUL-006,Informational,Closed,ANL-016,3,37.7,FALSE,FALSE,SYNTHETIC_DEMO_DATA
INC-00002267,ALT-00017297,2025-09-21T12:44:54Z,2025-09-21T13:10:54Z,2025-09-21T13:40:54Z,2025-09-21T14:39:54Z,2025-09-21T19:45:54Z,2025-09-21T20:16:54Z,External Synthetic,Identity Provider,AST-0164,RUL-037,Informational,Closed,ANL-009,1,36.9,FALSE,FALSE,SYNTHETIC_DEMO_DATA
INC-00000533,ALT-00001415,2026-07-17T16:41:05Z,2026-07-17T16:50:05Z,2026-07-17T17:11:05Z,2026-07-17T17:33:05Z,2026-07-18T01:44:05Z,2026-07-18T02:15:05Z,External Synthetic,Identity Provider,AST-0089,RUL-018,Low,Closed,ANL-016,4,47.3,FALSE,FALSE,SYNTHETIC_DEMO_DATA
INC-00001923,ALT-00004854,2025-09-05T12:37:47Z,2025-09-05T12:43:47Z,2025-09-05T12:56:47Z,2025-09-05T14:33:47Z,2025-09-05T15:58:47Z,2025-09-05T19:26:47Z,External Synthetic,Network Sensor,AST-0077,RUL-011,Informational,Closed,ANL-005,1,53.1,FALSE,FALSE,SYNTHETIC_DEMO_DATA
INC-00003051,ALT-00001957,2026-03-02T18:45:06Z,2026-03-02T19:14:06Z,2026-03-02T19:45:06Z,2026-03-02T20:17:06Z,2026-03-03T04:50:06Z,2026-03-03T05:54:06Z,EDY Shield,Endpoint Integrity,AST-0213,RUL-015,Low,Closed,ANL-012,3,57.5,FALSE,FALSE,SYNTHETIC_DEMO_DATA
INC-00001177,ALT-00002003,2026-03-22T04:42:48Z,2026-03-22T05:00:48Z,2026-03-22T05:11:48Z,2026-03-22T08:23:48Z,2026-03-22T12:24:48Z,2026-03-22T13:39:48Z,EDY Sentinel,Cloud Detection,AST-0101,RUL-010,MEDIUM,Closed,ANL-009,3,78.9,TRUE,FALSE,SYNTHETIC_DEMO_DATA
INC-00002032,ALT-00006679,2025-07-23T12:51:06Z,2025-07-23T12:55:06Z,2025-07-23T13:09:06Z,2025-07-23T13:28:06Z,2025-07-23T14:10:06Z,,EDY Sentinel,Cloud Detection,AST-0164,RUL-024,Critical,Resolved,ANL-002,1,100,TRUE,FALSE,SYNTHETIC_DEMO_DATA
INC-00000458,ALT-00000474,2026-03-25T10:30:59Z,2026-03-25T10:40:59Z,2026-03-25T10:49:59Z,2026-03-25T11:33:59Z,2026-03-25T12:53:59Z,2026-03-25T18:44:59Z,EDY SIEM,Correlation Hub,AST-0185,RUL-004,Informational,Closed,ANL-018,3,51.8,FALSE,FALSE,SYNTHETIC_DEMO_DATA
INC-00002050,ALT-00003038,2026-02-26T17:23:52Z,2026-02-26T17:39:52Z,2026-02-26T17:47:52Z,2026-02-26T20:25:52Z,2026-02-26T21:32:52Z,2026-02-26T22:39:52Z,EDY Shield,Endpoint Integrity,AST-0001,RUL-016,Informational,Closed,ANL-016,3,39.0,FALSE,FALSE,SYNTHETIC_DEMO_DATA
INC-00002048,ALT-00017859,2026-05-01T16:52:54Z,2026-05-01T17:14:54Z,2026-05-01T17:25:54Z,2026-05-01T18:29:54Z,2026-05-01T22:10:54Z,,External Synthetic,Cloud Audit,AST-0206,RUL-009,Informational,Resolved,ANL-012,1,28.4,FALSE,FALSE,SYNTHETIC_DEMO_DATA
INC-00000235,ALT-00009434,2025-04-29T11:16:47Z,2025-04-29T11:33:47Z,2025-04-29T11:43:47Z,2025-04-29T12:31:47Z,2025-04-29T15:22:47Z,2025-04-30T00:00:47Z,EDY SIEM,Correlation Hub,AST-0180,RUL-010,Low,Closed,ANL-014,1,41.1,FALSE,FALSE,SYNTHETIC_DEMO_DATA
INC-00001026,ALT-00012414,2026-01-09T17:01:49Z,2026-01-09T17:29:49Z,2026-01-09T18:35:49Z,2026-01-09T22:53:49Z,2026-01-10T00:21:49Z,2026-01-10T04:14:49Z,EDY Shield,Endpoint Integrity,AST-0161,RUL-026,Informational,Closed,ANL-002,4,30.1,FALSE,FALSE,SYNTHETIC_DEMO_DATA
INC-00002220,ALT-00005701,2026-04-22T14:46:37Z,2026-04-22T15:57:37Z,2026-04-22T16:08:37Z,2026-04-22T18:02:37Z,2026-04-22T21:33:37Z,2026-04-23T06:45:37Z,External Synthetic,Cloud Audit,AST-0003,RUL-038,Informational,Closed,ANL-014,2,36.1,FALSE,FALSE,SYNTHETIC_DEMO_DATA
INC-00002352,ALT-00004264,2025-11-28T18:14:01Z,2025-11-28T18:15:01Z,2025-11-28T18:23:01Z,2025-11-28T19:45:01Z,2025-11-29T00:37:01Z,2025-11-29T03:40:01Z,EDY SIEM,Correlation Hub,AST-0150,RUL-030,Medium,Closed,ANL-010,3,71.0,FALSE,FALSE,SYNTHETIC_DEMO_DATA
INC-00001565,ALT-00001235,2025-07-11T17:30:39Z,2025-07-11T17:43:39Z,2025-07-11T17:56:39Z,2025-07-11T18:39:39Z,2025-07-11T21:58:39Z,2025-07-12T08:51:39Z,EDY Shield,Endpoint Integrity,AST-0001,RUL-035,High,Closed,ANL-012,4,100,TRUE,FALSE,SYNTHETIC_DEMO_DATA
INC-00000815,ALT-00010120,2025-06-21T16:01:51Z,2025-06-21T16:11:51Z,2025-06-21T16:21:51Z,2025-06-21T20:09:51Z,2025-06-22T01:46:51Z,2025-06-22T02:43:51Z,External Synthetic,Network Sensor,AST-0098,RUL-039,Informational,Closed,ANL-003,3,29.0,FALSE,FALSE,SYNTHETIC_DEMO_DATA
INC-00000406,ALT-00005085,2025-05-13T12:04:41Z,2025-05-13T12:14:41Z,2025-05-13T12:32:41Z,2025-05-13T12:42:41Z,2025-05-13T23:29:41Z,2025-05-14T10:16:41Z,EDY SIEM,Correlation Hub,AST-0132,RUL-025,High,Closed,ANL-007,3,100,TRUE,FALSE,SYNTHETIC_DEMO_DATA
INC-00003035,ALT-00015162,2025-03-19T12:21:23Z,2025-03-19T12:45:23Z,2025-03-19T13:12:23Z,2025-03-19T14:31:23Z,2025-03-20T01:03:23Z,2025-03-20T11:21:23Z,EDY Shield,Endpoint Integrity,AST-0056,RUL-017,Informational,Closed,ANL-015,3,42.5,FALSE,FALSE,SYNTHETIC_DEMO_DATA
INC-00001453,ALT-00010932,2026-01-01T13:25:27Z,2026-01-01T13:34:27Z,2026-01-01T14:00:27Z,2026-01-01T16:45:27Z,2026-01-02T02:29:27Z,2026-01-02T10:44:27Z,External Synthetic,Identity Provider,AST-0224,RUL-022,Low,Closed,ANL-002,3,47.3,FALSE,FALSE,SYNTHETIC_DEMO_DATA
INC-00002685,ALT-00015524,2025-10-03T10:52:42Z,2025-10-03T11:00:42Z,2025-10-03T11:16:42Z,2025-10-03T11:45:42Z,2025-10-03T17:33:42Z,2025-10-03T17:44:42Z,EDY Sentinel,Cloud Detection,AST-0174,RUL-023,Low,Closed,ANL-018,1,56.2,FALSE,FALSE,SYNTHETIC_DEMO_DATA
INC-00000500,ALT-00002963,2026-07-06T15:05:17Z,2026-07-06T15:21:17Z,2026-07-06T15:42:17Z,,,,EDY Sentinel,Cloud Detection,AST-0122,RUL-004,Low,Active,ANL-013,0,61.7,FALSE,FALSE,SYNTHETIC_DEMO_DATA
INC-00000094,ALT-00007669,2025-09-15T08:59:04Z,2025-09-15T09:16:04Z,2025-09-15T09:34:04Z,2025-09-15T11:19:04Z,2025-09-15T15:13:04Z,2025-09-15T18:02:04Z,EDY Shield,Endpoint Integrity,AST-0202,RUL-044,Low,Closed,ANL-011,3,47.8,FALSE,FALSE,SYNTHETIC_DEMO_DATA
INC-00002813,ALT-00004140,2025-03-13T12:19:43Z,2025-03-13T12:49:43Z,2025-03-13T13:06:43Z,2025-03-13T14:33:43Z,2025-03-13T19:45:43Z,2025-03-14T04:07:43Z,External Synthetic,Network Sensor,AST-0023,RUL-005,Informational,Closed,ANL-003,1,46.4,FALSE,FALSE,SYNTHETIC_DEMO_DATA
INC-00000020,ALT-00002374,2025-09-27T12:09:39Z,2025-09-27T12:17:39Z,2025-09-27T12:37:39Z,2025-09-27T14:47:39Z,2025-09-27T21:16:39Z,2025-09-28T04:39:39Z,External Synthetic,Cloud Audit,AST-0140,RUL-040,Informational,Closed,ANL-006,4,52.2,FALSE,FALSE,SYNTHETIC_DEMO_DATA
INC-00001416,ALT-00005964,2025-09-04T08:11:47Z,2025-09-04T08:59:47Z,2025-09-04T09:15:47Z,2025-09-04T12:38:47Z,2025-09-04T13:08:47Z,2025-09-04T17:32:47Z,EDY RECON,Exposure Intelligence,AST-0206,RUL-034,High,Closed,ANL-011,1,88.0,TRUE,FALSE,SYNTHETIC_DEMO_DATA
INC-00000821,ALT-00016906,2025-12-09T09:51:31Z,2025-12-09T10:17:31Z,2025-12-09T11:20:31Z,2025-12-09T11:50:31Z,2025-12-09T14:27:31Z,2025-12-09T23:18:31Z,EDY SIEM,Correlation Hub,AST-0038,RUL-024,Medium,Closed,ANL-017,1,71.2,FALSE,FALSE,SYNTHETIC_DEMO_DATA
INC-00001969,ALT-00001968,2025-04-22T19:23:18Z,2025-04-22T19:39:18Z,2025-04-22T19:45:18Z,2025-04-22T20:57:18Z,2025-04-23T00:15:18Z,2025-04-23T02:51:18Z,External Synthetic,Identity Provider,AST-0191,RUL-007,Low,Closed,ANL-008,1,67.6,TRUE,FALSE,SYNTHETIC_DEMO_DATA
INC-00001289,ALT-00009599,2025-07-02T14:53:04Z,2025-07-02T15:11:04Z,2025-07-02T15:28:04Z,2025-07-02T16:08:04Z,2025-07-02T18:10:04Z,2025-07-02T20:42:04Z,External Synthetic,Identity Provider,AST-0006,RUL-041,Low,Closed,ANL-016,1,59.0,FALSE,FALSE,SYNTHETIC_DEMO_DATA
INC-00002573,ALT-00002840,2025-04-23T15:01:19Z,2025-04-23T16:08:19Z,2025-04-23T16:25:19Z,2025-04-23T19:11:19Z,2025-04-23T21:03:19Z,,External Synthetic,Network Sensor,AST-0027,RUL-023,Low,Resolved,ANL-010,2,37.5,FALSE,FALSE,SYNTHETIC_DEMO_DATA
INC-00001863,ALT-00002651,2026-02-01T18:39:42Z,2026-02-01T19:19:42Z,2026-02-01T20:44:42Z,2026-02-02T03:53:42Z,2026-02-02T09:22:42Z,2026-02-02T13:34:42Z,External Synthetic,Cloud Audit,AST-0074,RUL-034,Informational,Closed,ANL-011,1,39.8,FALSE,FALSE,SYNTHETIC_DEMO_DATA
INC-00003197,ALT-00007189,2026-07-18T09:46:48Z,2026-07-18T09:54:48Z,2026-07-18T10:03:48Z,,,,EDY Shield,Endpoint Integrity,AST-0083,RUL-011,Informational,Active,ANL-015,0,39.6,FALSE,FALSE,SYNTHETIC_DEMO_DATA
INC-00001758,ALT-00015671,2025-07-25T09:40:43Z,2025-07-25T10:17:43Z,2025-07-25T10:49:43Z,2025-07-25T12:27:43Z,2025-07-25T14:53:43Z,2025-07-25T21:29:43Z,EDY Shield,Endpoint Integrity,AST-0168,RUL-037,Informational,Closed,ANL-008,1,47.0,FALSE,FALSE,SYNTHETIC_DEMO_DATA
INC-00000141,ALT-00007099,2026-05-02T13:06:51Z,2026-05-02T13:31:51Z,2026-05-02T14:04:51Z,2026-05-02T16:34:51Z,2026-05-02T17:17:51Z,2026-05-03T03:50:51Z,EDY SIEM,Correlation Hub,AST-0010,RUL-005,Low,Closed,ANL-006,1,63.7,FALSE,FALSE,SYNTHETIC_DEMO_DATA
INC-00001219,ALT-00009062,2026-03-14T18:10:31Z,2026-03-14T19:06:31Z,2026-03-14T19:19:31Z,2026-03-14T20:08:31Z,2026-03-14T21:33:31Z,2026-03-15T07:31:31Z,EDY SIEM,Correlation Hub,AST-0074,RUL-041,Informational,Closed,ANL-001,1,41.9,FALSE,TRUE,SYNTHETIC_DEMO_DATA
INC-00000637,ALT-00002400,2025-08-29T07:53:39Z,2025-08-29T07:57:39Z,2025-08-29T08:19:39Z,,,,EDY RECON,Exposure Intelligence,AST-0072,RUL-020,Informational,Active,ANL-007,0,25.5,FALSE,FALSE,SYNTHETIC_DEMO_DATA
INC-00001944,ALT-00003387,2025-02-28T17:39:17Z,2025-02-28T17:52:17Z,2025-02-28T19:08:17Z,2025-02-28T19:53:17Z,2025-02-28T22:13:17Z,2025-03-01T08:18:17Z,External Synthetic,Cloud Audit,AST-0023,RUL-044,Low,Closed,ANL-003,3,65.6,FALSE,FALSE,SYNTHETIC_DEMO_DATA
INC-00002650,ALT-00003193,2025-04-28T16:16:59Z,2025-04-28T16:28:59Z,2025-04-28T16:35:59Z,2025-04-28T19:23:59Z,2025-04-29T02:29:59Z,2025-04-29T05:35:59Z,External Synthetic,Network Sensor,AST-0188,RUL-003,Low,Closed,ANL-011,2,43.5,FALSE,TRUE,SYNTHETIC_DEMO_DATA
INC-00001373,ALT-00001753,2025-02-02T14:10:26Z,2025-02-02T14:35:26Z,2025-02-02T15:10:26Z,2025-02-02T16:48:26Z,2025-02-02T21:01:26Z,,EDY SIEM,Correlation Hub,AST-0199,RUL-040,Informational,Resolved,ANL-003,1,46.5,FALSE,FALSE,SYNTHETIC_DEMO_DATA
INC-00000916,ALT-00006576,2025-02-14T14:25:50Z,2025-02-14T14:38:50Z,2025-02-14T15:05:50Z,2025-02-14T17:57:50Z,2025-02-14T21:42:50Z,2025-02-15T00:04:50Z,EDY Shield,Endpoint Integrity,AST-0101,RUL-026,Informational,Closed,ANL-016,4,33.0,FALSE,FALSE,SYNTHETIC_DEMO_DATA
INC-00000209,ALT-00006005,2026-01-09T08:01:02Z,2026-01-09T08:08:02Z,2026-01-09T08:47:02Z,,,,External Synthetic,Network Sensor,AST-0214,RUL-008,Critical,Active,ANL-001,0,100,TRUE,FALSE,SYNTHETIC_DEMO_DATA
INC-00000582,ALT-00011608,2026-03-26T02:11:57Z,2026-03-26T02:39:57Z,2026-03-26T02:58:57Z,2026-03-26T06:45:57Z,2026-03-26T11:04:57Z,2026-03-26T21:42:57Z,External Synthetic,Network Sensor,AST-0034,RUL-013,Informational,Closed,ANL-014,3,33.8,FALSE,FALSE,SYNTHETIC_DEMO_DATA
INC-00000490,ALT-00015332,2025-11-25T12:32:11Z,2025-11-25T13:18:11Z,2025-11-25T13:39:11Z,2025-11-25T14:26:11Z,2025-11-25T17:03:11Z,,External Synthetic,Cloud Audit,AST-0023,RUL-001,Informational,Resolved,ANL-010,2,50.7,FALSE,FALSE,SYNTHETIC_DEMO_DATA
INC-00001984,ALT-00014019,2026-05-30T21:36:16Z,2026-05-30T22:00:16Z,2026-05-30T22:19:16Z,2026-05-30T22:54:16Z,2026-05-30T23:09:16Z,2026-05-31T01:25:16Z,External Synthetic,Network Sensor,AST-0152,RUL-041,Medium,Closed,ANL-012,1,64.9,FALSE,FALSE,SYNTHETIC_DEMO_DATA
INC-00002808,ALT-00012135,2026-07-21T21:28:45Z,2026-07-21T21:34:45Z,2026-07-21T21:45:45Z,2026-07-21T22:48:45Z,2026-07-21T23:27:45Z,2026-07-22T07:41:45Z,External Synthetic,Cloud Audit,AST-0212,RUL-013,Medium,Closed,ANL-004,1,78.1,FALSE,FALSE,SYNTHETIC_DEMO_DATA
INC-00001538,ALT-00015849,2026-01-14T11:39:03Z,2026-01-14T12:05:03Z,2026-01-14T12:12:03Z,2026-01-14T14:01:03Z,2026-01-14T17:58:03Z,2026-01-15T01:46:03Z,External Synthetic,Identity Provider,AST-0068,RUL-028,Low,Closed,ANL-001,4,63.2,FALSE,FALSE,SYNTHETIC_DEMO_DATA
INC-00002000,ALT-00002652,2025-11-11T21:01:09Z,2025-11-11T21:13:09Z,2025-11-11T21:15:09Z,2025-11-11T22:51:09Z,2025-11-12T02:33:09Z,2025-11-12T12:06:09Z,External Synthetic,Cloud Audit,AST-0046,RUL-018,Medium,Closed,ANL-008,1,70.4,FALSE,FALSE,SYNTHETIC_DEMO_DATA
INC-00001036,ALT-00005991,2025-05-21T09:58:30Z,2025-05-21T10:28:30Z,2025-05-21T10:52:30Z,2025-05-21T11:37:30Z,2025-05-21T14:29:30Z,2025-05-21T16:33:30Z,EDY Shield,Endpoint Integrity,AST-0022,RUL-011,Informational,Closed,ANL-004,1,31.5,FALSE,FALSE,SYNTHETIC_DEMO_DATA
INC-00000998,ALT-00017040,2025-07-23T13:23:33Z,2025-07-23T14:01:33Z,2025-07-23T14:37:33Z,2025-07-23T15:23:33Z,,,EDY SIEM,Correlation Hub,AST-0136,RUL-029,Informational,Contained,ANL-018,0,45.7,FALSE,FALSE,SYNTHETIC_DEMO_DATA
INC-00000538,ALT-00013646,2025-03-31T12:22:59Z,2025-03-31T12:41:59Z,2025-03-31T12:51:59Z,2025-03-31T15:24:59Z,2025-03-31T16:00:59Z,2025-04-01T02:08:59Z,EDY SIEM,Correlation Hub,AST-0110,RUL-037,Informational,Closed,ANL-016,1,38.5,FALSE,FALSE,SYNTHETIC_DEMO_DATA
INC-00002797,ALT-00009584,2026-01-22T20:28:22Z,2026-01-22T20:41:22Z,2026-01-22T21:26:22Z,2026-01-22T22:30:22Z,2026-01-23T02:13:22Z,2026-01-23T07:09:22Z,EDY RECON,Exposure Intelligence,AST-0188,RUL-036,Informational,Closed,ANL-007,1,36.7,FALSE,FALSE,SYNTHETIC_DEMO_DATA
INC-00001730,ALT-00006339,2025-08-12T16:35:52Z,2025-08-12T16:45:52Z,2025-08-12T17:47:52Z,2025-08-12T19:27:52Z,2025-08-12T21:58:52Z,2025-08-13T03:26:52Z,External Synthetic,Identity Provider,AST-0077,RUL-031,Informational,Closed,ANL-006,3,45.7,FALSE,FALSE,SYNTHETIC_DEMO_DATA
INC-00000776,ALT-00010016,2025-03-09T13:32:55Z,2025-03-09T14:36:55Z,2025-03-09T15:11:55Z,2025-03-09T19:15:55Z,2025-03-09T22:09:55Z,2025-03-10T03:22:55Z,EDY Shield,Endpoint Integrity,AST-0123,RUL-011,Low,Closed,ANL-007,1,60.0,FALSE,FALSE,SYNTHETIC_DEMO_DATA
INC-00000007,ALT-00002784,2025-06-21T15:59:04Z,2025-06-21T16:33:04Z,2025-06-21T16:58:04Z,2025-06-21T17:36:04Z,2025-06-22T00:30:04Z,2025-06-22T09:10:04Z,EDY RECON,Exposure Intelligence,AST-0155,RUL-027,Informational,Closed,ANL-007,2,41.4,FALSE,FALSE,SYNTHETIC_DEMO_DATA
INC-00001681,ALT-00000339,2026-07-21T11:20:21Z,2026-07-21T12:19:21Z,2026-07-21T12:39:21Z,2026-07-21T13:20:21Z,2026-07-22T00:25:21Z,2026-07-22T03:42:21Z,EDY Sentinel,Cloud Detection,AST-0203,RUL-012,Informational,Closed,ANL-007,1,49.6,FALSE,FALSE,SYNTHETIC_DEMO_DATA
INC-00001134,ALT-00017441,2025-06-04T05:42:32Z,2025-06-04T05:56:32Z,2025-06-04T06:23:32Z,2025-06-04T07:38:32Z,2025-06-04T09:50:32Z,2025-06-04T11:01:32Z,EDY Shield,Endpoint Integrity,AST-0065,RUL-038,High,Closed,ANL-005,1,91.9,TRUE,FALSE,SYNTHETIC_DEMO_DATA
INC-00001570,ALT-00017368,2026-03-31T16:30:23Z,2026-03-31T17:03:23Z,2026-03-31T17:20:23Z,2026-03-31T19:39:23Z,2026-03-31T21:06:23Z,,EDY Shield,Endpoint Integrity,AST-0219,RUL-034,Informational,Resolved,ANL-010,1,35.6,FALSE,FALSE,SYNTHETIC_DEMO_DATA
INC-00001573,ALT-00011306,2026-05-15T19:39:28Z,2026-05-15T19:45:28Z,2026-05-15T20:18:28Z,2026-05-15T21:39:28Z,2026-05-15T22:45:28Z,2026-05-15T23:54:28Z,External Synthetic,Network Sensor,AST-0135,RUL-033,Low,Closed,ANL-008,1,57.7,TRUE,FALSE,SYNTHETIC_DEMO_DATA
INC-00002105,ALT-00000709,2026-07-31T09:21:19Z,2026-07-31T09:48:19Z,2026-07-31T10:58:19Z,2026-07-31T14:18:19Z,2026-07-31T15:33:19Z,2026-08-01T02:46:19Z,External Synthetic,Cloud Audit,AST-0239,RUL-030,Informational,Closed,ANL-009,1,48.2,FALSE,FALSE,SYNTHETIC_DEMO_DATA
INC-00000342,ALT-00001876,2026-01-05T18:05:10Z,2026-01-05T18:51:10Z,2026-01-05T19:10:10Z,2026-01-05T22:34:10Z,2026-01-06T02:32:10Z,2026-01-06T04:00:10Z,EDY Shield,Endpoint Integrity,AST-0228,RUL-007,Informational,Closed,ANL-002,3,38.2,FALSE,FALSE,SYNTHETIC_DEMO_DATA
INC-00001549,ALT-00012833,2025-09-11T16:31:05Z,2025-09-11T16:40:05Z,2025-09-11T17:16:05Z,2025-09-11T20:17:05Z,2025-09-11T22:46:05Z,2025-09-12T07:42:05Z,External Synthetic,Cloud Audit,AST-0226,RUL-041,Low,Closed,ANL-014,1,58.2,FALSE,FALSE,SYNTHETIC_DEMO_DATA
INC-00002786,ALT-00009485,2025-09-26T22:51:03Z,2025-09-26T23:00:03Z,2025-09-26T23:09:03Z,2025-09-26T23:48:03Z,2025-09-27T00:52:03Z,2025-09-27T06:50:03Z,External Synthetic,Network Sensor,AST-0088,RUL-024,Medium,Closed,,3,69.6,FALSE,FALSE,SYNTHETIC_DEMO_DATA
INC-00000107,ALT-00004857,2026-02-18T06:34:00Z,2026-02-18T06:59:00Z,2026-02-18T07:11:00Z,2026-02-18T09:02:00Z,2026-02-18T16:46:00Z,2026-02-19T02:33:00Z,External Synthetic,Identity Provider,AST-0221,RUL-023,MEDIUM,Closed,ANL-011,1,76.3,FALSE,FALSE,SYNTHETIC_DEMO_DATA
INC-00001417,ALT-00013970,2025-11-16T18:43:00Z,2025-11-16T19:07:00Z,2025-11-16T19:21:00Z,2025-11-16T23:04:00Z,2025-11-17T00:26:00Z,2025-11-17T11:49:00Z,External Synthetic,Network Sensor,AST-0036,RUL-034,Informational,Closed,ANL-001,3,24.8,FALSE,FALSE,SYNTHETIC_DEMO_DATA
INC-00001521,ALT-00011478,2026-03-19T14:33:32Z,2026-03-19T14:38:32Z,2026-03-19T14:54:32Z,2026-03-19T15:16:32Z,2026-03-19T17:27:32Z,,External Synthetic,Cloud Audit,AST-0100,RUL-021,High,Resolved,ANL-014,3,97.1,TRUE,FALSE,SYNTHETIC_DEMO_DATA
INC-00001321,ALT-00012409,2026-04-07T12:53:18Z,2026-04-07T13:29:18Z,2026-04-07T14:03:18Z,2026-04-07T14:30:18Z,2026-04-07T19:44:18Z,2026-04-07T22:19:18Z,External Synthetic,Cloud Audit,AST-0157,RUL-040,Informational,Closed,ANL-007,2,28.5,FALSE,FALSE,SYNTHETIC_DEMO_DATA
INC-00001529,ALT-00015238,2025-03-11T07:24:23Z,2025-03-11T08:05:23Z,2025-03-11T08:22:23Z,2025-03-11T10:27:23Z,2025-03-12T07:30:23Z,2025-03-12T18:24:23Z,External Synthetic,Identity Provider,AST-0222,RUL-012,Informational,Closed,ANL-009,1,57.7,TRUE,FALSE,SYNTHETIC_DEMO_DATA
INC-00001603,ALT-00000394,2026-02-27T15:43:28Z,2026-02-27T15:55:28Z,2026-02-27T16:03:28Z,2026-02-27T18:06:28Z,2026-02-27T23:03:28Z,,EDY RECON,Exposure Intelligence,AST-0103,RUL-009,Low,Resolved,ANL-014,1,49.2,FALSE,FALSE,SYNTHETIC_DEMO_DATA
INC-00001523,ALT-00002303,2026-07-04T23:49:45Z,2026-07-05T00:04:45Z,2026-07-05T00:22:45Z,2026-07-05T04:15:45Z,2026-07-05T06:26:45Z,2026-07-05T12:39:45Z,EDY SIEM,Correlation Hub,AST-0077,RUL-038,Medium,Closed,ANL-017,1,79.2,FALSE,FALSE,SYNTHETIC_DEMO_DATA
INC-00003081,ALT-00013958,2026-01-27T17:10:06Z,2026-01-27T17:31:06Z,2026-01-27T18:14:06Z,2026-01-27T18:55:06Z,2026-01-27T21:34:06Z,2026-01-28T07:33:06Z,External Synthetic,Network Sensor,AST-0038,RUL-001,Low,Closed,ANL-018,2,56.3,FALSE,FALSE,SYNTHETIC_DEMO_DATA
INC-00000266,ALT-00012233,2025-04-19T17:18:44Z,2025-04-19T17:34:44Z,2025-04-19T18:36:44Z,2025-04-19T23:51:44Z,2025-04-20T12:17:44Z,2025-04-20T16:16:44Z,External Synthetic,Cloud Audit,AST-0002,RUL-024,Informational,Closed,ANL-012,2,39.4,FALSE,FALSE,SYNTHETIC_DEMO_DATA
INC-00001940,ALT-00008294,2026-01-10T10:39:18Z,2026-01-10T13:29:18Z,2026-01-10T13:44:18Z,2026-01-10T15:36:18Z,2026-01-11T01:32:18Z,2026-01-11T03:05:18Z,External Synthetic,Network Sensor,AST-0236,RUL-030,Low,Closed,ANL-013,1,49.0,FALSE,FALSE,SYNTHETIC_DEMO_DATA
INC-00003111,ALT-00011391,2025-08-28T06:49:21Z,2025-08-28T07:05:21Z,2025-08-28T07:21:21Z,2025-08-28T07:46:21Z,2025-08-28T11:40:21Z,,EDY Sentinel,Cloud Detection,AST-0154,RUL-015,Informational,Resolved,ANL-005,3,41.8,FALSE,FALSE,SYNTHETIC_DEMO_DATA
INC-00002555,ALT-00017917,2026-02-04T20:01:10Z,2026-02-04T20:09:10Z,2026-02-04T20:28:10Z,2026-02-04T22:14:10Z,2026-02-05T02:13:10Z,2026-02-05T05:17:10Z,EDY Sentinel,Cloud Detection,AST-0056,RUL-023,Informational,Closed,ANL-009,1,39.0,FALSE,FALSE,SYNTHETIC_DEMO_DATA
INC-00001258,ALT-00017835,2025-03-25T14:42:50Z,2025-03-25T15:03:50Z,2025-03-25T15:12:50Z,2025-03-25T17:05:50Z,2025-03-26T16:02:50Z,2025-03-26T19:47:50Z,External Synthetic,Network Sensor,AST-0088,RUL-024,Low,Closed,ANL-017,1,49.1,FALSE,FALSE,SYNTHETIC_DEMO_DATA
INC-00001872,ALT-00005154,2025-05-06T10:49:04Z,2025-05-06T11:41:04Z,2025-05-06T12:15:04Z,2025-05-06T14:06:04Z,2025-05-06T16:04:04Z,,EDY SIEM,Correlation Hub,AST-0226,RUL-014,Informational,Resolved,ANL-002,3,43.4,FALSE,FALSE,SYNTHETIC_DEMO_DATA
INC-00002148,ALT-00013813,2025-06-03T13:41:48Z,2025-06-03T14:27:48Z,2025-06-03T15:14:48Z,2025-06-03T17:18:48Z,2025-06-03T17:38:48Z,2025-06-04T03:38:48Z,External Synthetic,Cloud Audit,AST-0140,RUL-015,Informational,Closed,ANL-014,1,53.2,FALSE,FALSE,SYNTHETIC_DEMO_DATA
INC-00001345,ALT-00009626,2026-04-15T12:58:05Z,2026-04-15T13:47:05Z,2026-04-15T14:17:05Z,2026-04-15T15:25:05Z,2026-04-15T16:46:05Z,2026-04-15T22:25:05Z,External Synthetic,Network Sensor,AST-0224,RUL-033,Low,Closed,ANL-002,4,47.1,FALSE,FALSE,SYNTHETIC_DEMO_DATA
INC-00000145,ALT-00011066,2025-07-17T23:52:57Z,2025-07-18T00:31:57Z,2025-07-18T00:39:57Z,2025-07-18T01:49:57Z,,,EDY RECON,Exposure Intelligence,AST-0094,RUL-042,Medium,Contained,ANL-015,0,59.7,FALSE,FALSE,SYNTHETIC_DEMO_DATA
INC-00001188,ALT-00004372,2025-09-05T17:25:43Z,2025-09-05T18:03:43Z,2025-09-05T18:08:43Z,2025-09-05T18:41:43Z,2025-09-05T22:12:43Z,2025-09-06T05:37:43Z,EDY Sentinel,Cloud Detection,AST-0032,RUL-029,Informational,Closed,ANL-002,1,62.9,TRUE,FALSE,SYNTHETIC_DEMO_DATA
INC-00003171,ALT-00002709,2025-08-19T14:31:29Z,2025-08-19T15:20:29Z,2025-08-19T15:40:29Z,2025-08-19T16:30:29Z,2025-08-19T20:21:29Z,,External Synthetic,Network Sensor,AST-0198,RUL-015,High,Resolved,ANL-002,2,87.2,TRUE,FALSE,SYNTHETIC_DEMO_DATA
INC-00001826,ALT-00014833,2025-07-07T09:45:39Z,2025-07-07T10:19:39Z,2025-07-07T10:34:39Z,2025-07-07T10:50:39Z,2025-07-07T12:56:39Z,2025-07-07T19:14:39Z,EDY SIEM,Correlation Hub,AST-0229,RUL-012,Medium,Closed,ANL-002,2,73.8,TRUE,FALSE,SYNTHETIC_DEMO_DATA
INC-00000116,ALT-00011586,2026-01-31T16:10:55Z,2026-01-31T16:28:55Z,2026-01-31T16:32:55Z,2026-01-31T17:56:55Z,2026-01-31T20:46:55Z,,External Synthetic,Network Sensor,AST-0221,RUL-045,Low,Resolved,ANL-001,1,63.5,FALSE,FALSE,SYNTHETIC_DEMO_DATA
INC-00000785,ALT-00007727,2026-07-25T16:53:44Z,2026-07-25T17:00:44Z,2026-07-25T17:27:44Z,2026-07-25T23:43:44Z,2026-07-26T01:16:44Z,2026-07-26T07:45:44Z,External Synthetic,Network Sensor,AST-0168,RUL-045,Medium,Closed,ANL-017,2,69.8,FALSE,FALSE,SYNTHETIC_DEMO_DATA
INC-00001701,ALT-00000023,2026-04-11T13:02:48Z,2026-04-11T13:18:48Z,2026-04-11T14:05:48Z,2026-04-11T15:34:48Z,2026-04-11T17:47:48Z,2026-04-12T02:00:48Z,EDY SIEM,Correlation Hub,AST-0019,RUL-011,Low,Closed,ANL-012,1,63.4,FALSE,FALSE,SYNTHETIC_DEMO_DATA
INC-00001979,ALT-00015358,2025-02-28T07:39:30Z,2025-02-28T08:34:30Z,2025-02-28T08:45:30Z,2025-02-28T10:16:30Z,2025-02-28T15:10:30Z,2025-02-28T20:51:30Z,External Synthetic,Identity Provider,AST-0047,RUL-029,Medium,Closed,ANL-011,1,70.6,FALSE,FALSE,SYNTHETIC_DEMO_DATA
INC-00001756,ALT-00006090,2025-06-22T12:46:26Z,2025-06-22T12:56:26Z,2025-06-22T13:36:26Z,2025-06-22T15:07:26Z,2025-06-22T15:55:26Z,2025-06-23T02:10:26Z,EDY RECON,Exposure Intelligence,AST-0085,RUL-024,Informational,Closed,ANL-004,1,35.9,FALSE,FALSE,SYNTHETIC_DEMO_DATA
INC-00000456,ALT-00015552,2025-05-15T00:10:45Z,2025-05-15T00:42:45Z,2025-05-15T00:53:45Z,2025-05-15T02:52:45Z,2025-05-15T04:52:45Z,,EDY Sentinel,Cloud Detection,AST-0075,RUL-016,Medium,Resolved,ANL-016,1,67.2,FALSE,FALSE,SYNTHETIC_DEMO_DATA
INC-00000305,ALT-00010218,2025-11-27T10:20:17Z,2025-11-27T10:33:17Z,2025-11-27T10:38:17Z,2025-11-27T12:03:17Z,2025-11-27T14:03:17Z,2025-11-27T15:59:17Z,EDY RECON,Exposure Intelligence,AST-0154,RUL-006,Informational,Closed,ANL-009,1,43.5,FALSE,FALSE,SYNTHETIC_DEMO_DATA
INC-00002418,ALT-00008635,2026-05-07T09:39:53Z,2026-05-07T10:13:53Z,2026-05-07T10:34:53Z,2026-05-07T11:51:53Z,2026-05-07T13:34:53Z,,External Synthetic,Cloud Audit,AST-0022,RUL-029,Medium,Resolved,ANL-016,4,60.4,FALSE,FALSE,SYNTHETIC_DEMO_DATA
INC-00002527,ALT-00008740,2026-03-27T12:51:16Z,2026-03-27T13:00:16Z,2026-03-27T13:53:16Z,2026-03-27T14:29:16Z,2026-03-27T15:05:16Z,2026-03-28T00:46:16Z,EDY RECON,Exposure Intelligence,AST-0172,RUL-040,Low,Closed,ANL-008,2,59.2,FALSE,FALSE,SYNTHETIC_DEMO_DATA
INC-00002997,ALT-00004164,2025-03-03T07:26:06Z,2025-03-03T07:54:06Z,2025-03-03T08:41:06Z,2025-03-03T09:21:06Z,2025-03-03T13:10:06Z,2025-03-03T23:25:06Z,EDY RECON,Exposure Intelligence,AST-0100,RUL-041,Low,Closed,ANL-012,3,56.5,FALSE,FALSE,SYNTHETIC_DEMO_DATA
INC-00000472,ALT-00006528,2025-12-16T14:32:19Z,2025-12-16T14:44:19Z,2025-12-16T15:04:19Z,2025-12-16T15:10:19Z,2025-12-17T04:41:19Z,2025-12-17T14:22:19Z,External Synthetic,Network Sensor,AST-0239,RUL-033,High,Closed,ANL-013,1,100,TRUE,FALSE,SYNTHETIC_DEMO_DATA
INC-00000524,ALT-00001167,2026-06-26T16:31:42Z,2026-06-26T19:08:42Z,2026-06-26T19:15:42Z,2026-06-26T19:28:42Z,2026-06-26T21:42:42Z,2026-06-27T00:35:42Z,External Synthetic,Network Sensor,AST-0167,RUL-043,Medium,Closed,ANL-008,3,76.8,FALSE,FALSE,SYNTHETIC_DEMO_DATA
INC-00002869,ALT-00001572,2025-03-02T14:59:56Z,2025-03-02T15:33:56Z,2025-03-02T15:50:56Z,2025-03-02T16:09:56Z,2025-03-02T19:27:56Z,2025-03-03T06:12:56Z,External Synthetic,Network Sensor,AST-0137,RUL-005,Informational,Closed,ANL-007,1,34.4,FALSE,FALSE,SYNTHETIC_DEMO_DATA
INC-00000243,ALT-00017038,2026-03-20T10:56:14Z,2026-03-20T11:14:14Z,2026-03-20T11:36:14Z,,,,EDY Shield,Endpoint Integrity,AST-0227,RUL-022,Informational,Active,ANL-011,0,36.4,FALSE,FALSE,SYNTHETIC_DEMO_DATA
INC-00002410,ALT-00017410,2025-07-17T14:52:03Z,2025-07-17T14:58:03Z,2025-07-17T15:19:03Z,2025-07-17T16:14:03Z,2025-07-18T07:15:03Z,2025-07-18T07:50:03Z,External Synthetic,Network Sensor,AST-0230,RUL-003,Informational,Closed,ANL-016,1,54.4,FALSE,FALSE,SYNTHETIC_DEMO_DATA
INC-00002314,ALT-00013859,2025-02-12T16:02:13Z,2025-02-12T16:16:13Z,2025-02-12T16:33:13Z,2025-02-12T18:31:13Z,,,External Synthetic,Network Sensor,AST-0099,RUL-003,Informational,contido,ANL-004,0,30.3,FALSE,FALSE,SYNTHETIC_DEMO_DATA
INC-00000408,ALT-00006107,2025-07-11T08:56:28Z,2025-07-11T09:47:28Z,2025-07-11T10:21:28Z,2025-07-11T12:44:28Z,2025-07-11T15:23:28Z,2025-07-11T15:54:28Z,EDY Sentinel,Cloud Detection,AST-0208,RUL-039,Informational,Closed,ANL-008,1,47.8,FALSE,FALSE,SYNTHETIC_DEMO_DATA
INC-00000965,ALT-00003264,2025-10-21T06:28:48Z,,,,,,External Synthetic,Network Sensor,AST-0135,RUL-023,Medium,New,ANL-017,0,52.4,FALSE,FALSE,SYNTHETIC_DEMO_DATA
INC-00000752,ALT-00012031,2025-12-02T16:08:10Z,2025-12-02T16:29:10Z,2025-12-02T16:38:10Z,2025-12-03T00:18:10Z,2025-12-03T13:49:10Z,2025-12-04T00:45:10Z,External Synthetic,Network Sensor,AST-0176,RUL-045,Low,Closed,ANL-013,3,62.7,FALSE,FALSE,SYNTHETIC_DEMO_DATA
INC-00003133,ALT-00003369,2026-02-28T10:28:41Z,2026-02-28T10:39:41Z,2026-02-28T10:45:41Z,2026-02-28T11:36:41Z,2026-02-28T22:14:41Z,2026-03-01T02:44:41Z,EDY Sentinel,Cloud Detection,AST-0164,RUL-012,Low,Closed,ANL-014,1,54.9,FALSE,FALSE,SYNTHETIC_DEMO_DATA
INC-00002998,ALT-00013573,2025-11-19T11:21:54Z,2025-11-19T11:58:54Z,2025-11-19T12:02:54Z,2025-11-19T14:09:54Z,2025-11-19T23:23:54Z,2025-11-20T03:17:54Z,External Synthetic,Cloud Audit,AST-0139,RUL-017,Low,Closed,ANL-005,2,42.6,FALSE,FALSE,SYNTHETIC_DEMO_DATA
INC-00000283,ALT-00003607,2026-05-05T12:44:51Z,2026-05-05T12:58:51Z,2026-05-05T13:50:51Z,2026-05-05T15:21:51Z,2026-05-05T18:53:51Z,2026-05-05T19:15:51Z,External Synthetic,Network Sensor,AST-0201,RUL-001,Informational,Closed,ANL-001,1,37.5,FALSE,FALSE,SYNTHETIC_DEMO_DATA
INC-00001467,ALT-00001378,2025-02-24T08:36:05Z,2025-02-24T08:52:05Z,2025-02-24T09:11:05Z,2025-02-24T09:59:05Z,2025-02-24T20:23:05Z,2025-02-24T20:40:05Z,EDY SIEM,Correlation Hub,AST-0048,RUL-004,Low,Closed,ANL-012,1,54.6,FALSE,FALSE,SYNTHETIC_DEMO_DATA
INC-00001383,ALT-00008484,2025-08-19T21:28:01Z,2025-08-19T21:51:01Z,2025-08-19T22:15:01Z,2025-08-19T23:40:01Z,2025-08-20T01:07:01Z,2025-08-20T04:29:01Z,EDY SIEM,Correlation Hub,AST-0114,RUL-001,Low,Closed,ANL-006,1,62.3,FALSE,FALSE,SYNTHETIC_DEMO_DATA
INC-00000273,ALT-00012492,2025-06-26T11:13:04Z,2025-06-26T11:19:04Z,2025-06-26T11:38:04Z,2025-06-26T15:56:04Z,2025-06-26T17:03:04Z,2025-06-27T04:29:04Z,EDY Shield,Endpoint Integrity,AST-0120,RUL-043,Informational,Closed,ANL-017,1,39.8,FALSE,FALSE,SYNTHETIC_DEMO_DATA
INC-00002630,ALT-00011845,2026-07-22T18:16:18Z,2026-07-22T18:19:18Z,2026-07-22T19:00:18Z,2026-07-22T21:07:18Z,2026-07-23T01:27:18Z,2026-07-23T01:39:18Z,External Synthetic,Network Sensor,AST-0170,RUL-002,Informational,Closed,ANL-006,1,37.0,FALSE,FALSE,SYNTHETIC_DEMO_DATA
INC-00001516,ALT-00007813,2025-07-04T06:57:28Z,2025-07-04T07:43:28Z,2025-07-04T07:57:28Z,2025-07-04T10:44:28Z,2025-07-04T11:24:28Z,2025-07-04T21:16:28Z,External Synthetic,Cloud Audit,AST-0138,RUL-037,Informational,Closed,ANL-010,4,34.0,FALSE,FALSE,SYNTHETIC_DEMO_DATA
INC-00002440,ALT-00015915,2025-05-04T12:16:41Z,2025-05-04T12:33:41Z,2025-05-04T12:48:41Z,2025-05-04T14:31:41Z,2025-05-04T22:41:41Z,,External Synthetic,Network Sensor,AST-0021,RUL-035,Informational,Resolved,ANL-004,1,36.2,FALSE,FALSE,SYNTHETIC_DEMO_DATA
INC-00000008,ALT-00014549,2025-05-18T22:02:33Z,2025-05-18T22:48:33Z,2025-05-18T23:08:33Z,2025-05-19T00:06:33Z,2025-05-19T07:18:33Z,2025-05-19T08:13:33Z,EDY Shield,Endpoint Integrity,AST-0085,RUL-011,Informational,Closed,ANL-018,4,27.6,FALSE,FALSE,SYNTHETIC_DEMO_DATA
INC-00000123,ALT-00013030,2025-08-29T17:40:04Z,2025-08-29T17:52:04Z,2025-08-29T18:00:04Z,2025-08-29T18:14:04Z,2025-08-29T19:53:04Z,2025-08-30T03:04:04Z,External Synthetic,Network Sensor,AST-0148,RUL-032,Critical,Closed,ANL-009,3,100,TRUE,FALSE,SYNTHETIC_DEMO_DATA
INC-00000052,ALT-00000317,2026-07-17T14:20:21Z,2026-07-17T14:29:21Z,2026-07-17T14:43:21Z,,,,EDY SIEM,Correlation Hub,AST-0047,RUL-036,Informational,Active,ANL-016,0,37.5,FALSE,FALSE,SYNTHETIC_DEMO_DATA
INC-00000548,ALT-00013582,2025-11-02T15:30:20Z,2025-11-02T15:50:20Z,2025-11-02T16:13:20Z,2025-11-02T16:32:20Z,2025-11-02T17:08:20Z,2025-11-02T22:14:20Z,External Synthetic,Network Sensor,AST-0007,RUL-017,Medium,Closed,ANL-002,1,64.6,FALSE,FALSE,SYNTHETIC_DEMO_DATA
INC-00000295,ALT-00016700,2025-06-21T05:12:53Z,2025-06-21T05:31:53Z,2025-06-21T05:36:53Z,2025-06-21T06:32:53Z,2025-06-21T07:45:53Z,,EDY Sentinel,Cloud Detection,AST-0181,RUL-041,Medium,Resolved,ANL-009,3,75.5,FALSE,FALSE,SYNTHETIC_DEMO_DATA
INC-00001469,ALT-00005494,2025-07-14T10:18:59Z,2025-07-14T10:27:59Z,2025-07-14T11:12:59Z,2025-07-14T13:40:59Z,2025-07-14T14:34:59Z,2025-07-14T18:59:59Z,EDY RECON,Exposure Intelligence,AST-0227,RUL-011,Medium,Closed,ANL-017,3,64.3,FALSE,FALSE,SYNTHETIC_DEMO_DATA
INC-00002880,ALT-00006250,2026-03-13T06:39:39Z,2026-03-13T06:48:39Z,2026-03-13T07:01:39Z,2026-03-13T09:16:39Z,2026-03-13T16:16:39Z,2026-03-13T18:50:39Z,EDY Sentinel,Cloud Detection,AST-0129,RUL-041,Informational,Closed,ANL-002,1,41.0,FALSE,FALSE,SYNTHETIC_DEMO_DATA
INC-00000816,ALT-00005369,2026-02-05T14:08:32Z,2026-02-05T14:32:32Z,2026-02-05T14:41:32Z,2026-02-05T15:19:32Z,2026-02-05T15:55:32Z,2026-02-05T19:13:32Z,EDY Shield,Endpoint Integrity,AST-0023,RUL-036,Medium,Closed,ANL-016,1,82.8,FALSE,FALSE,SYNTHETIC_DEMO_DATA
INC-00000746,ALT-00013770,2026-06-21T12:28:14Z,2026-06-21T12:46:14Z,2026-06-21T12:52:14Z,2026-06-21T14:38:14Z,2026-06-21T15:50:14Z,2026-06-21T21:18:14Z,EDY RECON,Exposure Intelligence,AST-0037,RUL-032,Informational,Closed,ANL-018,1,45.2,FALSE,FALSE,SYNTHETIC_DEMO_DATA
INC-00001519,ALT-00008841,2025-10-05T13:54:39Z,2025-10-05T14:25:39Z,2025-10-05T17:43:39Z,2025-10-05T18:26:39Z,2025-10-05T20:37:39Z,2025-10-06T08:08:39Z,EDY RECON,Exposure Intelligence,AST-0119,RUL-021,Low,Closed,ANL-008,4,55.5,FALSE,FALSE,SYNTHETIC_DEMO_DATA
INC-00000496,ALT-00006546,2025-02-13T11:37:16Z,2025-02-13T12:18:16Z,2025-02-13T13:01:16Z,2025-02-13T13:51:16Z,2025-02-13T23:28:16Z,,External Synthetic,Network Sensor,AST-0056,RUL-032,Low,Resolved,ANL-005,1,50.8,FALSE,FALSE,SYNTHETIC_DEMO_DATA
INC-00003162,ALT-00014372,2025-04-09T17:03:00Z,2025-04-09T17:40:00Z,2025-04-09T17:45:00Z,2025-04-09T18:05:00Z,2025-04-09T21:48:00Z,2025-04-10T09:17:00Z,External Synthetic,Cloud Audit,AST-0009,RUL-031,Medium,Closed,ANL-010,1,53.3,FALSE,FALSE,SYNTHETIC_DEMO_DATA
INC-00003126,ALT-00015596,2026-04-12T12:20:54Z,2026-04-12T13:21:54Z,2026-04-12T13:27:54Z,2026-04-12T14:38:54Z,2026-04-12T15:51:54Z,2026-04-13T03:25:54Z,External Synthetic,Network Sensor,AST-0185,RUL-017,Low,Closed,ANL-009,1,65.4,FALSE,FALSE,SYNTHETIC_DEMO_DATA
INC-00000200,ALT-00009134,2025-05-01T15:55:49Z,2025-05-01T16:04:49Z,2025-05-01T16:22:49Z,2025-05-01T17:23:49Z,2025-05-01T20:05:49Z,2025-05-01T22:01:49Z,External Synthetic,Identity Provider,AST-0019,RUL-013,Informational,Closed,ANL-006,1,40.9,FALSE,FALSE,SYNTHETIC_DEMO_DATA
INC-00001685,ALT-00014984,2025-02-05T15:28:27Z,,,,,,External Synthetic,Cloud Audit,AST-0235,RUL-014,High,New,ANL-018,0,100,TRUE,FALSE,SYNTHETIC_DEMO_DATA
INC-00001583,ALT-00000380,2025-08-15T16:56:50Z,2025-08-15T17:11:50Z,2025-08-15T17:20:50Z,2025-08-15T18:06:50Z,2025-08-15T22:01:50Z,2025-08-16T01:28:50Z,External Synthetic,Identity Provider,AST-0076,RUL-042,Medium,Closed,ANL-011,1,58.8,FALSE,FALSE,SYNTHETIC_DEMO_DATA
INC-00000228,ALT-00000237,2025-09-02T10:45:34Z,2025-09-02T11:04:34Z,2025-09-02T11:12:34Z,2025-09-02T12:00:34Z,2025-09-03T09:12:34Z,2025-09-03T10:26:34Z,EDY Shield,Endpoint Integrity,AST-0069,RUL-034,Medium,Closed,ANL-010,1,73.2,FALSE,FALSE,SYNTHETIC_DEMO_DATA
INC-00002917,ALT-00007826,2026-03-24T09:26:19Z,2026-03-24T10:39:19Z,2026-03-24T10:58:19Z,2026-03-24T12:15:19Z,2026-03-24T20:22:19Z,2026-03-25T07:28:19Z,External Synthetic,Cloud Audit,AST-0105,RUL-045,Low,Closed,ANL-014,3,55.4,FALSE,FALSE,SYNTHETIC_DEMO_DATA
INC-00000574,ALT-00007906,2026-01-12T16:39:44Z,2026-01-12T16:58:44Z,2026-01-12T17:09:44Z,2026-01-12T20:58:44Z,2026-01-13T06:19:44Z,,External Synthetic,Network Sensor,AST-0115,RUL-020,Informational,Resolved,ANL-016,1,36.6,FALSE,FALSE,SYNTHETIC_DEMO_DATA
INC-00001683,ALT-00003918,2025-10-05T02:58:30Z,2025-10-05T03:16:30Z,2025-10-05T03:35:30Z,2025-10-05T05:10:30Z,2025-10-05T13:48:30Z,2025-10-06T00:14:30Z,External Synthetic,Identity Provider,AST-0092,RUL-043,Low,Closed,ANL-012,1,66.6,TRUE,FALSE,SYNTHETIC_DEMO_DATA
INC-00001056,ALT-00015860,2026-04-24T10:21:17Z,2026-04-24T10:37:17Z,2026-04-24T11:38:17Z,2026-04-24T12:18:17Z,2026-04-24T13:04:17Z,2026-04-24T18:59:17Z,External Synthetic,Identity Provider,AST-0052,RUL-033,Low,Closed,ANL-009,2,60.4,TRUE,FALSE,SYNTHETIC_DEMO_DATA
INC-00002800,ALT-00011320,2025-07-07T14:04:43Z,2025-07-07T15:20:43Z,2025-07-07T15:42:43Z,2025-07-07T16:29:43Z,2025-07-07T18:48:43Z,2025-07-08T04:10:43Z,External Synthetic,Identity Provider,AST-0184,RUL-033,Low,Closed,ANL-005,3,51.3,FALSE,FALSE,SYNTHETIC_DEMO_DATA
INC-00000415,ALT-00001777,2025-03-06T20:20:53Z,2025-03-06T20:31:53Z,2025-03-06T20:38:53Z,2025-03-06T21:20:53Z,2025-03-06T22:09:53Z,2025-03-07T04:46:53Z,External Synthetic,Identity Provider,AST-0023,RUL-037,High,Closed,ANL-016,1,100,TRUE,FALSE,SYNTHETIC_DEMO_DATA
INC-00002620,ALT-00014063,2026-03-03T18:21:17Z,2026-03-03T19:31:17Z,2026-03-03T20:09:17Z,2026-03-03T20:30:17Z,2026-03-03T21:33:17Z,2026-03-04T05:09:17Z,External Synthetic,Identity Provider,AST-0176,RUL-043,Medium,Closed,ANL-006,1,83.1,FALSE,FALSE,SYNTHETIC_DEMO_DATA
INC-00002186,ALT-00000793,2025-06-01T13:03:33Z,2025-06-01T13:12:33Z,2025-06-01T15:02:33Z,2025-06-01T16:14:33Z,2025-06-01T18:00:33Z,2025-06-02T01:12:33Z,External Synthetic,Network Sensor,AST-0215,RUL-003,Informational,Closed,ANL-018,1,29.4,FALSE,FALSE,SYNTHETIC_DEMO_DATA
INC-00002882,ALT-00002236,2025-08-04T15:08:37Z,2025-08-04T15:16:37Z,2025-08-04T15:27:37Z,2025-08-04T19:27:37Z,2025-08-05T02:31:37Z,2025-08-05T10:57:37Z,EDY Shield,Endpoint Integrity,AST-0222,RUL-011,Informational,Closed,ANL-006,4,59.7,TRUE,FALSE,SYNTHETIC_DEMO_DATA
INC-00001005,ALT-00011842,2026-05-17T13:08:39Z,2026-05-17T13:31:39Z,2026-05-17T13:50:39Z,2026-05-17T16:12:39Z,2026-05-18T02:10:39Z,2026-05-18T11:26:39Z,EDY Sentinel,Cloud Detection,AST-0003,RUL-006,Medium,Closed,ANL-007,1,69.0,FALSE,FALSE,SYNTHETIC_DEMO_DATA
INC-00000016,ALT-00012448,2025-04-04T00:30:27Z,2025-04-04T00:48:27Z,2025-04-04T01:06:27Z,2025-04-04T02:41:27Z,2025-04-04T05:58:27Z,2025-04-04T14:58:27Z,EDY Sentinel,Cloud Detection,AST-0002,RUL-005,High,Closed,ANL-001,1,90.8,TRUE,FALSE,SYNTHETIC_DEMO_DATA
INC-00000809,ALT-00015185,2026-03-26T16:51:47Z,2026-03-26T17:00:47Z,2026-03-26T17:36:47Z,2026-03-26T18:12:47Z,2026-03-26T20:47:47Z,2026-03-26T21:14:47Z,EDY Shield,Endpoint Integrity,AST-0191,RUL-036,Low,Closed,ANL-010,2,52.0,FALSE,FALSE,SYNTHETIC_DEMO_DATA
INC-00000001,ALT-00000037,2026-05-15T11:26:14Z,2026-05-15T13:03:14Z,2026-05-15T13:40:14Z,2026-05-15T15:09:14Z,2026-05-15T15:57:14Z,2026-05-16T00:19:14Z,EDY SIEM,Correlation Hub,AST-0067,RUL-028,Informational,Closed,ANL-013,2,28.5,FALSE,FALSE,SYNTHETIC_DEMO_DATA
INC-00000421,ALT-00006882,2026-04-13T08:37:38Z,2026-04-13T09:03:38Z,2026-04-13T09:16:38Z,2026-04-13T10:16:38Z,2026-04-13T16:24:38Z,2026-04-13T17:33:38Z,External Synthetic,Cloud Audit,AST-0158,RUL-016,Low,Closed,ANL-008,1,63.4,FALSE,FALSE,SYNTHETIC_DEMO_DATA
INC-00000575,ALT-00008600,2025-09-09T07:59:58Z,2025-09-09T08:07:58Z,2025-09-09T08:12:58Z,2025-09-09T09:58:58Z,2025-09-09T21:19:58Z,2025-09-10T02:52:58Z,EDY Shield,Endpoint Integrity,AST-0039,RUL-021,Informational,Closed,ANL-009,1,33.4,FALSE,FALSE,SYNTHETIC_DEMO_DATA
INC-00001891,ALT-00011903,2025-12-15T15:07:17Z,2025-12-15T15:13:17Z,2025-12-15T15:27:17Z,2025-12-15T15:57:17Z,2025-12-15T17:30:17Z,,EDY Shield,Endpoint Integrity,AST-0154,RUL-041,High,Resolved,ANL-016,1,100,TRUE,FALSE,SYNTHETIC_DEMO_DATA
INC-00001319,ALT-00004466,2025-04-05T14:04:48Z,2025-04-05T15:30:48Z,2025-04-05T16:00:48Z,2025-04-05T16:24:48Z,2025-04-05T19:00:48Z,2025-04-06T05:23:48Z,External Synthetic,Network Sensor,AST-0119,RUL-044,Low,Closed,ANL-004,3,52.0,FALSE,FALSE,SYNTHETIC_DEMO_DATA
INC-00001577,ALT-00008787,2025-02-23T07:33:48Z,2025-02-23T07:44:48Z,2025-02-23T08:36:48Z,2025-02-23T11:42:48Z,2025-02-23T14:23:48Z,,EDY SIEM,Correlation Hub,AST-0125,RUL-042,Informational,Resolved,ANL-015,1,36.1,FALSE,FALSE,SYNTHETIC_DEMO_DATA
INC-00002952,ALT-00005128,2025-11-26T21:11:43Z,2025-11-26T21:40:43Z,2025-11-26T21:50:43Z,2025-11-26T22:41:43Z,2025-11-27T19:13:43Z,2025-11-28T04:32:43Z,EDY Shield,Endpoint Integrity,AST-0049,RUL-042,Informational,Closed,ANL-002,2,29.2,FALSE,FALSE,SYNTHETIC_DEMO_DATA
INC-00000469,ALT-00002517,2026-05-22T18:28:43Z,2026-05-22T18:45:43Z,2026-05-22T19:07:43Z,2026-05-22T21:49:43Z,2026-05-23T04:21:43Z,2026-05-23T15:42:43Z,EDY RECON,Exposure Intelligence,AST-0188,RUL-041,Informational,Closed,ANL-013,1,34.2,FALSE,FALSE,SYNTHETIC_DEMO_DATA
INC-00002339,ALT-00005439,2026-05-12T11:33:57Z,2026-05-12T11:50:57Z,2026-05-12T12:06:57Z,2026-05-12T13:13:57Z,2026-05-12T15:19:57Z,2026-05-12T20:07:57Z,External Synthetic,Network Sensor,AST-0155,RUL-010,Informational,Closed,ANL-009,1,42.8,FALSE,FALSE,SYNTHETIC_DEMO_DATA
INC-00002001,ALT-00014530,2025-08-10T11:45:52Z,2025-08-10T12:00:52Z,2025-08-10T12:49:52Z,2025-08-10T13:00:52Z,2025-08-10T15:58:52Z,2025-08-10T18:21:52Z,External Synthetic,Network Sensor,AST-0139,RUL-023,Critical,Closed,ANL-003,1,100,TRUE,FALSE,SYNTHETIC_DEMO_DATA
INC-00002487,ALT-00006116,2026-02-02T11:24:51Z,2026-02-02T11:38:51Z,2026-02-02T11:52:51Z,2026-02-02T12:50:51Z,2026-02-02T14:21:51Z,2026-02-03T00:48:51Z,EDY Sentinel,Cloud Detection,AST-0111,RUL-002,Informational,Closed,ANL-017,1,36.6,FALSE,FALSE,SYNTHETIC_DEMO_DATA
INC-00002020,ALT-00005749,2025-12-06T12:44:50Z,2025-12-06T14:23:50Z,2025-12-06T14:53:50Z,2025-12-06T15:11:50Z,2025-12-06T16:37:50Z,2025-12-07T04:26:50Z,External Synthetic,Cloud Audit,AST-0076,RUL-002,Informational,Closed,ANL-010,1,28.6,FALSE,FALSE,SYNTHETIC_DEMO_DATA
INC-00001724,ALT-00003026,2025-08-24T04:27:18Z,2025-08-24T04:36:18Z,2025-08-24T04:44:18Z,2025-08-24T09:09:18Z,2025-08-24T13:29:18Z,2025-08-24T18:42:18Z,EDY Shield,Endpoint Integrity,AST-0176,RUL-028,Informational,Closed,ANL-012,4,54.7,FALSE,FALSE,SYNTHETIC_DEMO_DATA
INC-00002767,ALT-00003155,2025-05-27T11:59:26Z,2025-05-27T12:17:26Z,2025-05-27T12:29:26Z,2025-05-27T13:14:26Z,2025-05-27T20:33:26Z,2025-05-27T23:50:26Z,EDY RECON,Exposure Intelligence,AST-0093,RUL-019,Medium,Closed,ANL-003,4,64.2,FALSE,FALSE,SYNTHETIC_DEMO_DATA
INC-00000774,ALT-00005719,2026-07-18T20:32:39Z,2026-07-18T21:00:39Z,2026-07-18T21:14:39Z,2026-07-18T23:15:39Z,,,EDY SIEM,Correlation Hub,AST-0021,RUL-021,Informational,Contained,ANL-002,0,36.7,FALSE,FALSE,SYNTHETIC_DEMO_DATA
INC-00001385,ALT-00009208,2026-07-07T02:04:18Z,2026-07-07T02:11:18Z,2026-07-07T02:46:18Z,2026-07-07T03:22:18Z,2026-07-07T03:45:18Z,2026-07-07T06:16:18Z,External Synthetic,Cloud Audit,AST-0152,RUL-031,Informational,Closed,ANL-009,1,29.4,FALSE,FALSE,SYNTHETIC_DEMO_DATA
INC-00001095,ALT-00002823,2025-07-22T19:40:34Z,2025-07-22T20:08:34Z,2025-07-22T20:30:34Z,,,,EDY Sentinel,Cloud Detection,AST-0105,RUL-039,Low,Active,ANL-006,0,55.1,FALSE,FALSE,SYNTHETIC_DEMO_DATA
INC-00001807,ALT-00007840,2026-03-17T09:35:04Z,2026-03-17T09:45:04Z,2026-03-17T10:10:04Z,2026-03-17T17:03:04Z,2026-03-17T22:05:04Z,2026-03-17T22:22:04Z,External Synthetic,Network Sensor,AST-0211,RUL-028,Low,Closed,ANL-008,1,44.4,FALSE,FALSE,SYNTHETIC_DEMO_DATA
INC-00002999,ALT-00003251,2026-05-27T15:44:45Z,2026-05-27T16:49:45Z,2026-05-27T17:09:45Z,2026-05-27T19:56:45Z,2026-05-28T00:21:45Z,2026-05-28T12:16:45Z,EDY Sentinel,Cloud Detection,AST-0075,RUL-018,Informational,Closed,ANL-015,1,36.2,FALSE,FALSE,SYNTHETIC_DEMO_DATA
INC-00002507,ALT-00009844,2026-06-02T16:29:58Z,2026-06-02T16:36:58Z,2026-06-02T16:53:58Z,,,,External Synthetic,Network Sensor,AST-0154,RUL-011,Medium,Active,ANL-005,0,75.6,FALSE,FALSE,SYNTHETIC_DEMO_DATA
INC-00000247,ALT-00017805,2026-07-10T02:34:01Z,2026-07-10T03:19:01Z,2026-07-10T04:48:01Z,2026-07-10T06:08:01Z,2026-07-10T07:45:01Z,2026-07-10T16:45:01Z,External Synthetic,Network Sensor,AST-0198,RUL-031,Informational,Closed,ANL-001,1,24.6,FALSE,FALSE,SYNTHETIC_DEMO_DATA
INC-00001512,ALT-00017933,2025-06-01T14:19:15Z,2025-06-01T14:41:15Z,2025-06-01T15:52:15Z,2025-06-01T17:28:15Z,2025-06-01T23:25:15Z,2025-06-02T08:16:15Z,EDY SIEM,Correlation Hub,AST-0136,RUL-030,Informational,Closed,ANL-002,3,48.8,FALSE,FALSE,SYNTHETIC_DEMO_DATA
INC-00000901,ALT-00005426,2026-03-20T00:53:51Z,2026-03-20T01:18:51Z,2026-03-20T01:35:51Z,2026-03-20T02:58:51Z,2026-03-20T04:25:51Z,2026-03-20T13:01:51Z,EDY SIEM,Correlation Hub,AST-0059,RUL-043,High,Closed,ANL-016,1,100,TRUE,TRUE,SYNTHETIC_DEMO_DATA
INC-00002838,ALT-00003279,2026-01-22T17:47:50Z,2026-01-22T17:53:50Z,2026-01-22T18:15:50Z,2026-01-22T19:39:50Z,2026-01-22T22:23:50Z,2026-01-23T08:15:50Z,External Synthetic,Cloud Audit,AST-0223,RUL-006,Low,Closed,ANL-009,1,69.4,TRUE,FALSE,SYNTHETIC_DEMO_DATA
INC-00000413,ALT-00001132,2026-05-22T15:50:16Z,2026-05-22T16:03:16Z,2026-05-22T16:26:16Z,2026-05-22T17:52:16Z,2026-05-22T19:56:16Z,2026-05-23T07:18:16Z,External Synthetic,Identity Provider,AST-0086,RUL-019,Medium,Closed,ANL-011,1,82.6,FALSE,FALSE,SYNTHETIC_DEMO_DATA
INC-00000706,ALT-00014127,2025-10-07T10:00:21Z,2025-10-07T10:24:21Z,2025-10-07T10:44:21Z,2025-10-07T13:13:21Z,2025-10-07T13:45:21Z,2025-10-07T20:39:21Z,External Synthetic,Network Sensor,AST-0240,RUL-019,Medium,Closed,ANL-012,1,73.4,FALSE,FALSE,SYNTHETIC_DEMO_DATA
INC-00001898,ALT-00002141,2026-03-12T14:20:32Z,2026-03-12T14:54:32Z,2026-03-12T15:20:32Z,2026-03-12T15:44:32Z,2026-03-12T19:46:32Z,2026-03-13T02:50:32Z,External Synthetic,Identity Provider,AST-0098,RUL-019,Low,Closed,ANL-001,1,50.5,FALSE,FALSE,SYNTHETIC_DEMO_DATA
INC-00001404,ALT-00010980,2026-03-08T13:12:31Z,2026-03-08T13:20:31Z,2026-03-08T13:51:31Z,2026-03-08T15:04:31Z,2026-03-08T21:42:31Z,2026-03-08T23:11:31Z,External Synthetic,Cloud Audit,AST-0123,RUL-019,Medium,Closed,ANL-004,2,71.4,FALSE,FALSE,SYNTHETIC_DEMO_DATA
INC-00000543,ALT-00013041,2025-06-25T18:21:43Z,2025-06-25T18:48:43Z,2025-06-25T19:12:43Z,2025-06-25T20:05:43Z,2025-06-25T22:14:43Z,2025-06-25T22:47:43Z,EDY SIEM,Correlation Hub,AST-0196,RUL-002,High,Closed,ANL-002,2,95.0,TRUE,FALSE,SYNTHETIC_DEMO_DATA
INC-00001785,ALT-00013412,2026-02-01T17:33:50Z,2026-02-01T17:54:50Z,2026-02-01T18:10:50Z,2026-02-01T21:22:50Z,2026-02-01T22:02:50Z,,EDY Shield,Endpoint Integrity,AST-0190,RUL-001,Low,Resolved,ANL-018,1,60.5,FALSE,FALSE,SYNTHETIC_DEMO_DATA
INC-00001174,ALT-00008529,2026-07-07T10:42:55Z,2026-07-07T10:57:55Z,2026-07-07T11:05:55Z,2026-07-07T12:02:55Z,2026-07-07T15:27:55Z,2026-07-07T23:58:55Z,EDY Shield,Endpoint Integrity,AST-0176,RUL-014,Medium,Closed,ANL-012,1,79.1,FALSE,FALSE,SYNTHETIC_DEMO_DATA
INC-00002315,ALT-00016263,2026-04-06T12:01:57Z,2026-04-06T12:36:57Z,2026-04-06T12:51:57Z,2026-04-06T13:42:57Z,2026-04-06T16:50:57Z,2026-04-07T02:09:57Z,EDY RECON,Exposure Intelligence,AST-0207,RUL-005,Informational,Closed,ANL-015,1,23.1,FALSE,FALSE,SYNTHETIC_DEMO_DATA
INC-00002734,ALT-00012164,2025-06-04T09:21:58Z,2025-06-04T09:31:58Z,2025-06-04T09:48:58Z,2025-06-04T10:27:58Z,2025-06-04T11:52:58Z,2025-06-04T13:41:58Z,External Synthetic,Identity Provider,AST-0196,RUL-004,Medium,Closed,ANL-018,1,69.8,FALSE,FALSE,SYNTHETIC_DEMO_DATA
INC-00001024,ALT-00003465,2026-04-01T11:01:48Z,2026-04-01T11:28:48Z,2026-04-01T11:44:48Z,2026-04-01T13:03:48Z,2026-04-01T19:59:48Z,,EDY SIEM,Correlation Hub,AST-0049,RUL-024,Medium,Resolved,ANL-018,1,62.4,FALSE,FALSE,SYNTHETIC_DEMO_DATA
INC-00002188,ALT-00012430,2025-06-17T15:43:13Z,2025-06-17T16:27:13Z,2025-06-17T16:52:13Z,2025-06-17T17:18:13Z,2025-06-17T20:17:13Z,,External Synthetic,Identity Provider,AST-0063,RUL-014,Medium,Resolved,ANL-006,2,53.9,FALSE,FALSE,SYNTHETIC_DEMO_DATA
INC-00002297,ALT-00010422,2026-03-17T06:32:33Z,2026-03-17T06:41:33Z,2026-03-17T07:11:33Z,2026-03-17T08:41:33Z,2026-03-17T13:29:33Z,2026-03-17T23:12:33Z,EDY Sentinel,Cloud Detection,AST-0079,RUL-030,Medium,Closed,ANL-017,1,65.7,FALSE,FALSE,SYNTHETIC_DEMO_DATA
INC-00003003,ALT-00013971,2025-06-04T13:12:01Z,2025-06-04T13:22:01Z,2025-06-04T13:39:01Z,2025-06-04T14:12:01Z,2025-06-04T19:45:01Z,,External Synthetic,Network Sensor,AST-0031,RUL-043,Medium,Resolved,ANL-007,1,75.2,TRUE,FALSE,SYNTHETIC_DEMO_DATA
INC-00000564,ALT-00006070,2025-03-07T16:10:06Z,2025-03-07T16:26:06Z,2025-03-07T16:41:06Z,,,,EDY SIEM,Correlation Hub,AST-0071,RUL-005,Medium,Active,ANL-016,0,59.8,FALSE,FALSE,SYNTHETIC_DEMO_DATA
INC-00000569,ALT-00017271,2026-01-14T19:01:48Z,2026-01-14T19:15:48Z,2026-01-14T20:10:48Z,2026-01-14T21:30:48Z,2026-01-14T23:33:48Z,2026-01-15T08:54:48Z,EDY SIEM,Correlation Hub,AST-0061,RUL-020,Medium,Closed,ANL-017,1,73.0,FALSE,FALSE,SYNTHETIC_DEMO_DATA
INC-00002566,ALT-00017989,2025-11-15T16:51:10Z,2025-11-15T16:56:10Z,2025-11-15T17:20:10Z,2025-11-15T19:51:10Z,2025-11-15T23:31:10Z,2025-11-16T10:20:10Z,External Synthetic,Network Sensor,AST-0217,RUL-041,Informational,Closed,ANL-004,1,39.5,FALSE,FALSE,SYNTHETIC_DEMO_DATA
INC-00000525,ALT-00011287,2026-05-16T13:32:50Z,2026-05-16T13:50:50Z,2026-05-16T14:01:50Z,2026-05-16T14:49:50Z,2026-05-16T18:32:50Z,2026-05-17T00:28:50Z,External Synthetic,Network Sensor,AST-0013,RUL-025,Informational,Closed,ANL-017,1,27.4,FALSE,FALSE,SYNTHETIC_DEMO_DATA
INC-00001848,ALT-00015066,2026-01-16T06:26:42Z,2026-01-16T06:44:42Z,2026-01-16T07:01:42Z,2026-01-16T07:46:42Z,2026-01-16T08:15:42Z,2026-01-16T11:51:42Z,External Synthetic,Network Sensor,AST-0226,RUL-016,High,Closed,ANL-011,1,100,TRUE,FALSE,SYNTHETIC_DEMO_DATA
INC-00001964,ALT-00007889,2025-05-11T10:50:29Z,2025-05-11T10:57:29Z,2025-05-11T11:22:29Z,2025-05-11T11:48:29Z,2025-05-11T12:57:29Z,2025-05-11T15:57:29Z,External Synthetic,Network Sensor,AST-0240,RUL-028,Medium,Closed,ANL-008,4,74.1,FALSE,FALSE,SYNTHETIC_DEMO_DATA
INC-00000668,ALT-00015669,2025-09-10T13:04:22Z,2025-09-10T13:15:22Z,2025-09-10T14:01:22Z,2025-09-10T15:35:22Z,2025-09-10T17:13:22Z,2025-09-11T02:51:22Z,EDY RECON,Exposure Intelligence,AST-0010,RUL-030,Informational,Closed,ANL-006,1,41.2,FALSE,FALSE,SYNTHETIC_DEMO_DATA
INC-00001502,ALT-00009869,2025-03-03T08:55:50Z,2025-03-03T09:03:50Z,2025-03-03T09:12:50Z,2025-03-03T09:38:50Z,2025-03-04T02:03:50Z,2025-03-04T07:24:50Z,EDY Shield,Endpoint Integrity,AST-0190,RUL-041,Low,Closed,ANL-001,3,57.4,FALSE,FALSE,SYNTHETIC_DEMO_DATA
INC-00000761,ALT-00013884,2026-04-19T19:54:35Z,2026-04-19T20:07:35Z,2026-04-19T21:09:35Z,2026-04-19T23:13:35Z,2026-04-20T01:14:35Z,2026-04-20T11:29:35Z,EDY Sentinel,Cloud Detection,AST-0175,RUL-012,Medium,Closed,ANL-005,3,60.0,FALSE,FALSE,SYNTHETIC_DEMO_DATA
INC-00000586,ALT-00013480,2025-06-28T08:36:33Z,2025-06-28T08:50:33Z,2025-06-28T08:57:33Z,2025-06-28T11:21:33Z,2025-06-28T15:38:33Z,2025-06-28T19:10:33Z,EDY Shield,Endpoint Integrity,AST-0004,RUL-043,Informational,Closed,ANL-004,1,33.8,FALSE,FALSE,SYNTHETIC_DEMO_DATA
INC-00001912,ALT-00010918,2026-05-22T13:28:43Z,2026-05-22T13:49:43Z,2026-05-22T14:13:43Z,2026-05-22T17:22:43Z,2026-05-22T20:36:43Z,2026-05-22T21:42:43Z,EDY RECON,Exposure Intelligence,AST-0181,RUL-012,Low,Closed,ANL-011,2,55.8,FALSE,FALSE,SYNTHETIC_DEMO_DATA
INC-00000300,ALT-00017616,2026-01-11T08:20:14Z,2026-01-11T08:54:14Z,2026-01-11T09:29:14Z,2026-01-11T11:18:14Z,2026-01-11T13:08:14Z,2026-01-11T20:43:14Z,External Synthetic,Identity Provider,AST-0100,RUL-024,Low,Closed,ANL-009,1,63.9,FALSE,FALSE,SYNTHETIC_DEMO_DATA
INC-00001715,ALT-00017529,2026-04-29T18:58:21Z,2026-04-29T19:15:21Z,2026-04-29T19:49:21Z,2026-04-29T20:20:21Z,2026-04-30T05:37:21Z,2026-04-30T12:15:21Z,External Synthetic,Network Sensor,AST-0234,RUL-009,Informational,Closed,ANL-003,2,29.7,FALSE,FALSE,SYNTHETIC_DEMO_DATA
INC-00000244,ALT-00000811,2025-08-20T15:51:59Z,2025-08-20T17:44:59Z,2025-08-20T18:00:59Z,2025-08-20T18:35:59Z,2025-08-23T08:31:59Z,,EDY Sentinel,Cloud Detection,AST-0186,RUL-009,Informational,Resolved,ANL-004,1,45.0,FALSE,FALSE,SYNTHETIC_DEMO_DATA
INC-00000321,ALT-00006282,2026-07-19T16:37:49Z,2026-07-19T16:58:49Z,2026-07-19T17:21:49Z,,,,EDY SIEM,Correlation Hub,AST-0055,RUL-014,LOW,Active,ANL-006,0,58.6,FALSE,FALSE,SYNTHETIC_DEMO_DATA
INC-00000621,ALT-00011776,2025-04-14T12:37:24Z,2025-04-14T12:47:24Z,2025-04-14T12:56:24Z,2025-04-14T13:39:24Z,2025-04-14T19:28:24Z,2025-04-15T04:41:24Z,EDY Shield,Endpoint Integrity,AST-0120,RUL-018,Low,Closed,ANL-012,1,52.6,FALSE,FALSE,SYNTHETIC_DEMO_DATA
INC-00001888,ALT-00005259,2026-06-20T08:06:49Z,2026-06-20T08:17:49Z,2026-06-20T08:43:49Z,2026-06-20T10:40:49Z,2026-06-20T12:45:49Z,2026-06-20T23:05:49Z,EDY SIEM,Correlation Hub,AST-0149,RUL-033,High,Closed,ANL-001,3,100,TRUE,FALSE,SYNTHETIC_DEMO_DATA
INC-00000627,ALT-00006723,2025-03-19T13:43:24Z,2025-03-19T14:39:24Z,2025-03-19T14:54:24Z,2025-03-19T15:55:24Z,2025-03-19T18:12:24Z,2025-03-20T01:55:24Z,EDY SIEM,Correlation Hub,AST-0068,RUL-032,Low,Closed,ANL-006,3,81.7,TRUE,FALSE,SYNTHETIC_DEMO_DATA
INC-00000722,ALT-00016112,2025-09-17T18:35:26Z,2025-09-17T18:54:26Z,2025-09-17T19:10:26Z,2025-09-17T22:38:26Z,2025-09-18T01:21:26Z,2025-09-18T03:05:26Z,External Synthetic,Cloud Audit,AST-0056,RUL-041,Low,Closed,ANL-007,1,55.9,FALSE,FALSE,SYNTHETIC_DEMO_DATA
INC-00002125,ALT-00012755,2025-11-20T17:09:40Z,2025-11-20T17:28:40Z,2025-11-20T17:40:40Z,2025-11-20T19:33:40Z,2025-11-20T21:32:40Z,2025-11-21T09:04:40Z,EDY SIEM,Correlation Hub,AST-0028,RUL-005,High,Closed,ANL-016,3,97.4,TRUE,FALSE,SYNTHETIC_DEMO_DATA
INC-00002039,ALT-00003737,2026-06-05T16:26:04Z,2026-06-05T16:55:04Z,2026-06-05T17:11:04Z,2026-06-05T19:10:04Z,2026-06-06T04:35:04Z,2026-06-06T09:40:04Z,EDY Sentinel,Cloud Detection,AST-0048,RUL-010,Informational,Closed,ANL-003,3,41.9,FALSE,FALSE,SYNTHETIC_DEMO_DATA
INC-00001189,ALT-00009600,2025-06-29T09:09:37Z,2025-06-29T09:33:37Z,2025-06-29T09:45:37Z,2025-06-29T14:56:37Z,2025-06-29T17:11:37Z,,EDY SIEM,Correlation Hub,AST-0188,RUL-041,Medium,Resolved,ANL-015,2,64.7,FALSE,FALSE,SYNTHETIC_DEMO_DATA
INC-00002450,ALT-00004172,2026-07-16T18:02:27Z,2026-07-16T18:05:27Z,2026-07-16T18:15:27Z,2026-07-16T19:32:27Z,2026-07-16T19:55:27Z,2026-07-17T07:46:27Z,External Synthetic,Network Sensor,AST-0105,RUL-040,High,Closed,ANL-009,3,96.5,TRUE,FALSE,SYNTHETIC_DEMO_DATA
INC-00002003,ALT-00001047,2025-06-29T07:12:22Z,2025-06-29T07:17:22Z,2025-06-29T07:22:22Z,2025-06-29T07:42:22Z,2025-06-29T08:52:22Z,2025-06-29T17:34:22Z,External Synthetic,Cloud Audit,AST-0158,RUL-031,High,Closed,ANL-006,1,100,TRUE,FALSE,SYNTHETIC_DEMO_DATA
INC-00001343,ALT-00016708,2026-04-09T16:26:45Z,2026-04-09T16:43:45Z,2026-04-09T17:05:45Z,2026-04-09T18:50:45Z,2026-04-09T20:35:45Z,2026-04-10T07:44:45Z,EDY Shield,Endpoint Integrity,AST-0109,RUL-039,Medium,Closed,ANL-017,1,74.3,FALSE,FALSE,SYNTHETIC_DEMO_DATA
INC-00002526,ALT-00015134,2026-03-12T09:26:20Z,2026-03-12T09:34:20Z,2026-03-12T09:57:20Z,2026-03-12T10:43:20Z,2026-03-12T12:02:20Z,2026-03-12T14:48:20Z,External Synthetic,Network Sensor,AST-0148,RUL-039,Low,Closed,ANL-015,1,46.8,FALSE,FALSE,SYNTHETIC_DEMO_DATA
INC-00000915,ALT-00000730,2025-05-05T11:37:35Z,2025-05-05T12:26:35Z,2025-05-05T12:31:35Z,2025-05-05T13:05:35Z,2025-05-05T14:00:35Z,2025-05-05T15:53:35Z,External Synthetic,Identity Provider,AST-0044,RUL-040,Informational,Closed,ANL-005,1,29.1,FALSE,FALSE,SYNTHETIC_DEMO_DATA
INC-00003193,ALT-00009895,2025-06-20T17:59:32Z,2025-06-20T18:44:32Z,2025-06-20T19:02:32Z,2025-06-20T21:10:32Z,2025-06-21T00:02:32Z,2025-06-21T08:13:32Z,EDY SIEM,Correlation Hub,AST-0142,RUL-025,Informational,Closed,ANL-007,1,38.2,FALSE,FALSE,SYNTHETIC_DEMO_DATA
INC-00002183,ALT-00011223,2025-03-01T23:25:31Z,2025-03-01T23:29:31Z,2025-03-02T00:01:31Z,2025-03-02T00:28:31Z,2025-03-02T01:16:31Z,2025-03-02T08:08:31Z,External Synthetic,Cloud Audit,AST-0092,RUL-026,High,Closed,ANL-006,2,95.1,TRUE,FALSE,SYNTHETIC_DEMO_DATA
INC-00002503,ALT-00012657,2025-02-05T08:15:02Z,2025-02-05T10:21:02Z,2025-02-05T10:52:02Z,2025-02-05T11:47:02Z,2025-02-05T14:16:02Z,2025-02-06T00:37:02Z,EDY SIEM,Correlation Hub,AST-0216,RUL-016,Informational,Closed,ANL-013,1,22.7,FALSE,FALSE,SYNTHETIC_DEMO_DATA
INC-00001968,ALT-00006412,2026-04-27T15:50:20Z,2026-04-27T17:00:20Z,2026-04-27T17:15:20Z,2026-04-27T21:52:20Z,2026-04-28T03:59:20Z,2026-04-28T05:26:20Z,External Synthetic,Cloud Audit,AST-0063,RUL-009,Informational,Closed,ANL-014,1,23.5,FALSE,FALSE,SYNTHETIC_DEMO_DATA
INC-00000253,ALT-00004434,2025-09-08T20:02:45Z,2025-09-08T20:54:45Z,2025-09-08T21:01:45Z,2025-09-09T01:38:45Z,2025-09-09T06:24:45Z,2025-09-09T10:54:45Z,External Synthetic,Network Sensor,AST-0040,RUL-014,Low,Closed,ANL-014,1,58.5,TRUE,FALSE,SYNTHETIC_DEMO_DATA
INC-00001122,ALT-00017494,2025-07-21T09:19:26Z,2025-07-21T09:27:26Z,2025-07-21T09:39:26Z,2025-07-21T11:05:26Z,2025-07-21T12:50:26Z,2025-07-21T13:17:26Z,EDY Sentinel,Cloud Detection,AST-0011,RUL-043,Informational,Closed,ANL-014,2,49.0,TRUE,FALSE,SYNTHETIC_DEMO_DATA
INC-00002466,ALT-00017898,2025-03-03T19:13:51Z,2025-03-03T19:32:51Z,2025-03-03T19:44:51Z,2025-03-03T21:29:51Z,2025-03-03T21:59:51Z,2025-03-04T00:49:51Z,External Synthetic,Network Sensor,AST-0039,RUL-026,Informational,Closed,ANL-002,1,38.7,FALSE,FALSE,SYNTHETIC_DEMO_DATA
INC-00001507,ALT-00017826,2026-02-21T17:40:06Z,2026-02-21T17:47:06Z,2026-02-21T18:17:06Z,2026-02-21T20:13:06Z,2026-02-22T00:44:06Z,2026-02-22T05:41:06Z,EDY Sentinel,Cloud Detection,AST-0027,RUL-023,Low,Closed,ANL-002,3,48.9,TRUE,FALSE,SYNTHETIC_DEMO_DATA
INC-00001530,ALT-00004235,2025-05-03T09:12:03Z,2025-05-03T09:28:03Z,2025-05-03T09:58:03Z,2025-05-03T10:21:03Z,2025-05-03T12:45:03Z,2025-05-03T16:04:03Z,EDY SIEM,Correlation Hub,AST-0200,RUL-020,Medium,Closed,ANL-004,1,65.2,FALSE,FALSE,SYNTHETIC_DEMO_DATA
INC-00002810,ALT-00000639,2025-10-08T08:10:01Z,2025-10-08T08:27:01Z,2025-10-08T08:49:01Z,2025-10-08T10:14:01Z,2025-10-08T12:59:01Z,2025-10-08T19:44:01Z,External Synthetic,Network Sensor,AST-0104,RUL-004,Low,Closed,ANL-007,3,64.0,FALSE,FALSE,SYNTHETIC_DEMO_DATA
INC-00003181,ALT-00016330,2025-09-16T08:54:06Z,2025-09-16T09:42:06Z,2025-09-16T10:29:06Z,2025-09-16T12:21:06Z,2025-09-16T23:13:06Z,2025-09-17T10:51:06Z,EDY RECON,Exposure Intelligence,AST-0100,RUL-004,Low,Closed,ANL-002,1,57.6,FALSE,FALSE,SYNTHETIC_DEMO_DATA
INC-00003112,ALT-00010276,2025-12-24T19:05:13Z,2025-12-24T19:19:13Z,2025-12-24T21:30:13Z,2025-12-24T23:21:13Z,2025-12-25T02:30:13Z,2025-12-25T03:22:13Z,EDY Sentinel,Cloud Detection,AST-0087,RUL-004,Low,Closed,ANL-017,2,62.8,FALSE,FALSE,SYNTHETIC_DEMO_DATA
INC-00000071,ALT-00014265,2026-01-24T18:38:00Z,2026-01-24T19:08:00Z,2026-01-24T19:21:00Z,2026-01-24T19:55:00Z,2026-01-24T22:44:00Z,2026-01-25T06:57:00Z,EDY SIEM,Correlation Hub,AST-0232,RUL-012,Low,Closed,ANL-010,3,57.2,FALSE,FALSE,SYNTHETIC_DEMO_DATA
INC-00000868,ALT-00014051,2025-10-03T22:11:49Z,2025-10-03T22:20:49Z,2025-10-03T22:49:49Z,2025-10-04T01:26:49Z,2025-10-04T04:47:49Z,2025-10-04T07:21:49Z,External Synthetic,Cloud Audit,AST-0011,RUL-021,Low,Closed,ANL-011,3,55.8,FALSE,FALSE,SYNTHETIC_DEMO_DATA
INC-00001085,ALT-00016979,2025-12-24T10:24:20Z,2025-12-24T10:39:20Z,2025-12-24T11:04:20Z,2025-12-24T12:04:20Z,2025-12-24T12:53:20Z,2025-12-24T23:26:20Z,EDY SIEM,Correlation Hub,AST-0217,RUL-041,Low,Closed,ANL-004,1,56.0,FALSE,FALSE,SYNTHETIC_DEMO_DATA
INC-00001737,ALT-00012647,2025-06-25T13:37:14Z,2025-06-25T13:54:14Z,2025-06-25T13:59:14Z,,,,EDY Shield,Endpoint Integrity,AST-0191,RUL-045,Medium,Active,ANL-013,0,72.1,FALSE,FALSE,SYNTHETIC_DEMO_DATA
INC-00001378,ALT-00004088,2026-02-06T11:39:41Z,2026-02-06T11:57:41Z,2026-02-06T12:16:41Z,2026-02-06T13:16:41Z,2026-02-06T17:13:41Z,2026-02-07T04:26:41Z,EDY Shield,Endpoint Integrity,AST-0011,RUL-005,Low,Closed,ANL-005,1,49.9,FALSE,TRUE,SYNTHETIC_DEMO_DATA
INC-00001631,ALT-00004747,2025-03-10T14:31:46Z,2025-03-10T15:06:46Z,2025-03-10T15:16:46Z,2025-03-10T16:31:46Z,2025-03-10T20:32:46Z,2025-03-11T08:15:46Z,External Synthetic,Identity Provider,AST-0217,RUL-022,Low,Closed,ANL-016,1,62.3,FALSE,FALSE,SYNTHETIC_DEMO_DATA
INC-00001935,ALT-00011790,2026-04-08T15:21:06Z,2026-04-08T15:39:06Z,2026-04-08T16:21:06Z,2026-04-08T18:11:06Z,2026-04-09T05:02:06Z,2026-04-09T10:20:06Z,EDY SIEM,Correlation Hub,AST-0105,RUL-026,Low,Closed,ANL-012,1,62.1,FALSE,FALSE,SYNTHETIC_DEMO_DATA
INC-00001238,ALT-00014286,2026-04-10T20:49:31Z,2026-04-10T20:53:31Z,2026-04-10T21:35:31Z,2026-04-10T23:50:31Z,2026-04-11T00:53:31Z,2026-04-11T02:49:31Z,EDY Shield,Endpoint Integrity,AST-0023,RUL-040,Medium,Closed,ANL-014,1,79.6,FALSE,FALSE,SYNTHETIC_DEMO_DATA
INC-00001532,ALT-00010267,2026-04-09T06:22:14Z,2026-04-09T07:08:14Z,2026-04-09T07:21:14Z,2026-04-09T15:28:14Z,2026-04-09T19:04:14Z,2026-04-10T00:27:14Z,External Synthetic,Cloud Audit,AST-0216,RUL-042,Informational,Closed,ANL-006,1,24.5,FALSE,FALSE,SYNTHETIC_DEMO_DATA
INC-00000807,ALT-00000532,2025-03-21T15:44:29Z,2025-03-21T16:24:29Z,2025-03-21T16:28:29Z,2025-03-21T16:59:29Z,2025-03-21T20:15:29Z,2025-03-22T05:00:29Z,EDY RECON,Exposure Intelligence,AST-0239,RUL-043,Informational,Closed,ANL-005,1,53.3,FALSE,FALSE,SYNTHETIC_DEMO_DATA
INC-00000018,ALT-00000329,2026-02-04T12:28:39Z,2026-02-04T12:59:39Z,2026-02-04T13:53:39Z,2026-02-04T17:53:39Z,2026-02-04T20:16:39Z,2026-02-05T05:52:39Z,External Synthetic,Identity Provider,AST-0039,RUL-042,Low,Closed,ANL-003,4,57.0,FALSE,FALSE,SYNTHETIC_DEMO_DATA
INC-00002367,ALT-00010870,2025-07-01T17:59:19Z,2025-07-01T18:09:19Z,2025-07-01T18:50:19Z,2025-07-01T19:45:19Z,2025-07-01T20:25:19Z,2025-07-02T00:12:19Z,EDY Shield,Endpoint Integrity,AST-0183,RUL-023,Critical,Closed,ANL-015,3,100,TRUE,FALSE,SYNTHETIC_DEMO_DATA
INC-00001612,ALT-00014757,2026-06-11T11:17:59Z,2026-06-11T11:39:59Z,2026-06-11T12:25:59Z,2026-06-11T13:06:59Z,2026-06-11T15:23:59Z,2026-06-12T03:20:59Z,EDY SIEM,Correlation Hub,AST-0143,RUL-037,Medium,Closed,ANL-006,3,61.2,FALSE,FALSE,SYNTHETIC_DEMO_DATA
INC-00002508,ALT-00008461,2025-08-18T12:23:14Z,2025-08-18T12:38:14Z,2025-08-18T12:45:14Z,2025-08-18T15:21:14Z,2025-08-18T18:05:14Z,2025-08-18T23:40:14Z,EDY Shield,Endpoint Integrity,AST-0217,RUL-001,Informational,Closed,ANL-014,1,56.0,TRUE,FALSE,SYNTHETIC_DEMO_DATA
INC-00001117,ALT-00007315,2025-07-12T09:17:25Z,2025-07-12T09:27:25Z,2025-07-12T09:45:25Z,2025-07-12T11:07:25Z,2025-07-12T16:16:25Z,2025-07-12T16:58:25Z,External Synthetic,Network Sensor,AST-0019,RUL-007,High,Closed,ANL-016,1,98.8,TRUE,FALSE,SYNTHETIC_DEMO_DATA
INC-00002556,ALT-00016926,2025-08-25T01:53:25Z,2025-08-25T02:48:25Z,2025-08-25T03:14:25Z,2025-08-25T04:02:25Z,2025-08-25T05:06:25Z,2025-08-25T11:38:25Z,EDY RECON,Exposure Intelligence,AST-0052,RUL-005,Medium,Closed,ANL-004,1,72.1,FALSE,FALSE,SYNTHETIC_DEMO_DATA
INC-00001392,ALT-00013854,2025-09-03T14:57:42Z,2025-09-03T15:11:42Z,2025-09-03T15:41:42Z,2025-09-03T16:31:42Z,2025-09-03T17:32:42Z,,EDY Shield,Endpoint Integrity,AST-0218,RUL-012,Medium,Resolved,ANL-016,1,70.8,FALSE,FALSE,SYNTHETIC_DEMO_DATA
INC-00001498,ALT-00008326,2025-05-04T03:28:52Z,2025-05-04T06:16:52Z,2025-05-04T06:29:52Z,2025-05-04T08:41:52Z,2025-05-04T10:45:52Z,2025-05-04T15:53:52Z,External Synthetic,Network Sensor,AST-0109,RUL-015,INFORMATIONAL,Closed,ANL-010,1,43.1,FALSE,FALSE,SYNTHETIC_DEMO_DATA
INC-00002435,ALT-00008856,2025-06-26T12:03:38Z,2025-06-26T12:50:38Z,2025-06-26T13:04:38Z,2025-06-26T14:51:38Z,2025-06-26T16:29:38Z,2025-06-26T23:57:38Z,External Synthetic,Network Sensor,AST-0027,RUL-010,Low,Closed,ANL-004,2,40.6,FALSE,FALSE,SYNTHETIC_DEMO_DATA
INC-00002341,ALT-00007048,2025-02-01T14:49:53Z,2025-02-01T14:57:53Z,2025-02-01T15:31:53Z,2025-02-01T18:40:53Z,2025-02-01T21:38:53Z,2025-02-02T03:56:53Z,External Synthetic,Identity Provider,AST-0208,RUL-039,Informational,Closed,ANL-013,1,46.0,FALSE,FALSE,SYNTHETIC_DEMO_DATA
INC-00000410,ALT-00010362,2025-08-12T16:56:37Z,2025-08-12T17:15:37Z,2025-08-12T17:56:37Z,2025-08-12T20:15:37Z,2025-08-13T01:06:37Z,2025-08-13T03:52:37Z,EDY Sentinel,Cloud Detection,AST-0145,RUL-023,Informational,Closed,ANL-012,1,45.4,FALSE,FALSE,SYNTHETIC_DEMO_DATA
INC-00001679,ALT-00001149,2026-01-08T19:09:52Z,2026-01-08T19:45:52Z,2026-01-08T20:20:52Z,2026-01-08T21:12:52Z,2026-01-08T22:43:52Z,,EDY RECON,Exposure Intelligence,AST-0192,RUL-027,Medium,Resolved,ANL-005,1,67.2,FALSE,FALSE,SYNTHETIC_DEMO_DATA
INC-00000016,ALT-00012448,2025-04-04T00:30:27Z,2025-04-04T00:48:27Z,2025-04-04T01:06:27Z,2025-04-04T02:41:27Z,2025-04-04T05:58:27Z,2025-04-04T14:58:27Z,EDY Sentinel,Cloud Detection,AST-0002,RUL-005,High,Closed,ANL-001,1,90.8,TRUE,FALSE,SYNTHETIC_DEMO_DATA
INC-00002580,ALT-00008330,2026-07-21T15:44:27Z,2026-07-21T16:15:27Z,2026-07-21T16:51:27Z,2026-07-21T18:16:27Z,,,External Synthetic,Network Sensor,AST-0206,RUL-015,Low,Contained,ANL-015,0,44.6,FALSE,FALSE,SYNTHETIC_DEMO_DATA
INC-00000685,ALT-00016955,2025-06-21T13:04:26Z,2025-06-21T14:11:26Z,2025-06-21T14:27:26Z,2025-06-21T19:52:26Z,2025-06-22T02:47:26Z,2025-06-22T11:20:26Z,EDY Sentinel,Cloud Detection,AST-0109,RUL-014,Informational,Closed,ANL-013,1,39.5,FALSE,FALSE,SYNTHETIC_DEMO_DATA
INC-00002064,ALT-00006988,2026-01-26T09:47:11Z,2026-01-26T10:03:11Z,2026-01-26T10:10:11Z,2026-01-26T10:42:11Z,2026-01-26T10:56:11Z,2026-01-26T12:40:11Z,External Synthetic,Cloud Audit,AST-0171,RUL-045,Medium,Closed,ANL-010,1,56.9,FALSE,FALSE,SYNTHETIC_DEMO_DATA
INC-00003110,ALT-00016165,2025-06-02T07:59:21Z,2025-06-02T08:07:21Z,2025-06-02T08:18:21Z,2025-06-02T09:10:21Z,2025-06-02T09:48:21Z,2025-06-02T11:47:21Z,EDY SIEM,Correlation Hub,AST-0133,RUL-019,Medium,Closed,ANL-014,1,72.4,FALSE,FALSE,SYNTHETIC_DEMO_DATA
INC-00000886,ALT-00017114,2026-04-18T06:50:55Z,2026-04-18T06:53:55Z,2026-04-18T07:05:55Z,2026-04-18T08:10:55Z,2026-04-18T08:41:55Z,2026-04-18T20:07:55Z,External Synthetic,Cloud Audit,AST-0011,RUL-004,High,Closed,ANL-013,1,90.0,TRUE,FALSE,SYNTHETIC_DEMO_DATA
INC-00001102,ALT-00006217,2025-06-16T09:34:13Z,2025-06-16T10:26:13Z,2025-06-16T10:58:13Z,2025-06-16T13:04:13Z,2025-06-17T05:47:13Z,2025-06-17T11:11:13Z,EDY SIEM,Correlation Hub,AST-0183,RUL-011,Informational,Closed,ANL-010,1,33.5,FALSE,FALSE,SYNTHETIC_DEMO_DATA
INC-00000204,ALT-00010220,2025-03-20T15:08:23Z,2025-03-20T15:27:23Z,2025-03-20T15:38:23Z,2025-03-20T16:52:23Z,2025-03-20T17:41:23Z,2025-03-21T01:25:23Z,External Synthetic,Cloud Audit,AST-0207,RUL-038,Informational,Closed,ANL-014,1,22.2,FALSE,FALSE,SYNTHETIC_DEMO_DATA
INC-00001341,ALT-00000731,2025-08-10T17:53:15Z,2025-08-10T19:15:15Z,2025-08-10T20:25:15Z,2025-08-10T21:01:15Z,2025-08-10T22:38:15Z,2025-08-11T00:49:15Z,External Synthetic,Identity Provider,AST-0217,RUL-020,Informational,Closed,ANL-011,3,48.4,FALSE,FALSE,SYNTHETIC_DEMO_DATA
INC-00000092,ALT-00017402,2025-04-17T10:27:31Z,2025-04-17T11:04:31Z,2025-04-17T11:24:31Z,2025-04-17T11:58:31Z,2025-04-17T13:01:31Z,2025-04-17T22:57:31Z,External Synthetic,Network Sensor,AST-0235,RUL-029,Informational,Closed,ANL-006,1,39.6,FALSE,FALSE,SYNTHETIC_DEMO_DATA
INC-00000263,ALT-00001234,2025-08-13T20:00:22Z,2025-08-13T21:44:22Z,2025-08-13T22:18:22Z,2025-08-14T00:10:22Z,2025-08-14T02:00:22Z,2025-08-14T12:15:22Z,EDY Sentinel,Cloud Detection,AST-0159,RUL-034,Informational,Closed,ANL-015,2,47.6,FALSE,FALSE,SYNTHETIC_DEMO_DATA
INC-00002040,ALT-00001739,2025-02-04T13:31:45Z,2025-02-04T13:49:45Z,2025-02-04T14:16:45Z,2025-02-04T16:32:45Z,2025-02-04T17:17:45Z,2025-02-04T22:22:45Z,EDY Sentinel,Cloud Detection,AST-0163,RUL-020,Low,Closed,ANL-015,1,58.3,FALSE,FALSE,SYNTHETIC_DEMO_DATA
INC-00001199,ALT-00007107,2026-01-23T08:31:05Z,2026-01-23T08:48:05Z,2026-01-23T09:13:05Z,2026-01-23T10:09:05Z,2026-01-23T11:39:05Z,2026-01-23T20:36:05Z,EDY Sentinel,Cloud Detection,AST-0227,RUL-037,Low,Closed,ANL-016,1,65.6,TRUE,FALSE,SYNTHETIC_DEMO_DATA
INC-00000860,ALT-00015169,2025-04-15T12:06:12Z,2025-04-15T12:16:12Z,2025-04-15T12:44:12Z,2025-04-15T13:27:12Z,2025-04-15T14:22:12Z,2025-04-15T20:06:12Z,EDY Shield,Endpoint Integrity,AST-0111,RUL-004,Informational,Closed,ANL-012,2,33.6,FALSE,FALSE,SYNTHETIC_DEMO_DATA
INC-00002806,ALT-00013815,2026-03-20T11:50:56Z,2026-03-20T11:56:56Z,2026-03-20T12:15:56Z,2026-03-20T21:41:56Z,2026-03-20T22:09:56Z,,External Synthetic,Cloud Audit,AST-0065,RUL-009,Low,Resolved,ANL-017,3,50.0,FALSE,FALSE,SYNTHETIC_DEMO_DATA
INC-00002833,ALT-00006506,2026-04-01T17:16:13Z,2026-04-01T17:31:13Z,2026-04-01T17:48:13Z,2026-04-01T18:34:13Z,2026-04-01T21:43:13Z,2026-04-01T22:20:13Z,External Synthetic,Identity Provider,AST-0070,RUL-013,Medium,Closed,ANL-009,1,67.8,FALSE,FALSE,SYNTHETIC_DEMO_DATA
INC-00001284,ALT-00009493,2025-06-08T10:30:49Z,2025-06-08T11:27:49Z,2025-06-08T11:52:49Z,2025-06-08T12:33:49Z,2025-06-08T14:46:49Z,2025-06-08T18:23:49Z,External Synthetic,Network Sensor,AST-0185,RUL-026,MEDIUM,Closed,ANL-016,1,84.1,FALSE,FALSE,SYNTHETIC_DEMO_DATA
INC-00000311,ALT-00000655,2025-09-12T17:24:32Z,2025-09-12T17:33:32Z,2025-09-12T18:33:32Z,2025-09-12T19:11:32Z,2025-09-12T20:29:32Z,2025-09-13T02:38:32Z,EDY Shield,Endpoint Integrity,AST-0229,RUL-009,High,Closed,ANL-006,1,93.5,TRUE,FALSE,SYNTHETIC_DEMO_DATA
INC-00000709,ALT-00010876,2025-12-27T07:21:20Z,2025-12-27T07:50:20Z,2025-12-27T08:44:20Z,2025-12-27T09:43:20Z,2025-12-27T12:03:20Z,2025-12-27T14:23:20Z,EDY SIEM,Correlation Hub,AST-0066,RUL-007,Informational,Closed,ANL-007,1,41.1,FALSE,FALSE,SYNTHETIC_DEMO_DATA
INC-00000118,ALT-00015722,2025-08-05T19:51:55Z,2025-08-05T20:09:55Z,2025-08-05T20:29:55Z,2025-08-05T21:48:55Z,2025-08-06T02:30:55Z,2025-08-06T11:11:55Z,External Synthetic,Cloud Audit,AST-0063,RUL-009,Low,Closed,ANL-005,1,43.8,FALSE,FALSE,SYNTHETIC_DEMO_DATA
INC-00002439,ALT-00006067,2026-07-29T12:26:16Z,2026-07-29T12:41:16Z,2026-07-29T13:33:16Z,,,,EDY Shield,Endpoint Integrity,AST-0019,RUL-023,Low,Active,ANL-012,0,62.9,FALSE,FALSE,SYNTHETIC_DEMO_DATA
INC-00001579,ALT-00009956,2025-10-30T17:32:48Z,2025-10-30T17:36:48Z,2025-10-30T17:42:48Z,2025-10-30T19:28:48Z,2025-10-30T19:55:48Z,2025-10-31T02:44:48Z,External Synthetic,Network Sensor,AST-0007,RUL-018,Medium,Closed,ANL-003,1,66.7,FALSE,FALSE,SYNTHETIC_DEMO_DATA
INC-00001171,ALT-00008017,2026-06-03T05:33:08Z,2026-06-03T06:08:08Z,2026-06-03T06:25:08Z,2026-06-03T09:38:08Z,2026-06-03T17:12:08Z,2026-06-03T18:54:08Z,EDY Shield,Endpoint Integrity,AST-0135,RUL-011,Medium,Closed,ANL-015,1,54.0,FALSE,FALSE,SYNTHETIC_DEMO_DATA
INC-00000468,ALT-00008055,2025-09-05T15:01:15Z,2025-09-05T16:08:15Z,2025-09-05T16:28:15Z,2025-09-05T17:02:15Z,2025-09-05T20:47:15Z,2025-09-06T00:10:15Z,EDY Shield,Endpoint Integrity,AST-0122,RUL-035,Medium,Closed,ANL-004,1,79.4,FALSE,FALSE,SYNTHETIC_DEMO_DATA
INC-00000581,ALT-00008756,2025-03-23T17:51:51Z,2025-03-23T18:03:51Z,2025-03-23T18:19:51Z,2025-03-23T19:15:51Z,2025-03-23T23:01:51Z,2025-03-24T08:47:51Z,EDY SIEM,Correlation Hub,AST-0092,RUL-023,Low,Closed,ANL-004,1,50.1,FALSE,FALSE,SYNTHETIC_DEMO_DATA
INC-00002904,ALT-00016070,2026-02-06T16:16:51Z,2026-02-06T16:40:51Z,2026-02-06T17:16:51Z,2026-02-06T17:38:51Z,2026-02-07T03:53:51Z,2026-02-07T04:56:51Z,EDY RECON,Exposure Intelligence,AST-0129,RUL-015,Informational,Closed,ANL-014,4,51.6,TRUE,FALSE,SYNTHETIC_DEMO_DATA
INC-00001655,ALT-00003291,2026-03-01T09:07:12Z,2026-03-01T09:34:12Z,2026-03-01T09:43:12Z,2026-03-01T11:01:12Z,2026-03-01T22:29:12Z,2026-03-02T04:42:12Z,External Synthetic,Network Sensor,AST-0062,RUL-039,Informational,Closed,ANL-009,1,33.9,FALSE,FALSE,SYNTHETIC_DEMO_DATA
INC-00001541,ALT-00015795,2025-11-11T20:05:06Z,2025-11-11T21:01:06Z,2025-11-11T21:13:06Z,2025-11-11T22:36:06Z,2025-11-12T01:25:06Z,2025-11-12T01:50:06Z,External Synthetic,Network Sensor,AST-0009,RUL-027,Informational,Closed,ANL-015,1,23.4,FALSE,FALSE,SYNTHETIC_DEMO_DATA
INC-00001554,ALT-00011711,2026-04-11T16:57:45Z,2026-04-11T17:09:45Z,2026-04-11T17:56:45Z,2026-04-11T19:05:45Z,2026-04-12T00:26:45Z,2026-04-12T12:10:45Z,External Synthetic,Network Sensor,AST-0112,RUL-001,Informational,Closed,ANL-014,4,28.0,FALSE,FALSE,SYNTHETIC_DEMO_DATA
INC-00003157,ALT-00013475,2025-04-08T06:46:12Z,2025-04-08T08:46:12Z,2025-04-08T09:58:12Z,2025-04-08T10:58:12Z,2025-04-08T17:52:12Z,2025-04-09T04:02:12Z,EDY SIEM,Correlation Hub,AST-0050,RUL-024,Low,Closed,ANL-008,4,77.8,TRUE,FALSE,SYNTHETIC_DEMO_DATA
INC-00003046,ALT-00017903,2026-06-22T08:53:39Z,2026-06-22T09:37:39Z,2026-06-22T09:56:39Z,2026-06-22T10:27:39Z,2026-06-22T14:20:39Z,2026-06-23T01:27:39Z,External Synthetic,Network Sensor,AST-0234,RUL-030,Informational,Closed,ANL-010,1,29.7,FALSE,FALSE,SYNTHETIC_DEMO_DATA
INC-00001804,ALT-00012592,2025-10-17T20:26:23Z,2025-10-17T20:38:23Z,2025-10-17T20:54:23Z,2025-10-17T21:27:23Z,2025-10-17T22:15:23Z,2025-10-17T23:57:23Z,EDY SIEM,Correlation Hub,AST-0158,RUL-003,Medium,Closed,ANL-012,1,96.4,TRUE,FALSE,SYNTHETIC_DEMO_DATA
INC-00000626,ALT-00010619,2026-06-28T17:38:07Z,2026-06-28T17:58:07Z,2026-06-28T18:07:07Z,2026-06-28T19:23:07Z,2026-06-28T21:31:07Z,2026-06-29T09:20:07Z,External Synthetic,Cloud Audit,AST-0084,RUL-013,Informational,Closed,ANL-012,2,38.3,FALSE,FALSE,SYNTHETIC_DEMO_DATA
INC-00000412,ALT-00006705,2025-08-10T16:14:57Z,2025-08-10T16:33:57Z,2025-08-10T17:03:57Z,2025-08-10T17:52:57Z,2025-08-10T22:32:57Z,2025-08-10T23:17:57Z,EDY RECON,Exposure Intelligence,AST-0010,RUL-037,Low,Closed,ANL-017,1,60.4,FALSE,FALSE,SYNTHETIC_DEMO_DATA
INC-00002240,ALT-00011574,2025-11-30T09:05:47Z,2025-11-30T09:22:47Z,2025-11-30T09:44:47Z,2025-11-30T09:58:47Z,2025-11-30T12:31:47Z,,EDY Shield,Endpoint Integrity,AST-0093,RUL-030,High,Resolved,ANL-003,1,97.3,TRUE,FALSE,SYNTHETIC_DEMO_DATA
INC-00001243,ALT-00005573,2026-01-02T21:12:53Z,2026-01-02T22:05:53Z,2026-01-02T22:17:53Z,2026-01-02T23:29:53Z,2026-01-03T00:35:53Z,,External Synthetic,Cloud Audit,AST-0008,RUL-040,Low,Resolved,ANL-014,1,63.8,TRUE,FALSE,SYNTHETIC_DEMO_DATA
INC-00000206,ALT-00002280,2026-03-05T14:52:27Z,2026-03-05T15:04:27Z,2026-03-05T15:07:27Z,2026-03-05T16:41:27Z,2026-03-05T20:43:27Z,2026-03-06T03:27:27Z,External Synthetic,Identity Provider,AST-0024,RUL-003,Low,Closed,ANL-001,1,58.2,FALSE,FALSE,SYNTHETIC_DEMO_DATA
INC-00000846,ALT-00005471,2026-03-12T10:25:38Z,2026-03-12T10:54:38Z,2026-03-12T11:14:38Z,2026-03-12T13:39:38Z,2026-03-12T15:10:38Z,2026-03-13T02:44:38Z,External Synthetic,Cloud Audit,AST-0077,RUL-037,Low,Closed,ANL-003,4,66.2,FALSE,FALSE,SYNTHETIC_DEMO_DATA
INC-00002641,ALT-00002904,2026-05-25T17:04:16Z,2026-05-25T17:36:16Z,2026-05-25T18:24:16Z,2026-05-25T19:50:16Z,2026-05-25T22:21:16Z,2026-05-26T05:41:16Z,External Synthetic,Network Sensor,AST-0130,RUL-034,Informational,Closed,ANL-001,1,33.6,FALSE,FALSE,SYNTHETIC_DEMO_DATA
INC-00001648,ALT-00014653,2025-07-29T02:11:49Z,2025-07-29T02:17:49Z,2025-07-29T02:24:49Z,2025-07-29T05:13:49Z,2025-07-29T05:47:49Z,2025-07-29T12:02:49Z,EDY Shield,Endpoint Integrity,AST-0173,RUL-027,Low,Closed,ANL-005,2,58.0,FALSE,FALSE,SYNTHETIC_DEMO_DATA
INC-00000012,ALT-00009332,2025-12-18T10:07:32Z,2025-12-18T10:48:32Z,2025-12-18T11:13:32Z,2025-12-18T11:50:32Z,2025-12-18T18:36:32Z,2025-12-19T05:39:32Z,EDY Shield,Endpoint Integrity,AST-0137,RUL-036,Informational,Closed,ANL-008,4,40.9,FALSE,FALSE,SYNTHETIC_DEMO_DATA
INC-00000307,ALT-00010572,2026-04-26T09:37:38Z,2026-04-26T10:49:38Z,2026-04-26T11:09:38Z,2026-04-26T14:12:38Z,2026-04-26T16:35:38Z,2026-04-26T23:56:38Z,EDY Shield,Endpoint Integrity,AST-0127,RUL-004,Low,Closed,ANL-014,1,58.7,FALSE,FALSE,SYNTHETIC_DEMO_DATA
INC-00001394,ALT-00005498,2025-04-29T08:51:01Z,2025-04-29T09:20:01Z,2025-04-29T09:28:01Z,2025-04-29T10:16:01Z,2025-04-29T12:30:01Z,2025-04-30T00:28:01Z,External Synthetic,Cloud Audit,AST-0038,RUL-005,Critical,Closed,ANL-004,3,100,TRUE,FALSE,SYNTHETIC_DEMO_DATA
INC-00000312,ALT-00008563,2025-07-28T11:44:08Z,2025-07-28T11:56:08Z,2025-07-28T12:34:08Z,2025-07-28T13:19:08Z,2025-07-28T14:29:08Z,2025-07-28T23:40:08Z,EDY SIEM,Correlation Hub,AST-0216,RUL-018,Low,Closed,ANL-015,1,41.7,FALSE,FALSE,SYNTHETIC_DEMO_DATA
INC-00000007,ALT-00002784,2025-06-21T15:59:04Z,2025-06-21T16:33:04Z,2025-06-21T16:58:04Z,2025-06-21T17:36:04Z,2025-06-22T00:30:04Z,2025-06-22T09:10:04Z,EDY RECON,Exposure Intelligence,AST-0155,RUL-027,Informational,Closed,ANL-007,2,41.4,FALSE,FALSE,SYNTHETIC_DEMO_DATA
INC-00000271,ALT-00009742,2026-04-17T14:05:14Z,2026-04-17T14:19:14Z,2026-04-17T14:25:14Z,2026-04-17T18:16:14Z,2026-04-17T20:35:14Z,2026-04-18T07:06:14Z,EDY Sentinel,Cloud Detection,AST-0065,RUL-015,Informational,Closed,ANL-013,2,34.9,FALSE,FALSE,SYNTHETIC_DEMO_DATA
INC-00002261,ALT-00008996,2026-06-09T14:35:32Z,2026-06-09T14:49:32Z,2026-06-09T14:57:32Z,2026-06-09T18:03:32Z,2026-06-10T05:39:32Z,2026-06-10T15:52:32Z,External Synthetic,Identity Provider,AST-0151,RUL-008,Informational,Closed,ANL-015,3,37.8,FALSE,FALSE,SYNTHETIC_DEMO_DATA
INC-00001750,ALT-00014859,2026-06-17T08:58:38Z,2026-06-17T10:07:38Z,2026-06-17T10:24:38Z,2026-06-17T11:51:38Z,2026-06-17T14:30:38Z,2026-06-17T17:24:38Z,EDY Sentinel,Cloud Detection,AST-0106,RUL-012,Informational,Closed,ANL-010,1,37.7,FALSE,FALSE,SYNTHETIC_DEMO_DATA
INC-00001457,ALT-00015748,2026-01-24T05:53:34Z,2026-01-24T06:09:34Z,2026-01-24T06:33:34Z,2026-01-24T07:12:34Z,2026-01-24T09:54:34Z,2026-01-24T18:49:34Z,EDY Shield,Endpoint Integrity,AST-0212,RUL-008,Low,Closed,ANL-010,1,65.0,FALSE,FALSE,SYNTHETIC_DEMO_DATA
INC-00001141,ALT-00005031,2026-03-01T19:08:34Z,2026-03-01T19:17:34Z,2026-03-01T19:25:34Z,2026-03-01T20:12:34Z,2026-03-02T05:59:34Z,2026-03-02T13:01:34Z,EDY RECON,Exposure Intelligence,AST-0123,RUL-036,Informational,Closed,ANL-007,1,43.5,FALSE,FALSE,SYNTHETIC_DEMO_DATA
INC-00002529,ALT-00013050,2026-01-17T11:13:33Z,2026-01-17T12:01:33Z,2026-01-17T12:12:33Z,2026-01-17T15:24:33Z,2026-01-17T16:13:33Z,2026-01-17T22:00:33Z,External Synthetic,Network Sensor,AST-0030,RUL-036,Informational,Closed,ANL-011,1,36.9,FALSE,FALSE,SYNTHETIC_DEMO_DATA
INC-00001748,ALT-00012339,2025-07-23T02:13:04Z,,,,,,External Synthetic,Network Sensor,AST-0138,RUL-005,Informational,New,ANL-006,0,33.9,FALSE,FALSE,SYNTHETIC_DEMO_DATA
INC-00002257,ALT-00007632,2025-11-05T13:11:36Z,2025-11-05T13:44:36Z,2025-11-05T15:19:36Z,2025-11-05T17:32:36Z,2025-11-05T21:49:36Z,2025-11-06T04:44:36Z,EDY SIEM,Correlation Hub,AST-0152,RUL-004,Informational,Closed,ANL-007,2,33.4,FALSE,FALSE,SYNTHETIC_DEMO_DATA
INC-00001780,ALT-00013341,2025-10-28T16:12:46Z,2025-10-28T16:24:46Z,2025-10-28T16:59:46Z,2025-10-28T18:43:46Z,2025-10-28T21:09:46Z,2025-10-29T08:20:46Z,External Synthetic,Identity Provider,AST-0051,RUL-004,Medium,fechado,ANL-018,1,76.7,FALSE,FALSE,SYNTHETIC_DEMO_DATA
INC-00002899,ALT-00009316,2026-03-28T17:29:15Z,2026-03-28T17:41:15Z,2026-03-28T18:01:15Z,2026-03-28T19:44:15Z,2026-03-28T23:11:15Z,,EDY SIEM,Correlation Hub,AST-0163,RUL-029,Medium,Resolved,ANL-015,1,75.6,FALSE,FALSE,SYNTHETIC_DEMO_DATA
INC-00001743,ALT-00015616,2026-01-22T09:49:32Z,2026-01-22T10:11:32Z,2026-01-22T10:24:32Z,2026-01-22T11:06:32Z,2026-01-22T18:35:32Z,2026-01-23T06:18:32Z,External Synthetic,Network Sensor,AST-0119,RUL-029,Low,Closed,ANL-006,1,56.1,FALSE,FALSE,SYNTHETIC_DEMO_DATA
INC-00000386,ALT-00008333,2026-03-03T09:13:16Z,2026-03-03T09:29:16Z,2026-03-03T09:34:16Z,2026-03-03T10:19:16Z,2026-03-03T12:46:16Z,2026-03-03T22:25:16Z,External Synthetic,Network Sensor,AST-0137,RUL-008,Informational,Closed,ANL-018,2,42.6,FALSE,FALSE,SYNTHETIC_DEMO_DATA
INC-00001365,ALT-00010314,2026-01-14T21:28:42Z,2026-01-14T22:13:42Z,2026-01-14T22:23:42Z,2026-01-15T00:29:42Z,2026-01-15T01:57:42Z,2026-01-15T06:10:42Z,EDY Sentinel,Cloud Detection,AST-0214,RUL-010,Informational,Closed,ANL-005,1,40.6,FALSE,FALSE,SYNTHETIC_DEMO_DATA
INC-00002208,ALT-00013714,2026-07-10T05:50:12Z,2026-07-10T06:05:12Z,2026-07-10T06:31:12Z,2026-07-10T07:35:12Z,2026-07-10T09:32:12Z,2026-07-10T16:04:12Z,External Synthetic,Cloud Audit,AST-0067,RUL-013,Informational,Closed,ANL-008,1,36.9,FALSE,FALSE,SYNTHETIC_DEMO_DATA
INC-00000276,ALT-00007596,2026-01-01T08:19:58Z,2026-01-01T08:34:58Z,2026-01-01T09:06:58Z,2026-01-01T09:23:58Z,2026-01-01T21:47:58Z,2026-01-02T04:48:58Z,External Synthetic,Network Sensor,AST-0208,RUL-002,Informational,Closed,ANL-014,2,41.7,FALSE,FALSE,SYNTHETIC_DEMO_DATA
INC-00000453,ALT-00015111,2026-03-31T21:51:12Z,2026-03-31T22:11:12Z,2026-03-31T22:29:12Z,2026-03-31T23:12:12Z,2026-04-01T00:01:12Z,2026-04-01T11:41:12Z,External Synthetic,Network Sensor,AST-0114,RUL-015,Informational,Closed,ANL-017,3,48.3,FALSE,FALSE,SYNTHETIC_DEMO_DATA
INC-00002011,ALT-00011130,2025-03-30T13:31:39Z,2025-03-30T13:44:39Z,2025-03-30T14:28:39Z,2025-03-30T15:43:39Z,2025-03-30T20:35:39Z,2025-03-31T00:00:39Z,EDY Shield,Endpoint Integrity,AST-0092,RUL-033,High,Closed,ANL-004,4,92.6,TRUE,FALSE,SYNTHETIC_DEMO_DATA
INC-00000981,ALT-00005835,2025-11-21T20:26:31Z,2025-11-21T20:30:31Z,2025-11-21T20:45:31Z,2025-11-21T22:09:31Z,2025-11-22T00:06:31Z,2025-11-22T08:19:31Z,External Synthetic,Network Sensor,AST-0072,RUL-008,Medium,Closed,ANL-013,2,52.0,FALSE,FALSE,SYNTHETIC_DEMO_DATA
INC-00000552,ALT-00008307,2025-12-11T17:01:11Z,2025-12-11T17:21:11Z,2025-12-11T17:31:11Z,2025-12-11T19:10:11Z,2025-12-11T19:40:11Z,,EDY Shield,Endpoint Integrity,AST-0032,RUL-020,High,Resolved,ANL-011,2,100,TRUE,FALSE,SYNTHETIC_DEMO_DATA
INC-00002927,ALT-00016540,2025-03-25T13:19:35Z,2025-03-25T13:36:35Z,2025-03-25T13:44:35Z,2025-03-25T14:34:35Z,2025-03-25T19:18:35Z,,External Synthetic,Cloud Audit,AST-0130,RUL-028,Medium,Resolved,ANL-017,3,66.9,FALSE,FALSE,SYNTHETIC_DEMO_DATA
INC-00000108,ALT-00006764,2025-06-17T13:17:45Z,2025-06-17T13:22:45Z,2025-06-17T13:41:45Z,2025-06-17T14:28:45Z,2025-06-18T00:25:45Z,2025-06-18T08:52:45Z,EDY SIEM,Correlation Hub,AST-0100,RUL-035,Low,Closed,ANL-003,1,54.6,FALSE,FALSE,SYNTHETIC_DEMO_DATA
INC-00001993,ALT-00014088,2025-07-13T16:36:34Z,2025-07-13T16:50:34Z,2025-07-13T17:13:34Z,2025-07-13T19:02:34Z,2025-07-13T20:40:34Z,2025-07-14T03:20:34Z,External Synthetic,Network Sensor,AST-0233,RUL-017,Informational,Closed,ANL-001,1,35.9,FALSE,FALSE,SYNTHETIC_DEMO_DATA
INC-00001335,ALT-00017416,2025-05-25T15:54:35Z,2025-05-25T16:31:35Z,2025-05-25T17:41:35Z,2025-05-25T18:25:35Z,2025-05-25T18:57:35Z,2025-05-25T22:39:35Z,External Synthetic,Network Sensor,AST-0218,RUL-010,Low,fechado,ANL-018,3,55.7,FALSE,FALSE,SYNTHETIC_DEMO_DATA
INC-00002569,ALT-00009638,2025-08-09T16:20:49Z,2025-08-09T16:38:49Z,2025-08-09T16:55:49Z,2025-08-09T17:27:49Z,2025-08-09T21:01:49Z,2025-08-10T03:05:49Z,EDY Sentinel,Cloud Detection,AST-0057,RUL-036,Medium,Closed,ANL-003,1,68.1,FALSE,FALSE,SYNTHETIC_DEMO_DATA
INC-00002746,ALT-00008599,2026-02-05T19:43:29Z,2026-02-05T19:51:29Z,2026-02-05T20:05:29Z,2026-02-05T23:03:29Z,2026-02-06T00:59:29Z,2026-02-06T05:53:29Z,External Synthetic,Network Sensor,AST-0017,RUL-030,Informational,Closed,ANL-004,1,30.7,FALSE,FALSE,SYNTHETIC_DEMO_DATA
INC-00000589,ALT-00013960,2025-04-30T16:37:35Z,2025-04-30T17:21:35Z,2025-04-30T17:28:35Z,2025-04-30T19:32:35Z,2025-05-01T06:27:35Z,2025-05-01T09:31:35Z,EDY Shield,Endpoint Integrity,AST-0100,RUL-027,Informational,Closed,ANL-001,3,47.5,FALSE,FALSE,SYNTHETIC_DEMO_DATA
INC-00003100,ALT-00001747,2025-07-16T23:18:17Z,2025-07-16T23:47:17Z,2025-07-17T00:13:17Z,2025-07-17T00:32:17Z,2025-07-17T03:54:17Z,,EDY Shield,Endpoint Integrity,AST-0127,RUL-040,Informational,Resolved,ANL-010,2,41.8,FALSE,FALSE,SYNTHETIC_DEMO_DATA
INC-00002106,ALT-00007242,2025-11-15T12:23:05Z,2025-11-15T12:32:05Z,2025-11-15T13:10:05Z,2025-11-15T13:51:05Z,2025-11-15T15:10:05Z,2025-11-16T02:05:05Z,External Synthetic,Identity Provider,AST-0015,RUL-024,Low,Closed,ANL-003,1,57.8,FALSE,FALSE,SYNTHETIC_DEMO_DATA
INC-00001711,ALT-00012169,2026-01-23T11:14:06Z,2026-01-23T11:32:06Z,2026-01-23T11:51:06Z,2026-01-23T13:01:06Z,2026-01-23T17:15:06Z,2026-01-23T18:14:06Z,External Synthetic,Identity Provider,AST-0178,RUL-011,Low,Closed,ANL-014,2,57.1,FALSE,FALSE,SYNTHETIC_DEMO_DATA
INC-00000838,ALT-00000082,2025-10-28T02:28:51Z,2025-10-28T02:49:51Z,2025-10-28T03:19:51Z,2025-10-28T04:56:51Z,2025-10-28T07:16:51Z,2025-10-28T11:24:51Z,External Synthetic,Cloud Audit,AST-0151,RUL-037,Informational,Closed,ANL-004,1,36.6,FALSE,FALSE,SYNTHETIC_DEMO_DATA
INC-00002846,ALT-00015490,2026-06-04T13:33:19Z,2026-06-04T13:44:19Z,2026-06-04T14:08:19Z,2026-06-04T16:29:19Z,2026-06-04T19:47:19Z,2026-06-05T00:28:19Z,External Synthetic,Cloud Audit,AST-0070,RUL-021,Low,Closed,ANL-007,1,56.1,FALSE,FALSE,SYNTHETIC_DEMO_DATA
INC-00002274,ALT-00006383,2026-05-27T11:12:43Z,2026-05-27T11:31:43Z,2026-05-27T11:41:43Z,,,,EDY Shield,Endpoint Integrity,AST-0225,RUL-004,Low,Active,ANL-015,0,44.1,FALSE,FALSE,SYNTHETIC_DEMO_DATA
INC-00002307,ALT-00006166,2026-06-11T05:57:02Z,2026-06-11T06:25:02Z,2026-06-11T06:40:02Z,2026-06-11T07:45:02Z,2026-06-11T09:04:02Z,2026-06-11T14:35:02Z,EDY RECON,Exposure Intelligence,AST-0001,RUL-006,High,Closed,ANL-002,1,98.2,TRUE,FALSE,SYNTHETIC_DEMO_DATA
INC-00001151,ALT-00011460,2025-10-19T10:23:09Z,2025-10-19T10:31:09Z,2025-10-19T12:25:09Z,2025-10-19T13:35:09Z,2025-10-19T13:49:09Z,2025-10-19T19:56:09Z,EDY SIEM,Correlation Hub,AST-0101,RUL-043,Medium,Closed,ANL-011,1,69.0,FALSE,FALSE,SYNTHETIC_DEMO_DATA
INC-00001814,ALT-00007504,2025-10-10T20:19:37Z,2025-10-10T20:28:37Z,2025-10-10T20:56:37Z,2025-10-10T21:46:37Z,2025-10-11T02:19:37Z,2025-10-11T11:29:37Z,EDY Shield,Endpoint Integrity,AST-0196,RUL-033,Informational,Closed,ANL-012,3,33.3,FALSE,FALSE,SYNTHETIC_DEMO_DATA
INC-00003163,ALT-00012580,2026-03-08T17:28:28Z,2026-03-08T17:55:28Z,2026-03-08T19:20:28Z,2026-03-08T21:35:28Z,2026-03-08T22:46:28Z,2026-03-09T01:29:28Z,EDY SIEM,Correlation Hub,AST-0070,RUL-014,Medium,Closed,ANL-003,1,72.6,FALSE,FALSE,SYNTHETIC_DEMO_DATA
INC-00002472,ALT-00012223,2026-06-22T14:55:27Z,2026-06-22T15:10:27Z,2026-06-22T15:26:27Z,2026-06-22T16:23:27Z,2026-06-22T18:00:27Z,2026-06-23T00:22:27Z,EDY Sentinel,Cloud Detection,AST-0229,RUL-021,Informational,Closed,ANL-014,1,33.6,FALSE,FALSE,SYNTHETIC_DEMO_DATA
INC-00003130,ALT-00000009,2025-06-28T11:08:40Z,2025-06-28T11:13:40Z,2025-06-28T11:27:40Z,2025-06-28T12:40:40Z,2025-06-28T13:25:40Z,2025-06-29T00:18:40Z,External Synthetic,Network Sensor,AST-0062,RUL-024,Informational,Closed,ANL-016,3,32.2,FALSE,FALSE,SYNTHETIC_DEMO_DATA
INC-00001843,ALT-00008741,2025-09-05T11:09:55Z,2025-09-05T11:15:55Z,2025-09-05T11:28:55Z,2025-09-05T13:17:55Z,2025-09-05T14:33:55Z,2025-09-05T18:46:55Z,EDY SIEM,Correlation Hub,AST-0025,RUL-042,Informational,Closed,ANL-007,1,41.7,FALSE,FALSE,SYNTHETIC_DEMO_DATA
INC-00001810,ALT-00009716,2026-07-04T20:12:21Z,2026-07-04T20:28:21Z,2026-07-04T20:53:21Z,2026-07-04T22:43:21Z,2026-07-05T00:51:21Z,2026-07-05T08:12:21Z,External Synthetic,Cloud Audit,AST-0053,RUL-031,Informational,Closed,ANL-004,1,35.5,FALSE,FALSE,SYNTHETIC_DEMO_DATA
INC-00002288,ALT-00007917,2026-07-21T11:52:38Z,2026-07-21T12:42:38Z,2026-07-21T12:50:38Z,2026-07-21T14:48:38Z,2026-07-21T16:49:38Z,2026-07-22T03:56:38Z,EDY Sentinel,Cloud Detection,AST-0113,RUL-029,Informational,Closed,ANL-006,2,60.0,TRUE,FALSE,SYNTHETIC_DEMO_DATA
INC-00002433,ALT-00006748,2026-07-20T15:50:54Z,2026-07-20T15:51:54Z,2026-07-20T17:33:54Z,,,,External Synthetic,Cloud Audit,AST-0177,RUL-035,High,Active,ANL-002,0,100,TRUE,FALSE,SYNTHETIC_DEMO_DATA
INC-00002930,ALT-00016880,2025-02-08T12:51:17Z,2025-02-08T13:45:17Z,2025-02-08T14:17:17Z,2025-02-08T18:40:17Z,2025-02-08T22:52:17Z,2025-02-09T07:13:17Z,External Synthetic,Network Sensor,AST-0051,RUL-037,Low,Closed,ANL-013,3,60.4,FALSE,FALSE,SYNTHETIC_DEMO_DATA
INC-00002351,ALT-00015544,2025-03-30T13:21:50Z,2025-03-30T14:22:50Z,2025-03-30T14:45:50Z,,,,External Synthetic,Network Sensor,AST-0064,RUL-002,Informational,Active,ANL-015,0,41.2,FALSE,FALSE,SYNTHETIC_DEMO_DATA
INC-00000420,ALT-00000195,2025-08-21T18:07:22Z,2025-08-21T18:13:22Z,2025-08-21T19:43:22Z,2025-08-21T22:01:22Z,2025-08-22T00:58:22Z,,External Synthetic,Cloud Audit,AST-0141,RUL-020,Low,Resolved,ANL-015,3,56.8,FALSE,FALSE,SYNTHETIC_DEMO_DATA
INC-00002345,ALT-00004604,2025-08-31T15:18:23Z,2025-08-31T15:51:23Z,2025-08-31T16:15:23Z,2025-08-31T17:42:23Z,2025-08-31T21:19:23Z,2025-09-01T07:09:23Z,EDY Sentinel,Cloud Detection,AST-0181,RUL-043,Informational,Closed,ANL-003,3,46.3,FALSE,FALSE,SYNTHETIC_DEMO_DATA
INC-00003094,ALT-00008161,2026-02-09T16:45:16Z,2026-02-09T17:45:16Z,2026-02-09T18:16:16Z,2026-02-09T18:37:16Z,2026-02-10T02:50:16Z,2026-02-10T06:48:16Z,EDY Sentinel,Cloud Detection,AST-0030,RUL-011,Informational,Closed,ANL-016,1,34.9,FALSE,FALSE,SYNTHETIC_DEMO_DATA
INC-00003034,ALT-00003186,2025-02-14T21:52:13Z,2025-02-14T22:05:13Z,2025-02-14T22:33:13Z,2025-02-15T02:08:13Z,2025-02-15T05:30:13Z,2025-02-15T09:30:13Z,External Synthetic,Cloud Audit,AST-0033,RUL-028,Informational,Closed,ANL-004,3,41.1,FALSE,FALSE,SYNTHETIC_DEMO_DATA
INC-00001834,ALT-00016975,2025-06-18T09:36:46Z,2025-06-18T09:51:46Z,2025-06-18T10:24:46Z,2025-06-18T11:50:46Z,2025-06-18T13:59:46Z,2025-06-19T00:29:46Z,EDY Sentinel,Cloud Detection,AST-0180,RUL-035,Low,Closed,ANL-017,1,40.4,FALSE,FALSE,SYNTHETIC_DEMO_DATA
INC-00000784,ALT-00006093,2026-05-04T09:48:10Z,2026-05-04T09:57:10Z,2026-05-04T10:23:10Z,2026-05-04T10:59:10Z,2026-05-04T17:27:10Z,2026-05-05T01:18:10Z,External Synthetic,Network Sensor,AST-0181,RUL-037,Medium,Closed,ANL-006,1,77.6,FALSE,FALSE,SYNTHETIC_DEMO_DATA
INC-00002818,ALT-00011187,2026-07-14T15:09:55Z,2026-07-14T15:21:55Z,2026-07-14T16:01:55Z,2026-07-14T20:24:55Z,2026-07-14T22:11:55Z,2026-07-15T03:32:55Z,EDY SIEM,Correlation Hub,AST-0008,RUL-010,Low,Closed,ANL-005,2,42.3,FALSE,FALSE,SYNTHETIC_DEMO_DATA
INC-00002375,ALT-00006638,2025-07-17T15:09:26Z,2025-07-17T15:40:26Z,2025-07-17T15:58:26Z,2025-07-17T16:24:26Z,2025-07-18T00:03:26Z,,EDY Sentinel,Cloud Detection,AST-0172,RUL-034,Low,Resolved,ANL-010,3,57.5,FALSE,FALSE,SYNTHETIC_DEMO_DATA
INC-00001917,ALT-00008986,2025-09-11T13:48:49Z,2025-09-11T13:49:49Z,2025-09-11T14:37:49Z,2025-09-11T16:33:49Z,2025-09-12T07:45:49Z,2025-09-12T12:40:49Z,EDY Shield,Endpoint Integrity,AST-0065,RUL-007,Low,Closed,ANL-012,1,50.2,FALSE,FALSE,SYNTHETIC_DEMO_DATA
INC-00002850,ALT-00003682,2025-05-27T14:54:28Z,2025-05-27T15:16:28Z,2025-05-27T16:01:28Z,2025-05-27T17:18:28Z,2025-05-27T21:23:28Z,2025-05-28T03:06:28Z,External Synthetic,Identity Provider,AST-0033,RUL-037,Medium,Closed,ANL-016,3,78.9,FALSE,FALSE,SYNTHETIC_DEMO_DATA
INC-00000535,ALT-00005118,2026-01-28T10:50:27Z,2026-01-28T10:54:27Z,2026-01-28T12:09:27Z,2026-01-28T15:32:27Z,2026-01-28T16:54:27Z,2026-01-29T02:52:27Z,External Synthetic,Cloud Audit,AST-0070,RUL-042,HIGH,Closed,ANL-004,1,90.2,TRUE,FALSE,SYNTHETIC_DEMO_DATA
INC-00002902,ALT-00004648,2026-01-29T09:22:44Z,2026-01-29T09:40:44Z,2026-01-29T10:19:44Z,2026-01-29T11:15:44Z,2026-01-29T12:29:44Z,2026-01-29T23:17:44Z,EDY SIEM,Correlation Hub,AST-0144,RUL-016,Low,Closed,ANL-011,1,40.8,FALSE,FALSE,SYNTHETIC_DEMO_DATA
INC-00002823,ALT-00005985,2025-12-02T13:46:44Z,2025-12-02T13:56:44Z,2025-12-02T14:10:44Z,2025-12-02T14:25:44Z,2025-12-02T17:00:44Z,2025-12-02T20:11:44Z,External Synthetic,Network Sensor,AST-0029,RUL-015,Medium,Closed,ANL-007,2,64.8,FALSE,FALSE,SYNTHETIC_DEMO_DATA
INC-00002547,ALT-00003012,2026-02-17T02:29:24Z,2026-02-17T03:09:24Z,2026-02-17T03:32:24Z,2026-02-17T06:22:24Z,2026-02-17T07:26:24Z,2026-02-17T13:47:24Z,External Synthetic,Network Sensor,AST-0170,RUL-034,Medium,Closed,ANL-013,1,67.0,FALSE,FALSE,SYNTHETIC_DEMO_DATA
INC-00003054,ALT-00001807,2025-03-12T01:29:57Z,2025-03-12T01:33:57Z,2025-03-12T01:57:57Z,2025-03-12T03:43:57Z,2025-03-12T06:21:57Z,2025-03-12T11:28:57Z,External Synthetic,Cloud Audit,AST-0151,RUL-005,High,Closed,ANL-011,1,95.6,TRUE,FALSE,SYNTHETIC_DEMO_DATA
INC-00000184,ALT-00006279,2025-05-27T17:45:06Z,2025-05-27T18:12:06Z,2025-05-27T19:10:06Z,2025-05-27T19:23:06Z,2025-05-28T07:11:06Z,2025-05-28T08:05:06Z,External Synthetic,Cloud Audit,AST-0029,RUL-003,Informational,Closed,ANL-010,1,40.9,FALSE,FALSE,SYNTHETIC_DEMO_DATA
INC-00000443,ALT-00012029,2025-09-01T15:48:38Z,2025-09-01T16:20:38Z,2025-09-01T16:37:38Z,2025-09-01T18:30:38Z,2025-09-02T02:12:38Z,,External Synthetic,Identity Provider,AST-0059,RUL-031,Informational,Resolved,ANL-015,2,45.3,FALSE,FALSE,SYNTHETIC_DEMO_DATA
INC-00000260,ALT-00004387,2025-05-13T10:45:20Z,2025-05-13T11:02:20Z,2025-05-13T11:42:20Z,2025-05-13T13:27:20Z,2025-05-13T13:56:20Z,2025-05-13T15:15:20Z,External Synthetic,Cloud Audit,AST-0221,RUL-044,Medium,Closed,ANL-002,1,81.3,FALSE,FALSE,SYNTHETIC_DEMO_DATA
INC-00000859,ALT-00011044,2025-09-08T09:09:02Z,2025-09-08T09:16:02Z,2025-09-08T09:47:02Z,2025-09-08T11:19:02Z,2025-09-08T12:02:02Z,2025-09-08T17:33:02Z,EDY Sentinel,Cloud Detection,AST-0114,RUL-001,Low,Closed,ANL-002,1,59.3,FALSE,FALSE,SYNTHETIC_DEMO_DATA
INC-00001092,ALT-00016287,2026-01-03T18:09:11Z,2026-01-03T19:52:11Z,2026-01-03T20:13:11Z,2026-01-03T20:59:11Z,2026-01-04T06:27:11Z,2026-01-04T12:13:11Z,External Synthetic,Network Sensor,AST-0055,RUL-043,Informational,Closed,ANL-008,1,39.6,FALSE,FALSE,SYNTHETIC_DEMO_DATA
INC-00002269,ALT-00010685,2026-07-15T16:05:42Z,2026-07-15T16:31:42Z,2026-07-15T16:46:42Z,2026-07-15T19:15:42Z,2026-07-15T21:18:42Z,2026-07-16T09:11:42Z,EDY Shield,Endpoint Integrity,AST-0186,RUL-044,Informational,Closed,ANL-013,4,48.6,FALSE,FALSE,SYNTHETIC_DEMO_DATA
INC-00002235,ALT-00009091,2025-06-20T11:40:40Z,2025-06-20T12:14:40Z,2025-06-20T12:33:40Z,,,,EDY RECON,Exposure Intelligence,AST-0101,RUL-004,Low,Active,ANL-018,0,54.1,FALSE,FALSE,SYNTHETIC_DEMO_DATA
INC-00000431,ALT-00015981,2025-06-12T07:49:10Z,2025-06-12T08:18:10Z,2025-06-12T09:01:10Z,2025-06-12T10:00:10Z,2025-06-12T10:35:10Z,2025-06-12T20:43:10Z,EDY Shield,Endpoint Integrity,AST-0050,RUL-012,Informational,Closed,ANL-009,2,45.1,FALSE,FALSE,SYNTHETIC_DEMO_DATA
INC-00002938,ALT-00001280,2026-04-23T22:52:54Z,2026-04-23T23:05:54Z,2026-04-23T23:21:54Z,2026-04-23T23:50:54Z,2026-04-24T01:29:54Z,2026-04-24T01:53:54Z,External Synthetic,Network Sensor,AST-0050,RUL-031,Informational,Closed,ANL-010,3,47.5,FALSE,FALSE,SYNTHETIC_DEMO_DATA
INC-00001954,ALT-00014989,2026-04-10T17:52:52Z,2026-04-10T18:04:52Z,2026-04-10T18:13:52Z,2026-04-10T18:34:52Z,2026-04-10T21:22:52Z,2026-04-10T22:33:52Z,External Synthetic,Identity Provider,AST-0080,RUL-014,Low,Closed,ANL-005,1,50.1,FALSE,FALSE,SYNTHETIC_DEMO_DATA
INC-00002949,ALT-00017383,2025-04-22T14:42:43Z,2025-04-22T15:32:43Z,2025-04-22T15:41:43Z,2025-04-22T18:31:43Z,2025-04-22T21:12:43Z,2025-04-23T09:10:43Z,External Synthetic,Network Sensor,AST-0044,RUL-010,Medium,Closed,ANL-007,1,65.6,FALSE,FALSE,SYNTHETIC_DEMO_DATA
INC-00002301,ALT-00003581,2025-06-02T21:21:54Z,2025-06-02T21:48:54Z,2025-06-02T22:09:54Z,,,,EDY Shield,Endpoint Integrity,AST-0235,RUL-013,Informational,Active,ANL-005,0,46.4,FALSE,FALSE,SYNTHETIC_DEMO_DATA
INC-00001845,ALT-00017202,2026-06-13T17:30:42Z,2026-06-13T18:34:42Z,2026-06-13T19:22:42Z,,,,EDY SIEM,Correlation Hub,AST-0211,RUL-038,Informational,Active,ANL-011,0,34.5,FALSE,FALSE,SYNTHETIC_DEMO_DATA
INC-00003020,ALT-00016583,2026-01-15T00:51:07Z,2026-01-15T01:18:07Z,2026-01-15T01:36:07Z,2026-01-15T02:26:07Z,2026-01-15T06:28:07Z,2026-01-15T17:05:07Z,EDY SIEM,Correlation Hub,AST-0176,RUL-025,Low,Closed,ANL-013,3,63.3,FALSE,FALSE,SYNTHETIC_DEMO_DATA
INC-00002871,ALT-00013527,2025-06-26T14:24:57Z,2025-06-26T14:36:57Z,2025-06-26T15:02:57Z,2025-06-26T18:46:57Z,2025-06-27T09:43:57Z,2025-06-27T19:52:57Z,External Synthetic,Network Sensor,AST-0147,RUL-033,Low,Closed,ANL-012,1,62.2,TRUE,FALSE,SYNTHETIC_DEMO_DATA
INC-00001991,ALT-00002203,2025-03-28T10:00:43Z,2025-03-28T10:08:43Z,2025-03-28T10:24:43Z,2025-03-28T13:59:43Z,2025-03-28T15:11:43Z,2025-03-28T22:25:43Z,External Synthetic,Network Sensor,AST-0194,RUL-012,Low,Closed,ANL-016,2,79.6,TRUE,FALSE,SYNTHETIC_DEMO_DATA
INC-00002165,ALT-00011609,2026-07-22T22:53:41Z,2026-07-22T23:11:41Z,2026-07-22T23:32:41Z,2026-07-23T09:47:41Z,2026-07-23T12:41:41Z,2026-07-23T16:34:41Z,External Synthetic,Network Sensor,AST-0104,RUL-018,Informational,Closed,ANL-003,1,53.9,FALSE,FALSE,SYNTHETIC_DEMO_DATA
INC-00002590,ALT-00007919,2025-12-19T15:11:30Z,2025-12-19T15:21:30Z,2025-12-19T15:44:30Z,2025-12-19T17:08:30Z,2025-12-19T19:59:30Z,2025-12-19T22:55:30Z,External Synthetic,Network Sensor,AST-0062,RUL-012,High,Closed,ANL-001,3,92.1,TRUE,FALSE,SYNTHETIC_DEMO_DATA
INC-00002205,ALT-00008076,2025-11-17T15:53:04Z,2025-11-17T16:26:04Z,2025-11-17T16:33:04Z,2025-11-17T18:03:04Z,2025-11-17T23:05:04Z,2025-11-18T06:52:04Z,EDY Sentinel,Cloud Detection,AST-0169,RUL-026,Low,Closed,ANL-012,1,56.8,FALSE,FALSE,SYNTHETIC_DEMO_DATA
INC-00001717,ALT-00001493,2025-12-26T14:06:53Z,2025-12-26T14:20:53Z,2025-12-26T14:51:53Z,2025-12-26T15:23:53Z,2025-12-26T19:38:53Z,2025-12-26T23:28:53Z,EDY Sentinel,Cloud Detection,AST-0085,RUL-005,Informational,Closed,ANL-007,1,29.0,FALSE,FALSE,SYNTHETIC_DEMO_DATA
INC-00002679,ALT-00003349,2025-08-29T10:30:41Z,2025-08-29T11:08:41Z,2025-08-29T11:26:41Z,2025-08-29T15:26:41Z,2025-08-29T21:11:41Z,,External Synthetic,Cloud Audit,AST-0128,RUL-010,Informational,Resolved,ANL-005,1,33.7,FALSE,FALSE,SYNTHETIC_DEMO_DATA
INC-00000976,ALT-00017374,2025-07-04T22:01:09Z,2025-07-04T22:18:09Z,2025-07-04T22:43:09Z,2025-07-05T00:39:09Z,2025-07-05T04:38:09Z,2025-07-05T09:53:09Z,EDY SIEM,Correlation Hub,AST-0077,RUL-036,Informational,Closed,ANL-010,1,53.1,FALSE,FALSE,SYNTHETIC_DEMO_DATA
INC-00000039,ALT-00009455,2025-09-28T10:20:27Z,2025-09-28T10:28:27Z,2025-09-28T10:41:27Z,2025-09-28T12:00:27Z,2025-09-28T14:06:27Z,2025-09-28T20:05:27Z,EDY Shield,Endpoint Integrity,AST-0078,RUL-010,Low,Closed,ANL-018,1,55.8,FALSE,FALSE,SYNTHETIC_DEMO_DATA
INC-00000494,ALT-00014028,2025-06-29T15:47:35Z,2025-06-29T15:54:35Z,2025-06-29T15:59:35Z,2025-06-29T16:27:35Z,2025-06-29T17:27:35Z,2025-06-29T23:26:35Z,EDY Shield,Endpoint Integrity,AST-0092,RUL-006,Low,Closed,ANL-001,2,56.1,FALSE,FALSE,SYNTHETIC_DEMO_DATA
INC-00002939,ALT-00017980,2026-05-12T00:47:43Z,2026-05-12T00:54:43Z,2026-05-12T01:08:43Z,2026-05-12T01:44:43Z,2026-05-12T04:36:43Z,2026-05-12T06:38:43Z,External Synthetic,Network Sensor,AST-0018,RUL-006,Low,Closed,ANL-004,2,39.1,FALSE,FALSE,SYNTHETIC_DEMO_DATA
INC-00001703,ALT-00009387,2025-07-18T14:10:24Z,2025-07-18T14:25:24Z,2025-07-18T14:51:24Z,2025-07-18T19:18:24Z,2025-07-18T22:50:24Z,2025-07-19T00:19:24Z,EDY Sentinel,Cloud Detection,AST-0158,RUL-044,Informational,Closed,ANL-015,2,51.4,FALSE,FALSE,SYNTHETIC_DEMO_DATA
INC-00002802,ALT-00009631,2026-01-04T05:03:00Z,2026-01-04T05:36:00Z,2026-01-04T05:49:00Z,2026-01-04T06:47:00Z,2026-01-04T09:38:00Z,2026-01-04T17:41:00Z,EDY Sentinel,Cloud Detection,AST-0107,RUL-021,Low,Closed,ANL-009,4,49.5,FALSE,FALSE,SYNTHETIC_DEMO_DATA
INC-00001900,ALT-00004821,2025-03-29T04:51:31Z,2025-03-29T05:03:31Z,2025-03-29T05:10:31Z,2025-03-29T05:28:31Z,2025-03-29T07:02:31Z,2025-03-29T07:34:31Z,EDY Sentinel,Cloud Detection,AST-0011,RUL-026,High,Closed,ANL-007,3,94.7,TRUE,FALSE,SYNTHETIC_DEMO_DATA
INC-00002182,ALT-00004497,2025-04-22T08:19:34Z,2025-04-22T08:27:34Z,2025-04-22T08:43:34Z,2025-04-22T08:55:34Z,2025-04-22T09:22:34Z,,EDY RECON,Exposure Intelligence,AST-0022,RUL-033,High,Resolved,ANL-013,3,84.4,TRUE,FALSE,SYNTHETIC_DEMO_DATA
INC-00002689,ALT-00004793,2026-07-30T16:31:44Z,2026-07-30T16:43:44Z,2026-07-30T16:50:44Z,2026-07-30T17:59:44Z,2026-07-30T18:41:44Z,,EDY SIEM,Correlation Hub,AST-0239,RUL-033,Low,Resolved,ANL-008,1,63.5,FALSE,FALSE,SYNTHETIC_DEMO_DATA
INC-00001032,ALT-00003881,2025-12-06T20:59:05Z,2025-12-06T21:27:05Z,2025-12-06T21:32:05Z,2025-12-06T22:16:05Z,2025-12-06T23:23:05Z,2025-12-07T04:35:05Z,EDY RECON,Exposure Intelligence,AST-0212,RUL-004,Medium,Closed,ANL-016,2,82.0,FALSE,FALSE,SYNTHETIC_DEMO_DATA
INC-00002932,ALT-00017391,2026-07-26T13:37:24Z,2026-07-26T14:24:24Z,2026-07-26T14:31:24Z,2026-07-26T16:06:24Z,2026-07-26T20:04:24Z,2026-07-27T00:29:24Z,External Synthetic,Cloud Audit,AST-0126,RUL-008,Informational,Closed,ANL-016,2,21.5,FALSE,FALSE,SYNTHETIC_DEMO_DATA
INC-00002141,ALT-00012369,2026-01-13T15:39:01Z,2026-01-13T16:01:01Z,2026-01-13T16:05:01Z,2026-01-13T17:10:01Z,2026-01-13T18:21:01Z,2026-01-14T06:17:01Z,EDY Sentinel,Cloud Detection,AST-0044,RUL-030,Low,Closed,ANL-010,3,43.0,FALSE,FALSE,SYNTHETIC_DEMO_DATA
INC-00001886,ALT-00009045,2025-06-18T10:17:10Z,2025-06-18T10:31:10Z,2025-06-18T11:03:10Z,2025-06-18T13:08:10Z,2025-06-18T17:17:10Z,2025-06-18T18:10:10Z,EDY Shield,Endpoint Integrity,AST-0141,RUL-035,Low,Closed,ANL-013,1,55.9,FALSE,FALSE,SYNTHETIC_DEMO_DATA
INC-00002342,ALT-00015448,2026-05-21T23:28:52Z,2026-05-22T00:18:52Z,2026-05-22T01:39:52Z,2026-05-22T02:23:52Z,2026-05-22T08:51:52Z,2026-05-22T15:59:52Z,EDY SIEM,Correlation Hub,AST-0064,RUL-019,Informational,Closed,ANL-006,2,43.8,FALSE,FALSE,SYNTHETIC_DEMO_DATA
INC-00002815,ALT-00002611,2025-12-12T09:06:30Z,2025-12-12T09:21:30Z,2025-12-12T11:21:30Z,2025-12-12T11:40:30Z,2025-12-12T16:46:30Z,2025-12-12T20:12:30Z,EDY SIEM,Correlation Hub,AST-0176,RUL-013,Medium,Closed,ANL-009,2,78.4,FALSE,FALSE,SYNTHETIC_DEMO_DATA
INC-00000803,ALT-00009508,2025-08-16T15:35:12Z,2025-08-16T16:09:12Z,2025-08-16T16:35:12Z,2025-08-16T22:46:12Z,2025-08-17T15:15:12Z,2025-08-17T18:25:12Z,External Synthetic,Network Sensor,AST-0087,RUL-041,Informational,Closed,ANL-015,1,53.8,TRUE,FALSE,SYNTHETIC_DEMO_DATA
INC-00001426,ALT-00005379,2025-07-28T16:09:42Z,,,,,,External Synthetic,Network Sensor,AST-0095,RUL-006,High,New,ANL-013,0,100,TRUE,FALSE,SYNTHETIC_DEMO_DATA
INC-00003176,ALT-00017836,2025-09-20T05:49:08Z,2025-09-20T06:53:08Z,2025-09-20T06:57:08Z,2025-09-20T09:20:08Z,2025-09-20T20:10:08Z,2025-09-20T23:38:08Z,External Synthetic,Cloud Audit,AST-0038,RUL-010,Low,Closed,ANL-001,1,57.3,FALSE,FALSE,SYNTHETIC_DEMO_DATA
INC-00002234,ALT-00000174,2025-07-24T16:24:33Z,2025-07-24T16:44:33Z,2025-07-24T16:49:33Z,,,,External Synthetic,Cloud Audit,AST-0115,RUL-034,Informational,Active,ANL-006,0,35.5,FALSE,FALSE,SYNTHETIC_DEMO_DATA
INC-00001660,ALT-00005605,2025-11-01T12:43:18Z,2025-11-01T13:10:18Z,2025-11-01T13:46:18Z,2025-11-01T14:27:18Z,2025-11-01T18:41:18Z,2025-11-01T19:09:18Z,External Synthetic,Network Sensor,AST-0121,RUL-008,Low,Closed,ANL-011,1,48.6,FALSE,FALSE,SYNTHETIC_DEMO_DATA
INC-00002717,ALT-00001579,2025-07-09T12:13:46Z,2025-07-09T12:27:46Z,2025-07-09T12:41:46Z,2025-07-09T13:53:46Z,2025-07-09T18:25:46Z,2025-07-09T23:22:46Z,External Synthetic,Cloud Audit,AST-0223,RUL-024,Low,Closed,ANL-010,1,66.8,TRUE,FALSE,SYNTHETIC_DEMO_DATA
INC-00002908,ALT-00000155,2025-12-13T18:09:13Z,2025-12-13T20:15:13Z,2025-12-13T20:32:13Z,2025-12-13T23:52:13Z,2025-12-14T06:51:13Z,2025-12-14T07:21:13Z,EDY Sentinel,Cloud Detection,AST-0077,RUL-011,Informational,Closed,ANL-004,1,49.1,FALSE,FALSE,SYNTHETIC_DEMO_DATA
INC-00002421,ALT-00003447,2025-06-06T19:03:12Z,2025-06-06T19:21:12Z,2025-06-06T20:05:12Z,2025-06-06T22:52:12Z,2025-06-07T04:27:12Z,,EDY RECON,Exposure Intelligence,AST-0063,RUL-005,Low,Resolved,ANL-012,1,43.0,FALSE,FALSE,SYNTHETIC_DEMO_DATA
INC-00002567,ALT-00003277,2025-02-26T00:30:03Z,2025-02-26T00:37:03Z,2025-02-26T00:50:03Z,2025-02-26T02:25:03Z,2025-02-26T05:39:03Z,2025-02-26T13:35:03Z,External Synthetic,Cloud Audit,AST-0119,RUL-003,Informational,Closed,ANL-015,3,35.9,FALSE,FALSE,SYNTHETIC_DEMO_DATA
INC-00002782,ALT-00009695,2026-01-15T22:36:00Z,2026-01-15T22:48:00Z,2026-01-15T23:12:00Z,,,,External Synthetic,Cloud Audit,AST-0200,RUL-011,INFORMATIONAL,Active,ANL-004,0,33.2,FALSE,FALSE,SYNTHETIC_DEMO_DATA
INC-00002493,ALT-00006903,2025-05-21T02:04:52Z,2025-05-21T02:42:52Z,2025-05-21T03:09:52Z,2025-05-21T05:34:52Z,2025-05-21T07:48:52Z,2025-05-21T12:52:52Z,External Synthetic,Network Sensor,AST-0187,RUL-014,Informational,Closed,ANL-011,1,38.9,FALSE,FALSE,SYNTHETIC_DEMO_DATA
INC-00003060,ALT-00012735,2025-11-21T08:20:47Z,2025-11-21T08:45:47Z,2025-11-21T08:54:47Z,2025-11-21T09:44:47Z,2025-11-21T12:15:47Z,2025-11-21T16:51:47Z,EDY Sentinel,Cloud Detection,AST-0086,RUL-001,Medium,Closed,ANL-004,1,79.9,FALSE,FALSE,SYNTHETIC_DEMO_DATA
INC-00002332,ALT-00001569,2025-03-20T17:09:53Z,2025-03-20T17:12:53Z,2025-03-20T17:17:53Z,2025-03-20T18:34:53Z,2025-03-21T02:54:53Z,2025-03-21T10:54:53Z,External Synthetic,Network Sensor,AST-0101,RUL-025,Informational,Closed,ANL-004,1,51.0,TRUE,TRUE,SYNTHETIC_DEMO_DATA
INC-00000393,ALT-00015562,2025-03-18T18:59:55Z,2025-03-18T19:07:55Z,2025-03-18T19:30:55Z,2025-03-18T21:53:55Z,2025-03-19T11:45:55Z,2025-03-19T17:32:55Z,External Synthetic,Network Sensor,AST-0107,RUL-017,Low,Closed,ANL-006,1,45.2,FALSE,FALSE,SYNTHETIC_DEMO_DATA
INC-00000132,ALT-00014471,2026-04-12T18:32:25Z,2026-04-12T19:13:25Z,2026-04-12T19:31:25Z,2026-04-12T19:53:25Z,2026-04-13T00:29:25Z,2026-04-13T03:12:25Z,EDY Shield,Endpoint Integrity,AST-0224,RUL-037,Low,Closed,ANL-015,1,63.6,TRUE,FALSE,SYNTHETIC_DEMO_DATA
INC-00002251,ALT-00006170,2025-02-22T14:32:16Z,2025-02-22T14:59:16Z,2025-02-22T15:30:16Z,,,,External Synthetic,Cloud Audit,AST-0212,RUL-033,Informational,Active,ANL-013,0,47.8,FALSE,FALSE,SYNTHETIC_DEMO_DATA
INC-00001280,ALT-00008102,2025-11-22T07:05:17Z,2025-11-22T07:18:17Z,2025-11-22T07:42:17Z,2025-11-22T08:08:17Z,2025-11-22T11:06:17Z,2025-11-22T20:03:17Z,EDY SIEM,Correlation Hub,AST-0129,RUL-007,Medium,Closed,ANL-008,1,65.5,FALSE,FALSE,SYNTHETIC_DEMO_DATA
INC-00001448,ALT-00016365,2025-12-20T16:01:20Z,2025-12-20T16:29:20Z,2025-12-20T16:38:20Z,2025-12-20T17:10:20Z,2025-12-20T19:32:20Z,2025-12-20T20:43:20Z,EDY Sentinel,Cloud Detection,AST-0096,RUL-017,Informational,Closed,ANL-018,1,45.5,FALSE,FALSE,SYNTHETIC_DEMO_DATA
INC-00002469,ALT-00012796,2025-10-17T10:59:59Z,2025-10-17T11:12:59Z,2025-10-17T11:20:59Z,2025-10-17T13:45:59Z,2025-10-17T15:46:59Z,2025-10-17T21:58:59Z,External Synthetic,Cloud Audit,AST-0147,RUL-021,Informational,Closed,ANL-017,1,33.9,FALSE,FALSE,SYNTHETIC_DEMO_DATA
INC-00000349,ALT-00005973,2025-11-17T12:29:59Z,2025-11-17T12:41:59Z,2025-11-17T13:04:59Z,2025-11-17T13:26:59Z,2025-11-17T16:27:59Z,2025-11-17T20:47:59Z,EDY SIEM,Correlation Hub,AST-0007,RUL-023,High,Closed,ANL-010,1,90.6,TRUE,FALSE,SYNTHETIC_DEMO_DATA
INC-00000125,ALT-00012913,2025-10-12T20:05:35Z,2025-10-12T20:54:35Z,2025-10-12T21:11:35Z,2025-10-13T00:50:35Z,2025-10-13T02:47:35Z,2025-10-13T11:05:35Z,External Synthetic,Identity Provider,AST-0040,RUL-002,High,Closed,ANL-012,1,85.8,TRUE,FALSE,SYNTHETIC_DEMO_DATA
INC-00000516,ALT-00002729,2026-03-11T17:13:55Z,2026-03-11T18:03:55Z,2026-03-11T18:14:55Z,2026-03-11T19:05:55Z,2026-03-12T14:38:55Z,,EDY Shield,Endpoint Integrity,AST-0008,RUL-035,Informational,Resolved,ANL-008,1,36.0,FALSE,FALSE,SYNTHETIC_DEMO_DATA
INC-00001465,ALT-00016068,2025-07-31T16:38:30Z,2025-07-31T17:09:30Z,2025-07-31T17:23:30Z,2025-07-31T19:40:30Z,2025-08-01T00:36:30Z,2025-08-01T03:43:30Z,EDY SIEM,Correlation Hub,AST-0150,RUL-004,Informational,Closed,ANL-007,1,48.2,FALSE,FALSE,SYNTHETIC_DEMO_DATA
INC-00002761,ALT-00008052,2026-05-01T17:24:27Z,2026-05-01T17:59:27Z,2026-05-01T18:22:27Z,2026-05-01T18:59:27Z,2026-05-02T05:28:27Z,,EDY SIEM,Correlation Hub,AST-0197,RUL-039,Informational,Resolved,ANL-007,3,40.6,TRUE,FALSE,SYNTHETIC_DEMO_DATA
INC-00001831,ALT-00017548,2025-06-01T15:32:32Z,2025-06-01T17:02:32Z,2025-06-01T17:25:32Z,2025-06-01T21:20:32Z,2025-06-01T22:22:32Z,2025-06-02T04:28:32Z,EDY SIEM,Correlation Hub,AST-0169,RUL-038,Low,Closed,ANL-002,2,48.7,FALSE,FALSE,SYNTHETIC_DEMO_DATA
INC-00002494,ALT-00009735,2025-06-05T15:21:31Z,2025-06-05T15:34:31Z,2025-06-05T15:38:31Z,2025-06-05T16:29:31Z,2025-06-05T18:27:31Z,2025-06-05T23:45:31Z,External Synthetic,Identity Provider,AST-0224,RUL-038,Medium,Closed,ANL-006,3,61.8,FALSE,FALSE,SYNTHETIC_DEMO_DATA
INC-00002828,ALT-00001023,2025-02-08T13:58:13Z,2025-02-08T14:31:13Z,2025-02-08T14:57:13Z,,,,External Synthetic,Network Sensor,AST-0216,RUL-013,Informational,Active,ANL-006,0,29.9,FALSE,FALSE,SYNTHETIC_DEMO_DATA
INC-00001256,ALT-00014193,2026-04-23T16:51:37Z,2026-04-23T17:50:37Z,2026-04-23T18:06:37Z,2026-04-23T18:40:37Z,2026-04-23T20:29:37Z,2026-04-24T05:09:37Z,EDY Shield,Endpoint Integrity,AST-0136,RUL-004,Informational,Closed,ANL-012,4,45.5,FALSE,FALSE,SYNTHETIC_DEMO_DATA
INC-00000011,ALT-00011173,2025-05-20T21:48:43Z,2025-05-20T22:07:43Z,2025-05-20T22:20:43Z,2025-05-20T23:50:43Z,2025-05-21T08:43:43Z,2025-05-21T13:00:43Z,EDY SIEM,Correlation Hub,AST-0092,RUL-027,Medium,Closed,ANL-017,3,82.8,TRUE,FALSE,SYNTHETIC_DEMO_DATA
INC-00001525,ALT-00010862,2025-07-16T17:16:48Z,2025-07-16T17:35:48Z,2025-07-16T18:03:48Z,2025-07-16T19:19:48Z,2025-07-17T00:07:48Z,2025-07-17T08:22:48Z,External Synthetic,Cloud Audit,AST-0214,RUL-004,Informational,Closed,ANL-001,1,36.9,FALSE,FALSE,SYNTHETIC_DEMO_DATA
INC-00000045,ALT-00004768,2025-03-09T17:09:21Z,2025-03-09T17:44:21Z,2025-03-09T18:01:21Z,2025-03-09T18:42:21Z,2025-03-09T19:48:21Z,2025-03-10T02:49:21Z,EDY Shield,Endpoint Integrity,AST-0117,RUL-036,Critical,Closed,ANL-015,4,96.6,TRUE,FALSE,SYNTHETIC_DEMO_DATA
INC-00002424,ALT-00011249,2026-03-02T21:05:48Z,2026-03-02T21:10:48Z,2026-03-02T21:29:48Z,2026-03-02T23:44:48Z,2026-03-03T01:15:48Z,,EDY SIEM,Correlation Hub,AST-0063,RUL-045,Medium,Resolved,ANL-010,1,60.1,FALSE,FALSE,SYNTHETIC_DEMO_DATA
INC-00000678,ALT-00011875,2025-08-05T15:03:35Z,2025-08-05T15:10:35Z,2025-08-05T15:16:35Z,2025-08-05T15:34:35Z,2025-08-05T17:05:35Z,2025-08-05T19:42:35Z,External Synthetic,Cloud Audit,AST-0190,RUL-015,Low,Closed,ANL-009,1,60.8,FALSE,FALSE,SYNTHETIC_DEMO_DATA
INC-00002204,ALT-00016419,2026-06-27T10:16:45Z,2026-06-27T11:34:45Z,2026-06-27T11:43:45Z,2026-06-27T12:08:45Z,2026-06-27T12:20:45Z,2026-06-27T18:26:45Z,External Synthetic,Network Sensor,AST-0101,RUL-041,Informational,Closed,ANL-018,4,41.7,FALSE,FALSE,SYNTHETIC_DEMO_DATA
INC-00001707,ALT-00010465,2025-04-01T11:12:16Z,2025-04-01T11:49:16Z,2025-04-01T12:07:16Z,2025-04-01T14:24:16Z,2025-04-01T16:51:16Z,2025-04-02T01:34:16Z,EDY Sentinel,Cloud Detection,AST-0197,RUL-013,Low,Closed,ANL-006,1,42.4,FALSE,FALSE,SYNTHETIC_DEMO_DATA
INC-00000542,ALT-00007539,2025-11-07T07:23:21Z,2025-11-07T07:52:21Z,2025-11-07T08:11:21Z,2025-11-07T09:13:21Z,2025-11-07T10:23:21Z,2025-11-07T21:44:21Z,EDY RECON,Exposure Intelligence,AST-0029,RUL-015,Low,Closed,ANL-007,4,48.2,FALSE,FALSE,SYNTHETIC_DEMO_DATA
INC-00003095,ALT-00008564,2025-06-22T18:39:52Z,2025-06-22T19:04:52Z,2025-06-22T19:16:52Z,2025-06-22T19:37:52Z,2025-06-22T22:35:52Z,2025-06-23T07:58:52Z,External Synthetic,Network Sensor,AST-0105,RUL-017,High,Closed,ANL-012,1,99.2,TRUE,FALSE,SYNTHETIC_DEMO_DATA
INC-00002738,ALT-00000258,2025-10-08T08:23:43Z,,,,,,External Synthetic,Network Sensor,AST-0015,RUL-034,Informational,New,ANL-006,0,46.0,FALSE,FALSE,SYNTHETIC_DEMO_DATA
INC-00000708,ALT-00006197,2026-02-27T06:29:36Z,2026-02-27T06:30:36Z,2026-02-27T06:46:36Z,2026-02-27T07:14:36Z,2026-02-27T08:45:36Z,2026-02-27T10:27:36Z,External Synthetic,Cloud Audit,AST-0218,RUL-005,High,Closed,ANL-017,1,91.0,TRUE,FALSE,SYNTHETIC_DEMO_DATA
INC-00000082,ALT-00007931,2025-11-27T17:21:18Z,2025-11-27T17:28:18Z,2025-11-27T17:42:18Z,2025-11-27T18:28:18Z,2025-11-27T20:46:18Z,2025-11-28T02:54:18Z,EDY Shield,Endpoint Integrity,AST-0152,RUL-034,Medium,Closed,ANL-006,1,65.7,FALSE,FALSE,SYNTHETIC_DEMO_DATA
INC-00003069,ALT-00007122,2025-04-07T20:32:40Z,2025-04-07T20:39:40Z,2025-04-07T20:51:40Z,2025-04-07T21:12:40Z,2025-04-07T22:25:40Z,2025-04-08T04:43:40Z,EDY RECON,Exposure Intelligence,AST-0212,RUL-017,Medium,Closed,ANL-013,3,93.2,TRUE,FALSE,SYNTHETIC_DEMO_DATA
INC-00000953,ALT-00016736,2026-04-14T02:43:37Z,2026-04-14T03:02:37Z,2026-04-14T03:21:37Z,2026-04-14T07:03:37Z,2026-04-14T13:41:37Z,,External Synthetic,Cloud Audit,AST-0218,RUL-011,Medium,Resolved,ANL-011,4,65.4,FALSE,FALSE,SYNTHETIC_DEMO_DATA
INC-00000130,ALT-00006132,2026-06-16T20:08:14Z,2026-06-16T20:17:14Z,2026-06-16T20:23:14Z,2026-06-16T21:09:14Z,2026-06-16T23:23:14Z,2026-06-17T08:03:14Z,External Synthetic,Network Sensor,AST-0235,RUL-025,High,Closed,ANL-013,2,99.8,TRUE,FALSE,SYNTHETIC_DEMO_DATA
INC-00000755,ALT-00012296,2026-01-16T07:18:58Z,2026-01-16T09:06:58Z,2026-01-16T09:17:58Z,2026-01-16T10:25:58Z,2026-01-17T01:16:58Z,2026-01-17T11:50:58Z,External Synthetic,Identity Provider,AST-0059,RUL-004,Informational,Closed,ANL-009,1,49.1,FALSE,FALSE,SYNTHETIC_DEMO_DATA
INC-00001684,ALT-00008875,2025-05-17T09:42:07Z,2025-05-17T10:04:07Z,2025-05-17T10:51:07Z,2025-05-17T13:16:07Z,2025-05-17T18:00:07Z,2025-05-18T03:30:07Z,External Synthetic,Network Sensor,AST-0104,RUL-022,Informational,Closed,ANL-004,4,50.8,FALSE,FALSE,SYNTHETIC_DEMO_DATA
INC-00002513,ALT-00008779,2026-07-23T15:11:43Z,2026-07-23T15:52:43Z,2026-07-23T16:56:43Z,2026-07-23T18:52:43Z,2026-07-23T20:39:43Z,2026-07-24T06:29:43Z,External Synthetic,Cloud Audit,AST-0186,RUL-020,Critical,Closed,ANL-001,1,100,TRUE,FALSE,SYNTHETIC_DEMO_DATA
INC-00000374,ALT-00000167,2025-10-15T08:56:33Z,2025-10-15T09:22:33Z,2025-10-15T09:40:33Z,2025-10-15T10:28:33Z,2025-10-15T15:06:33Z,2025-10-16T00:10:33Z,EDY Shield,Endpoint Integrity,AST-0035,RUL-039,High,Closed,ANL-015,1,88.5,TRUE,FALSE,SYNTHETIC_DEMO_DATA
INC-00000877,ALT-00016344,2026-01-13T15:18:32Z,2026-01-13T15:53:32Z,2026-01-13T16:17:32Z,2026-01-13T17:16:32Z,2026-01-13T20:02:32Z,2026-01-13T21:59:32Z,External Synthetic,Network Sensor,AST-0116,RUL-018,Low,Closed,ANL-002,1,44.5,FALSE,FALSE,SYNTHETIC_DEMO_DATA
INC-00002423,ALT-00001376,2025-08-07T10:16:09Z,2025-08-07T10:18:09Z,2025-08-07T10:43:09Z,2025-08-07T11:21:09Z,2025-08-07T11:53:09Z,2025-08-07T12:56:09Z,External Synthetic,Cloud Audit,AST-0230,RUL-028,Critical,Closed,ANL-001,4,100,TRUE,FALSE,SYNTHETIC_DEMO_DATA
INC-00002484,ALT-00004561,2026-07-04T01:02:49Z,2026-07-04T01:08:49Z,2026-07-04T01:17:49Z,2026-07-04T02:55:49Z,2026-07-04T13:38:49Z,2026-07-04T20:23:49Z,External Synthetic,Network Sensor,AST-0014,RUL-008,Medium,Closed,ANL-004,2,79.2,FALSE,FALSE,SYNTHETIC_DEMO_DATA
INC-00002883,ALT-00016774,2025-06-12T23:06:41Z,2025-06-12T23:10:41Z,2025-06-13T00:41:41Z,2025-06-13T07:47:41Z,2025-06-13T12:16:41Z,2025-06-13T22:17:41Z,EDY Shield,Endpoint Integrity,AST-0220,RUL-002,Low,Closed,ANL-018,1,51.2,FALSE,FALSE,SYNTHETIC_DEMO_DATA
INC-00002867,ALT-00012860,2026-07-26T21:51:01Z,2026-07-26T22:12:01Z,2026-07-26T22:23:01Z,,,,External Synthetic,Network Sensor,AST-0086,RUL-017,Informational,Active,ANL-003,0,45.7,FALSE,FALSE,SYNTHETIC_DEMO_DATA
INC-00000473,ALT-00003050,2025-06-10T14:33:27Z,2025-06-10T15:17:27Z,2025-06-10T15:53:27Z,2025-06-10T16:25:27Z,,,External Synthetic,Network Sensor,AST-0228,RUL-017,Medium,Contained,ANL-005,0,84.4,TRUE,FALSE,SYNTHETIC_DEMO_DATA
INC-00000857,ALT-00008088,2026-06-22T13:41:41Z,2026-06-22T14:02:41Z,2026-06-22T15:03:41Z,2026-06-23T02:51:41Z,2026-06-23T04:26:41Z,2026-06-23T10:00:41Z,External Synthetic,Network Sensor,AST-0215,RUL-017,Low,Closed,ANL-016,1,47.4,FALSE,FALSE,SYNTHETIC_DEMO_DATA
INC-00001796,ALT-00006610,2025-12-31T14:08:49Z,2025-12-31T15:22:49Z,2025-12-31T15:36:49Z,2025-12-31T16:09:49Z,2025-12-31T17:31:49Z,2025-12-31T21:16:49Z,EDY Shield,Endpoint Integrity,AST-0113,RUL-004,Low,Closed,ANL-013,3,66.4,FALSE,FALSE,SYNTHETIC_DEMO_DATA
INC-00002071,ALT-00017568,2026-06-30T08:53:15Z,2026-06-30T10:14:15Z,2026-06-30T10:43:15Z,2026-06-30T11:09:15Z,2026-06-30T14:26:15Z,,EDY SIEM,Correlation Hub,AST-0163,RUL-004,Informational,Resolved,ANL-013,1,46.7,FALSE,FALSE,SYNTHETIC_DEMO_DATA
INC-00003057,ALT-00008296,2025-09-29T19:57:19Z,2025-09-29T20:20:19Z,2025-09-29T20:34:19Z,2025-09-29T21:16:19Z,2025-09-30T04:38:19Z,2025-09-30T11:57:19Z,External Synthetic,Identity Provider,AST-0089,RUL-027,Low,Closed,ANL-006,1,46.9,FALSE,FALSE,SYNTHETIC_DEMO_DATA
INC-00000960,ALT-00008814,2026-05-29T09:01:10Z,2026-05-29T09:13:10Z,2026-05-29T09:40:10Z,2026-05-29T15:58:10Z,2026-05-30T00:27:10Z,2026-05-30T07:32:10Z,EDY Shield,Endpoint Integrity,AST-0083,RUL-029,Informational,Closed,ANL-014,1,40.3,FALSE,FALSE,SYNTHETIC_DEMO_DATA
INC-00002881,ALT-00009439,2025-02-02T17:33:00Z,2025-02-02T18:11:00Z,2025-02-02T19:13:00Z,2025-02-02T20:57:00Z,2025-02-03T00:47:00Z,2025-02-03T04:15:00Z,EDY SIEM,Correlation Hub,AST-0023,RUL-001,Low,Closed,ANL-014,1,69.8,FALSE,FALSE,SYNTHETIC_DEMO_DATA
INC-00000009,ALT-00009519,2025-09-03T15:51:20Z,2025-09-03T16:26:20Z,2025-09-03T16:39:20Z,2025-09-03T16:59:20Z,2025-09-03T19:43:20Z,,External Synthetic,Identity Provider,AST-0191,RUL-006,Low,Resolved,ANL-012,3,52.1,FALSE,FALSE,SYNTHETIC_DEMO_DATA
INC-00001914,ALT-00003368,2025-12-29T12:08:17Z,2025-12-29T13:03:17Z,2025-12-29T13:34:17Z,2025-12-29T17:54:17Z,2025-12-29T19:38:17Z,2025-12-30T01:55:17Z,External Synthetic,Identity Provider,AST-0173,RUL-020,Low,Closed,ANL-015,1,63.7,TRUE,FALSE,SYNTHETIC_DEMO_DATA
INC-00000590,ALT-00000452,2026-07-02T09:43:36Z,2026-07-02T09:53:36Z,2026-07-02T10:19:36Z,2026-07-02T12:04:36Z,2026-07-02T14:51:36Z,2026-07-03T00:33:36Z,EDY Shield,Endpoint Integrity,AST-0003,RUL-007,Informational,Closed,ANL-012,3,38.5,FALSE,FALSE,SYNTHETIC_DEMO_DATA
INC-00000504,ALT-00007308,2025-05-27T06:33:16Z,2025-05-27T06:59:16Z,2025-05-27T07:30:16Z,2025-05-27T08:37:16Z,2025-05-27T18:27:16Z,2025-05-27T19:19:16Z,External Synthetic,Identity Provider,AST-0058,RUL-023,Informational,Closed,ANL-002,1,28.9,FALSE,FALSE,SYNTHETIC_DEMO_DATA
INC-00002631,ALT-00015012,2025-07-05T15:48:11Z,2025-07-05T16:16:11Z,2025-07-05T16:42:11Z,2025-07-05T18:01:11Z,2025-07-05T18:24:11Z,,External Synthetic,Network Sensor,AST-0120,RUL-006,High,Resolved,ANL-002,3,93.2,TRUE,FALSE,SYNTHETIC_DEMO_DATA
INC-00001159,ALT-00015209,2026-07-11T08:14:18Z,2026-07-11T08:19:18Z,2026-07-11T08:57:18Z,2026-07-11T11:45:18Z,2026-07-11T13:31:18Z,,EDY Shield,Endpoint Integrity,AST-0091,RUL-043,Medium,Resolved,ANL-009,2,69.3,FALSE,FALSE,SYNTHETIC_DEMO_DATA
INC-00001659,ALT-00011850,2025-05-18T16:57:59Z,2025-05-18T17:40:59Z,2025-05-18T17:54:59Z,2025-05-18T18:17:59Z,2025-05-18T19:49:59Z,2025-05-18T23:20:59Z,External Synthetic,Network Sensor,AST-0005,RUL-012,Informational,Closed,ANL-017,1,46.4,FALSE,FALSE,SYNTHETIC_DEMO_DATA
INC-00002885,ALT-00012914,2026-07-05T17:55:02Z,2026-07-05T18:30:02Z,2026-07-05T18:47:02Z,,,,EDY Sentinel,Cloud Detection,AST-0160,RUL-025,Low,Active,ANL-004,0,51.6,FALSE,FALSE,SYNTHETIC_DEMO_DATA
INC-00002852,ALT-00015577,2025-10-24T03:41:12Z,2025-10-24T04:06:12Z,2025-10-24T04:33:12Z,2025-10-24T05:35:12Z,2025-10-24T09:41:12Z,2025-10-24T13:24:12Z,External Synthetic,Identity Provider,AST-0150,RUL-042,Low,Closed,ANL-001,1,63.5,FALSE,FALSE,SYNTHETIC_DEMO_DATA
INC-00000666,ALT-00001121,2025-06-16T15:19:25Z,2025-06-16T15:49:25Z,2025-06-16T15:55:25Z,2025-06-16T16:29:25Z,2025-06-16T19:49:25Z,2025-06-17T01:36:25Z,External Synthetic,Identity Provider,AST-0172,RUL-020,Low,Closed,ANL-003,3,62.8,FALSE,FALSE,SYNTHETIC_DEMO_DATA
INC-00000778,ALT-00014157,2025-10-23T07:54:26Z,2025-10-23T09:28:26Z,2025-10-23T09:36:26Z,2025-10-23T11:10:26Z,2025-10-23T15:40:26Z,,External Synthetic,Cloud Audit,AST-0229,RUL-016,Low,Resolved,ANL-011,1,49.6,FALSE,FALSE,SYNTHETIC_DEMO_DATA
INC-00001410,ALT-00002693,2026-03-04T15:16:06Z,2026-03-04T15:30:06Z,2026-03-04T15:56:06Z,2026-03-04T18:30:06Z,2026-03-04T21:09:06Z,2026-03-04T22:39:06Z,EDY RECON,Exposure Intelligence,AST-0112,RUL-026,Low,Closed,ANL-015,1,49.3,FALSE,FALSE,SYNTHETIC_DEMO_DATA
INC-00001989,ALT-00002658,2025-10-23T20:58:26Z,2025-10-23T21:32:26Z,2025-10-23T21:46:26Z,2025-10-23T23:12:26Z,2025-10-24T23:19:26Z,,External Synthetic,Cloud Audit,AST-0091,RUL-007,Low,Resolved,ANL-012,4,61.9,FALSE,FALSE,SYNTHETIC_DEMO_DATA
INC-00002171,ALT-00001102,2026-04-07T18:45:00Z,2026-04-07T18:56:00Z,2026-04-07T20:26:00Z,2026-04-07T21:19:00Z,2026-04-07T23:49:00Z,2026-04-08T01:26:00Z,External Synthetic,Network Sensor,AST-0204,RUL-032,Low,Closed,ANL-016,2,55.2,FALSE,FALSE,SYNTHETIC_DEMO_DATA
INC-00000658,ALT-00000951,2026-02-16T11:59:16Z,2026-02-16T12:35:16Z,2026-02-16T13:17:16Z,2026-02-16T14:31:16Z,2026-02-16T17:28:16Z,2026-02-17T00:11:16Z,External Synthetic,Network Sensor,AST-0209,RUL-028,Medium,Closed,ANL-006,1,66.0,FALSE,FALSE,SYNTHETIC_DEMO_DATA
INC-00001486,ALT-00004505,2025-08-11T11:29:03Z,2025-08-11T12:05:03Z,2025-08-11T12:22:03Z,2025-08-11T13:55:03Z,2025-08-11T18:52:03Z,2025-08-12T00:27:03Z,EDY Shield,Endpoint Integrity,AST-0160,RUL-006,Informational,Closed,ANL-004,1,37.3,FALSE,FALSE,SYNTHETIC_DEMO_DATA
INC-00002313,ALT-00003400,2025-10-21T12:54:25Z,2025-10-21T13:25:25Z,2025-10-21T13:49:25Z,2025-10-21T21:31:25Z,2025-10-21T23:08:25Z,2025-10-22T02:41:25Z,External Synthetic,Cloud Audit,AST-0145,RUL-035,Informational,Closed,ANL-011,1,48.3,FALSE,FALSE,SYNTHETIC_DEMO_DATA
INC-00001384,ALT-00017398,2025-12-19T09:18:23Z,2025-12-19T09:56:23Z,2025-12-19T10:58:23Z,2025-12-19T11:20:23Z,2025-12-19T12:18:23Z,2025-12-19T15:01:23Z,External Synthetic,Identity Provider,AST-0199,RUL-013,Medium,Closed,ANL-018,3,77.8,FALSE,FALSE,SYNTHETIC_DEMO_DATA
INC-00000714,ALT-00011952,2026-06-22T08:59:42Z,2026-06-22T10:37:42Z,2026-06-22T10:49:42Z,2026-06-22T14:38:42Z,2026-06-22T23:36:42Z,2026-06-23T02:22:42Z,EDY Sentinel,Cloud Detection,AST-0230,RUL-004,Informational,Closed,ANL-008,2,52.5,FALSE,FALSE,SYNTHETIC_DEMO_DATA
INC-00000772,ALT-00001923,2025-04-30T15:44:44Z,2025-04-30T16:05:44Z,2025-04-30T16:13:44Z,2025-04-30T16:43:44Z,2025-04-30T17:18:44Z,2025-04-30T22:53:44Z,External Synthetic,Identity Provider,AST-0023,RUL-035,Medium,Closed,ANL-018,1,76.3,FALSE,FALSE,SYNTHETIC_DEMO_DATA
INC-00002283,ALT-00017890,2025-03-15T17:47:47Z,2025-03-15T18:18:47Z,2025-03-15T18:27:47Z,2025-03-15T19:03:47Z,2025-03-15T20:40:47Z,2025-03-16T06:20:47Z,EDY SIEM,Correlation Hub,AST-0194,RUL-041,Informational,Closed,ANL-005,3,50.7,FALSE,FALSE,SYNTHETIC_DEMO_DATA
INC-00002976,ALT-00010978,2025-02-21T11:13:56Z,2025-02-21T11:43:56Z,2025-02-21T12:22:56Z,2025-02-21T13:03:56Z,2025-02-21T13:45:56Z,,EDY Sentinel,Cloud Detection,AST-0097,RUL-039,Medium,Resolved,ANL-016,3,72.3,FALSE,FALSE,SYNTHETIC_DEMO_DATA
INC-00001617,ALT-00009384,2025-05-12T13:56:53Z,2025-05-12T14:44:53Z,2025-05-12T15:05:53Z,2025-05-12T18:55:53Z,2025-05-12T22:13:53Z,2025-05-13T06:04:53Z,External Synthetic,Network Sensor,AST-0225,RUL-013,Informational,Closed,ANL-005,2,33.6,TRUE,FALSE,SYNTHETIC_DEMO_DATA
INC-00000497,ALT-00013564,2025-05-11T08:58:14Z,2025-05-11T09:10:14Z,2025-05-11T09:47:14Z,2025-05-11T11:09:14Z,2025-05-11T14:28:14Z,2025-05-11T21:44:14Z,External Synthetic,Network Sensor,AST-0236,RUL-044,Informational,Closed,ANL-015,1,34.1,FALSE,FALSE,SYNTHETIC_DEMO_DATA
INC-00002196,ALT-00007558,2026-07-24T14:13:34Z,2026-07-24T14:23:34Z,2026-07-24T14:31:34Z,2026-07-24T15:50:34Z,2026-07-24T18:02:34Z,2026-07-25T03:12:34Z,External Synthetic,Identity Provider,AST-0007,RUL-014,Critical,Closed,ANL-006,1,100,TRUE,FALSE,SYNTHETIC_DEMO_DATA
INC-00003007,ALT-00009677,2026-06-29T22:13:03Z,2026-06-29T22:18:03Z,2026-06-29T22:25:03Z,2026-06-30T00:07:03Z,2026-06-30T00:45:03Z,2026-06-30T04:05:03Z,EDY Shield,Endpoint Integrity,AST-0078,RUL-004,Low,Closed,ANL-014,3,56.5,FALSE,FALSE,SYNTHETIC_DEMO_DATA
INC-00001336,ALT-00017572,2025-04-05T05:27:30Z,2025-04-05T05:37:30Z,2025-04-05T06:13:30Z,2025-04-05T07:08:30Z,2025-04-05T09:39:30Z,2025-04-05T09:50:30Z,EDY SIEM,Correlation Hub,AST-0093,RUL-017,Informational,Closed,ANL-010,1,41.7,FALSE,FALSE,SYNTHETIC_DEMO_DATA
INC-00000159,ALT-00003619,2025-04-15T19:23:32Z,2025-04-15T19:42:32Z,2025-04-15T20:19:32Z,2025-04-15T22:10:32Z,2025-04-16T08:04:32Z,2025-04-16T13:18:32Z,EDY Shield,Endpoint Integrity,AST-0001,RUL-014,Medium,Closed,ANL-007,4,71.3,FALSE,TRUE,SYNTHETIC_DEMO_DATA
INC-00002334,ALT-00016042,2026-05-01T01:03:40Z,2026-05-01T01:16:40Z,2026-05-01T01:33:40Z,2026-05-01T03:44:40Z,2026-05-01T07:51:40Z,2026-05-01T13:55:40Z,External Synthetic,Cloud Audit,AST-0222,RUL-016,Low,Closed,ANL-009,1,59.7,FALSE,FALSE,SYNTHETIC_DEMO_DATA
INC-00000297,ALT-00006854,2025-03-02T18:09:39Z,2025-03-02T18:29:39Z,2025-03-02T19:17:39Z,2025-03-03T00:12:39Z,2025-03-03T02:33:39Z,2025-03-03T13:04:39Z,External Synthetic,Cloud Audit,AST-0051,RUL-023,Informational,Closed,ANL-011,1,60.0,TRUE,FALSE,SYNTHETIC_DEMO_DATA
INC-00000921,ALT-00016602,2025-06-04T16:28:20Z,2025-06-04T16:40:20Z,2025-06-04T17:41:20Z,2025-06-04T18:42:20Z,2025-06-05T13:09:20Z,2025-06-05T19:35:20Z,External Synthetic,Identity Provider,AST-0104,RUL-031,Low,Closed,ANL-018,1,64.9,FALSE,FALSE,SYNTHETIC_DEMO_DATA
INC-00000567,ALT-00012988,2025-04-18T08:15:43Z,2025-04-18T08:42:43Z,2025-04-18T09:12:43Z,2025-04-18T18:01:43Z,2025-04-18T20:34:43Z,2025-04-19T02:08:43Z,External Synthetic,Network Sensor,AST-0117,RUL-038,Informational,Closed,ANL-011,1,30.2,FALSE,FALSE,SYNTHETIC_DEMO_DATA
INC-00000771,ALT-00011396,2025-12-04T14:16:07Z,2025-12-04T15:16:07Z,2025-12-04T15:26:07Z,2025-12-04T18:53:07Z,2025-12-05T02:13:07Z,2025-12-05T13:32:07Z,EDY SIEM,Correlation Hub,AST-0208,RUL-012,Informational,Closed,ANL-005,1,47.2,FALSE,FALSE,SYNTHETIC_DEMO_DATA
INC-00000779,ALT-00007499,2026-05-02T21:22:44Z,2026-05-02T22:17:44Z,2026-05-02T22:29:44Z,2026-05-02T23:38:44Z,2026-05-03T04:45:44Z,2026-05-03T06:17:44Z,EDY SIEM,Correlation Hub,AST-0038,RUL-010,Informational,Closed,ANL-003,1,33.4,FALSE,FALSE,SYNTHETIC_DEMO_DATA
INC-00002595,ALT-00002730,2025-05-21T18:48:14Z,2025-05-21T18:57:14Z,2025-05-21T19:18:14Z,2025-05-21T21:31:14Z,2025-05-22T08:43:14Z,2025-05-22T19:45:14Z,External Synthetic,Network Sensor,AST-0125,RUL-030,Informational,Closed,ANL-017,1,27.8,FALSE,FALSE,SYNTHETIC_DEMO_DATA
INC-00000357,ALT-00005361,2025-08-25T19:04:47Z,2025-08-25T19:47:47Z,2025-08-25T19:55:47Z,2025-08-26T02:55:47Z,2025-08-26T04:20:47Z,2025-08-26T14:12:47Z,External Synthetic,Network Sensor,AST-0082,RUL-025,Informational,Closed,ANL-005,3,40.8,FALSE,FALSE,SYNTHETIC_DEMO_DATA
INC-00000703,ALT-00013255,2025-02-10T12:44:47Z,2025-02-10T13:02:47Z,2025-02-10T14:00:47Z,2025-02-10T15:44:47Z,2025-02-10T23:35:47Z,2025-02-11T00:22:47Z,EDY SIEM,Correlation Hub,AST-0134,RUL-015,Medium,Closed,ANL-015,1,66.2,FALSE,FALSE,SYNTHETIC_DEMO_DATA
INC-00000438,ALT-00013045,2026-04-19T12:19:41Z,2026-04-19T12:29:41Z,2026-04-19T12:37:41Z,2026-04-19T12:58:41Z,2026-04-19T14:06:41Z,2026-04-19T19:17:41Z,EDY SIEM,Correlation Hub,AST-0029,RUL-033,Medium,Closed,ANL-016,2,65.3,FALSE,FALSE,SYNTHETIC_DEMO_DATA
INC-00001736,ALT-00015963,2026-06-23T12:33:59Z,2026-06-23T14:02:59Z,2026-06-23T15:20:59Z,2026-06-23T18:46:59Z,2026-06-23T23:24:59Z,2026-06-24T01:52:59Z,EDY SIEM,Correlation Hub,AST-0010,RUL-023,Low,Closed,ANL-001,2,57.6,FALSE,FALSE,SYNTHETIC_DEMO_DATA
INC-00002894,ALT-00001852,2025-07-15T22:25:20Z,2025-07-15T22:50:20Z,2025-07-15T23:16:20Z,,,,External Synthetic,Identity Provider,AST-0101,RUL-001,Low,Active,ANL-013,0,55.0,FALSE,FALSE,SYNTHETIC_DEMO_DATA
INC-00001668,ALT-00012356,2025-08-03T15:45:20Z,2025-08-03T15:55:20Z,2025-08-03T16:08:20Z,2025-08-03T20:37:20Z,2025-08-04T12:33:20Z,2025-08-04T20:20:20Z,EDY Sentinel,Cloud Detection,AST-0089,RUL-035,Informational,Closed,ANL-008,2,35.7,FALSE,FALSE,SYNTHETIC_DEMO_DATA
INC-00001239,ALT-00015114,2026-02-07T11:01:28Z,2026-02-07T11:11:28Z,2026-02-07T11:27:28Z,2026-02-07T13:42:28Z,2026-02-07T21:11:28Z,2026-02-08T01:00:28Z,External Synthetic,Network Sensor,AST-0078,RUL-036,Informational,Closed,ANL-005,1,45.6,FALSE,FALSE,SYNTHETIC_DEMO_DATA
INC-00003177,ALT-00007436,2025-08-05T02:33:36Z,2025-08-05T02:53:36Z,2025-08-05T03:11:36Z,2025-08-05T04:55:36Z,2025-08-05T05:48:36Z,2025-08-05T16:46:36Z,EDY RECON,Exposure Intelligence,AST-0056,RUL-008,Low,Closed,ANL-012,2,48.4,FALSE,FALSE,SYNTHETIC_DEMO_DATA
INC-00000974,ALT-00015653,2026-01-28T14:51:34Z,2026-01-28T15:26:34Z,2026-01-28T15:45:34Z,2026-01-28T18:21:34Z,2026-01-28T20:48:34Z,2026-01-28T21:36:34Z,EDY SIEM,Correlation Hub,AST-0226,RUL-030,Low,Closed,ANL-007,1,58.5,FALSE,FALSE,SYNTHETIC_DEMO_DATA
INC-00001680,ALT-00013991,2026-01-24T04:27:27Z,2026-01-24T04:55:27Z,2026-01-24T05:25:27Z,2026-01-24T07:40:27Z,2026-01-24T11:12:27Z,2026-01-24T14:20:27Z,External Synthetic,Identity Provider,AST-0151,RUL-018,Low,Closed,ANL-015,1,48.4,FALSE,FALSE,SYNTHETIC_DEMO_DATA
INC-00001484,ALT-00015584,2025-02-05T08:21:28Z,2025-02-05T08:56:28Z,2025-02-05T09:03:28Z,2025-02-05T09:53:28Z,2025-02-05T18:33:28Z,2025-02-06T05:26:28Z,External Synthetic,Identity Provider,AST-0015,RUL-012,Low,Closed,ANL-001,1,58.7,FALSE,TRUE,SYNTHETIC_DEMO_DATA
INC-00000566,ALT-00010587,2026-06-11T08:55:02Z,2026-06-11T11:42:02Z,2026-06-11T11:50:02Z,2026-06-11T15:49:02Z,2026-06-11T19:15:02Z,2026-06-11T22:43:02Z,External Synthetic,Identity Provider,AST-0014,RUL-009,Low,Closed,ANL-001,1,63.7,FALSE,FALSE,SYNTHETIC_DEMO_DATA
INC-00001856,ALT-00011160,2026-01-28T12:07:36Z,2026-01-28T12:11:36Z,2026-01-28T12:55:36Z,2026-01-28T14:16:36Z,2026-01-28T21:39:36Z,2026-01-29T02:53:36Z,EDY Shield,Endpoint Integrity,AST-0142,RUL-021,Informational,Closed,ANL-006,1,34.8,FALSE,FALSE,SYNTHETIC_DEMO_DATA
INC-00003174,ALT-00010102,2026-03-18T05:44:41Z,2026-03-18T05:58:41Z,2026-03-18T06:38:41Z,2026-03-18T07:11:41Z,2026-03-18T12:09:41Z,2026-03-18T21:23:41Z,External Synthetic,Identity Provider,AST-0009,RUL-007,High,Closed,ANL-017,1,86.0,TRUE,FALSE,SYNTHETIC_DEMO_DATA
INC-00001801,ALT-00014834,2025-08-15T08:00:51Z,2025-08-15T08:06:51Z,2025-08-15T08:15:51Z,2025-08-15T10:14:51Z,2025-08-15T12:52:51Z,2025-08-15T20:02:51Z,EDY Shield,Endpoint Integrity,AST-0058,RUL-033,Medium,Closed,ANL-015,3,57.9,FALSE,FALSE,SYNTHETIC_DEMO_DATA
INC-00002175,ALT-00013002,2025-11-11T17:53:00Z,2025-11-11T18:25:00Z,2025-11-11T18:50:00Z,2025-11-11T20:00:00Z,2025-11-11T21:25:00Z,2025-11-12T02:19:00Z,External Synthetic,Network Sensor,AST-0126,RUL-015,Low,Closed,ANL-006,4,44.9,FALSE,FALSE,SYNTHETIC_DEMO_DATA
INC-00002785,ALT-00003115,2026-02-04T10:53:42Z,2026-02-04T11:11:42Z,2026-02-04T11:28:42Z,2026-02-04T14:04:42Z,2026-02-04T17:06:42Z,2026-02-04T19:17:42Z,EDY Sentinel,Cloud Detection,AST-0230,RUL-010,Medium,Closed,ANL-003,1,80.5,FALSE,FALSE,SYNTHETIC_DEMO_DATA
INC-00000398,ALT-00010213,2025-08-06T14:09:08Z,2025-08-06T14:11:08Z,2025-08-06T14:20:08Z,2025-08-06T15:03:08Z,2025-08-06T16:27:08Z,2025-08-06T20:56:08Z,EDY Shield,Endpoint Integrity,AST-0238,RUL-020,Medium,Closed,,1,65.9,FALSE,FALSE,SYNTHETIC_DEMO_DATA
INC-00000572,ALT-00002743,2025-04-26T18:27:03Z,2025-04-26T19:00:03Z,2025-04-26T19:07:03Z,2025-04-26T19:32:03Z,2025-04-26T21:07:03Z,2025-04-27T00:04:03Z,External Synthetic,Network Sensor,AST-0047,RUL-020,High,Closed,ANL-015,1,98.3,TRUE,FALSE,SYNTHETIC_DEMO_DATA
INC-00001922,ALT-00006477,2026-06-02T08:52:50Z,2026-06-02T09:41:50Z,2026-06-02T10:33:50Z,2026-06-02T12:44:50Z,2026-06-02T15:09:50Z,2026-06-02T19:22:50Z,External Synthetic,Identity Provider,AST-0108,RUL-023,Low,Closed,ANL-013,1,41.9,FALSE,FALSE,SYNTHETIC_DEMO_DATA
INC-00001653,ALT-00004947,2026-07-21T21:51:53Z,,,,,,EDY Shield,Endpoint Integrity,AST-0058,RUL-016,Low,New,ANL-006,0,50.9,FALSE,FALSE,SYNTHETIC_DEMO_DATA
INC-00000997,ALT-00010183,2026-04-19T10:59:23Z,2026-04-19T12:12:23Z,2026-04-19T12:27:23Z,2026-04-19T18:36:23Z,2026-04-19T23:00:23Z,2026-04-20T07:44:23Z,External Synthetic,Identity Provider,AST-0110,RUL-035,Informational,Closed,ANL-007,1,36.0,FALSE,FALSE,SYNTHETIC_DEMO_DATA
INC-00002765,ALT-00013536,2026-01-17T08:35:01Z,2026-01-17T08:53:01Z,2026-01-17T09:35:01Z,2026-01-17T11:38:01Z,2026-01-17T12:11:01Z,2026-01-17T14:55:01Z,EDY Sentinel,Cloud Detection,AST-0111,RUL-028,Informational,Closed,ANL-015,3,36.7,FALSE,FALSE,SYNTHETIC_DEMO_DATA
INC-00001761,ALT-00015557,2025-09-04T19:05:26Z,2025-09-04T19:19:26Z,2025-09-04T19:32:26Z,2025-09-04T21:09:26Z,2025-09-05T08:01:26Z,2025-09-05T13:36:26Z,EDY SIEM,Correlation Hub,AST-0113,RUL-007,Informational,Closed,ANL-005,1,54.1,FALSE,FALSE,SYNTHETIC_DEMO_DATA
INC-00002787,ALT-00015482,2025-03-24T13:51:17Z,2025-03-24T14:11:17Z,2025-03-24T14:22:17Z,2025-03-24T15:48:17Z,2025-03-24T16:13:17Z,2025-03-24T17:34:17Z,EDY RECON,Exposure Intelligence,AST-0140,RUL-029,Low,Closed,ANL-006,1,68.7,FALSE,FALSE,SYNTHETIC_DEMO_DATA
INC-00003008,ALT-00013202,2026-01-01T14:40:34Z,2026-01-01T14:59:34Z,2026-01-01T15:28:34Z,2026-01-02T00:20:34Z,2026-01-02T02:12:34Z,2026-01-02T13:24:34Z,External Synthetic,Network Sensor,AST-0224,RUL-039,Low,Closed,ANL-007,4,42.4,FALSE,FALSE,SYNTHETIC_DEMO_DATA
INC-00000442,ALT-00007886,2025-05-19T02:02:44Z,2025-05-19T02:51:44Z,2025-05-19T03:06:44Z,2025-05-19T03:42:44Z,2025-05-19T12:15:44Z,2025-05-19T16:20:44Z,External Synthetic,Network Sensor,AST-0088,RUL-006,Informational,Closed,ANL-004,1,33.7,FALSE,FALSE,SYNTHETIC_DEMO_DATA
INC-00002922,ALT-00000883,2026-06-08T21:00:18Z,2026-06-08T21:54:18Z,2026-06-08T21:59:18Z,2026-06-08T22:07:18Z,2026-06-08T23:31:18Z,2026-06-09T10:26:18Z,EDY SIEM,Correlation Hub,AST-0178,RUL-032,Critical,Closed,ANL-018,1,100,TRUE,FALSE,SYNTHETIC_DEMO_DATA
INC-00000356,ALT-00003156,2025-06-09T00:43:21Z,2025-06-09T01:08:21Z,2025-06-09T01:20:21Z,2025-06-09T01:42:21Z,2025-06-09T03:15:21Z,2025-06-09T05:28:21Z,EDY Shield,Endpoint Integrity,AST-0237,RUL-005,Low,fechado,ANL-013,1,53.0,FALSE,FALSE,SYNTHETIC_DEMO_DATA
INC-00000534,ALT-00000410,2025-07-09T10:23:07Z,2025-07-09T10:42:07Z,2025-07-09T11:10:07Z,2025-07-09T11:32:07Z,2025-07-09T14:40:07Z,2025-07-09T21:12:07Z,EDY Shield,Endpoint Integrity,AST-0195,RUL-044,Informational,fechado,ANL-008,1,47.2,FALSE,FALSE,SYNTHETIC_DEMO_DATA
INC-00001286,ALT-00017644,2025-07-10T07:55:30Z,2025-07-10T08:24:30Z,2025-07-10T08:43:30Z,2025-07-10T10:55:30Z,,,EDY SIEM,Correlation Hub,AST-0159,RUL-018,Low,Contained,ANL-001,0,61.4,FALSE,FALSE,SYNTHETIC_DEMO_DATA
INC-00001669,ALT-00017604,2026-01-16T22:10:22Z,2026-01-16T22:25:22Z,2026-01-16T22:58:22Z,2026-01-17T00:21:22Z,2026-01-17T04:31:22Z,2026-01-17T12:51:22Z,EDY RECON,Exposure Intelligence,AST-0168,RUL-005,Low,Closed,ANL-002,3,61.9,FALSE,FALSE,SYNTHETIC_DEMO_DATA
INC-00001069,ALT-00004995,2025-08-11T16:41:24Z,2025-08-11T18:14:24Z,2025-08-11T18:34:24Z,2025-08-11T23:58:24Z,2025-08-12T01:24:24Z,2025-08-12T10:22:24Z,EDY Shield,Endpoint Integrity,AST-0114,RUL-002,Informational,Closed,ANL-007,1,40.7,FALSE,FALSE,SYNTHETIC_DEMO_DATA
INC-00000014,ALT-00011704,2025-06-24T03:46:14Z,2025-06-24T04:09:14Z,2025-06-24T04:53:14Z,2025-06-24T05:14:14Z,2025-06-24T08:05:14Z,2025-06-24T17:56:14Z,External Synthetic,Cloud Audit,AST-0005,RUL-013,Informational,Closed,ANL-012,1,51.0,FALSE,FALSE,SYNTHETIC_DEMO_DATA
INC-00002512,ALT-00011051,2025-10-30T08:40:20Z,2025-10-30T08:54:20Z,2025-10-30T09:28:20Z,2025-10-30T12:53:20Z,2025-10-30T13:54:20Z,2025-10-30T17:09:20Z,EDY SIEM,Correlation Hub,AST-0201,RUL-033,Low,Closed,ANL-005,1,54.8,FALSE,FALSE,SYNTHETIC_DEMO_DATA
INC-00000370,ALT-00002276,2025-04-22T16:12:08Z,2025-04-22T16:36:08Z,2025-04-22T17:12:08Z,2025-04-22T17:44:08Z,2025-04-23T16:18:08Z,,EDY RECON,Exposure Intelligence,AST-0005,RUL-035,Low,Resolved,ANL-005,3,69.9,FALSE,FALSE,SYNTHETIC_DEMO_DATA
INC-00000434,ALT-00012526,2025-02-11T16:38:36Z,2025-02-11T16:56:36Z,2025-02-11T17:26:36Z,2025-02-11T22:30:36Z,2025-02-12T00:03:36Z,,External Synthetic,Network Sensor,AST-0224,RUL-031,Informational,Resolved,ANL-006,3,29.0,FALSE,FALSE,SYNTHETIC_DEMO_DATA
INC-00002961,ALT-00006615,2025-03-11T08:47:31Z,2025-03-11T09:04:31Z,2025-03-11T09:25:31Z,2025-03-11T16:50:31Z,2025-03-11T19:14:31Z,2025-03-12T06:53:31Z,EDY Shield,Endpoint Integrity,AST-0195,RUL-039,Low,Closed,ANL-012,3,56.2,FALSE,FALSE,SYNTHETIC_DEMO_DATA
INC-00003059,ALT-00002391,2025-07-03T09:08:57Z,2025-07-03T09:49:57Z,2025-07-03T09:59:57Z,2025-07-03T13:47:57Z,2025-07-03T21:25:57Z,2025-07-04T07:07:57Z,External Synthetic,Network Sensor,AST-0159,RUL-018,Informational,Closed,ANL-009,1,41.8,FALSE,FALSE,SYNTHETIC_DEMO_DATA
INC-00000584,ALT-00013943,2025-11-21T11:52:02Z,2025-11-21T12:00:02Z,2025-11-21T12:42:02Z,2025-11-21T15:22:02Z,2025-11-21T17:10:02Z,2025-11-22T04:09:02Z,External Synthetic,Network Sensor,AST-0196,RUL-018,Low,Closed,ANL-001,3,56.4,FALSE,FALSE,SYNTHETIC_DEMO_DATA
INC-00002662,ALT-00009767,2026-07-13T06:07:57Z,2026-07-13T07:54:57Z,2026-07-13T08:11:57Z,2026-07-13T12:54:57Z,2026-07-13T15:40:57Z,2026-07-13T20:39:57Z,External Synthetic,Network Sensor,AST-0176,RUL-036,Informational,Closed,ANL-016,1,62.1,TRUE,FALSE,SYNTHETIC_DEMO_DATA
INC-00001131,ALT-00006846,2026-07-08T10:35:33Z,2026-07-08T10:46:33Z,2026-07-08T11:21:33Z,2026-07-08T11:42:33Z,2026-07-08T13:16:33Z,2026-07-08T22:21:33Z,External Synthetic,Network Sensor,AST-0218,RUL-018,High,Closed,ANL-008,1,97.9,TRUE,FALSE,SYNTHETIC_DEMO_DATA
INC-00001015,ALT-00005765,2025-09-29T09:16:27Z,2025-09-29T09:21:27Z,2025-09-29T10:16:27Z,2025-09-29T12:20:27Z,2025-09-29T17:27:27Z,,External Synthetic,Network Sensor,AST-0087,RUL-009,Informational,Resolved,ANL-007,2,44.7,FALSE,FALSE,SYNTHETIC_DEMO_DATA
INC-00001725,ALT-00008506,2026-03-22T20:24:16Z,2026-03-22T20:31:16Z,2026-03-22T20:58:16Z,2026-03-22T22:14:16Z,2026-03-23T01:11:16Z,2026-03-23T08:58:16Z,External Synthetic,Network Sensor,AST-0010,RUL-033,Low,Closed,ANL-006,1,59.0,FALSE,FALSE,SYNTHETIC_DEMO_DATA
INC-00001020,ALT-00009437,2025-03-11T12:48:27Z,2025-03-11T13:00:27Z,2025-03-11T13:53:27Z,2025-03-11T15:13:27Z,2025-03-11T18:07:27Z,2025-03-11T23:27:27Z,External Synthetic,Network Sensor,AST-0160,RUL-005,Medium,Closed,ANL-010,1,71.2,FALSE,FALSE,SYNTHETIC_DEMO_DATA
INC-00000986,ALT-00015706,2025-10-08T09:23:53Z,2025-10-08T09:28:53Z,2025-10-08T10:01:53Z,2025-10-08T18:18:53Z,2025-10-08T22:53:53Z,2025-10-09T08:09:53Z,EDY SIEM,Correlation Hub,AST-0170,RUL-035,Informational,Closed,ANL-012,1,28.7,FALSE,FALSE,SYNTHETIC_DEMO_DATA
INC-00003065,ALT-00012950,2025-11-01T16:15:25Z,2025-11-01T16:33:25Z,2025-11-01T17:09:25Z,2025-11-01T18:08:25Z,2025-11-01T20:34:25Z,2025-11-02T03:21:25Z,EDY Shield,Endpoint Integrity,AST-0132,RUL-007,Low,Closed,ANL-004,1,62.0,FALSE,FALSE,SYNTHETIC_DEMO_DATA
INC-00001654,ALT-00002566,2026-04-06T15:06:50Z,2026-04-06T15:20:50Z,2026-04-06T16:11:50Z,2026-04-06T16:59:50Z,2026-04-06T19:47:50Z,2026-04-07T06:00:50Z,EDY Shield,Endpoint Integrity,AST-0097,RUL-043,Low,Closed,ANL-017,3,48.2,FALSE,FALSE,SYNTHETIC_DEMO_DATA
INC-00000707,ALT-00001730,2025-02-10T10:51:27Z,2025-02-10T11:15:27Z,2025-02-10T11:51:27Z,2025-02-10T13:07:27Z,2025-02-10T15:18:27Z,,EDY Sentinel,Cloud Detection,AST-0205,RUL-043,Low,Resolved,ANL-004,1,52.7,FALSE,FALSE,SYNTHETIC_DEMO_DATA
INC-00003153,ALT-00015911,2025-04-30T12:29:05Z,2025-04-30T12:47:05Z,2025-04-30T13:29:05Z,,,,EDY Shield,Endpoint Integrity,AST-0020,RUL-045,Informational,Active,ANL-017,0,40.2,FALSE,FALSE,SYNTHETIC_DEMO_DATA
INC-00000269,ALT-00015362,2026-01-28T08:22:31Z,2026-01-28T08:31:31Z,2026-01-28T09:17:31Z,2026-01-28T10:02:31Z,2026-01-28T12:56:31Z,,EDY Shield,Endpoint Integrity,AST-0078,RUL-001,Low,Resolved,ANL-010,1,60.2,FALSE,FALSE,SYNTHETIC_DEMO_DATA
INC-00002649,ALT-00016243,2026-02-09T09:15:24Z,2026-02-09T09:47:24Z,2026-02-09T09:56:24Z,2026-02-09T11:05:24Z,2026-02-09T12:38:24Z,2026-02-09T20:38:24Z,External Synthetic,Network Sensor,AST-0060,RUL-013,Low,Closed,ANL-018,3,54.4,FALSE,FALSE,SYNTHETIC_DEMO_DATA
INC-00002550,ALT-00011004,2026-05-27T13:35:37Z,2026-05-27T14:03:37Z,2026-05-27T14:31:37Z,2026-05-27T16:24:37Z,2026-05-27T17:46:37Z,,External Synthetic,Network Sensor,AST-0080,RUL-043,Low,Resolved,ANL-009,1,47.6,FALSE,FALSE,SYNTHETIC_DEMO_DATA
INC-00002853,ALT-00001321,2026-02-11T16:27:05Z,2026-02-11T16:37:05Z,2026-02-11T17:52:05Z,2026-02-11T19:14:05Z,,,External Synthetic,Network Sensor,AST-0191,RUL-035,Low,Contained,ANL-012,0,56.9,FALSE,FALSE,SYNTHETIC_DEMO_DATA
INC-00000499,ALT-00013506,2026-02-05T08:59:14Z,2026-02-05T09:25:14Z,2026-02-05T09:53:14Z,2026-02-05T12:09:14Z,2026-02-05T14:51:14Z,2026-02-05T19:06:14Z,EDY Sentinel,Cloud Detection,AST-0169,RUL-005,Low,Closed,ANL-002,1,52.3,FALSE,FALSE,SYNTHETIC_DEMO_DATA
INC-00000554,ALT-00003477,2025-10-13T12:51:12Z,2025-10-13T13:16:12Z,2025-10-13T13:34:12Z,2025-10-13T14:09:12Z,2025-10-13T17:11:12Z,2025-10-13T19:03:12Z,External Synthetic,Cloud Audit,AST-0171,RUL-007,Informational,Closed,ANL-012,2,22.4,FALSE,FALSE,SYNTHETIC_DEMO_DATA
INC-00002978,ALT-00012970,2026-04-05T06:15:03Z,2026-04-05T06:29:03Z,2026-04-05T06:38:03Z,2026-04-05T07:17:03Z,2026-04-05T09:40:03Z,2026-04-05T15:06:03Z,EDY SIEM,Correlation Hub,AST-0092,RUL-033,Low,Closed,ANL-001,1,57.3,FALSE,FALSE,SYNTHETIC_DEMO_DATA
INC-00002207,ALT-00015384,2025-11-05T07:34:27Z,2025-11-05T07:46:27Z,2025-11-05T07:58:27Z,2025-11-05T09:46:27Z,2025-11-05T13:20:27Z,2025-11-06T00:05:27Z,EDY Sentinel,Cloud Detection,AST-0096,RUL-023,Informational,Closed,ANL-015,3,41.3,FALSE,FALSE,SYNTHETIC_DEMO_DATA
INC-00001248,ALT-00006603,2026-07-10T15:53:19Z,2026-07-10T16:04:19Z,2026-07-10T16:27:19Z,2026-07-10T17:03:19Z,2026-07-10T19:02:19Z,2026-07-11T05:18:19Z,EDY Shield,Endpoint Integrity,AST-0045,RUL-010,Low,Closed,ANL-015,2,46.0,FALSE,FALSE,SYNTHETIC_DEMO_DATA
INC-00002743,ALT-00013378,2026-07-27T17:08:15Z,2026-07-27T17:20:15Z,2026-07-27T18:07:15Z,,,,External Synthetic,Identity Provider,AST-0075,RUL-018,Low,Active,ANL-008,0,48.6,FALSE,FALSE,SYNTHETIC_DEMO_DATA
INC-00002582,ALT-00003605,2025-02-02T14:40:29Z,2025-02-02T14:51:29Z,2025-02-02T15:42:29Z,2025-02-02T17:19:29Z,2025-02-05T05:42:29Z,,EDY SIEM,Correlation Hub,AST-0223,RUL-023,Informational,Resolved,ANL-018,4,36.3,FALSE,FALSE,SYNTHETIC_DEMO_DATA
INC-00002779,ALT-00004659,2025-04-20T15:44:46Z,2025-04-20T16:12:46Z,2025-04-20T16:39:46Z,2025-04-20T18:07:46Z,2025-04-20T19:43:46Z,2025-04-21T01:48:46Z,EDY RECON,Exposure Intelligence,AST-0022,RUL-029,Low,Closed,ANL-008,1,44.1,FALSE,FALSE,SYNTHETIC_DEMO_DATA
INC-00001257,ALT-00008149,2025-07-25T00:43:25Z,2025-07-25T01:04:25Z,2025-07-25T01:40:25Z,2025-07-25T06:33:25Z,2025-07-25T08:00:25Z,2025-07-25T12:57:25Z,External Synthetic,Cloud Audit,AST-0073,RUL-041,Low,Closed,ANL-006,4,59.6,FALSE,FALSE,SYNTHETIC_DEMO_DATA
INC-00001326,ALT-00012934,2025-09-22T11:52:17Z,2025-09-22T12:05:17Z,2025-09-22T12:12:17Z,2025-09-22T13:30:17Z,2025-09-22T14:35:17Z,2025-09-22T15:17:17Z,EDY Sentinel,Cloud Detection,AST-0056,RUL-023,Low,Closed,ANL-009,3,51.4,FALSE,FALSE,SYNTHETIC_DEMO_DATA
INC-00002876,ALT-00011614,2026-03-17T06:29:43Z,2026-03-17T08:01:43Z,2026-03-17T08:19:43Z,2026-03-17T10:43:43Z,2026-03-17T12:11:43Z,2026-03-17T14:16:43Z,EDY RECON,Exposure Intelligence,AST-0194,RUL-040,Low,Closed,ANL-013,1,61.1,FALSE,FALSE,SYNTHETIC_DEMO_DATA
INC-00002184,ALT-00009192,2025-06-04T10:11:21Z,2025-06-04T10:29:21Z,2025-06-04T10:52:21Z,2025-06-04T11:08:21Z,2025-06-04T13:01:21Z,2025-06-04T13:40:21Z,EDY RECON,Exposure Intelligence,AST-0102,RUL-011,Critical,Closed,ANL-018,1,100,TRUE,FALSE,SYNTHETIC_DEMO_DATA
INC-00000850,ALT-00014000,2026-06-29T08:38:56Z,2026-06-29T08:49:56Z,2026-06-29T09:15:56Z,2026-06-29T10:32:56Z,2026-06-29T12:07:56Z,2026-06-29T15:58:56Z,EDY Sentinel,Cloud Detection,AST-0132,RUL-036,Medium,Closed,ANL-012,4,76.7,FALSE,FALSE,SYNTHETIC_DEMO_DATA
INC-00003050,ALT-00005827,2025-03-23T11:34:48Z,2025-03-23T12:02:48Z,2025-03-23T12:20:48Z,2025-03-23T15:39:48Z,2025-03-23T17:36:48Z,2025-03-24T02:16:48Z,External Synthetic,Network Sensor,AST-0059,RUL-008,Low,Closed,ANL-001,3,65.2,FALSE,FALSE,SYNTHETIC_DEMO_DATA
INC-00001604,ALT-00010421,2025-12-03T15:30:55Z,2025-12-03T15:55:55Z,2025-12-03T17:02:55Z,2025-12-03T17:28:55Z,2025-12-03T19:39:55Z,2025-12-04T06:41:55Z,EDY SIEM,Correlation Hub,AST-0217,RUL-024,Medium,Closed,ANL-008,1,70.7,FALSE,FALSE,SYNTHETIC_DEMO_DATA
INC-00000025,ALT-00014213,2026-05-22T09:54:35Z,2026-05-22T10:03:35Z,2026-05-22T10:29:35Z,2026-05-22T11:40:35Z,2026-05-22T15:54:35Z,2026-05-22T20:43:35Z,External Synthetic,Cloud Audit,AST-0066,RUL-039,Critical,Closed,ANL-011,3,100,TRUE,FALSE,SYNTHETIC_DEMO_DATA
INC-00000818,ALT-00013982,2026-01-04T15:13:08Z,2026-01-04T15:25:08Z,2026-01-04T15:35:08Z,2026-01-04T17:08:08Z,2026-01-04T17:45:08Z,2026-01-04T20:37:08Z,EDY Shield,Endpoint Integrity,AST-0067,RUL-041,Informational,Closed,ANL-018,1,29.8,FALSE,FALSE,SYNTHETIC_DEMO_DATA
INC-00002046,ALT-00004939,2025-11-26T16:18:22Z,2025-11-26T16:39:22Z,2025-11-26T17:34:22Z,2025-11-26T19:16:22Z,2025-11-26T21:48:22Z,2025-11-27T09:21:22Z,External Synthetic,Network Sensor,AST-0121,RUL-026,High,Closed,ANL-011,1,91.7,TRUE,FALSE,SYNTHETIC_DEMO_DATA
INC-00001358,ALT-00011994,2025-10-05T20:16:53Z,2025-10-05T21:15:53Z,2025-10-05T21:28:53Z,2025-10-06T00:14:53Z,2025-10-06T04:48:53Z,2025-10-06T11:37:53Z,EDY Shield,Endpoint Integrity,AST-0184,RUL-010,Low,Closed,ANL-001,1,49.2,FALSE,FALSE,SYNTHETIC_DEMO_DATA
INC-00000012,ALT-00009332,2025-12-18T10:07:32Z,2025-12-18T10:48:32Z,2025-12-18T11:13:32Z,2025-12-18T11:50:32Z,2025-12-18T18:36:32Z,2025-12-19T05:39:32Z,EDY Shield,Endpoint Integrity,AST-0137,RUL-036,Informational,Closed,ANL-008,4,40.9,FALSE,FALSE,SYNTHETIC_DEMO_DATA
INC-00002473,ALT-00012613,2026-03-16T20:02:02Z,2026-03-16T20:14:02Z,2026-03-16T20:24:02Z,2026-03-16T20:54:02Z,2026-03-16T21:05:02Z,2026-03-17T03:33:02Z,EDY SIEM,Correlation Hub,AST-0098,RUL-035,Medium,Closed,ANL-009,1,66.6,FALSE,FALSE,SYNTHETIC_DEMO_DATA
INC-00001182,ALT-00016739,2026-06-29T07:45:01Z,2026-06-29T09:39:01Z,2026-06-29T10:23:01Z,2026-06-29T11:18:01Z,2026-06-29T14:10:01Z,,External Synthetic,Network Sensor,AST-0164,RUL-023,Low,Resolved,ANL-009,1,51.3,FALSE,FALSE,SYNTHETIC_DEMO_DATA
INC-00000136,ALT-00011655,2025-03-17T16:21:23Z,2025-03-17T16:31:23Z,2025-03-17T16:35:23Z,2025-03-17T18:11:23Z,2025-03-17T18:39:23Z,2025-03-18T01:19:23Z,External Synthetic,Network Sensor,AST-0026,RUL-029,High,Closed,ANL-007,3,91.2,TRUE,FALSE,SYNTHETIC_DEMO_DATA
INC-00000044,ALT-00011532,2025-11-15T16:18:04Z,2025-11-15T16:42:04Z,2025-11-15T16:54:04Z,2025-11-15T17:31:04Z,2025-11-15T18:39:04Z,2025-11-15T21:29:04Z,External Synthetic,Cloud Audit,AST-0067,RUL-037,Informational,Closed,ANL-018,1,46.0,TRUE,FALSE,SYNTHETIC_DEMO_DATA
INC-00000117,ALT-00016790,2025-09-02T14:03:05Z,2025-09-02T14:48:05Z,2025-09-02T14:51:05Z,2025-09-02T15:25:05Z,2025-09-02T22:56:05Z,,External Synthetic,Cloud Audit,AST-0113,RUL-005,Informational,Resolved,ANL-011,1,49.1,FALSE,FALSE,SYNTHETIC_DEMO_DATA
INC-00003022,ALT-00004677,2026-06-03T12:25:55Z,2026-06-03T14:54:55Z,2026-06-03T15:14:55Z,2026-06-03T15:46:55Z,2026-06-03T17:18:55Z,2026-06-04T02:00:55Z,EDY RECON,Exposure Intelligence,AST-0127,RUL-012,Informational,Closed,ANL-016,2,40.7,FALSE,FALSE,SYNTHETIC_DEMO_DATA
INC-00001787,ALT-00002863,2025-08-13T17:31:20Z,2025-08-13T18:20:20Z,2025-08-13T19:42:20Z,2025-08-13T20:29:20Z,2025-08-13T22:14:20Z,2025-08-14T02:25:20Z,EDY Shield,Endpoint Integrity,AST-0231,RUL-011,Low,Closed,ANL-004,1,55.1,FALSE,FALSE,SYNTHETIC_DEMO_DATA
INC-00002034,ALT-00007033,2026-07-29T07:54:54Z,2026-07-29T08:04:54Z,2026-07-29T08:33:54Z,2026-07-29T11:37:54Z,,,External Synthetic,Network Sensor,AST-0129,RUL-042,Low,Contained,ANL-003,0,54.5,FALSE,FALSE,SYNTHETIC_DEMO_DATA
INC-00001982,ALT-00014732,2026-01-13T16:05:08Z,2026-01-13T16:56:08Z,2026-01-13T17:24:08Z,2026-01-14T00:04:08Z,2026-01-14T01:57:08Z,2026-01-14T06:39:08Z,EDY RECON,Exposure Intelligence,AST-0060,RUL-029,Informational,Closed,ANL-006,2,47.4,FALSE,FALSE,SYNTHETIC_DEMO_DATA
INC-00003191,ALT-00014008,2025-08-25T13:40:42Z,2025-08-25T13:50:42Z,2025-08-25T14:05:42Z,2025-08-25T15:10:42Z,2025-08-25T19:39:42Z,,EDY Shield,Endpoint Integrity,AST-0176,RUL-040,Informational,Resolved,ANL-003,1,48.4,FALSE,FALSE,SYNTHETIC_DEMO_DATA
INC-00001213,ALT-00013502,2026-01-15T19:01:55Z,2026-01-15T19:05:55Z,2026-01-15T19:27:55Z,2026-01-15T19:45:55Z,2026-01-15T21:27:55Z,2026-01-16T04:15:55Z,External Synthetic,Network Sensor,AST-0047,RUL-017,High,Closed,ANL-010,1,94.6,TRUE,FALSE,SYNTHETIC_DEMO_DATA
INC-00002248,ALT-00006223,2026-07-01T17:33:43Z,2026-07-01T17:54:43Z,2026-07-01T18:21:43Z,,,,EDY Shield,Endpoint Integrity,AST-0001,RUL-037,Informational,Active,ANL-016,0,41.7,FALSE,FALSE,SYNTHETIC_DEMO_DATA
INC-00002757,ALT-00012066,2026-03-11T13:43:40Z,2026-03-11T13:51:40Z,2026-03-11T14:03:40Z,2026-03-11T14:18:40Z,2026-03-11T15:54:40Z,2026-03-11T16:22:40Z,EDY Shield,Endpoint Integrity,AST-0128,RUL-036,Medium,Closed,ANL-001,2,67.1,FALSE,FALSE,SYNTHETIC_DEMO_DATA
INC-00001179,ALT-00006149,2025-02-10T12:24:13Z,2025-02-10T12:40:13Z,2025-02-10T13:37:13Z,2025-02-10T14:50:13Z,2025-02-10T15:41:13Z,2025-02-11T00:16:13Z,External Synthetic,Cloud Audit,AST-0038,RUL-026,Low,Closed,ANL-012,1,54.0,FALSE,FALSE,SYNTHETIC_DEMO_DATA
INC-00001443,ALT-00000781,2025-07-24T19:42:18Z,2025-07-24T20:04:18Z,2025-07-24T20:31:18Z,2025-07-24T23:10:18Z,2025-07-25T01:12:18Z,2025-07-25T12:51:18Z,External Synthetic,Cloud Audit,AST-0113,RUL-035,Low,Closed,ANL-018,3,66.3,FALSE,FALSE,SYNTHETIC_DEMO_DATA
INC-00002728,ALT-00000964,2026-06-04T12:08:45Z,2026-06-04T12:39:45Z,2026-06-04T13:01:45Z,2026-06-04T13:28:45Z,2026-06-04T20:49:45Z,2026-06-04T23:40:45Z,External Synthetic,Cloud Audit,AST-0028,RUL-015,Low,Closed,ANL-005,4,75.2,TRUE,FALSE,SYNTHETIC_DEMO_DATA
INC-00001027,ALT-00005261,2026-05-01T13:18:58Z,2026-05-01T13:58:58Z,2026-05-01T14:04:58Z,2026-05-01T14:28:58Z,2026-05-01T15:01:58Z,,EDY Shield,Endpoint Integrity,AST-0155,RUL-004,High,Resolved,ANL-016,1,95.0,TRUE,FALSE,SYNTHETIC_DEMO_DATA
INC-00002286,ALT-00014730,2025-08-09T03:31:31Z,2025-08-09T03:47:31Z,2025-08-09T04:03:31Z,2025-08-09T05:59:31Z,2025-08-09T10:03:31Z,2025-08-09T19:58:31Z,External Synthetic,Identity Provider,AST-0079,RUL-019,Medium,Closed,ANL-004,2,69.0,FALSE,FALSE,SYNTHETIC_DEMO_DATA
INC-00001313,ALT-00000734,2025-10-09T04:49:09Z,2025-10-09T05:30:09Z,2025-10-09T05:41:09Z,2025-10-09T07:16:09Z,2025-10-09T08:36:09Z,2025-10-09T11:57:09Z,External Synthetic,Cloud Audit,AST-0117,RUL-006,Low,Closed,ANL-010,1,38.6,FALSE,FALSE,SYNTHETIC_DEMO_DATA
INC-00001485,ALT-00006771,2025-10-03T22:10:55Z,2025-10-03T22:31:55Z,2025-10-03T23:00:55Z,2025-10-03T23:44:55Z,2025-10-04T04:32:55Z,2025-10-04T05:40:55Z,EDY Shield,Endpoint Integrity,AST-0036,RUL-022,Low,Closed,ANL-012,1,49.2,TRUE,FALSE,SYNTHETIC_DEMO_DATA
INC-00000972,ALT-00001939,2025-10-22T12:31:35Z,2025-10-22T12:49:35Z,2025-10-22T12:55:35Z,2025-10-22T13:23:35Z,2025-10-22T14:37:35Z,2025-10-22T19:21:35Z,External Synthetic,Network Sensor,AST-0104,RUL-018,High,Closed,ANL-005,2,100,TRUE,FALSE,SYNTHETIC_DEMO_DATA
INC-00000565,ALT-00008382,2026-02-08T13:25:48Z,2026-02-08T14:11:48Z,2026-02-08T14:14:48Z,2026-02-08T14:39:48Z,2026-02-08T15:05:48Z,2026-02-08T16:07:48Z,EDY Shield,Endpoint Integrity,AST-0087,RUL-002,Low,Closed,ANL-008,2,63.8,FALSE,FALSE,SYNTHETIC_DEMO_DATA
INC-00001765,ALT-00002748,2025-07-16T17:23:59Z,2025-07-16T17:26:59Z,2025-07-16T17:32:59Z,2025-07-16T21:57:59Z,2025-07-16T23:29:59Z,2025-07-17T04:22:59Z,EDY RECON,Exposure Intelligence,AST-0097,RUL-036,Informational,Closed,ANL-013,3,34.9,FALSE,FALSE,SYNTHETIC_DEMO_DATA
INC-00001520,ALT-00013436,2025-04-30T19:33:54Z,2025-04-30T19:42:54Z,2025-04-30T19:53:54Z,2025-04-30T21:21:54Z,2025-05-01T08:09:54Z,2025-05-01T18:08:54Z,EDY Shield,Endpoint Integrity,AST-0057,RUL-018,Low,Closed,ANL-001,2,55.0,FALSE,FALSE,SYNTHETIC_DEMO_DATA
INC-00002371,ALT-00015646,2026-03-17T16:23:09Z,2026-03-17T16:34:09Z,2026-03-17T16:49:09Z,2026-03-17T19:04:09Z,2026-03-17T19:45:09Z,2026-03-17T21:36:09Z,EDY RECON,Exposure Intelligence,AST-0194,RUL-004,Medium,Closed,ANL-003,1,84.5,FALSE,FALSE,SYNTHETIC_DEMO_DATA
INC-00003172,ALT-00002334,2025-08-15T14:39:15Z,2025-08-15T14:54:15Z,2025-08-15T15:36:15Z,2025-08-15T16:17:15Z,2025-08-16T01:05:15Z,2025-08-16T10:39:15Z,EDY RECON,Exposure Intelligence,AST-0228,RUL-035,Low,Closed,ANL-011,1,49.4,FALSE,FALSE,SYNTHETIC_DEMO_DATA
INC-00002525,ALT-00013469,2025-09-07T05:20:48Z,2025-09-07T05:44:48Z,2025-09-07T05:48:48Z,2025-09-07T08:58:48Z,2025-09-07T10:36:48Z,2025-09-07T21:15:48Z,External Synthetic,Network Sensor,AST-0087,RUL-037,Informational,Closed,ANL-003,2,47.7,FALSE,FALSE,SYNTHETIC_DEMO_DATA
INC-00002988,ALT-00016504,2025-04-14T23:27:18Z,2025-04-14T23:41:18Z,2025-04-15T00:04:18Z,2025-04-15T02:52:18Z,2025-04-15T04:27:18Z,2025-04-15T08:53:18Z,EDY Sentinel,Cloud Detection,AST-0201,RUL-043,Low,Closed,ANL-003,3,56.5,FALSE,FALSE,SYNTHETIC_DEMO_DATA
INC-00000827,ALT-00004638,2025-12-22T11:24:19Z,2025-12-22T11:51:19Z,2025-12-22T12:13:19Z,2025-12-22T13:45:19Z,2025-12-22T20:46:19Z,2025-12-23T01:56:19Z,External Synthetic,Cloud Audit,AST-0205,RUL-005,Low,Closed,ANL-010,1,51.0,FALSE,FALSE,SYNTHETIC_DEMO_DATA
INC-00002185,ALT-00001779,2026-01-05T12:33:12Z,2026-01-05T12:56:12Z,2026-01-05T13:05:12Z,2026-01-05T14:09:12Z,2026-01-05T14:54:12Z,2026-01-05T22:50:12Z,EDY SIEM,Correlation Hub,AST-0191,RUL-034,Medium,Closed,ANL-009,1,66.2,FALSE,FALSE,SYNTHETIC_DEMO_DATA
INC-00002043,ALT-00004209,2026-06-05T09:34:29Z,2026-06-05T10:40:29Z,2026-06-05T10:56:29Z,2026-06-05T13:48:29Z,2026-06-06T03:17:29Z,2026-06-06T12:53:29Z,EDY SIEM,Correlation Hub,AST-0126,RUL-023,Informational,Closed,ANL-011,2,24.1,FALSE,FALSE,SYNTHETIC_DEMO_DATA
INC-00001869,ALT-00015632,2026-03-25T16:16:15Z,2026-03-25T16:51:15Z,2026-03-25T17:04:15Z,2026-03-25T19:49:15Z,2026-03-25T21:44:15Z,2026-03-26T03:37:15Z,External Synthetic,Identity Provider,AST-0051,RUL-005,Informational,fechado,ANL-005,1,42.5,FALSE,FALSE,SYNTHETIC_DEMO_DATA
INC-00001435,ALT-00003715,2025-09-28T18:43:34Z,2025-09-28T18:48:34Z,2025-09-28T18:56:34Z,2025-09-29T06:37:34Z,2025-09-30T00:16:34Z,2025-09-30T10:08:34Z,External Synthetic,Cloud Audit,AST-0029,RUL-003,Informational,Closed,ANL-001,2,40.3,FALSE,FALSE,SYNTHETIC_DEMO_DATA
INC-00001792,ALT-00005888,2025-02-15T18:31:26Z,2025-02-15T18:48:26Z,2025-02-15T19:04:26Z,2025-02-15T21:23:26Z,2025-02-16T02:02:26Z,2025-02-16T07:09:26Z,EDY Sentinel,Cloud Detection,AST-0093,RUL-029,Low,Closed,ANL-005,2,49.1,FALSE,FALSE,SYNTHETIC_DEMO_DATA
INC-00002461,ALT-00016323,2025-04-07T11:21:32Z,2025-04-07T11:54:32Z,2025-04-07T12:04:32Z,,,,EDY SIEM,Correlation Hub,AST-0076,RUL-011,MEDIUM,Active,ANL-003,0,65.2,FALSE,FALSE,SYNTHETIC_DEMO_DATA
INC-00002839,ALT-00017887,2026-03-30T08:18:35Z,2026-03-30T08:22:35Z,2026-03-30T08:41:35Z,2026-03-30T10:59:35Z,2026-03-30T18:47:35Z,2026-03-31T05:07:35Z,External Synthetic,Network Sensor,AST-0220,RUL-029,Low,Closed,ANL-002,1,44.9,FALSE,FALSE,SYNTHETIC_DEMO_DATA
INC-00001197,ALT-00008883,2026-02-05T06:55:16Z,2026-02-05T07:11:16Z,2026-02-05T07:30:16Z,2026-02-05T08:07:16Z,2026-02-05T09:15:16Z,2026-02-05T13:05:16Z,External Synthetic,Cloud Audit,AST-0217,RUL-004,Low,Closed,ANL-012,1,61.0,FALSE,FALSE,SYNTHETIC_DEMO_DATA
INC-00000907,ALT-00009751,2025-11-08T13:09:22Z,2025-11-08T13:26:22Z,2025-11-08T13:51:22Z,2025-11-08T14:41:22Z,2025-11-08T23:12:22Z,,EDY Sentinel,Cloud Detection,AST-0182,RUL-010,Informational,Resolved,ANL-007,2,33.3,FALSE,FALSE,SYNTHETIC_DEMO_DATA
INC-00000334,ALT-00003068,2025-03-27T12:33:28Z,2025-03-27T13:09:28Z,2025-03-27T13:36:28Z,2025-03-27T14:17:28Z,2025-03-27T17:35:28Z,,External Synthetic,Network Sensor,AST-0231,RUL-023,Low,Resolved,ANL-005,3,63.9,FALSE,FALSE,SYNTHETIC_DEMO_DATA
INC-00002201,ALT-00014752,2025-10-09T17:10:02Z,2025-10-09T17:19:02Z,2025-10-09T17:24:02Z,2025-10-09T18:33:02Z,2025-10-10T00:07:02Z,2025-10-10T01:56:02Z,External Synthetic,Network Sensor,AST-0071,RUL-012,Informational,Closed,ANL-003,4,30.3,FALSE,FALSE,SYNTHETIC_DEMO_DATA
INC-00001025,ALT-00010757,2026-03-26T21:16:43Z,2026-03-26T22:30:43Z,2026-03-26T23:24:43Z,2026-03-27T00:21:43Z,2026-03-27T03:48:43Z,2026-03-27T12:59:43Z,EDY Sentinel,Cloud Detection,AST-0203,RUL-042,Informational,Closed,ANL-009,1,50.4,FALSE,FALSE,SYNTHETIC_DEMO_DATA
INC-00001752,ALT-00000282,2026-04-06T09:00:49Z,2026-04-06T09:11:49Z,2026-04-06T09:29:49Z,2026-04-06T09:38:49Z,2026-04-06T10:24:49Z,2026-04-06T17:43:49Z,EDY Shield,Endpoint Integrity,AST-0070,RUL-017,Medium,Closed,ANL-016,3,66.3,FALSE,FALSE,SYNTHETIC_DEMO_DATA
INC-00002634,ALT-00006178,2026-01-04T11:22:15Z,2026-01-04T11:32:15Z,2026-01-04T11:52:15Z,2026-01-04T14:48:15Z,2026-01-04T20:06:15Z,2026-01-05T05:16:15Z,External Synthetic,Network Sensor,AST-0136,RUL-028,Informational,Closed,ANL-014,3,40.4,FALSE,FALSE,SYNTHETIC_DEMO_DATA
INC-00003107,ALT-00009459,2026-03-30T18:50:22Z,2026-03-30T19:16:22Z,2026-03-30T19:49:22Z,2026-03-30T21:25:22Z,2026-03-30T22:30:22Z,,EDY RECON,Exposure Intelligence,AST-0065,RUL-005,Informational,Resolved,ANL-015,1,36.7,FALSE,FALSE,SYNTHETIC_DEMO_DATA
INC-00002018,ALT-00016834,2026-06-15T11:45:31Z,2026-06-15T11:53:31Z,2026-06-15T12:05:31Z,2026-06-15T12:46:31Z,2026-06-15T13:20:31Z,2026-06-15T15:12:31Z,EDY Shield,Endpoint Integrity,AST-0147,RUL-024,Medium,Closed,ANL-008,1,68.4,FALSE,FALSE,SYNTHETIC_DEMO_DATA
INC-00000889,ALT-00002343,2025-07-04T18:57:02Z,2025-07-04T19:19:02Z,2025-07-04T19:29:02Z,2025-07-04T20:44:02Z,2025-07-05T02:42:02Z,2025-07-05T14:40:02Z,EDY SIEM,Correlation Hub,AST-0055,RUL-015,High,Closed,ANL-010,1,100,TRUE,FALSE,SYNTHETIC_DEMO_DATA
INC-00000870,ALT-00014673,2026-02-16T16:31:45Z,2026-02-16T18:38:45Z,2026-02-16T18:46:45Z,2026-02-16T22:43:45Z,2026-02-17T08:29:45Z,,EDY RECON,Exposure Intelligence,AST-0145,RUL-010,Informational,Resolved,ANL-014,3,45.6,FALSE,FALSE,SYNTHETIC_DEMO_DATA
INC-00003005,ALT-00003785,2025-12-03T00:17:05Z,2025-12-03T00:28:05Z,2025-12-03T00:55:05Z,2025-12-03T03:24:05Z,2025-12-03T05:38:05Z,2025-12-03T08:31:05Z,External Synthetic,Cloud Audit,AST-0175,RUL-011,Low,Closed,ANL-010,1,46.0,FALSE,FALSE,SYNTHETIC_DEMO_DATA
INC-00000432,ALT-00017044,2025-07-07T07:41:39Z,2025-07-07T08:03:39Z,2025-07-07T08:16:39Z,2025-07-07T10:47:39Z,2025-07-07T17:59:39Z,2025-07-08T00:02:39Z,EDY SIEM,Correlation Hub,AST-0023,RUL-032,Low,Closed,ANL-003,1,65.8,FALSE,FALSE,SYNTHETIC_DEMO_DATA
INC-00000701,ALT-00002262,2025-10-25T12:16:08Z,2025-10-25T12:40:08Z,2025-10-25T12:53:08Z,2025-10-25T14:19:08Z,2025-10-25T16:06:08Z,2025-10-25T21:50:08Z,External Synthetic,Network Sensor,AST-0125,RUL-011,Informational,Closed,ANL-009,1,35.4,FALSE,FALSE,SYNTHETIC_DEMO_DATA
INC-00000667,ALT-00014368,2026-06-19T14:12:36Z,2026-06-19T14:33:36Z,2026-06-19T14:41:36Z,,,,EDY SIEM,Correlation Hub,AST-0104,RUL-022,Medium,Active,ANL-015,0,81.0,FALSE,FALSE,SYNTHETIC_DEMO_DATA
INC-00002981,ALT-00015294,2026-05-17T12:18:57Z,2026-05-17T12:27:57Z,2026-05-17T13:28:57Z,2026-05-17T16:22:57Z,2026-05-17T20:33:57Z,2026-05-18T06:08:57Z,External Synthetic,Identity Provider,AST-0088,RUL-019,Low,Closed,ANL-016,1,68.0,TRUE,FALSE,SYNTHETIC_DEMO_DATA
INC-00001735,ALT-00010949,2025-02-26T15:59:13Z,,,,,,EDY SIEM,Correlation Hub,AST-0073,RUL-001,High,New,ANL-010,0,100,TRUE,FALSE,SYNTHETIC_DEMO_DATA
INC-00001463,ALT-00015757,2025-10-30T09:41:50Z,2025-10-30T10:12:50Z,2025-10-30T10:25:50Z,2025-10-30T13:10:50Z,2025-10-30T18:18:50Z,,External Synthetic,Network Sensor,AST-0185,RUL-021,Informational,Resolved,ANL-003,3,59.4,TRUE,FALSE,SYNTHETIC_DEMO_DATA
INC-00001014,ALT-00016019,2025-04-13T08:33:24Z,2025-04-13T09:34:24Z,2025-04-13T10:08:24Z,2025-04-13T11:29:24Z,2025-04-13T12:00:24Z,2025-04-13T22:28:24Z,EDY SIEM,Correlation Hub,AST-0003,RUL-004,Medium,Closed,ANL-016,3,64.2,FALSE,FALSE,SYNTHETIC_DEMO_DATA
INC-00002824,ALT-00008717,2026-04-15T11:48:00Z,2026-04-15T12:20:00Z,2026-04-15T12:43:00Z,2026-04-15T13:31:00Z,2026-04-15T14:31:00Z,,EDY SIEM,Correlation Hub,AST-0001,RUL-005,Informational,Resolved,ANL-016,2,42.0,FALSE,FALSE,SYNTHETIC_DEMO_DATA
INC-00003184,ALT-00003119,2025-06-09T15:10:07Z,2025-06-09T15:35:07Z,2025-06-09T15:53:07Z,,,,External Synthetic,Identity Provider,AST-0060,RUL-002,Low,Active,,0,59.0,FALSE,FALSE,SYNTHETIC_DEMO_DATA
INC-00001842,ALT-00005943,2025-05-14T13:57:14Z,2025-05-14T14:40:14Z,2025-05-14T14:55:14Z,2025-05-14T16:23:14Z,2025-05-14T18:08:14Z,2025-05-15T00:24:14Z,EDY SIEM,Correlation Hub,AST-0067,RUL-020,Low,Closed,ANL-015,3,47.9,FALSE,FALSE,SYNTHETIC_DEMO_DATA
INC-00000895,ALT-00013807,2026-07-08T16:54:55Z,2026-07-08T17:03:55Z,2026-07-08T17:28:55Z,,,,EDY SIEM,Correlation Hub,AST-0061,RUL-041,Low,Active,ANL-002,0,48.3,FALSE,FALSE,SYNTHETIC_DEMO_DATA
INC-00001667,ALT-00015176,2025-12-28T17:54:02Z,2025-12-28T18:43:02Z,2025-12-28T18:56:02Z,2025-12-28T20:54:02Z,2025-12-29T00:10:02Z,2025-12-29T07:53:02Z,EDY RECON,Exposure Intelligence,AST-0120,RUL-016,Medium,Closed,ANL-017,1,70.3,FALSE,FALSE,SYNTHETIC_DEMO_DATA
INC-00000168,ALT-00009418,2025-10-15T19:41:38Z,2025-10-15T20:20:38Z,2025-10-15T21:06:38Z,2025-10-15T21:46:38Z,2025-10-16T04:20:38Z,2025-10-16T10:38:38Z,EDY SIEM,Correlation Hub,AST-0106,RUL-002,Informational,Closed,ANL-014,1,35.3,FALSE,FALSE,SYNTHETIC_DEMO_DATA
INC-00001854,ALT-00011899,2025-02-01T20:22:00Z,,,,,,EDY SIEM,Correlation Hub,AST-0191,RUL-037,Informational,New,ANL-002,0,36.4,FALSE,FALSE,SYNTHETIC_DEMO_DATA
INC-00001877,ALT-00010163,2025-05-06T08:21:46Z,2025-05-06T08:35:46Z,2025-05-06T09:00:46Z,2025-05-06T09:27:46Z,2025-05-06T12:17:46Z,2025-05-06T23:40:46Z,External Synthetic,Cloud Audit,AST-0122,RUL-038,Informational,Closed,ANL-003,1,54.5,FALSE,FALSE,SYNTHETIC_DEMO_DATA
INC-00002135,ALT-00016502,2025-07-08T17:06:53Z,2025-07-08T17:15:53Z,2025-07-08T17:32:53Z,2025-07-08T17:59:53Z,2025-07-08T20:41:53Z,2025-07-09T05:08:53Z,EDY SIEM,Correlation Hub,AST-0078,RUL-006,High,Closed,ANL-018,1,100,TRUE,FALSE,SYNTHETIC_DEMO_DATA
INC-00001454,ALT-00010507,2025-11-30T12:02:15Z,2025-11-30T12:30:15Z,2025-11-30T12:44:15Z,2025-11-30T15:30:15Z,2025-11-30T16:19:15Z,2025-11-30T22:27:15Z,External Synthetic,Network Sensor,AST-0051,RUL-037,Informational,Closed,ANL-012,1,47.5,FALSE,FALSE,SYNTHETIC_DEMO_DATA
INC-00002805,ALT-00005219,2025-11-25T09:51:01Z,2025-11-25T10:07:01Z,2025-11-25T10:50:01Z,2025-11-25T13:42:01Z,2025-11-25T16:42:01Z,2025-11-26T01:31:01Z,External Synthetic,Network Sensor,AST-0064,RUL-006,Low,Closed,ANL-006,1,71.4,TRUE,FALSE,SYNTHETIC_DEMO_DATA
INC-00000310,ALT-00014222,2025-05-26T13:29:39Z,2025-05-26T13:49:39Z,2025-05-26T14:26:39Z,2025-05-26T18:35:39Z,2025-05-26T20:39:39Z,2025-05-27T02:04:39Z,EDY Sentinel,Cloud Detection,AST-0057,RUL-012,Informational,Closed,ANL-010,1,37.9,FALSE,FALSE,SYNTHETIC_DEMO_DATA
INC-00000128,ALT-00012226,2026-03-02T12:21:43Z,2026-03-02T13:03:43Z,2026-03-02T13:15:43Z,2026-03-02T17:34:43Z,2026-03-02T20:17:43Z,2026-03-03T03:37:43Z,EDY SIEM,Correlation Hub,AST-0055,RUL-018,Informational,Closed,ANL-006,3,40.1,FALSE,FALSE,SYNTHETIC_DEMO_DATA
INC-00000927,ALT-00001343,2026-07-02T08:40:13Z,2026-07-02T09:15:13Z,2026-07-02T09:21:13Z,2026-07-02T09:55:13Z,2026-07-02T11:00:13Z,,EDY SIEM,Correlation Hub,AST-0183,RUL-012,Informational,Resolved,ANL-011,1,33.0,FALSE,FALSE,SYNTHETIC_DEMO_DATA
INC-00001883,ALT-00015189,2025-12-17T19:55:09Z,2025-12-17T20:14:09Z,2025-12-17T20:41:09Z,2025-12-17T21:17:09Z,2025-12-17T23:53:09Z,2025-12-18T04:06:09Z,EDY Sentinel,Cloud Detection,AST-0099,RUL-028,High,Closed,ANL-018,1,81.3,TRUE,FALSE,SYNTHETIC_DEMO_DATA
INC-00002364,ALT-00012306,2025-11-16T18:11:29Z,2025-11-16T18:35:29Z,2025-11-16T19:04:29Z,2025-11-16T19:57:29Z,2025-11-17T06:30:29Z,2025-11-17T14:58:29Z,External Synthetic,Network Sensor,AST-0143,RUL-023,Medium,Closed,ANL-016,1,65.0,FALSE,FALSE,SYNTHETIC_DEMO_DATA
INC-00000150,ALT-00008588,2025-08-07T12:56:05Z,2025-08-07T13:11:05Z,2025-08-07T13:26:05Z,2025-08-07T14:19:05Z,2025-08-07T23:50:05Z,2025-08-08T04:13:05Z,EDY SIEM,Correlation Hub,AST-0113,RUL-033,High,Closed,ANL-017,4,100,TRUE,FALSE,SYNTHETIC_DEMO_DATA
INC-00001548,ALT-00014447,2025-09-13T11:44:28Z,2025-09-13T12:35:28Z,2025-09-13T13:28:28Z,2025-09-13T22:33:28Z,2025-09-13T23:00:28Z,2025-09-14T05:44:28Z,EDY SIEM,Correlation Hub,AST-0240,RUL-041,Low,Closed,ANL-003,4,59.0,FALSE,FALSE,SYNTHETIC_DEMO_DATA
INC-00002349,ALT-00012729,2025-04-26T10:49:31Z,2025-04-26T10:59:31Z,2025-04-26T11:36:31Z,2025-04-26T14:12:31Z,2025-04-26T19:33:31Z,2025-04-27T02:21:31Z,External Synthetic,Identity Provider,AST-0011,RUL-013,Informational,Closed,ANL-011,3,35.9,FALSE,FALSE,SYNTHETIC_DEMO_DATA
INC-00002457,ALT-00015181,2026-04-26T23:26:52Z,2026-04-27T00:13:52Z,2026-04-27T00:49:52Z,2026-04-27T02:50:52Z,2026-04-27T06:34:52Z,2026-04-27T17:21:52Z,EDY SIEM,Correlation Hub,AST-0003,RUL-044,Informational,Closed,ANL-011,2,35.1,FALSE,FALSE,SYNTHETIC_DEMO_DATA
INC-00002496,ALT-00002824,2025-06-21T11:49:58Z,2025-06-21T12:12:58Z,2025-06-21T13:13:58Z,2025-06-21T13:29:58Z,2025-06-21T16:01:58Z,2025-06-21T17:36:58Z,EDY SIEM,Correlation Hub,AST-0141,RUL-035,Low,Closed,ANL-009,2,54.9,FALSE,FALSE,SYNTHETIC_DEMO_DATA
INC-00000665,ALT-00012343,2025-08-08T16:43:53Z,2025-08-08T17:57:53Z,2025-08-08T18:17:53Z,2025-08-08T22:28:53Z,2025-08-09T19:59:53Z,2025-08-10T07:53:53Z,EDY Shield,Endpoint Integrity,AST-0204,RUL-023,Informational,Closed,ANL-009,1,40.3,FALSE,FALSE,SYNTHETIC_DEMO_DATA
INC-00002413,ALT-00012490,2025-11-20T10:01:56Z,2025-11-20T10:27:56Z,2025-11-20T10:34:56Z,2025-11-20T14:04:56Z,2025-11-20T14:43:56Z,2025-11-20T16:54:56Z,EDY SIEM,Correlation Hub,AST-0174,RUL-029,Informational,Closed,ANL-013,1,36.4,FALSE,FALSE,SYNTHETIC_DEMO_DATA
INC-00001945,ALT-00010755,2026-07-15T18:23:51Z,2026-07-15T18:49:51Z,2026-07-15T19:25:51Z,2026-07-15T19:47:51Z,2026-07-16T01:08:51Z,2026-07-16T12:00:51Z,EDY Shield,Endpoint Integrity,AST-0032,RUL-030,Low,Closed,ANL-014,1,67.7,FALSE,FALSE,SYNTHETIC_DEMO_DATA
INC-00002475,ALT-00007785,2025-03-12T10:23:00Z,2025-03-12T11:26:00Z,2025-03-12T11:33:00Z,2025-03-12T18:29:00Z,2025-03-12T19:30:00Z,2025-03-13T05:58:00Z,EDY Shield,Endpoint Integrity,AST-0093,RUL-033,Informational,Closed,ANL-011,2,47.0,TRUE,FALSE,SYNTHETIC_DEMO_DATA
INC-00002935,ALT-00015297,2025-12-09T12:28:25Z,2025-12-09T13:02:25Z,2025-12-09T13:18:25Z,2025-12-09T13:43:25Z,2025-12-09T17:01:25Z,2025-12-10T04:13:25Z,External Synthetic,Cloud Audit,AST-0193,RUL-011,Informational,Closed,ANL-013,1,35.4,FALSE,FALSE,SYNTHETIC_DEMO_DATA
INC-00001951,ALT-00017862,2025-02-09T12:46:05Z,2025-02-09T13:07:05Z,2025-02-09T14:19:05Z,2025-02-09T15:50:05Z,2025-02-09T16:39:05Z,2025-02-09T19:57:05Z,External Synthetic,Identity Provider,AST-0156,RUL-020,Low,Closed,ANL-008,2,49.2,FALSE,FALSE,SYNTHETIC_DEMO_DATA
INC-00001087,ALT-00000850,2025-12-11T01:57:57Z,2025-12-11T02:01:57Z,2025-12-11T02:11:57Z,2025-12-11T10:30:57Z,2025-12-11T11:47:57Z,2025-12-11T21:19:57Z,EDY Shield,Endpoint Integrity,AST-0127,RUL-036,Medium,Closed,ANL-009,1,69.1,FALSE,FALSE,SYNTHETIC_DEMO_DATA
INC-00002658,ALT-00009182,2026-07-28T17:27:40Z,2026-07-28T17:36:40Z,2026-07-28T18:23:40Z,2026-07-28T18:45:40Z,2026-07-29T10:11:40Z,2026-07-29T12:20:40Z,EDY Sentinel,Cloud Detection,AST-0047,RUL-025,Low,Closed,ANL-009,1,57.6,FALSE,FALSE,SYNTHETIC_DEMO_DATA
INC-00002485,ALT-00003411,2026-04-13T15:35:28Z,2026-04-13T15:50:28Z,2026-04-13T15:59:28Z,2026-04-13T19:36:28Z,2026-04-13T20:59:28Z,2026-04-14T07:55:28Z,External Synthetic,Cloud Audit,AST-0002,RUL-044,Medium,Closed,ANL-015,1,66.7,FALSE,FALSE,SYNTHETIC_DEMO_DATA
INC-00002920,ALT-00014388,2025-06-05T14:18:38Z,2025-06-05T14:38:38Z,2025-06-05T14:56:38Z,2025-06-05T15:32:38Z,,,External Synthetic,Network Sensor,AST-0002,RUL-018,Low,Contained,ANL-011,0,49.5,FALSE,FALSE,SYNTHETIC_DEMO_DATA
INC-00002842,ALT-00009731,2026-06-12T15:45:11Z,2026-06-12T16:07:11Z,2026-06-12T16:32:11Z,2026-06-12T17:49:11Z,2026-06-12T18:40:11Z,,External Synthetic,Cloud Audit,AST-0153,RUL-035,Low,Resolved,ANL-017,1,36.5,FALSE,FALSE,SYNTHETIC_DEMO_DATA
INC-00000757,ALT-00015329,2026-01-04T13:46:51Z,2026-01-04T14:48:51Z,2026-01-04T15:01:51Z,2026-01-04T19:08:51Z,2026-01-04T20:41:51Z,2026-01-05T05:42:51Z,External Synthetic,Cloud Audit,AST-0194,RUL-033,Informational,Closed,ANL-013,1,47.2,FALSE,FALSE,SYNTHETIC_DEMO_DATA
INC-00000164,ALT-00006478,2025-11-03T10:15:13Z,2025-11-03T10:42:13Z,2025-11-03T10:52:13Z,2025-11-03T11:51:13Z,2025-11-03T12:41:13Z,2025-11-04T00:40:13Z,External Synthetic,Cloud Audit,AST-0235,RUL-033,Low,Closed,ANL-007,1,62.9,FALSE,FALSE,SYNTHETIC_DEMO_DATA
INC-00000067,ALT-00002532,2025-06-10T10:47:15Z,2025-06-10T11:20:15Z,2025-06-10T12:01:15Z,2025-06-10T12:30:15Z,2025-06-10T15:05:15Z,2025-06-10T19:35:15Z,External Synthetic,Identity Provider,AST-0100,RUL-031,Critical,Closed,ANL-005,4,100,TRUE,FALSE,SYNTHETIC_DEMO_DATA
INC-00000142,ALT-00001098,2025-07-20T10:54:00Z,2025-07-20T11:11:00Z,2025-07-20T11:23:00Z,2025-07-20T15:51:00Z,2025-07-20T18:40:00Z,2025-07-21T01:21:00Z,External Synthetic,Cloud Audit,AST-0065,RUL-001,Informational,Closed,ANL-016,1,38.4,FALSE,FALSE,SYNTHETIC_DEMO_DATA
INC-00002369,ALT-00013230,2025-12-01T17:38:59Z,2025-12-01T17:43:59Z,2025-12-01T17:54:59Z,2025-12-01T20:17:59Z,2025-12-01T21:54:59Z,,External Synthetic,Identity Provider,AST-0048,RUL-045,High,Resolved,ANL-018,1,96.3,TRUE,FALSE,SYNTHETIC_DEMO_DATA
INC-00001771,ALT-00004622,2025-08-09T17:59:42Z,2025-08-09T18:08:42Z,2025-08-09T18:23:42Z,2025-08-09T19:13:42Z,2025-08-09T21:15:42Z,2025-08-10T06:56:42Z,External Synthetic,Identity Provider,AST-0231,RUL-021,Informational,Closed,ANL-007,2,54.3,TRUE,FALSE,SYNTHETIC_DEMO_DATA
INC-00000679,ALT-00004847,2025-07-31T12:14:31Z,2025-07-31T12:38:31Z,2025-07-31T13:08:31Z,2025-07-31T15:55:31Z,2025-08-01T03:01:31Z,,External Synthetic,Cloud Audit,AST-0037,RUL-045,Informational,Resolved,ANL-001,1,41.1,FALSE,FALSE,SYNTHETIC_DEMO_DATA
INC-00001897,ALT-00011941,2025-05-28T09:19:31Z,2025-05-28T09:27:31Z,2025-05-28T10:08:31Z,2025-05-28T11:13:31Z,2025-05-28T18:20:31Z,2025-05-28T18:33:31Z,EDY Shield,Endpoint Integrity,AST-0031,RUL-018,Medium,Closed,ANL-009,1,66.2,FALSE,FALSE,SYNTHETIC_DEMO_DATA
INC-00001223,ALT-00002672,2026-03-13T13:50:51Z,2026-03-13T14:25:51Z,2026-03-13T14:34:51Z,2026-03-13T18:27:51Z,2026-03-13T20:17:51Z,2026-03-13T21:37:51Z,EDY Sentinel,Cloud Detection,AST-0001,RUL-003,Informational,Closed,ANL-009,1,45.6,FALSE,FALSE,SYNTHETIC_DEMO_DATA
INC-00001297,ALT-00002298,2026-07-26T13:38:06Z,2026-07-26T14:01:06Z,2026-07-26T14:11:06Z,2026-07-26T15:29:06Z,2026-07-26T21:20:06Z,2026-07-27T03:27:06Z,External Synthetic,Network Sensor,AST-0136,RUL-033,Medium,Closed,ANL-015,1,73.7,FALSE,FALSE,SYNTHETIC_DEMO_DATA
INC-00001058,ALT-00016614,2025-08-24T10:06:58Z,2025-08-24T12:05:58Z,2025-08-24T12:16:58Z,,,,EDY Shield,Endpoint Integrity,AST-0088,RUL-034,Low,Active,ANL-013,0,52.1,FALSE,FALSE,SYNTHETIC_DEMO_DATA
INC-00001908,ALT-00013816,2025-08-10T14:26:18Z,2025-08-10T15:13:18Z,2025-08-10T16:09:18Z,2025-08-10T17:37:18Z,2025-08-10T21:28:18Z,2025-08-11T01:52:18Z,External Synthetic,Cloud Audit,AST-0237,RUL-018,Low,Closed,ANL-003,1,56.1,FALSE,TRUE,SYNTHETIC_DEMO_DATA
INC-00002385,ALT-00009796,2025-09-22T13:33:51Z,2025-09-22T13:39:51Z,2025-09-22T14:10:51Z,2025-09-22T14:58:51Z,2025-09-22T16:19:51Z,2025-09-22T17:20:51Z,EDY Shield,Endpoint Integrity,AST-0135,RUL-025,Critical,Closed,ANL-015,1,93.2,TRUE,TRUE,SYNTHETIC_DEMO_DATA
INC-00003075,ALT-00011616,2026-01-27T15:45:53Z,2026-01-27T16:01:53Z,2026-01-27T16:24:53Z,2026-01-27T18:14:53Z,2026-01-27T20:14:53Z,2026-01-28T07:59:53Z,External Synthetic,Network Sensor,AST-0009,RUL-012,Informational,Closed,ANL-005,3,26.2,FALSE,FALSE,SYNTHETIC_DEMO_DATA
INC-00002737,ALT-00011893,2025-10-08T19:14:07Z,2025-10-08T19:34:07Z,2025-10-08T20:00:07Z,2025-10-08T20:38:07Z,2025-10-08T23:36:07Z,2025-10-09T09:28:07Z,EDY SIEM,Correlation Hub,AST-0073,RUL-040,Low,Closed,ANL-014,1,54.1,FALSE,FALSE,SYNTHETIC_DEMO_DATA
INC-00003109,ALT-00004076,2025-07-14T09:17:28Z,2025-07-14T10:35:28Z,2025-07-14T11:18:28Z,2025-07-14T16:49:28Z,2025-07-14T17:35:28Z,2025-07-14T23:25:28Z,EDY Shield,Endpoint Integrity,AST-0180,RUL-008,Medium,Closed,ANL-003,3,59.3,FALSE,FALSE,SYNTHETIC_DEMO_DATA
INC-00000790,ALT-00008471,2026-03-08T21:33:47Z,2026-03-08T22:01:47Z,2026-03-08T23:15:47Z,2026-03-09T00:00:47Z,2026-03-09T09:47:47Z,2026-03-09T15:26:47Z,EDY SIEM,Correlation Hub,AST-0029,RUL-027,Informational,Closed,ANL-016,1,41.5,FALSE,FALSE,SYNTHETIC_DEMO_DATA
INC-00000313,ALT-00014420,2025-04-22T13:19:23Z,2025-04-22T14:24:23Z,2025-04-22T14:44:23Z,2025-04-22T16:21:23Z,2025-04-23T01:32:23Z,2025-04-23T02:03:23Z,EDY RECON,Exposure Intelligence,AST-0210,RUL-006,Informational,Closed,ANL-007,1,40.0,FALSE,FALSE,SYNTHETIC_DEMO_DATA
INC-00001393,ALT-00001637,2025-11-28T16:01:31Z,2025-11-28T16:12:31Z,2025-11-28T16:25:31Z,2025-11-28T19:30:31Z,2025-11-29T05:32:31Z,2025-11-29T09:43:31Z,EDY SIEM,Correlation Hub,AST-0226,RUL-013,Low,Closed,,4,58.9,FALSE,FALSE,SYNTHETIC_DEMO_DATA
INC-00001894,ALT-00012452,2026-07-27T09:29:11Z,2026-07-27T09:40:11Z,2026-07-27T09:55:11Z,2026-07-27T10:25:11Z,2026-07-27T11:08:11Z,2026-07-27T13:21:11Z,EDY RECON,Exposure Intelligence,AST-0072,RUL-027,Low,Closed,ANL-011,4,45.4,FALSE,FALSE,SYNTHETIC_DEMO_DATA
INC-00001264,ALT-00006993,2025-06-26T08:26:42Z,2025-06-26T08:53:42Z,2025-06-26T09:00:42Z,2025-06-26T09:57:42Z,2025-06-26T11:44:42Z,2025-06-26T21:54:42Z,External Synthetic,Identity Provider,AST-0080,RUL-018,Low,Closed,ANL-011,1,49.8,FALSE,FALSE,SYNTHETIC_DEMO_DATA
INC-00002544,ALT-00000835,2026-07-03T14:55:03Z,2026-07-03T16:07:03Z,2026-07-03T16:20:03Z,2026-07-03T17:03:03Z,2026-07-03T18:14:03Z,2026-07-04T02:49:03Z,EDY RECON,Exposure Intelligence,AST-0207,RUL-013,Low,Closed,ANL-015,1,37.4,FALSE,TRUE,SYNTHETIC_DEMO_DATA
INC-00001592,ALT-00003015,2026-05-27T15:08:56Z,2026-05-27T15:51:56Z,2026-05-27T16:13:56Z,2026-05-27T16:44:56Z,2026-05-28T05:39:56Z,2026-05-28T15:32:56Z,External Synthetic,Cloud Audit,AST-0227,RUL-004,Low,Closed,,1,50.6,FALSE,FALSE,SYNTHETIC_DEMO_DATA
INC-00002996,ALT-00014426,2025-06-05T12:38:36Z,2025-06-05T13:18:36Z,2025-06-05T13:39:36Z,2025-06-05T13:58:36Z,2025-06-05T16:53:36Z,2025-06-05T20:58:36Z,External Synthetic,Network Sensor,AST-0240,RUL-013,MEDIUM,Closed,ANL-002,2,78.5,FALSE,FALSE,SYNTHETIC_DEMO_DATA
INC-00001630,ALT-00014506,2025-10-29T12:17:46Z,2025-10-29T12:30:46Z,2025-10-29T12:35:46Z,2025-10-29T13:02:46Z,2025-10-29T16:58:46Z,2025-10-29T21:36:46Z,EDY SIEM,Correlation Hub,AST-0240,RUL-018,High,Closed,ANL-007,1,99.9,TRUE,FALSE,SYNTHETIC_DEMO_DATA
INC-00001423,ALT-00003557,2025-09-01T08:02:04Z,2025-09-01T08:13:04Z,2025-09-01T08:25:04Z,2025-09-01T09:06:04Z,2025-09-01T10:51:04Z,,External Synthetic,Cloud Audit,AST-0145,RUL-040,Informational,Resolved,ANL-013,1,39.1,FALSE,FALSE,SYNTHETIC_DEMO_DATA
INC-00001334,ALT-00003540,2025-08-11T19:40:14Z,2025-08-11T20:01:14Z,2025-08-11T20:26:14Z,2025-08-11T23:35:14Z,2025-08-12T07:54:14Z,2025-08-12T12:46:14Z,External Synthetic,Cloud Audit,AST-0213,RUL-018,Informational,Closed,ANL-006,1,48.4,FALSE,FALSE,SYNTHETIC_DEMO_DATA
INC-00001062,ALT-00001580,2026-07-06T02:30:30Z,2026-07-06T02:38:30Z,2026-07-06T03:54:30Z,2026-07-06T04:34:30Z,2026-07-06T09:26:30Z,2026-07-06T11:29:30Z,External Synthetic,Cloud Audit,AST-0005,RUL-040,Medium,Closed,ANL-004,1,79.8,FALSE,FALSE,SYNTHETIC_DEMO_DATA
INC-00001111,ALT-00014765,2025-07-29T12:08:19Z,2025-07-29T12:51:19Z,2025-07-29T13:08:19Z,2025-07-29T15:35:19Z,2025-07-29T17:35:19Z,2025-07-29T20:10:19Z,External Synthetic,Network Sensor,AST-0222,RUL-041,Informational,Closed,ANL-001,3,51.6,TRUE,FALSE,SYNTHETIC_DEMO_DATA
INC-00000288,ALT-00009306,2025-06-17T11:46:52Z,2025-06-17T12:01:52Z,2025-06-17T12:17:52Z,2025-06-17T12:53:52Z,2025-06-17T14:50:52Z,2025-06-18T00:25:52Z,External Synthetic,Network Sensor,AST-0078,RUL-002,Low,Closed,ANL-003,1,61.2,FALSE,FALSE,SYNTHETIC_DEMO_DATA
INC-00003140,ALT-00012771,2025-12-08T03:27:53Z,2025-12-08T03:38:53Z,2025-12-08T03:54:53Z,2025-12-08T05:01:53Z,2025-12-08T12:27:53Z,2025-12-08T17:59:53Z,EDY SIEM,Correlation Hub,AST-0010,RUL-027,Informational,Closed,ANL-018,1,43.8,FALSE,FALSE,SYNTHETIC_DEMO_DATA
INC-00002264,ALT-00003379,2025-12-12T19:48:37Z,2025-12-12T20:36:37Z,2025-12-12T20:45:37Z,2025-12-12T23:06:37Z,2025-12-13T03:34:37Z,2025-12-13T06:52:37Z,EDY SIEM,Correlation Hub,AST-0067,RUL-039,Medium,Closed,ANL-014,1,62.0,FALSE,FALSE,SYNTHETIC_DEMO_DATA
INC-00002521,ALT-00013862,2025-03-13T13:21:49Z,2025-03-13T13:44:49Z,2025-03-13T14:35:49Z,2025-03-13T15:02:49Z,2025-03-13T15:26:49Z,2025-03-13T20:41:49Z,External Synthetic,Network Sensor,AST-0108,RUL-009,High,Closed,ANL-016,1,80.3,TRUE,FALSE,SYNTHETIC_DEMO_DATA
INC-00002271,ALT-00003650,2025-10-12T10:08:06Z,2025-10-12T11:07:06Z,2025-10-12T11:19:06Z,2025-10-12T13:36:06Z,2025-10-12T19:27:06Z,2025-10-13T01:04:06Z,External Synthetic,Cloud Audit,AST-0121,RUL-018,Informational,Closed,ANL-017,2,28.4,FALSE,FALSE,SYNTHETIC_DEMO_DATA
INC-00002680,ALT-00004392,2025-03-17T17:55:34Z,2025-03-17T18:03:34Z,2025-03-17T18:24:34Z,2025-03-17T19:11:34Z,2025-03-17T20:41:34Z,2025-03-18T05:06:34Z,EDY Sentinel,Cloud Detection,AST-0236,RUL-008,Informational,Closed,ANL-016,3,36.1,FALSE,FALSE,SYNTHETIC_DEMO_DATA
INC-00001591,ALT-00008244,2025-06-12T07:36:30Z,2025-06-12T08:19:30Z,2025-06-12T08:29:30Z,2025-06-12T11:12:30Z,2025-06-12T13:06:30Z,2025-06-12T17:48:30Z,EDY SIEM,Correlation Hub,AST-0196,RUL-012,Informational,Closed,ANL-007,3,41.3,FALSE,FALSE,SYNTHETIC_DEMO_DATA
INC-00000378,ALT-00004690,2025-09-28T10:54:47Z,2025-09-28T11:00:47Z,2025-09-28T12:09:47Z,,,,External Synthetic,Network Sensor,AST-0025,RUL-026,Critical,Active,ANL-006,0,100,TRUE,FALSE,SYNTHETIC_DEMO_DATA
INC-00000293,ALT-00013008,2025-02-22T19:28:47Z,2025-02-22T19:37:47Z,2025-02-22T19:52:47Z,2025-02-22T20:33:47Z,2025-02-23T00:21:47Z,2025-02-23T08:37:47Z,External Synthetic,Cloud Audit,AST-0229,RUL-008,Low,Closed,ANL-004,2,46.4,FALSE,FALSE,SYNTHETIC_DEMO_DATA
INC-00000782,ALT-00001126,2025-08-31T17:16:30Z,2025-08-31T17:30:30Z,2025-08-31T17:56:30Z,2025-08-31T18:32:30Z,2025-08-31T19:19:30Z,2025-09-01T06:29:30Z,External Synthetic,Network Sensor,AST-0033,RUL-002,Medium,Closed,ANL-002,1,75.3,FALSE,FALSE,SYNTHETIC_DEMO_DATA
INC-00001446,ALT-00012420,2025-06-23T17:13:46Z,2025-06-23T17:24:46Z,2025-06-23T17:55:46Z,2025-06-23T19:18:46Z,2025-06-23T21:52:46Z,2025-06-24T02:09:46Z,External Synthetic,Cloud Audit,AST-0158,RUL-010,Informational,Closed,ANL-014,1,49.7,FALSE,FALSE,SYNTHETIC_DEMO_DATA
INC-00001450,ALT-00001757,2025-11-28T17:55:48Z,2025-11-28T18:29:48Z,2025-11-28T19:00:48Z,2025-11-28T23:36:48Z,2025-11-29T03:52:48Z,2025-11-29T04:41:48Z,EDY SIEM,Correlation Hub,AST-0060,RUL-028,Informational,Closed,ANL-004,3,47.0,FALSE,FALSE,SYNTHETIC_DEMO_DATA
INC-00001282,ALT-00010950,2025-04-04T19:15:40Z,2025-04-04T19:37:40Z,2025-04-04T19:44:40Z,2025-04-04T20:07:40Z,2025-04-04T20:54:40Z,2025-04-05T06:44:40Z,EDY SIEM,Correlation Hub,AST-0042,RUL-012,High,Closed,ANL-013,3,100,TRUE,FALSE,SYNTHETIC_DEMO_DATA
INC-00002837,ALT-00016409,2025-02-18T16:16:32Z,2025-02-18T16:32:32Z,2025-02-18T16:38:32Z,2025-02-18T19:32:32Z,2025-02-18T21:42:32Z,2025-02-19T05:15:32Z,EDY RECON,Exposure Intelligence,AST-0205,RUL-011,Informational,Closed,ANL-015,1,36.9,FALSE,FALSE,SYNTHETIC_DEMO_DATA
INC-00002416,ALT-00016163,2026-02-23T03:08:29Z,2026-02-23T03:32:29Z,2026-02-23T03:41:29Z,2026-02-23T04:39:29Z,2026-02-23T05:59:29Z,2026-02-23T09:16:29Z,EDY Shield,Endpoint Integrity,AST-0197,RUL-037,Medium,Closed,ANL-012,1,65.4,FALSE,FALSE,SYNTHETIC_DEMO_DATA
INC-00002335,ALT-00009578,2025-06-23T11:09:21Z,2025-06-23T11:28:21Z,2025-06-23T11:59:21Z,2025-06-23T14:06:21Z,2025-06-23T23:17:21Z,2025-06-24T05:46:21Z,EDY SIEM,Correlation Hub,AST-0024,RUL-045,Informational,Closed,ANL-001,1,41.0,FALSE,FALSE,SYNTHETIC_DEMO_DATA
INC-00002112,ALT-00001988,2025-02-15T09:48:00Z,2025-02-15T10:08:00Z,2025-02-15T11:08:00Z,2025-02-15T12:06:00Z,2025-02-15T17:53:00Z,2025-02-16T05:27:00Z,EDY Shield,Endpoint Integrity,AST-0121,RUL-013,Informational,Closed,ANL-014,1,44.6,TRUE,FALSE,SYNTHETIC_DEMO_DATA
INC-00002501,ALT-00013871,2026-04-18T16:11:05Z,2026-04-18T16:38:05Z,2026-04-18T16:53:05Z,2026-04-18T18:22:05Z,2026-04-18T22:14:05Z,,External Synthetic,Identity Provider,AST-0017,RUL-016,Medium,Resolved,ANL-011,2,58.8,FALSE,FALSE,SYNTHETIC_DEMO_DATA
INC-00001353,ALT-00001217,2026-05-23T06:00:17Z,2026-05-23T06:27:17Z,2026-05-23T06:33:17Z,2026-05-23T07:54:17Z,2026-05-23T10:39:17Z,2026-05-23T19:28:17Z,External Synthetic,Network Sensor,AST-0025,RUL-024,Informational,Closed,ANL-017,3,51.3,TRUE,FALSE,SYNTHETIC_DEMO_DATA
INC-00000495,ALT-00006926,2025-04-13T19:14:12Z,2025-04-13T19:49:12Z,2025-04-13T20:02:12Z,2025-04-13T20:41:12Z,2025-04-13T22:39:12Z,2025-04-14T10:17:12Z,EDY Shield,Endpoint Integrity,AST-0151,RUL-013,Low,Closed,ANL-012,3,68.3,TRUE,FALSE,SYNTHETIC_DEMO_DATA
INC-00001205,ALT-00003702,2025-07-08T17:47:37Z,2025-07-08T18:47:37Z,2025-07-08T19:50:37Z,2025-07-08T21:00:37Z,2025-07-09T04:20:37Z,2025-07-09T13:15:37Z,EDY Shield,Endpoint Integrity,AST-0165,RUL-009,Medium,Closed,ANL-011,1,70.8,FALSE,FALSE,SYNTHETIC_DEMO_DATA
INC-00000389,ALT-00007819,2025-12-01T18:47:30Z,2025-12-01T19:22:30Z,2025-12-01T19:26:30Z,2025-12-01T22:45:30Z,2025-12-02T09:22:30Z,2025-12-02T19:34:30Z,EDY SIEM,Correlation Hub,AST-0058,RUL-023,Informational,Closed,ANL-015,1,31.6,FALSE,FALSE,SYNTHETIC_DEMO_DATA
INC-00001702,ALT-00013184,2025-02-12T12:05:35Z,2025-02-12T12:31:35Z,2025-02-12T13:48:35Z,2025-02-12T15:08:35Z,2025-02-12T17:01:35Z,,EDY Sentinel,Cloud Detection,AST-0101,RUL-018,Informational,Resolved,ANL-004,1,42.9,FALSE,FALSE,SYNTHETIC_DEMO_DATA
INC-00002298,ALT-00007554,2026-04-28T19:24:15Z,2026-04-28T20:00:15Z,2026-04-28T20:15:15Z,2026-04-29T03:49:15Z,2026-04-29T05:20:15Z,2026-04-29T05:30:15Z,EDY SIEM,Correlation Hub,AST-0062,RUL-036,Informational,Closed,ANL-008,3,33.9,FALSE,FALSE,SYNTHETIC_DEMO_DATA
INC-00000173,ALT-00017440,2026-04-13T12:56:53Z,2026-04-13T14:08:53Z,2026-04-13T14:45:53Z,2026-04-13T15:22:53Z,2026-04-13T18:31:53Z,2026-04-14T01:41:53Z,EDY RECON,Exposure Intelligence,AST-0026,RUL-022,Informational,Closed,ANL-015,3,36.4,FALSE,FALSE,SYNTHETIC_DEMO_DATA
INC-00000189,ALT-00005734,2025-05-27T23:16:52Z,2025-05-27T23:29:52Z,2025-05-27T23:42:52Z,2025-05-28T04:29:52Z,2025-05-28T08:26:52Z,,EDY Sentinel,Cloud Detection,AST-0073,RUL-017,Informational,Resolved,ANL-011,1,48.7,FALSE,FALSE,SYNTHETIC_DEMO_DATA
INC-00003144,ALT-00013281,2026-07-06T07:07:39Z,2026-07-06T07:15:39Z,2026-07-06T08:06:39Z,2026-07-06T10:23:39Z,2026-07-06T20:49:39Z,2026-07-06T22:03:39Z,External Synthetic,Network Sensor,AST-0064,RUL-003,Informational,Closed,ANL-008,4,40.5,FALSE,FALSE,SYNTHETIC_DEMO_DATA
INC-00002774,ALT-00006753,2026-05-01T10:47:45Z,2026-05-01T10:53:45Z,2026-05-01T11:23:45Z,2026-05-01T11:51:45Z,2026-05-01T12:32:45Z,2026-05-01T19:23:45Z,External Synthetic,Cloud Audit,AST-0001,RUL-017,Critical,Closed,ANL-010,1,100,TRUE,FALSE,SYNTHETIC_DEMO_DATA
INC-00001204,ALT-00010781,2025-09-05T11:14:26Z,2025-09-05T12:34:26Z,2025-09-05T12:42:26Z,2025-09-05T14:54:26Z,2025-09-05T21:25:26Z,2025-09-06T07:59:26Z,EDY Sentinel,Cloud Detection,AST-0183,RUL-009,Informational,Closed,ANL-016,1,37.6,FALSE,FALSE,SYNTHETIC_DEMO_DATA
INC-00002610,ALT-00007788,2025-05-07T12:36:14Z,2025-05-07T12:46:14Z,2025-05-07T13:00:14Z,2025-05-07T14:02:14Z,2025-05-08T01:06:14Z,2025-05-08T09:56:14Z,EDY Shield,Endpoint Integrity,AST-0226,RUL-012,Informational,Closed,ANL-002,3,47.8,FALSE,FALSE,SYNTHETIC_DEMO_DATA
INC-00000459,ALT-00014959,2026-03-01T10:50:22Z,2026-03-01T11:03:22Z,2026-03-01T11:10:22Z,2026-03-01T12:33:22Z,2026-03-01T13:33:22Z,2026-03-01T16:27:22Z,EDY Shield,Endpoint Integrity,AST-0235,RUL-028,Medium,Closed,ANL-013,3,72.3,FALSE,FALSE,SYNTHETIC_DEMO_DATA
INC-00001042,ALT-00008935,2025-05-13T00:47:24Z,2025-05-13T02:00:24Z,2025-05-13T02:42:24Z,2025-05-13T05:23:24Z,2025-05-13T08:36:24Z,2025-05-13T12:26:24Z,EDY SIEM,Correlation Hub,AST-0139,RUL-012,Low,Closed,ANL-017,1,42.0,FALSE,FALSE,SYNTHETIC_DEMO_DATA
INC-00002190,ALT-00007735,2026-04-17T17:30:59Z,2026-04-17T17:47:59Z,2026-04-17T17:57:59Z,2026-04-17T19:40:59Z,2026-04-17T22:00:59Z,2026-04-18T05:54:59Z,External Synthetic,Identity Provider,AST-0185,RUL-038,Informational,Closed,ANL-008,2,46.4,FALSE,FALSE,SYNTHETIC_DEMO_DATA
INC-00000231,ALT-00014341,2025-08-08T15:09:40Z,2025-08-08T15:44:40Z,2025-08-08T16:31:40Z,2025-08-08T18:42:40Z,2025-08-08T22:14:40Z,2025-08-09T03:26:40Z,External Synthetic,Network Sensor,AST-0040,RUL-002,Informational,Closed,ANL-005,2,41.0,TRUE,FALSE,SYNTHETIC_DEMO_DATA
INC-00001920,ALT-00002881,2026-01-09T16:25:13Z,2026-01-09T16:48:13Z,2026-01-09T17:39:13Z,2026-01-09T17:45:13Z,2026-01-10T00:26:13Z,2026-01-10T06:27:13Z,External Synthetic,Cloud Audit,AST-0208,RUL-006,Informational,Closed,ANL-008,1,40.9,FALSE,FALSE,SYNTHETIC_DEMO_DATA
INC-00000318,ALT-00002736,2025-08-27T14:57:01Z,2025-08-27T15:12:01Z,2025-08-27T15:23:01Z,2025-08-27T17:31:01Z,2025-08-27T21:04:01Z,2025-08-28T00:27:01Z,External Synthetic,Identity Provider,AST-0227,RUL-001,Low,Closed,ANL-009,1,57.6,FALSE,TRUE,SYNTHETIC_DEMO_DATA
INC-00001224,ALT-00004358,2025-06-15T07:01:10Z,2025-06-15T07:10:10Z,2025-06-15T07:34:10Z,2025-06-15T08:46:10Z,2025-06-15T10:10:10Z,2025-06-15T20:20:10Z,EDY Sentinel,Cloud Detection,AST-0030,RUL-002,High,Closed,ANL-005,1,96.9,TRUE,FALSE,SYNTHETIC_DEMO_DATA
INC-00001043,ALT-00001479,2026-05-11T23:56:46Z,2026-05-12T00:09:46Z,2026-05-12T00:47:46Z,2026-05-12T05:06:46Z,2026-05-12T13:13:46Z,2026-05-12T18:07:46Z,EDY Sentinel,Cloud Detection,AST-0153,RUL-023,Low,Closed,ANL-010,1,43.4,FALSE,FALSE,SYNTHETIC_DEMO_DATA
INC-00002794,ALT-00011400,2026-03-28T15:34:38Z,2026-03-28T16:32:38Z,2026-03-28T17:37:38Z,2026-03-28T21:10:38Z,2026-03-29T05:56:38Z,2026-03-29T07:24:38Z,EDY Sentinel,Cloud Detection,AST-0119,RUL-003,Low,Closed,ANL-011,1,65.9,TRUE,FALSE,SYNTHETIC_DEMO_DATA
INC-00000254,ALT-00015684,2026-07-31T12:47:28Z,2026-07-31T12:53:28Z,2026-07-31T13:16:28Z,2026-07-31T13:34:28Z,,,External Synthetic,Identity Provider,AST-0235,RUL-005,Low,Contained,ANL-007,0,62.6,FALSE,FALSE,SYNTHETIC_DEMO_DATA
INC-00003085,ALT-00015471,2026-07-31T10:02:01Z,2026-07-31T10:11:01Z,2026-07-31T10:14:01Z,2026-07-31T11:09:01Z,2026-07-31T16:23:01Z,2026-07-31T18:13:01Z,EDY Sentinel,Cloud Detection,AST-0032,RUL-018,High,Closed,ANL-010,1,100,TRUE,FALSE,SYNTHETIC_DEMO_DATA
INC-00000229,ALT-00002818,2026-06-15T14:53:32Z,2026-06-15T15:09:32Z,2026-06-15T15:20:32Z,,,,External Synthetic,Network Sensor,AST-0076,RUL-004,Low,Active,ANL-002,0,45.6,FALSE,FALSE,SYNTHETIC_DEMO_DATA
INC-00002340,ALT-00004007,2025-03-06T06:21:47Z,2025-03-06T06:36:47Z,2025-03-06T06:41:47Z,2025-03-06T08:31:47Z,2025-03-06T10:49:47Z,2025-03-06T14:12:47Z,EDY RECON,Exposure Intelligence,AST-0099,RUL-018,Informational,Closed,ANL-002,1,21.7,FALSE,FALSE,SYNTHETIC_DEMO_DATA
INC-00001413,ALT-00000641,2025-05-17T18:56:22Z,2025-05-17T19:09:22Z,2025-05-17T19:21:22Z,2025-05-17T19:49:22Z,2025-05-17T23:52:22Z,2025-05-18T01:37:22Z,EDY RECON,Exposure Intelligence,AST-0121,RUL-035,Medium,Closed,ANL-013,1,58.4,FALSE,FALSE,SYNTHETIC_DEMO_DATA
INC-00000479,ALT-00009054,2026-07-18T01:43:09Z,2026-07-18T01:55:09Z,2026-07-18T02:07:09Z,2026-07-18T05:29:09Z,2026-07-18T09:28:09Z,2026-07-18T21:22:09Z,EDY Sentinel,Cloud Detection,AST-0196,RUL-024,High,Closed,ANL-018,1,95.1,TRUE,FALSE,SYNTHETIC_DEMO_DATA
INC-00002571,ALT-00014701,2025-07-07T22:04:07Z,2025-07-07T23:21:07Z,2025-07-07T23:34:07Z,2025-07-08T00:30:07Z,2025-07-08T01:00:07Z,2025-07-08T04:21:07Z,EDY RECON,Exposure Intelligence,AST-0210,RUL-029,Low,Closed,ANL-006,1,51.9,FALSE,FALSE,SYNTHETIC_DEMO_DATA
INC-00001375,ALT-00013599,2025-02-06T15:53:40Z,2025-02-06T16:05:40Z,2025-02-06T16:45:40Z,2025-02-06T17:09:40Z,2025-02-06T19:21:40Z,,External Synthetic,Network Sensor,AST-0216,RUL-016,Medium,Resolved,ANL-009,3,70.1,TRUE,FALSE,SYNTHETIC_DEMO_DATA
INC-00000384,ALT-00002795,2026-06-17T14:53:09Z,2026-06-17T14:56:09Z,2026-06-17T15:29:09Z,2026-06-17T16:13:09Z,2026-06-17T17:21:09Z,2026-06-17T21:30:09Z,EDY RECON,Exposure Intelligence,AST-0025,RUL-043,Medium,Closed,ANL-016,2,71.0,FALSE,FALSE,SYNTHETIC_DEMO_DATA
INC-00001414,ALT-00006973,2026-07-23T13:00:55Z,2026-07-23T13:36:55Z,2026-07-23T13:47:55Z,2026-07-23T14:32:55Z,2026-07-23T17:41:55Z,2026-07-23T23:55:55Z,External Synthetic,Cloud Audit,AST-0139,RUL-006,Low,Closed,ANL-005,4,51.1,FALSE,FALSE,SYNTHETIC_DEMO_DATA
INC-00002895,ALT-00014065,2026-06-02T09:11:09Z,2026-06-02T09:45:09Z,2026-06-02T10:00:09Z,2026-06-02T12:02:09Z,2026-06-02T14:04:09Z,2026-06-02T20:13:09Z,External Synthetic,Identity Provider,AST-0161,RUL-033,Informational,Closed,ANL-005,1,28.6,FALSE,FALSE,SYNTHETIC_DEMO_DATA
INC-00002597,ALT-00010730,2025-06-27T00:48:53Z,2025-06-27T01:32:53Z,2025-06-27T02:01:53Z,2025-06-27T03:24:53Z,2025-06-27T07:18:53Z,,External Synthetic,Cloud Audit,AST-0138,RUL-040,Informational,Resolved,ANL-003,3,33.7,FALSE,TRUE,SYNTHETIC_DEMO_DATA
INC-00002705,ALT-00004464,2025-03-31T15:02:02Z,2025-03-31T15:14:02Z,2025-03-31T15:23:02Z,2025-03-31T15:54:02Z,2025-03-31T18:16:02Z,2025-04-01T04:44:02Z,EDY RECON,Exposure Intelligence,AST-0159,RUL-036,Low,Closed,ANL-004,3,57.2,FALSE,FALSE,SYNTHETIC_DEMO_DATA
INC-00001402,ALT-00017004,2026-03-26T13:24:22Z,2026-03-26T13:40:22Z,2026-03-26T13:49:22Z,2026-03-26T14:25:22Z,2026-03-26T16:19:22Z,2026-03-27T04:02:22Z,External Synthetic,Identity Provider,AST-0052,RUL-022,Informational,Closed,ANL-016,1,39.2,FALSE,FALSE,SYNTHETIC_DEMO_DATA
INC-00002006,ALT-00011484,2025-05-19T13:26:48Z,2025-05-19T13:45:48Z,2025-05-19T14:09:48Z,2025-05-19T14:38:48Z,2025-05-19T16:01:48Z,,EDY RECON,Exposure Intelligence,AST-0174,RUL-011,Medium,Resolved,ANL-002,1,63.6,FALSE,FALSE,SYNTHETIC_DEMO_DATA
INC-00002456,ALT-00010230,2025-10-14T21:48:31Z,2025-10-14T22:10:31Z,2025-10-14T22:18:31Z,2025-10-14T23:17:31Z,2025-10-15T01:38:31Z,,External Synthetic,Network Sensor,AST-0180,RUL-011,High,Resolved,ANL-003,4,81.5,TRUE,FALSE,SYNTHETIC_DEMO_DATA
INC-00000267,ALT-00008377,2026-06-29T01:02:19Z,2026-06-29T01:42:19Z,2026-06-29T02:33:19Z,2026-06-29T04:59:19Z,2026-06-29T05:59:19Z,2026-06-29T08:57:19Z,External Synthetic,Identity Provider,AST-0205,RUL-024,Low,fechado,ANL-006,3,50.5,FALSE,FALSE,SYNTHETIC_DEMO_DATA
INC-00000519,ALT-00010189,2025-06-19T17:33:46Z,2025-06-19T18:38:46Z,2025-06-19T19:20:46Z,2025-06-19T20:24:46Z,2025-06-20T00:29:46Z,2025-06-20T05:21:46Z,EDY Sentinel,Cloud Detection,AST-0146,RUL-036,Informational,Closed,ANL-005,2,35.8,FALSE,FALSE,SYNTHETIC_DEMO_DATA
INC-00001672,ALT-00016711,2025-06-15T11:16:28Z,2025-06-15T11:45:28Z,2025-06-15T12:25:28Z,2025-06-15T15:37:28Z,2025-06-16T01:33:28Z,2025-06-16T10:57:28Z,EDY RECON,Exposure Intelligence,AST-0071,RUL-045,Informational,Closed,ANL-016,3,44.7,TRUE,FALSE,SYNTHETIC_DEMO_DATA
INC-00001753,ALT-00010547,2025-12-02T08:10:51Z,2025-12-02T08:39:51Z,2025-12-02T08:48:51Z,2025-12-02T11:06:51Z,2025-12-02T18:36:51Z,2025-12-02T20:35:51Z,External Synthetic,Identity Provider,AST-0192,RUL-006,Low,Closed,ANL-008,2,48.8,FALSE,FALSE,SYNTHETIC_DEMO_DATA
INC-00002865,ALT-00008128,2026-02-21T04:04:15Z,2026-02-21T04:08:15Z,2026-02-21T04:25:15Z,2026-02-21T05:48:15Z,2026-02-21T06:42:15Z,2026-02-21T09:43:15Z,External Synthetic,Cloud Audit,AST-0219,RUL-045,Medium,Closed,ANL-001,1,69.1,FALSE,FALSE,SYNTHETIC_DEMO_DATA
INC-00000203,ALT-00001250,2025-10-19T19:08:08Z,2025-10-19T19:34:08Z,2025-10-19T19:51:08Z,2025-10-19T20:46:08Z,2025-10-19T22:19:08Z,2025-10-20T06:33:08Z,EDY Sentinel,Cloud Detection,AST-0119,RUL-030,Medium,Closed,ANL-005,1,66.0,FALSE,FALSE,SYNTHETIC_DEMO_DATA
INC-00002532,ALT-00014480,2025-04-03T20:41:03Z,2025-04-03T21:07:03Z,2025-04-03T22:04:03Z,2025-04-04T00:53:03Z,2025-04-04T03:47:03Z,2025-04-04T12:43:03Z,External Synthetic,Cloud Audit,AST-0219,RUL-008,Medium,Closed,ANL-010,1,65.4,FALSE,FALSE,SYNTHETIC_DEMO_DATA
INC-00000573,ALT-00005527,2026-01-01T06:14:37Z,2026-01-01T07:00:37Z,2026-01-01T07:27:37Z,2026-01-01T08:08:37Z,2026-01-01T10:53:37Z,2026-01-01T21:15:37Z,EDY Shield,Endpoint Integrity,AST-0023,RUL-031,Medium,Closed,ANL-007,2,75.4,FALSE,FALSE,SYNTHETIC_DEMO_DATA
INC-00002403,ALT-00011273,2025-03-11T12:44:49Z,2025-03-11T15:09:49Z,2025-03-11T15:49:49Z,2025-03-11T17:34:49Z,2025-03-11T21:37:49Z,2025-03-12T03:31:49Z,External Synthetic,Identity Provider,AST-0208,RUL-004,Low,fechado,ANL-012,4,55.8,FALSE,FALSE,SYNTHETIC_DEMO_DATA
INC-00001543,ALT-00016227,2025-02-22T11:12:20Z,2025-02-22T11:29:20Z,2025-02-22T11:55:20Z,2025-02-22T12:46:20Z,2025-02-22T14:18:20Z,2025-02-22T17:27:20Z,External Synthetic,Cloud Audit,AST-0053,RUL-039,Low,Closed,ANL-002,1,50.9,FALSE,FALSE,SYNTHETIC_DEMO_DATA
INC-00001101,ALT-00004236,2025-11-17T11:13:04Z,2025-11-17T11:30:04Z,2025-11-17T11:49:04Z,2025-11-17T12:39:04Z,2025-11-17T13:09:04Z,2025-11-17T13:23:04Z,External Synthetic,Cloud Audit,AST-0182,RUL-009,Low,Closed,ANL-018,1,55.7,FALSE,FALSE,SYNTHETIC_DEMO_DATA
INC-00002643,ALT-00015410,2025-05-28T16:27:38Z,2025-05-28T17:19:38Z,2025-05-28T17:41:38Z,2025-05-28T18:43:38Z,2025-05-28T20:33:38Z,2025-05-29T07:45:38Z,EDY Shield,Endpoint Integrity,AST-0014,RUL-029,Informational,Closed,ANL-005,1,50.5,FALSE,FALSE,SYNTHETIC_DEMO_DATA
INC-00000605,ALT-00007276,2026-03-23T18:02:31Z,2026-03-23T18:32:31Z,2026-03-23T18:43:31Z,2026-03-23T19:23:31Z,2026-03-23T23:50:31Z,,EDY RECON,Exposure Intelligence,AST-0116,RUL-003,Informational,Resolved,ANL-015,1,39.3,TRUE,FALSE,SYNTHETIC_DEMO_DATA
INC-00001145,ALT-00014294,2025-06-19T09:42:46Z,2025-06-19T10:11:46Z,2025-06-19T10:30:46Z,2025-06-19T11:53:46Z,2025-06-19T14:18:46Z,2025-06-19T20:02:46Z,External Synthetic,Cloud Audit,AST-0033,RUL-004,Medium,Closed,ANL-017,1,74.7,FALSE,FALSE,SYNTHETIC_DEMO_DATA
INC-00000517,ALT-00016965,2025-02-16T14:50:58Z,2025-02-16T15:25:58Z,2025-02-16T16:03:58Z,2025-02-16T17:12:58Z,2025-02-16T20:07:58Z,2025-02-16T21:25:58Z,External Synthetic,Network Sensor,AST-0210,RUL-020,Informational,Closed,ANL-001,1,50.9,TRUE,FALSE,SYNTHETIC_DEMO_DATA
INC-00000561,ALT-00012256,2025-02-20T09:28:04Z,2025-02-20T09:36:04Z,2025-02-20T09:53:04Z,2025-02-20T12:36:04Z,2025-02-20T14:48:04Z,2025-02-21T00:05:04Z,EDY SIEM,Correlation Hub,AST-0022,RUL-042,Low,Closed,ANL-018,1,56.1,TRUE,FALSE,SYNTHETIC_DEMO_DATA
INC-00002772,ALT-00013126,2025-03-25T11:23:52Z,2025-03-25T11:38:52Z,2025-03-25T12:01:52Z,2025-03-25T12:20:52Z,2025-03-25T14:03:52Z,2025-03-25T22:37:52Z,External Synthetic,Identity Provider,AST-0204,RUL-040,Low,Closed,ANL-003,1,73.1,TRUE,FALSE,SYNTHETIC_DEMO_DATA
INC-00000510,ALT-00008498,2026-01-04T12:51:33Z,2026-01-04T13:26:33Z,2026-01-04T13:45:33Z,2026-01-04T15:53:33Z,2026-01-04T18:07:33Z,2026-01-05T05:00:33Z,External Synthetic,Identity Provider,AST-0060,RUL-027,High,Closed,ANL-017,1,100,TRUE,FALSE,SYNTHETIC_DEMO_DATA
INC-00000973,ALT-00011365,2025-03-08T23:35:27Z,2025-03-09T00:03:27Z,2025-03-09T00:16:27Z,2025-03-09T03:30:27Z,2025-03-09T05:02:27Z,2025-03-09T08:45:27Z,EDY Sentinel,Cloud Detection,AST-0175,RUL-043,Informational,Closed,ANL-013,1,36.7,FALSE,FALSE,SYNTHETIC_DEMO_DATA
INC-00001552,ALT-00007607,2025-04-23T23:11:55Z,2025-04-23T23:31:55Z,2025-04-23T23:39:55Z,2025-04-24T00:10:55Z,2025-04-24T03:06:55Z,2025-04-24T12:30:55Z,External Synthetic,Cloud Audit,AST-0154,RUL-043,Low,Closed,ANL-011,3,59.6,FALSE,FALSE,SYNTHETIC_DEMO_DATA
INC-00000758,ALT-00008051,2026-05-15T17:36:40Z,2026-05-15T18:02:40Z,2026-05-15T18:19:40Z,2026-05-15T19:30:40Z,2026-05-15T21:56:40Z,2026-05-16T06:13:40Z,EDY Sentinel,Cloud Detection,AST-0123,RUL-030,Low,Closed,ANL-007,1,63.1,FALSE,FALSE,SYNTHETIC_DEMO_DATA
INC-00002910,ALT-00002955,2025-06-07T15:36:11Z,2025-06-07T15:49:11Z,2025-06-07T16:04:11Z,2025-06-07T17:13:11Z,2025-06-07T19:14:11Z,2025-06-08T01:30:11Z,EDY Sentinel,Cloud Detection,AST-0143,RUL-017,Low,Closed,ANL-009,1,46.9,FALSE,FALSE,SYNTHETIC_DEMO_DATA
INC-00000531,ALT-00007069,2026-04-21T22:11:41Z,2026-04-21T22:42:41Z,2026-04-21T23:00:41Z,2026-04-21T23:46:41Z,2026-04-22T04:32:41Z,2026-04-22T15:42:41Z,External Synthetic,Network Sensor,AST-0138,RUL-020,Low,Closed,ANL-012,3,57.0,FALSE,FALSE,SYNTHETIC_DEMO_DATA
INC-00001699,ALT-00013055,2026-03-15T09:46:19Z,2026-03-15T09:56:19Z,2026-03-15T10:11:19Z,,,,EDY Sentinel,Cloud Detection,AST-0212,RUL-031,Informational,Active,ANL-007,0,50.5,FALSE,FALSE,SYNTHETIC_DEMO_DATA
INC-00000562,ALT-00006990,2026-02-05T18:37:02Z,2026-02-05T19:35:02Z,2026-02-05T19:57:02Z,,,,EDY Shield,Endpoint Integrity,AST-0056,RUL-018,Low,Active,ANL-011,0,48.9,FALSE,FALSE,SYNTHETIC_DEMO_DATA
INC-00000088,ALT-00015295,2025-05-23T17:24:50Z,2025-05-23T18:31:50Z,2025-05-23T18:50:50Z,2025-05-23T22:16:50Z,2025-05-24T05:27:50Z,2025-05-24T06:27:50Z,External Synthetic,Network Sensor,AST-0221,RUL-035,Informational,Closed,ANL-016,1,66.4,TRUE,FALSE,SYNTHETIC_DEMO_DATA
INC-00000563,ALT-00009014,2026-03-22T08:17:52Z,2026-03-22T09:26:52Z,2026-03-22T09:39:52Z,2026-03-22T10:41:52Z,,,EDY SIEM,Correlation Hub,AST-0181,RUL-022,Informational,Contained,ANL-003,0,42.0,FALSE,FALSE,SYNTHETIC_DEMO_DATA
INC-00001255,ALT-00008553,2025-05-05T18:41:30Z,2025-05-05T18:52:30Z,2025-05-05T19:12:30Z,2025-05-05T20:06:30Z,2025-05-06T00:23:30Z,2025-05-06T05:41:30Z,External Synthetic,Network Sensor,AST-0087,RUL-020,Informational,Closed,ANL-001,1,43.8,FALSE,FALSE,SYNTHETIC_DEMO_DATA
INC-00000800,ALT-00002508,2026-07-20T22:54:13Z,2026-07-20T23:15:13Z,2026-07-21T00:37:13Z,2026-07-22T00:10:13Z,,,External Synthetic,Network Sensor,AST-0043,RUL-024,Medium,Contained,ANL-002,0,69.9,FALSE,FALSE,SYNTHETIC_DEMO_DATA
INC-00002499,ALT-00007606,2025-09-13T12:12:18Z,2025-09-13T12:43:18Z,2025-09-13T13:15:18Z,2025-09-13T15:08:18Z,2025-09-13T22:28:18Z,2025-09-14T04:16:18Z,EDY SIEM,Correlation Hub,AST-0211,RUL-032,Informational,Closed,ANL-005,1,34.2,FALSE,FALSE,SYNTHETIC_DEMO_DATA
INC-00001665,ALT-00005722,2025-07-01T17:47:45Z,2025-07-01T18:03:45Z,2025-07-01T18:17:45Z,2025-07-01T20:03:45Z,2025-07-01T20:25:45Z,2025-07-02T06:01:45Z,EDY SIEM,Correlation Hub,AST-0014,RUL-036,Medium,Closed,ANL-013,1,81.2,FALSE,FALSE,SYNTHETIC_DEMO_DATA
INC-00001746,ALT-00008911,2026-05-20T18:40:17Z,2026-05-20T19:00:17Z,2026-05-20T19:23:17Z,2026-05-20T20:28:17Z,2026-05-20T22:52:17Z,2026-05-21T04:05:17Z,External Synthetic,Cloud Audit,AST-0135,RUL-043,Informational,Closed,ANL-002,1,24.0,FALSE,FALSE,SYNTHETIC_DEMO_DATA
INC-00002016,ALT-00017769,2026-06-08T11:32:02Z,2026-06-08T11:45:02Z,2026-06-08T12:12:02Z,2026-06-08T13:18:02Z,2026-06-08T15:42:02Z,,EDY RECON,Exposure Intelligence,AST-0171,RUL-012,Informational,Resolved,ANL-002,1,25.6,FALSE,FALSE,SYNTHETIC_DEMO_DATA
INC-00000872,ALT-00002570,2026-07-09T03:09:08Z,2026-07-09T04:26:08Z,2026-07-09T04:30:08Z,2026-07-09T05:52:08Z,2026-07-09T12:46:08Z,2026-07-09T13:49:08Z,External Synthetic,Cloud Audit,AST-0009,RUL-003,Low,Closed,ANL-001,1,39.0,FALSE,FALSE,SYNTHETIC_DEMO_DATA
INC-00002324,ALT-00014731,2026-07-26T11:59:02Z,2026-07-26T12:16:02Z,2026-07-26T12:32:02Z,,,,External Synthetic,Cloud Audit,AST-0047,RUL-017,Low,Active,ANL-007,0,56.0,FALSE,FALSE,SYNTHETIC_DEMO_DATA
INC-00000075,ALT-00002873,2026-03-16T09:06:46Z,2026-03-16T09:15:46Z,2026-03-16T09:25:46Z,2026-03-16T10:03:46Z,2026-03-16T11:50:46Z,2026-03-16T22:49:46Z,EDY Shield,Endpoint Integrity,AST-0154,RUL-012,Low,Closed,ANL-018,1,62.1,FALSE,FALSE,SYNTHETIC_DEMO_DATA
INC-00000156,ALT-00006648,2025-08-26T12:52:50Z,2025-08-26T13:22:50Z,2025-08-26T13:36:50Z,2025-08-26T14:40:50Z,2025-08-26T22:11:50Z,2025-08-27T06:37:50Z,External Synthetic,Cloud Audit,AST-0196,RUL-033,Medium,Closed,ANL-010,1,63.6,FALSE,FALSE,SYNTHETIC_DEMO_DATA
INC-00002398,ALT-00004208,2026-01-06T13:21:17Z,2026-01-06T13:51:17Z,2026-01-06T13:58:17Z,,,,EDY Sentinel,Cloud Detection,AST-0210,RUL-028,Informational,Active,ANL-010,0,52.3,TRUE,FALSE,SYNTHETIC_DEMO_DATA
INC-00000603,ALT-00015788,2025-05-05T15:28:50Z,2025-05-05T15:40:50Z,2025-05-05T16:22:50Z,2025-05-05T17:04:50Z,2025-05-05T18:29:50Z,2025-05-06T02:35:50Z,EDY SIEM,Correlation Hub,AST-0212,RUL-020,Medium,Closed,ANL-013,1,79.9,FALSE,FALSE,SYNTHETIC_DEMO_DATA
INC-00002954,ALT-00011131,2026-03-12T10:28:39Z,2026-03-12T10:40:39Z,2026-03-12T11:40:39Z,2026-03-12T11:50:39Z,2026-03-12T16:25:39Z,2026-03-12T16:51:39Z,EDY Sentinel,Cloud Detection,AST-0023,RUL-007,Medium,Closed,ANL-008,2,78.5,FALSE,FALSE,SYNTHETIC_DEMO_DATA
INC-00002060,ALT-00012679,2025-10-23T12:44:19Z,2025-10-23T13:17:19Z,2025-10-23T13:35:19Z,2025-10-23T14:59:19Z,2025-10-23T17:12:19Z,,EDY Sentinel,Cloud Detection,AST-0089,RUL-022,Informational,Resolved,ANL-018,1,34.1,FALSE,FALSE,SYNTHETIC_DEMO_DATA
INC-00002730,ALT-00012442,2025-05-05T10:18:40Z,2025-05-05T10:40:40Z,2025-05-05T11:00:40Z,2025-05-05T11:11:40Z,2025-05-05T13:36:40Z,2025-05-05T23:30:40Z,EDY Shield,Endpoint Integrity,AST-0181,RUL-027,Medium,Closed,ANL-010,3,71.4,FALSE,FALSE,SYNTHETIC_DEMO_DATA
INC-00000292,ALT-00008216,2026-06-01T10:41:05Z,2026-06-01T11:14:05Z,2026-06-01T11:58:05Z,2026-06-01T12:32:05Z,2026-06-01T13:56:05Z,,External Synthetic,Network Sensor,AST-0080,RUL-016,High,Resolved,ANL-013,1,93.0,TRUE,FALSE,SYNTHETIC_DEMO_DATA
INC-00003009,ALT-00017543,2025-03-17T11:01:30Z,2025-03-17T12:14:30Z,2025-03-17T12:40:30Z,2025-03-18T07:29:30Z,2025-03-18T11:45:30Z,2025-03-18T23:00:30Z,EDY RECON,Exposure Intelligence,AST-0016,RUL-009,Informational,Closed,ANL-017,2,33.1,FALSE,FALSE,SYNTHETIC_DEMO_DATA
INC-00001479,ALT-00010099,2025-10-24T16:34:48Z,2025-10-24T17:03:48Z,2025-10-24T17:18:48Z,2025-10-24T18:53:48Z,2025-10-24T23:37:48Z,2025-10-25T02:21:48Z,External Synthetic,Identity Provider,AST-0091,RUL-011,Low,Closed,ANL-018,2,60.6,FALSE,FALSE,SYNTHETIC_DEMO_DATA
INC-00002795,ALT-00017165,2025-12-13T21:17:57Z,2025-12-13T21:41:57Z,2025-12-13T22:14:57Z,2025-12-13T22:39:57Z,2025-12-14T04:32:57Z,2025-12-14T09:16:57Z,EDY Shield,Endpoint Integrity,AST-0024,RUL-040,Informational,Closed,ANL-003,1,39.5,FALSE,FALSE,SYNTHETIC_DEMO_DATA
INC-00001823,ALT-00003887,2025-10-27T12:05:07Z,2025-10-27T12:13:07Z,2025-10-27T12:20:07Z,,,,EDY Sentinel,Cloud Detection,AST-0014,RUL-011,High,Active,ANL-006,0,100,TRUE,FALSE,SYNTHETIC_DEMO_DATA
INC-00002925,ALT-00007857,2026-02-27T15:32:45Z,2026-02-27T17:38:45Z,2026-02-27T17:46:45Z,2026-02-27T18:01:45Z,2026-02-27T19:39:45Z,2026-02-27T20:04:45Z,EDY Sentinel,Cloud Detection,AST-0156,RUL-042,Low,Closed,ANL-012,4,56.7,FALSE,FALSE,SYNTHETIC_DEMO_DATA
INC-00001098,ALT-00003216,2025-09-22T09:25:51Z,2025-09-22T09:58:51Z,2025-09-22T10:11:51Z,2025-09-22T11:12:51Z,2025-09-22T12:59:51Z,2025-09-22T22:08:51Z,EDY RECON,Exposure Intelligence,AST-0222,RUL-035,High,Closed,ANL-005,3,96.2,TRUE,FALSE,SYNTHETIC_DEMO_DATA
INC-00001031,ALT-00007418,2025-11-13T12:51:30Z,2025-11-13T13:48:30Z,2025-11-13T14:38:30Z,2025-11-13T15:24:30Z,2025-11-13T17:02:30Z,,EDY Shield,Endpoint Integrity,AST-0163,RUL-012,Medium,Resolved,ANL-005,1,70.2,FALSE,FALSE,SYNTHETIC_DEMO_DATA
INC-00002725,ALT-00001773,2026-03-13T19:46:41Z,2026-03-13T20:16:41Z,2026-03-13T20:24:41Z,2026-03-13T21:19:41Z,2026-03-13T23:27:41Z,,External Synthetic,Identity Provider,AST-0214,RUL-028,Medium,Resolved,ANL-009,1,72.7,FALSE,FALSE,SYNTHETIC_DEMO_DATA
INC-00000359,ALT-00010904,2026-04-17T09:42:59Z,2026-04-17T10:45:59Z,2026-04-17T10:53:59Z,,,,EDY Shield,Endpoint Integrity,AST-0012,RUL-037,Low,Active,ANL-010,0,54.6,FALSE,FALSE,SYNTHETIC_DEMO_DATA
INC-00001150,ALT-00009649,2025-11-17T19:32:32Z,2025-11-17T19:58:32Z,2025-11-17T20:27:32Z,2025-11-17T22:41:32Z,2025-11-17T23:12:32Z,2025-11-18T07:17:32Z,EDY Sentinel,Cloud Detection,AST-0017,RUL-020,Medium,Closed,ANL-018,1,63.0,FALSE,FALSE,SYNTHETIC_DEMO_DATA
INC-00003188,ALT-00016536,2025-02-05T17:28:26Z,2025-02-05T18:04:26Z,2025-02-05T18:25:26Z,2025-02-05T19:29:26Z,2025-02-05T21:33:26Z,2025-02-06T02:23:26Z,External Synthetic,Identity Provider,AST-0078,RUL-023,Informational,Closed,ANL-006,1,42.6,FALSE,FALSE,SYNTHETIC_DEMO_DATA
INC-00000789,ALT-00015595,2025-07-24T18:11:41Z,2025-07-24T18:59:41Z,2025-07-24T19:06:41Z,2025-07-24T22:41:41Z,2025-07-25T01:50:41Z,2025-07-25T06:11:41Z,EDY Shield,Endpoint Integrity,AST-0071,RUL-002,Informational,Closed,ANL-005,2,30.4,FALSE,FALSE,SYNTHETIC_DEMO_DATA
INC-00000823,ALT-00000318,2025-07-21T11:32:35Z,2025-07-21T12:02:35Z,2025-07-21T12:06:35Z,2025-07-21T12:32:35Z,2025-07-21T16:43:35Z,2025-07-21T18:33:35Z,EDY Shield,Endpoint Integrity,AST-0027,RUL-001,Medium,Closed,ANL-003,1,53.0,FALSE,FALSE,SYNTHETIC_DEMO_DATA
INC-00001210,ALT-00014246,2026-02-17T09:48:44Z,2026-02-17T10:21:44Z,2026-02-17T11:00:44Z,2026-02-17T11:44:44Z,2026-02-17T18:54:44Z,2026-02-18T03:34:44Z,External Synthetic,Identity Provider,AST-0209,RUL-036,Informational,Closed,ANL-010,3,52.5,TRUE,FALSE,SYNTHETIC_DEMO_DATA
INC-00001364,ALT-00007159,2025-02-07T08:34:36Z,2025-02-07T09:00:36Z,2025-02-07T09:34:36Z,2025-02-07T09:57:36Z,2025-02-07T11:25:36Z,2025-02-07T14:17:36Z,EDY SIEM,Correlation Hub,AST-0233,RUL-011,Informational,Closed,ANL-012,1,46.7,TRUE,FALSE,SYNTHETIC_DEMO_DATA
INC-00001713,ALT-00004796,2025-06-30T11:35:16Z,2025-06-30T12:05:16Z,2025-06-30T12:42:16Z,2025-06-30T13:29:16Z,2025-06-30T14:18:16Z,2025-06-30T22:47:16Z,External Synthetic,Network Sensor,AST-0084,RUL-021,Low,Closed,ANL-018,1,56.0,FALSE,FALSE,SYNTHETIC_DEMO_DATA
INC-00002670,ALT-00005625,2026-06-12T22:34:44Z,2026-06-12T22:50:44Z,2026-06-13T00:43:44Z,2026-06-13T03:36:44Z,2026-06-13T06:21:44Z,,External Synthetic,Network Sensor,AST-0008,RUL-015,Informational,resolvido,ANL-014,1,31.6,FALSE,FALSE,SYNTHETIC_DEMO_DATA
INC-00000498,ALT-00007787,2025-07-12T20:07:17Z,2025-07-12T20:28:17Z,2025-07-12T20:35:17Z,2025-07-12T21:36:17Z,2025-07-13T10:10:17Z,2025-07-13T20:53:17Z,EDY Shield,Endpoint Integrity,AST-0182,RUL-004,Medium,Closed,ANL-010,1,64.4,FALSE,FALSE,SYNTHETIC_DEMO_DATA
INC-00002273,ALT-00014934,2026-02-24T18:40:15Z,2026-02-24T18:51:15Z,2026-02-24T19:11:15Z,2026-02-24T20:58:15Z,2026-02-24T22:33:15Z,,EDY SIEM,Correlation Hub,AST-0089,RUL-010,High,Resolved,ANL-006,4,87.7,TRUE,FALSE,SYNTHETIC_DEMO_DATA
INC-00002009,ALT-00012674,2025-04-08T22:46:22Z,2025-04-08T22:54:22Z,2025-04-08T23:01:22Z,2025-04-09T00:34:22Z,2025-04-09T03:19:22Z,2025-04-09T05:46:22Z,EDY SIEM,Correlation Hub,AST-0142,RUL-004,Informational,Closed,ANL-015,1,35.6,FALSE,FALSE,SYNTHETIC_DEMO_DATA
INC-00002792,ALT-00000119,2025-02-20T15:08:48Z,2025-02-20T16:12:48Z,2025-02-20T16:47:48Z,2025-02-20T17:35:48Z,2025-02-20T21:22:48Z,2025-02-21T03:00:48Z,EDY RECON,Exposure Intelligence,AST-0077,RUL-030,Low,Closed,ANL-007,3,66.0,FALSE,FALSE,SYNTHETIC_DEMO_DATA
INC-00001537,ALT-00006304,2026-02-27T12:11:43Z,2026-02-27T12:22:43Z,2026-02-27T12:35:43Z,2026-02-27T12:56:43Z,2026-02-27T17:12:43Z,2026-02-27T19:31:43Z,EDY Sentinel,Cloud Detection,AST-0218,RUL-005,Medium,Closed,ANL-009,3,71.8,FALSE,TRUE,SYNTHETIC_DEMO_DATA
INC-00001925,ALT-00013964,2025-11-14T21:19:14Z,2025-11-14T21:34:14Z,2025-11-14T21:51:14Z,2025-11-14T22:17:14Z,2025-11-15T03:27:14Z,2025-11-15T07:45:14Z,EDY SIEM,Correlation Hub,AST-0217,RUL-028,Informational,Closed,ANL-009,3,60.2,TRUE,FALSE,SYNTHETIC_DEMO_DATA
INC-00002654,ALT-00003086,2026-03-18T13:06:05Z,2026-03-18T13:21:05Z,2026-03-18T13:35:05Z,2026-03-18T14:09:05Z,2026-03-18T15:36:05Z,2026-03-18T23:21:05Z,External Synthetic,Network Sensor,AST-0012,RUL-035,Low,Closed,ANL-001,1,53.8,FALSE,FALSE,SYNTHETIC_DEMO_DATA
INC-00000166,ALT-00001499,2026-06-16T15:26:50Z,2026-06-16T15:50:50Z,2026-06-16T16:00:50Z,2026-06-16T17:18:50Z,2026-06-16T22:53:50Z,2026-06-17T08:21:50Z,EDY Sentinel,Cloud Detection,AST-0204,RUL-025,Informational,Closed,ANL-010,1,41.6,FALSE,FALSE,SYNTHETIC_DEMO_DATA
INC-00001195,ALT-00009877,2026-04-08T04:34:41Z,2026-04-08T04:43:41Z,2026-04-08T06:29:41Z,2026-04-08T07:22:41Z,2026-04-08T10:23:41Z,2026-04-08T16:16:41Z,External Synthetic,Network Sensor,AST-0134,RUL-022,Low,Closed,ANL-008,1,42.8,FALSE,FALSE,SYNTHETIC_DEMO_DATA
INC-00000224,ALT-00014745,2026-06-22T12:23:03Z,2026-06-22T12:33:03Z,2026-06-22T12:53:03Z,2026-06-22T17:34:03Z,2026-06-22T19:16:03Z,2026-06-23T06:57:03Z,External Synthetic,Cloud Audit,AST-0226,RUL-011,Informational,Closed,ANL-018,1,47.7,FALSE,FALSE,SYNTHETIC_DEMO_DATA
INC-00001415,ALT-00001754,2025-11-01T12:35:55Z,2025-11-01T15:10:55Z,2025-11-01T15:31:55Z,2025-11-01T20:37:55Z,2025-11-01T23:31:55Z,2025-11-02T11:16:55Z,EDY SIEM,Correlation Hub,AST-0027,RUL-027,Informational,Closed,ANL-015,1,22.3,FALSE,FALSE,SYNTHETIC_DEMO_DATA
INC-00002926,ALT-00010015,2025-03-31T14:00:34Z,2025-03-31T14:13:34Z,2025-03-31T14:21:34Z,2025-03-31T15:56:34Z,2025-03-31T23:40:34Z,2025-04-01T10:43:34Z,External Synthetic,Identity Provider,AST-0023,RUL-025,Low,Closed,ANL-005,1,81.3,TRUE,FALSE,SYNTHETIC_DEMO_DATA
INC-00001815,ALT-00009475,2025-11-14T14:37:31Z,2025-11-14T14:46:31Z,2025-11-14T14:54:31Z,2025-11-14T15:13:31Z,2025-11-14T17:58:31Z,2025-11-14T22:27:31Z,EDY Sentinel,Cloud Detection,AST-0238,RUL-026,Informational,Closed,ANL-005,1,45.0,TRUE,FALSE,SYNTHETIC_DEMO_DATA
INC-00002933,ALT-00009719,2026-01-19T09:20:27Z,2026-01-19T11:38:27Z,2026-01-19T11:54:27Z,2026-01-19T13:46:27Z,2026-01-19T20:41:27Z,2026-01-19T21:10:27Z,EDY SIEM,Correlation Hub,AST-0090,RUL-014,Informational,Closed,ANL-009,1,30.7,FALSE,FALSE,SYNTHETIC_DEMO_DATA
INC-00000232,ALT-00013542,2025-07-23T15:06:21Z,2025-07-23T15:16:21Z,2025-07-23T15:23:21Z,2025-07-23T15:44:21Z,2025-07-24T00:03:21Z,2025-07-24T01:40:21Z,External Synthetic,Cloud Audit,AST-0229,RUL-021,Low,Closed,ANL-017,1,51.9,FALSE,FALSE,SYNTHETIC_DEMO_DATA
INC-00001626,ALT-00006459,2025-08-01T17:10:34Z,2025-08-01T18:08:34Z,2025-08-01T18:13:34Z,2025-08-01T19:05:34Z,2025-08-01T20:22:34Z,,External Synthetic,Cloud Audit,AST-0092,RUL-017,High,Resolved,ANL-017,1,91.2,TRUE,FALSE,SYNTHETIC_DEMO_DATA
INC-00000580,ALT-00008298,2025-08-05T14:37:53Z,2025-08-05T15:07:53Z,2025-08-05T15:28:53Z,2025-08-05T18:26:53Z,2025-08-05T18:42:53Z,2025-08-06T03:04:53Z,EDY Sentinel,Cloud Detection,AST-0122,RUL-019,Medium,Closed,ANL-012,1,80.3,FALSE,FALSE,SYNTHETIC_DEMO_DATA
INC-00001047,ALT-00004473,2026-07-17T00:56:56Z,2026-07-17T01:10:56Z,2026-07-17T01:39:56Z,2026-07-17T02:08:56Z,,,External Synthetic,Identity Provider,AST-0013,RUL-042,Low,Contained,ANL-018,0,44.6,FALSE,FALSE,SYNTHETIC_DEMO_DATA
INC-00001824,ALT-00008274,2025-09-30T11:10:19Z,2025-09-30T11:19:19Z,2025-09-30T12:09:19Z,2025-09-30T13:56:19Z,2025-09-30T16:30:19Z,2025-09-30T21:40:19Z,External Synthetic,Identity Provider,AST-0149,RUL-040,Medium,Closed,ANL-016,3,79.3,FALSE,FALSE,SYNTHETIC_DEMO_DATA
INC-00000863,ALT-00006324,2025-08-02T13:08:19Z,2025-08-02T13:28:19Z,2025-08-02T13:36:19Z,2025-08-02T15:01:19Z,2025-08-02T18:40:19Z,2025-08-03T06:23:19Z,EDY SIEM,Correlation Hub,AST-0196,RUL-003,Informational,Closed,ANL-009,1,39.1,FALSE,FALSE,SYNTHETIC_DEMO_DATA
INC-00000963,ALT-00002919,2026-02-16T10:27:50Z,2026-02-16T11:03:50Z,2026-02-16T11:31:50Z,2026-02-16T14:59:50Z,2026-02-16T22:50:50Z,2026-02-17T10:40:50Z,EDY SIEM,Correlation Hub,AST-0032,RUL-038,INFORMATIONAL,Closed,ANL-011,1,46.6,FALSE,FALSE,SYNTHETIC_DEMO_DATA
INC-00001444,ALT-00017786,2025-10-01T16:46:17Z,2025-10-01T17:09:17Z,2025-10-01T17:12:17Z,2025-10-01T18:36:17Z,2025-10-02T02:17:17Z,2025-10-02T09:23:17Z,External Synthetic,Identity Provider,AST-0130,RUL-021,Low,Closed,ANL-011,2,47.4,FALSE,FALSE,SYNTHETIC_DEMO_DATA
INC-00001859,ALT-00007990,2026-02-02T01:30:17Z,2026-02-02T02:27:17Z,2026-02-02T03:25:17Z,2026-02-02T04:21:17Z,2026-02-02T06:14:17Z,2026-02-02T12:39:17Z,External Synthetic,Network Sensor,AST-0168,RUL-006,Low,Closed,ANL-004,1,74.3,TRUE,FALSE,SYNTHETIC_DEMO_DATA
INC-00000794,ALT-00010262,2025-07-07T19:33:38Z,2025-07-07T19:46:38Z,2025-07-07T20:24:38Z,2025-07-07T21:30:38Z,2025-07-07T22:17:38Z,2025-07-08T06:05:38Z,External Synthetic,Network Sensor,AST-0103,RUL-015,Informational,Closed,ANL-006,1,32.5,FALSE,FALSE,SYNTHETIC_DEMO_DATA
INC-00003123,ALT-00007779,2025-05-20T17:11:13Z,2025-05-20T17:35:13Z,2025-05-20T18:50:13Z,2025-05-20T21:04:13Z,2025-05-20T22:01:13Z,,External Synthetic,Network Sensor,AST-0157,RUL-027,Medium,Resolved,ANL-013,3,57.1,FALSE,FALSE,SYNTHETIC_DEMO_DATA
INC-00003082,ALT-00005275,2026-05-13T18:04:51Z,2026-05-13T18:28:51Z,2026-05-13T18:49:51Z,2026-05-13T20:03:51Z,2026-05-13T22:23:51Z,2026-05-14T02:17:51Z,EDY Shield,Endpoint Integrity,AST-0013,RUL-023,Informational,Closed,ANL-010,3,32.3,FALSE,FALSE,SYNTHETIC_DEMO_DATA
INC-00001666,ALT-00000922,2025-08-28T19:12:36Z,2025-08-28T19:49:36Z,2025-08-28T20:09:36Z,2025-08-28T20:56:36Z,2025-08-28T22:07:36Z,2025-08-29T01:59:36Z,EDY SIEM,Correlation Hub,AST-0204,RUL-036,Low,Closed,ANL-005,3,59.5,FALSE,FALSE,SYNTHETIC_DEMO_DATA
INC-00000717,ALT-00007720,2026-04-10T18:36:55Z,2026-04-10T18:45:55Z,2026-04-10T19:19:55Z,2026-04-10T19:34:55Z,2026-04-10T20:57:55Z,,EDY Sentinel,Cloud Detection,AST-0055,RUL-028,Low,Resolved,ANL-006,1,54.4,FALSE,FALSE,SYNTHETIC_DEMO_DATA
INC-00000952,ALT-00005537,2026-03-03T17:13:19Z,2026-03-03T18:09:19Z,2026-03-03T18:27:19Z,2026-03-03T21:30:19Z,2026-03-04T07:19:19Z,2026-03-04T15:38:19Z,External Synthetic,Cloud Audit,AST-0200,RUL-018,Informational,Closed,ANL-016,1,38.5,FALSE,FALSE,SYNTHETIC_DEMO_DATA
INC-00003091,ALT-00011826,2025-11-03T10:08:10Z,2025-11-03T10:33:10Z,2025-11-03T10:52:10Z,2025-11-03T11:40:10Z,2025-11-03T13:12:10Z,,EDY Shield,Endpoint Integrity,AST-0239,RUL-023,Low,Resolved,ANL-002,1,72.9,TRUE,FALSE,SYNTHETIC_DEMO_DATA
INC-00000365,ALT-00002425,2025-11-25T12:41:52Z,2025-11-25T13:06:52Z,2025-11-25T13:17:52Z,2025-11-25T13:58:52Z,2025-11-25T15:40:52Z,2025-11-25T22:18:52Z,EDY Sentinel,Cloud Detection,AST-0012,RUL-014,Informational,Closed,ANL-003,2,34.3,FALSE,FALSE,SYNTHETIC_DEMO_DATA
INC-00000387,ALT-00016150,2025-04-15T10:05:59Z,2025-04-15T10:33:59Z,2025-04-15T11:03:59Z,2025-04-15T11:50:59Z,2025-04-15T16:44:59Z,2025-04-15T21:52:59Z,External Synthetic,Identity Provider,AST-0003,RUL-026,Medium,Closed,ANL-013,2,70.1,FALSE,FALSE,SYNTHETIC_DEMO_DATA
INC-00000351,ALT-00011322,2025-09-17T08:15:57Z,2025-09-17T08:28:57Z,2025-09-17T08:58:57Z,2025-09-17T09:26:57Z,2025-09-17T14:35:57Z,2025-09-17T22:43:57Z,External Synthetic,Network Sensor,AST-0100,RUL-001,High,Closed,ANL-014,1,99.5,TRUE,FALSE,SYNTHETIC_DEMO_DATA
INC-00003135,ALT-00010874,2025-08-21T14:30:53Z,2025-08-21T14:43:53Z,2025-08-21T14:49:53Z,2025-08-21T15:46:53Z,2025-08-21T17:06:53Z,2025-08-21T18:14:53Z,EDY Shield,Endpoint Integrity,AST-0086,RUL-010,Informational,Closed,ANL-017,1,61.4,TRUE,FALSE,SYNTHETIC_DEMO_DATA
INC-00001534,ALT-00003906,2025-04-23T23:52:28Z,2025-04-24T00:02:28Z,2025-04-24T00:31:28Z,2025-04-24T00:55:28Z,2025-04-24T03:51:28Z,2025-04-24T14:55:28Z,EDY Sentinel,Cloud Detection,AST-0013,RUL-012,Low,Closed,ANL-011,3,51.2,FALSE,FALSE,SYNTHETIC_DEMO_DATA
INC-00003006,ALT-00005927,2025-10-23T11:36:47Z,2025-10-23T12:21:47Z,2025-10-23T12:27:47Z,2025-10-23T13:57:47Z,2025-10-23T22:46:47Z,2025-10-24T08:46:47Z,External Synthetic,Network Sensor,AST-0041,RUL-043,Informational,Closed,ANL-002,4,52.4,FALSE,FALSE,SYNTHETIC_DEMO_DATA
INC-00000635,ALT-00016377,2026-03-25T14:32:03Z,2026-03-25T14:52:03Z,2026-03-25T15:02:03Z,2026-03-25T15:37:03Z,2026-03-25T16:41:03Z,,EDY Sentinel,Cloud Detection,AST-0169,RUL-022,Low,Resolved,ANL-004,1,55.8,FALSE,FALSE,SYNTHETIC_DEMO_DATA
INC-00002338,ALT-00011796,2025-03-19T10:05:06Z,2025-03-19T10:19:06Z,2025-03-19T11:09:06Z,2025-03-19T12:01:06Z,2025-03-19T16:46:06Z,2025-03-20T00:14:06Z,EDY Sentinel,Cloud Detection,AST-0157,RUL-004,Low,Closed,ANL-017,1,48.5,FALSE,FALSE,SYNTHETIC_DEMO_DATA
INC-00001434,ALT-00012344,2025-07-13T14:31:17Z,2025-07-13T14:43:17Z,2025-07-13T15:09:17Z,2025-07-13T15:53:17Z,2025-07-14T05:48:17Z,,EDY SIEM,Correlation Hub,AST-0006,RUL-042,Informational,Resolved,ANL-008,1,45.8,FALSE,FALSE,SYNTHETIC_DEMO_DATA
INC-00001649,ALT-00011019,2026-06-03T19:31:27Z,2026-06-03T20:08:27Z,2026-06-03T20:20:27Z,2026-06-03T21:33:27Z,2026-06-04T07:19:27Z,2026-06-04T18:41:27Z,External Synthetic,Cloud Audit,AST-0220,RUL-022,Informational,Closed,ANL-015,3,36.0,FALSE,FALSE,SYNTHETIC_DEMO_DATA
INC-00000465,ALT-00004223,2026-06-26T20:58:38Z,2026-06-26T21:12:38Z,2026-06-26T22:01:38Z,2026-06-26T23:35:38Z,,,EDY RECON,Exposure Intelligence,AST-0023,RUL-023,Low,Contained,ANL-006,0,64.2,FALSE,FALSE,SYNTHETIC_DEMO_DATA
INC-00001406,ALT-00013166,2025-08-21T15:05:30Z,2025-08-21T15:19:30Z,2025-08-21T15:32:30Z,2025-08-21T20:10:30Z,2025-08-22T00:28:30Z,2025-08-22T07:43:30Z,EDY Sentinel,Cloud Detection,AST-0082,RUL-044,Informational,Closed,ANL-006,1,45.8,FALSE,FALSE,SYNTHETIC_DEMO_DATA
INC-00002826,ALT-00001758,2025-12-30T11:42:04Z,2025-12-30T12:18:04Z,2025-12-30T12:28:04Z,2025-12-30T13:26:04Z,2025-12-30T15:48:04Z,2025-12-30T16:51:04Z,External Synthetic,Cloud Audit,AST-0016,RUL-010,Informational,Closed,ANL-002,3,40.9,FALSE,FALSE,SYNTHETIC_DEMO_DATA
INC-00002348,ALT-00012293,2026-05-27T09:33:59Z,2026-05-27T10:51:59Z,2026-05-27T11:30:59Z,2026-05-27T11:57:59Z,2026-05-28T00:30:59Z,2026-05-28T01:22:59Z,External Synthetic,Identity Provider,AST-0032,RUL-036,Low,Closed,ANL-001,1,66.7,FALSE,FALSE,SYNTHETIC_DEMO_DATA
INC-00000275,ALT-00003128,2025-02-07T22:34:08Z,2025-02-07T22:48:08Z,2025-02-07T23:15:08Z,2025-02-07T23:48:08Z,2025-02-08T03:23:08Z,2025-02-08T14:29:08Z,EDY SIEM,Correlation Hub,AST-0179,RUL-032,Low,Closed,ANL-004,1,57.1,TRUE,FALSE,SYNTHETIC_DEMO_DATA
INC-00001952,ALT-00012871,2025-09-22T13:32:05Z,2025-09-22T13:44:05Z,2025-09-22T14:01:05Z,2025-09-22T21:01:05Z,2025-09-23T01:05:05Z,2025-09-23T11:32:05Z,EDY Shield,Endpoint Integrity,AST-0209,RUL-009,Low,Closed,ANL-001,1,53.3,FALSE,FALSE,SYNTHETIC_DEMO_DATA
INC-00002864,ALT-00013091,2025-12-01T14:20:59Z,2025-12-01T15:05:59Z,2025-12-01T15:42:59Z,,,,EDY Sentinel,Cloud Detection,AST-0201,RUL-031,Informational,Active,ANL-006,0,35.0,FALSE,FALSE,SYNTHETIC_DEMO_DATA
INC-00000144,ALT-00007250,2025-11-28T21:01:48Z,2025-11-28T21:54:48Z,2025-11-28T22:20:48Z,2025-11-28T23:30:48Z,2025-11-29T00:57:48Z,2025-11-29T08:18:48Z,EDY Sentinel,Cloud Detection,AST-0175,RUL-023,Informational,Closed,ANL-002,1,27.5,FALSE,FALSE,SYNTHETIC_DEMO_DATA
INC-00002776,ALT-00000231,2025-08-01T16:21:56Z,2025-08-01T16:35:56Z,2025-08-01T17:10:56Z,2025-08-01T17:29:56Z,2025-08-01T21:22:56Z,2025-08-02T01:27:56Z,EDY Shield,Endpoint Integrity,AST-0082,RUL-024,Medium,Closed,ANL-012,1,71.2,FALSE,FALSE,SYNTHETIC_DEMO_DATA
INC-00003089,ALT-00006778,2025-10-02T17:14:02Z,2025-10-02T17:46:02Z,2025-10-02T18:23:02Z,2025-10-02T20:04:02Z,2025-10-02T21:13:02Z,2025-10-03T05:16:02Z,External Synthetic,Identity Provider,AST-0145,RUL-016,Informational,Closed,ANL-015,2,39.3,FALSE,FALSE,SYNTHETIC_DEMO_DATA
INC-00001966,ALT-00009590,2025-09-18T16:37:21Z,2025-09-18T17:13:21Z,2025-09-18T17:51:21Z,2025-09-18T18:15:21Z,2025-09-18T22:13:21Z,2025-09-18T23:39:21Z,External Synthetic,Network Sensor,AST-0051,RUL-003,Informational,Closed,ANL-010,3,45.3,FALSE,FALSE,SYNTHETIC_DEMO_DATA
INC-00000723,ALT-00005433,2025-08-06T08:14:16Z,2025-08-06T08:36:16Z,2025-08-06T09:12:16Z,2025-08-06T11:42:16Z,2025-08-06T19:27:16Z,2025-08-07T02:00:16Z,External Synthetic,Network Sensor,AST-0098,RUL-041,Informational,Closed,ANL-017,1,34.1,FALSE,FALSE,SYNTHETIC_DEMO_DATA
INC-00002492,ALT-00003925,2026-06-06T19:28:14Z,2026-06-06T19:40:14Z,2026-06-06T19:51:14Z,2026-06-06T20:28:14Z,2026-06-06T22:12:14Z,2026-06-07T01:10:14Z,EDY Sentinel,Cloud Detection,AST-0096,RUL-040,High,fechado,ANL-003,1,96.1,TRUE,FALSE,SYNTHETIC_DEMO_DATA
INC-00000485,ALT-00007338,2026-01-26T12:02:18Z,2026-01-26T12:27:18Z,2026-01-26T12:41:18Z,2026-01-26T14:20:18Z,2026-01-26T19:38:18Z,2026-01-27T00:00:18Z,External Synthetic,Identity Provider,AST-0023,RUL-041,Informational,Closed,ANL-009,2,45.1,FALSE,FALSE,SYNTHETIC_DEMO_DATA
INC-00000013,ALT-00005523,2026-07-16T10:30:53Z,2026-07-16T11:04:53Z,2026-07-16T11:35:53Z,2026-07-16T13:40:53Z,2026-07-16T14:44:53Z,2026-07-16T16:27:53Z,External Synthetic,Cloud Audit,AST-0097,RUL-009,Low,Closed,ANL-002,1,50.9,FALSE,FALSE,SYNTHETIC_DEMO_DATA
INC-00002025,ALT-00005839,2025-04-04T15:41:34Z,2025-04-04T15:57:34Z,2025-04-04T16:10:34Z,2025-04-04T16:57:34Z,2025-04-04T18:28:34Z,2025-04-04T23:02:34Z,External Synthetic,Cloud Audit,AST-0165,RUL-023,Medium,Closed,ANL-013,3,64.7,FALSE,FALSE,SYNTHETIC_DEMO_DATA
INC-00000861,ALT-00014378,2025-11-17T16:12:09Z,2025-11-17T16:47:09Z,2025-11-17T16:57:09Z,2025-11-17T18:19:09Z,2025-11-18T01:11:09Z,,External Synthetic,Cloud Audit,AST-0233,RUL-041,Informational,Resolved,ANL-005,2,27.6,FALSE,FALSE,SYNTHETIC_DEMO_DATA
INC-00002215,ALT-00008615,2025-10-15T09:30:01Z,2025-10-15T09:39:01Z,2025-10-15T09:43:01Z,2025-10-15T13:56:01Z,2025-10-15T22:54:01Z,2025-10-16T09:39:01Z,EDY SIEM,Correlation Hub,AST-0009,RUL-029,Informational,Closed,ANL-013,1,24.1,FALSE,FALSE,SYNTHETIC_DEMO_DATA
INC-00000945,ALT-00012740,2026-02-28T13:01:17Z,2026-02-28T13:28:17Z,2026-02-28T13:43:17Z,2026-02-28T15:17:17Z,2026-02-28T18:30:17Z,2026-02-28T20:47:17Z,EDY Sentinel,Cloud Detection,AST-0091,RUL-016,Low,Closed,ANL-012,1,60.3,FALSE,FALSE,SYNTHETIC_DEMO_DATA
INC-00001339,ALT-00011542,2026-03-30T11:20:14Z,2026-03-30T11:34:14Z,2026-03-30T11:43:14Z,2026-03-30T13:42:14Z,2026-03-30T14:56:14Z,2026-03-30T23:24:14Z,External Synthetic,Cloud Audit,AST-0074,RUL-031,High,Closed,ANL-010,2,94.5,TRUE,FALSE,SYNTHETIC_DEMO_DATA
INC-00002809,ALT-00001284,2025-02-08T15:18:23Z,2025-02-08T16:13:23Z,2025-02-08T16:26:23Z,2025-02-08T16:59:23Z,2025-02-09T12:36:23Z,2025-02-09T20:32:23Z,EDY RECON,Exposure Intelligence,AST-0157,RUL-014,Medium,Closed,ANL-015,1,59.9,FALSE,TRUE,SYNTHETIC_DEMO_DATA
INC-00002211,ALT-00016366,2025-10-28T15:42:41Z,2025-10-28T16:15:41Z,2025-10-28T16:47:41Z,2025-10-28T18:26:41Z,2025-10-28T20:25:41Z,2025-10-28T22:31:41Z,EDY RECON,Exposure Intelligence,AST-0014,RUL-026,Informational,Closed,ANL-005,1,61.2,TRUE,FALSE,SYNTHETIC_DEMO_DATA
INC-00000347,ALT-00005893,2026-04-23T19:02:43Z,2026-04-23T20:12:43Z,2026-04-23T20:18:43Z,2026-04-23T20:47:43Z,2026-04-23T21:11:43Z,2026-04-24T05:39:43Z,External Synthetic,Network Sensor,AST-0004,RUL-006,Informational,Closed,ANL-003,1,27.3,FALSE,FALSE,SYNTHETIC_DEMO_DATA
INC-00002344,ALT-00000263,2025-12-16T12:24:56Z,2025-12-16T13:17:56Z,2025-12-16T13:30:56Z,2025-12-16T14:59:56Z,2025-12-16T19:41:56Z,2025-12-17T01:50:56Z,EDY RECON,Exposure Intelligence,AST-0180,RUL-031,Informational,Closed,ANL-010,1,24.8,FALSE,FALSE,SYNTHETIC_DEMO_DATA
INC-00002538,ALT-00013099,2025-11-27T01:34:19Z,2025-11-27T01:56:19Z,2025-11-27T02:03:19Z,2025-11-27T05:17:19Z,2025-11-27T12:09:19Z,2025-11-27T17:39:19Z,External Synthetic,Cloud Audit,AST-0189,RUL-044,Informational,Closed,ANL-002,2,21.4,FALSE,FALSE,SYNTHETIC_DEMO_DATA
INC-00003141,ALT-00013023,2026-07-25T21:42:09Z,2026-07-25T21:48:09Z,2026-07-25T21:57:09Z,2026-07-26T02:45:09Z,,,EDY SIEM,Correlation Hub,AST-0076,RUL-037,Informational,Contained,ANL-011,0,29.0,FALSE,FALSE,SYNTHETIC_DEMO_DATA
INC-00000604,ALT-00008087,2026-03-12T10:14:01Z,2026-03-12T10:33:01Z,2026-03-12T11:11:01Z,2026-03-12T14:00:01Z,2026-03-12T15:12:01Z,2026-03-12T23:24:01Z,EDY Sentinel,Cloud Detection,AST-0123,RUL-032,Low,Closed,ANL-005,1,55.0,FALSE,FALSE,SYNTHETIC_DEMO_DATA
INC-00000464,ALT-00001116,2025-05-16T00:02:18Z,2025-05-16T00:15:18Z,2025-05-16T00:17:18Z,2025-05-16T01:07:18Z,2025-05-16T02:47:18Z,2025-05-16T08:56:18Z,EDY Shield,Endpoint Integrity,AST-0041,RUL-042,Medium,Closed,ANL-014,1,84.6,FALSE,FALSE,SYNTHETIC_DEMO_DATA
INC-00002396,ALT-00006930,2026-06-25T09:51:53Z,2026-06-25T11:47:53Z,2026-06-25T12:22:53Z,2026-06-25T13:40:53Z,2026-06-25T17:24:53Z,2026-06-25T22:49:53Z,External Synthetic,Identity Provider,AST-0205,RUL-007,Low,Closed,ANL-007,2,54.4,FALSE,FALSE,SYNTHETIC_DEMO_DATA
INC-00000696,ALT-00014077,2025-04-20T09:11:42Z,2025-04-20T09:24:42Z,2025-04-20T09:42:42Z,2025-04-20T11:17:42Z,2025-04-20T11:57:42Z,2025-04-20T15:37:42Z,External Synthetic,Identity Provider,AST-0173,RUL-042,Medium,Closed,ANL-010,1,71.3,FALSE,FALSE,SYNTHETIC_DEMO_DATA
INC-00000326,ALT-00005988,2025-05-30T17:02:10Z,2025-05-30T17:30:10Z,2025-05-30T17:54:10Z,2025-05-30T18:55:10Z,2025-05-30T21:23:10Z,2025-05-31T07:10:10Z,EDY RECON,Exposure Intelligence,AST-0050,RUL-035,Medium,Closed,ANL-008,3,85.0,FALSE,FALSE,SYNTHETIC_DEMO_DATA
INC-00001943,ALT-00017591,2025-02-20T13:11:59Z,2025-02-20T13:22:59Z,2025-02-20T13:25:59Z,2025-02-20T15:05:59Z,2025-02-20T17:19:59Z,2025-02-21T03:02:59Z,External Synthetic,Network Sensor,AST-0084,RUL-033,Informational,Closed,ANL-009,1,36.8,FALSE,FALSE,SYNTHETIC_DEMO_DATA
INC-00002958,ALT-00004704,2025-09-12T16:02:15Z,2025-09-12T16:09:15Z,2025-09-12T16:12:15Z,2025-09-12T16:39:15Z,2025-09-12T20:18:15Z,2025-09-13T00:38:15Z,EDY Shield,Endpoint Integrity,AST-0181,RUL-022,Medium,Closed,ANL-016,1,75.7,FALSE,FALSE,SYNTHETIC_DEMO_DATA
INC-00003062,ALT-00010995,2026-07-29T17:17:19Z,2026-07-29T17:32:19Z,2026-07-29T17:39:19Z,2026-07-29T20:47:19Z,2026-07-30T05:02:19Z,,EDY SIEM,Correlation Hub,AST-0152,RUL-015,Informational,Resolved,ANL-006,1,34.3,FALSE,FALSE,SYNTHETIC_DEMO_DATA
INC-00000215,ALT-00006597,2025-09-16T07:25:21Z,2025-09-16T07:32:21Z,2025-09-16T07:43:21Z,2025-09-16T08:43:21Z,2025-09-16T12:24:21Z,2025-09-16T15:47:21Z,EDY Shield,Endpoint Integrity,AST-0037,RUL-011,Low,Closed,ANL-010,1,56.3,FALSE,FALSE,SYNTHETIC_DEMO_DATA
INC-00001788,ALT-00009980,2025-12-31T17:24:37Z,2025-12-31T18:41:37Z,2025-12-31T19:18:37Z,2025-12-31T20:30:37Z,2026-01-01T05:09:37Z,2026-01-01T09:52:37Z,EDY Sentinel,Cloud Detection,AST-0147,RUL-010,Informational,Closed,ANL-014,3,35.8,FALSE,FALSE,SYNTHETIC_DEMO_DATA
INC-00001749,ALT-00000614,2026-02-01T13:04:42Z,2026-02-01T13:06:42Z,2026-02-01T13:28:42Z,2026-02-01T14:28:42Z,2026-02-01T22:58:42Z,2026-02-02T05:50:42Z,External Synthetic,Network Sensor,AST-0202,RUL-037,Low,Closed,ANL-018,2,56.8,TRUE,TRUE,SYNTHETIC_DEMO_DATA
INC-00000631,ALT-00001396,2026-02-27T17:35:33Z,2026-02-27T17:49:33Z,2026-02-27T18:07:33Z,2026-02-27T20:25:33Z,2026-02-27T21:22:33Z,2026-02-28T07:58:33Z,EDY Shield,Endpoint Integrity,AST-0149,RUL-040,Medium,Closed,ANL-015,1,84.2,FALSE,FALSE,SYNTHETIC_DEMO_DATA
INC-00001473,ALT-00014300,2025-09-24T03:26:00Z,2025-09-24T03:49:00Z,2025-09-24T04:02:00Z,2025-09-24T07:20:00Z,2025-09-24T11:44:00Z,2025-09-24T15:12:00Z,External Synthetic,Cloud Audit,AST-0109,RUL-018,Informational,Closed,ANL-005,1,46.5,FALSE,FALSE,SYNTHETIC_DEMO_DATA
INC-00002928,ALT-00004259,2025-11-01T10:24:19Z,2025-11-01T10:38:19Z,2025-11-01T10:50:19Z,2025-11-01T11:23:19Z,2025-11-01T15:24:19Z,2025-11-02T01:15:19Z,External Synthetic,Network Sensor,AST-0231,RUL-005,Medium,Closed,ANL-010,3,70.7,FALSE,FALSE,SYNTHETIC_DEMO_DATA
INC-00002206,ALT-00006057,2026-03-08T10:56:32Z,2026-03-08T11:18:32Z,2026-03-08T11:34:32Z,2026-03-08T16:37:32Z,2026-03-09T00:21:32Z,2026-03-09T05:44:32Z,External Synthetic,Network Sensor,AST-0157,RUL-037,Informational,Closed,ANL-004,1,31.2,FALSE,FALSE,SYNTHETIC_DEMO_DATA
INC-00002855,ALT-00008186,2026-05-25T17:13:12Z,2026-05-25T17:38:12Z,2026-05-25T18:13:12Z,2026-05-25T20:18:12Z,2026-05-25T21:55:12Z,,External Synthetic,Cloud Audit,AST-0181,RUL-020,Informational,Resolved,ANL-015,2,47.1,FALSE,FALSE,SYNTHETIC_DEMO_DATA
INC-00002655,ALT-00006409,2026-05-20T21:53:52Z,2026-05-20T22:21:52Z,2026-05-20T22:37:52Z,2026-05-21T00:44:52Z,2026-05-21T02:54:52Z,2026-05-21T05:30:52Z,EDY Shield,Endpoint Integrity,AST-0195,RUL-033,High,Closed,ANL-014,1,100,TRUE,FALSE,SYNTHETIC_DEMO_DATA
INC-00002644,ALT-00014299,2026-03-23T09:16:35Z,2026-03-23T09:50:35Z,2026-03-23T10:07:35Z,2026-03-23T12:02:35Z,,,EDY SIEM,Correlation Hub,AST-0214,RUL-016,Informational,Contained,ANL-016,0,34.9,FALSE,FALSE,SYNTHETIC_DEMO_DATA
INC-00001611,ALT-00012143,2025-09-12T14:59:36Z,2025-09-12T15:11:36Z,2025-09-12T15:35:36Z,2025-09-12T16:02:36Z,2025-09-13T02:26:36Z,2025-09-13T11:12:36Z,EDY Shield,Endpoint Integrity,AST-0220,RUL-018,Critical,Closed,ANL-015,1,100,TRUE,FALSE,SYNTHETIC_DEMO_DATA
INC-00002306,ALT-00005594,2025-07-08T07:45:22Z,2025-07-08T08:21:22Z,2025-07-08T08:25:22Z,2025-07-08T09:13:22Z,2025-07-08T11:52:22Z,,External Synthetic,Identity Provider,AST-0031,RUL-025,Informational,Resolved,ANL-006,1,35.2,FALSE,FALSE,SYNTHETIC_DEMO_DATA
INC-00002589,ALT-00017605,2025-12-28T09:30:25Z,2025-12-28T09:47:25Z,2025-12-28T09:58:25Z,2025-12-28T11:49:25Z,2025-12-28T15:12:25Z,2025-12-28T15:48:25Z,External Synthetic,Network Sensor,AST-0229,RUL-032,Informational,Closed,ANL-005,1,27.9,FALSE,FALSE,SYNTHETIC_DEMO_DATA
INC-00002427,ALT-00005911,2026-07-23T13:24:54Z,2026-07-23T13:55:54Z,2026-07-23T14:07:54Z,2026-07-23T15:04:54Z,2026-07-23T16:41:54Z,2026-07-23T18:59:54Z,External Synthetic,Network Sensor,AST-0160,RUL-034,Low,Closed,ANL-006,1,52.3,FALSE,FALSE,SYNTHETIC_DEMO_DATA
INC-00000450,ALT-00015465,2025-11-27T15:52:54Z,2025-11-27T15:57:54Z,2025-11-27T16:31:54Z,2025-11-27T18:43:54Z,2025-11-27T22:15:54Z,2025-11-28T07:34:54Z,External Synthetic,Cloud Audit,AST-0177,RUL-015,Medium,Closed,ANL-004,3,74.4,FALSE,FALSE,SYNTHETIC_DEMO_DATA
INC-00000074,ALT-00016667,2026-06-18T18:42:25Z,2026-06-18T19:33:25Z,2026-06-18T19:41:25Z,2026-06-18T20:14:25Z,2026-06-18T20:43:25Z,,EDY RECON,Exposure Intelligence,AST-0003,RUL-034,Informational,Resolved,ANL-006,4,33.3,FALSE,FALSE,SYNTHETIC_DEMO_DATA
INC-00000829,ALT-00009203,2026-01-20T08:48:30Z,2026-01-20T09:13:30Z,2026-01-20T10:04:30Z,2026-01-20T15:41:30Z,2026-01-21T08:55:30Z,2026-01-21T18:58:30Z,External Synthetic,Cloud Audit,AST-0087,RUL-021,Informational,Closed,ANL-013,1,47.2,FALSE,FALSE,SYNTHETIC_DEMO_DATA
INC-00002198,ALT-00014363,2025-02-22T00:32:28Z,2025-02-22T00:57:28Z,2025-02-22T01:07:28Z,2025-02-22T02:24:28Z,2025-02-22T03:59:28Z,,EDY Shield,Endpoint Integrity,AST-0182,RUL-034,Informational,Resolved,ANL-006,3,41.6,FALSE,FALSE,SYNTHETIC_DEMO_DATA
INC-00002166,ALT-00004734,2026-03-06T13:48:53Z,2026-03-06T14:00:53Z,2026-03-06T14:53:53Z,,,,External Synthetic,Network Sensor,AST-0087,RUL-028,Medium,Active,ANL-016,0,75.8,FALSE,FALSE,SYNTHETIC_DEMO_DATA
INC-00001797,ALT-00003505,2026-07-31T11:57:06Z,2026-07-31T12:11:06Z,2026-07-31T13:10:06Z,2026-07-31T16:43:06Z,2026-08-01T09:11:06Z,2026-08-01T15:31:06Z,External Synthetic,Network Sensor,AST-0031,RUL-010,Informational,Closed,ANL-005,1,34.1,FALSE,FALSE,SYNTHETIC_DEMO_DATA
INC-00002337,ALT-00011470,2026-06-22T08:28:42Z,2026-06-22T09:21:42Z,2026-06-22T10:12:42Z,2026-06-22T12:05:42Z,2026-06-22T13:34:42Z,2026-06-22T23:56:42Z,External Synthetic,Cloud Audit,AST-0203,RUL-030,Informational,Closed,ANL-005,1,50.3,FALSE,FALSE,SYNTHETIC_DEMO_DATA
INC-00002491,ALT-00016997,2025-08-01T13:01:36Z,2025-08-01T13:45:36Z,2025-08-01T14:04:36Z,2025-08-01T16:32:36Z,2025-08-01T18:06:36Z,,External Synthetic,Network Sensor,AST-0066,RUL-033,Informational,Resolved,ANL-007,1,38.9,FALSE,TRUE,SYNTHETIC_DEMO_DATA
INC-00000583,ALT-00002913,2025-10-10T17:04:18Z,2025-10-10T17:21:18Z,2025-10-10T17:37:18Z,2025-10-10T18:22:18Z,2025-10-10T19:04:18Z,2025-10-11T02:43:18Z,External Synthetic,Network Sensor,AST-0129,RUL-027,High,Closed,ANL-010,1,95.8,TRUE,TRUE,SYNTHETIC_DEMO_DATA
INC-00001270,ALT-00007339,2025-02-25T01:21:39Z,2025-02-25T01:39:39Z,2025-02-25T01:58:39Z,2025-02-25T04:26:39Z,2025-02-25T06:37:39Z,,External Synthetic,Cloud Audit,AST-0197,RUL-022,Medium,Resolved,ANL-006,1,63.3,FALSE,FALSE,SYNTHETIC_DEMO_DATA
INC-00001726,ALT-00011649,2026-03-03T22:58:32Z,2026-03-03T23:23:32Z,2026-03-04T00:30:32Z,2026-03-04T00:57:32Z,2026-03-04T08:37:32Z,2026-03-04T13:17:32Z,EDY SIEM,Correlation Hub,AST-0056,RUL-020,Informational,Closed,ANL-016,1,34.7,FALSE,FALSE,SYNTHETIC_DEMO_DATA
INC-00000641,ALT-00003954,2026-03-10T06:06:59Z,2026-03-10T06:18:59Z,2026-03-10T06:28:59Z,2026-03-10T09:07:59Z,2026-03-10T12:55:59Z,2026-03-10T19:34:59Z,External Synthetic,Network Sensor,AST-0185,RUL-026,Informational,Closed,ANL-015,1,47.2,FALSE,FALSE,SYNTHETIC_DEMO_DATA
INC-00001222,ALT-00012201,2026-06-09T08:51:17Z,2026-06-09T09:35:17Z,2026-06-09T10:20:17Z,2026-06-09T13:19:17Z,2026-06-09T16:30:17Z,2026-06-10T03:26:17Z,EDY SIEM,Correlation Hub,AST-0212,RUL-012,Low,Closed,ANL-017,1,63.4,FALSE,FALSE,SYNTHETIC_DEMO_DATA
INC-00001829,ALT-00003281,2025-12-03T11:29:21Z,2025-12-03T11:40:21Z,2025-12-03T12:02:21Z,2025-12-03T13:06:21Z,2025-12-03T19:05:21Z,2025-12-03T20:07:21Z,EDY Shield,Endpoint Integrity,AST-0008,RUL-027,Low,Closed,ANL-016,1,46.0,FALSE,FALSE,SYNTHETIC_DEMO_DATA
INC-00000553,ALT-00008905,2026-05-30T16:14:23Z,2026-05-30T16:38:23Z,2026-05-30T16:59:23Z,2026-05-30T18:13:23Z,2026-05-30T20:11:23Z,2026-05-30T22:58:23Z,EDY Shield,Endpoint Integrity,AST-0187,RUL-022,Informational,Closed,ANL-001,1,36.5,FALSE,FALSE,SYNTHETIC_DEMO_DATA
INC-00001836,ALT-00009552,2026-03-31T17:25:31Z,2026-03-31T17:47:31Z,2026-03-31T17:56:31Z,2026-03-31T18:21:31Z,2026-03-31T18:56:31Z,2026-04-01T03:52:31Z,EDY Sentinel,Cloud Detection,AST-0042,RUL-033,Medium,Closed,ANL-004,1,76.5,FALSE,FALSE,SYNTHETIC_DEMO_DATA
INC-00000115,ALT-00003340,2025-07-16T19:57:36Z,2025-07-16T20:11:36Z,2025-07-16T20:25:36Z,2025-07-16T21:02:36Z,2025-07-16T23:33:36Z,2025-07-17T03:41:36Z,External Synthetic,Identity Provider,AST-0168,RUL-037,High,Closed,ANL-010,1,99.1,TRUE,FALSE,SYNTHETIC_DEMO_DATA
INC-00002447,ALT-00011536,2025-10-20T18:54:45Z,2025-10-20T19:32:45Z,2025-10-20T19:42:45Z,2025-10-20T20:40:45Z,2025-10-21T17:57:45Z,2025-10-22T04:20:45Z,External Synthetic,Network Sensor,AST-0168,RUL-013,Informational,Closed,ANL-009,3,45.5,FALSE,FALSE,SYNTHETIC_DEMO_DATA
INC-00001068,ALT-00006787,2026-02-14T08:11:26Z,2026-02-14T08:22:26Z,2026-02-14T08:37:26Z,2026-02-14T09:01:26Z,2026-02-14T10:45:26Z,,EDY Sentinel,Cloud Detection,AST-0160,RUL-029,High,resolvido,ANL-017,2,91.6,TRUE,FALSE,SYNTHETIC_DEMO_DATA
INC-00002241,ALT-00009026,2025-06-12T12:20:31Z,2025-06-12T13:37:31Z,2025-06-12T14:16:31Z,2025-06-12T15:08:31Z,2025-06-12T16:18:31Z,2025-06-13T02:27:31Z,EDY Shield,Endpoint Integrity,AST-0061,RUL-014,Low,Closed,ANL-012,1,50.2,FALSE,FALSE,SYNTHETIC_DEMO_DATA
INC-00002960,ALT-00012208,2026-01-13T12:17:09Z,2026-01-13T12:23:09Z,2026-01-13T12:39:09Z,2026-01-13T13:48:09Z,2026-01-13T15:05:09Z,2026-01-13T16:27:09Z,EDY RECON,Exposure Intelligence,AST-0024,RUL-018,Low,Closed,ANL-001,2,57.6,FALSE,FALSE,SYNTHETIC_DEMO_DATA
INC-00002675,ALT-00015047,2025-06-07T11:01:02Z,2025-06-07T12:30:02Z,2025-06-07T12:50:02Z,2025-06-07T17:43:02Z,2025-06-07T23:59:02Z,,EDY SIEM,Correlation Hub,AST-0162,RUL-042,INFORMATIONAL,Resolved,ANL-015,3,27.2,FALSE,FALSE,SYNTHETIC_DEMO_DATA
INC-00002103,ALT-00016920,2025-11-02T23:46:22Z,2025-11-03T00:11:22Z,2025-11-03T00:41:22Z,2025-11-03T02:37:22Z,2025-11-03T03:32:22Z,2025-11-03T13:19:22Z,EDY SIEM,Correlation Hub,AST-0010,RUL-043,High,Closed,ANL-008,1,97.1,TRUE,FALSE,SYNTHETIC_DEMO_DATA
INC-00000445,ALT-00001510,2026-02-26T15:34:00Z,2026-02-26T15:40:00Z,2026-02-26T16:09:00Z,2026-02-26T18:17:00Z,2026-02-26T18:44:00Z,2026-02-26T20:58:00Z,EDY Shield,Endpoint Integrity,AST-0025,RUL-021,High,fechado,ANL-004,1,97.0,TRUE,FALSE,SYNTHETIC_DEMO_DATA
INC-00000451,ALT-00002170,2025-10-11T16:55:07Z,2025-10-11T17:31:07Z,2025-10-11T17:47:07Z,2025-10-11T19:46:07Z,2025-10-11T21:34:07Z,2025-10-12T02:51:07Z,External Synthetic,Cloud Audit,AST-0135,RUL-010,Informational,Closed,ANL-013,2,34.0,TRUE,FALSE,SYNTHETIC_DEMO_DATA
INC-00002656,ALT-00014400,2026-06-20T07:12:15Z,2026-06-20T08:05:15Z,2026-06-20T08:35:15Z,,,,EDY Shield,Endpoint Integrity,AST-0003,RUL-009,Critical,Active,ANL-008,0,100,TRUE,FALSE,SYNTHETIC_DEMO_DATA
INC-00002214,ALT-00015272,2026-02-03T15:36:55Z,2026-02-03T15:56:55Z,2026-02-03T16:26:55Z,2026-02-03T16:42:55Z,2026-02-04T01:07:55Z,2026-02-04T09:19:55Z,EDY Sentinel,Cloud Detection,AST-0030,RUL-011,Low,Closed,ANL-003,4,54.7,FALSE,FALSE,SYNTHETIC_DEMO_DATA
INC-00002793,ALT-00002772,2026-01-07T11:20:03Z,2026-01-07T11:34:03Z,2026-01-07T12:04:03Z,2026-01-07T13:40:03Z,2026-01-07T16:37:03Z,2026-01-07T21:38:03Z,External Synthetic,Identity Provider,AST-0212,RUL-010,Low,Closed,ANL-018,1,62.9,FALSE,FALSE,SYNTHETIC_DEMO_DATA
INC-00001881,ALT-00016805,2025-12-24T16:06:48Z,2025-12-24T16:37:48Z,2025-12-24T17:22:48Z,2025-12-24T19:37:48Z,2025-12-25T01:12:48Z,2025-12-25T04:04:48Z,External Synthetic,Identity Provider,AST-0120,RUL-033,Medium,Closed,ANL-013,3,75.5,TRUE,FALSE,SYNTHETIC_DEMO_DATA
INC-00002517,ALT-00010425,2025-08-06T13:48:41Z,2025-08-06T14:44:41Z,2025-08-06T14:53:41Z,2025-08-06T15:34:41Z,2025-08-06T16:08:41Z,2025-08-06T23:19:41Z,External Synthetic,Cloud Audit,AST-0052,RUL-004,Medium,Closed,ANL-007,1,72.0,FALSE,FALSE,SYNTHETIC_DEMO_DATA
INC-00002250,ALT-00002130,2025-08-02T15:19:07Z,2025-08-02T15:55:07Z,2025-08-02T16:16:07Z,2025-08-02T20:08:07Z,2025-08-02T21:44:07Z,,EDY Shield,Endpoint Integrity,AST-0160,RUL-015,Low,Resolved,ANL-003,3,53.3,FALSE,FALSE,SYNTHETIC_DEMO_DATA
INC-00001875,ALT-00006322,2025-12-03T16:52:47Z,2025-12-03T17:18:47Z,2025-12-03T17:25:47Z,2025-12-03T22:00:47Z,2025-12-04T02:38:47Z,2025-12-04T05:17:47Z,EDY Sentinel,Cloud Detection,AST-0049,RUL-008,Informational,Closed,ANL-017,1,31.2,FALSE,FALSE,SYNTHETIC_DEMO_DATA
INC-00001048,ALT-00015991,2025-03-08T09:46:04Z,2025-03-08T10:16:04Z,2025-03-08T10:24:04Z,2025-03-08T15:35:04Z,2025-03-08T17:51:04Z,,EDY Sentinel,Cloud Detection,AST-0043,RUL-037,Informational,Resolved,ANL-010,2,39.2,FALSE,FALSE,SYNTHETIC_DEMO_DATA
INC-00002470,ALT-00005925,2025-02-24T14:45:33Z,2025-02-24T15:19:33Z,2025-02-24T15:31:33Z,2025-02-25T00:28:33Z,2025-02-25T08:19:33Z,2025-02-25T18:59:33Z,External Synthetic,Network Sensor,AST-0208,RUL-041,Low,Closed,ANL-011,1,56.6,FALSE,FALSE,SYNTHETIC_DEMO_DATA
INC-00001459,ALT-00015893,2025-06-09T14:05:07Z,2025-06-09T14:37:07Z,2025-06-09T14:47:07Z,2025-06-09T16:08:07Z,2025-06-09T16:59:07Z,2025-06-09T17:58:07Z,EDY SIEM,Correlation Hub,AST-0175,RUL-013,Low,Closed,ANL-014,3,42.2,FALSE,FALSE,SYNTHETIC_DEMO_DATA
INC-00002540,ALT-00009708,2025-11-12T16:22:39Z,2025-11-12T16:59:39Z,2025-11-12T17:30:39Z,2025-11-12T20:47:39Z,2025-11-12T23:39:39Z,2025-11-13T11:06:39Z,EDY Sentinel,Cloud Detection,AST-0191,RUL-035,Low,Closed,ANL-007,1,50.9,FALSE,FALSE,SYNTHETIC_DEMO_DATA
INC-00000303,ALT-00001683,2025-07-15T11:44:44Z,2025-07-15T12:31:44Z,2025-07-15T12:41:44Z,2025-07-15T13:27:44Z,2025-07-15T17:36:44Z,2025-07-15T20:11:44Z,External Synthetic,Cloud Audit,AST-0015,RUL-014,Low,Closed,ANL-006,1,55.9,FALSE,FALSE,SYNTHETIC_DEMO_DATA
INC-00003083,ALT-00005142,2026-06-25T21:51:30Z,2026-06-25T22:47:30Z,2026-06-25T23:01:30Z,2026-06-25T23:52:30Z,2026-06-26T05:14:30Z,,External Synthetic,Identity Provider,AST-0143,RUL-034,Informational,Resolved,ANL-003,1,30.2,FALSE,FALSE,SYNTHETIC_DEMO_DATA
INC-00002691,ALT-00016079,2026-06-18T09:57:08Z,2026-06-18T10:30:08Z,2026-06-18T10:36:08Z,2026-06-18T11:22:08Z,,,External Synthetic,Cloud Audit,AST-0196,RUL-044,Informational,Contained,ANL-011,0,38.8,FALSE,FALSE,SYNTHETIC_DEMO_DATA
INC-00001861,ALT-00016998,2025-11-09T07:36:36Z,2025-11-09T08:03:36Z,2025-11-09T08:16:36Z,2025-11-09T08:27:36Z,2025-11-09T14:29:36Z,2025-11-09T14:46:36Z,External Synthetic,Cloud Audit,AST-0019,RUL-003,Low,Closed,ANL-008,1,58.4,FALSE,FALSE,SYNTHETIC_DEMO_DATA
INC-00002150,ALT-00007347,2025-05-28T08:54:59Z,2025-05-28T09:21:59Z,2025-05-28T09:40:59Z,2025-05-28T13:24:59Z,2025-05-28T18:08:59Z,2025-05-29T03:22:59Z,EDY Sentinel,Cloud Detection,AST-0167,RUL-007,Low,Closed,ANL-001,3,60.8,FALSE,FALSE,SYNTHETIC_DEMO_DATA
INC-00001624,ALT-00000808,2026-05-22T10:54:02Z,2026-05-22T11:07:02Z,2026-05-22T11:23:02Z,2026-05-22T12:05:02Z,,,External Synthetic,Cloud Audit,AST-0189,RUL-007,Low,Contained,ANL-011,0,42.3,FALSE,FALSE,SYNTHETIC_DEMO_DATA
INC-00001547,ALT-00016413,2026-07-02T15:14:08Z,2026-07-02T15:43:08Z,2026-07-02T16:34:08Z,2026-07-02T19:00:08Z,2026-07-02T19:26:08Z,2026-07-03T02:43:08Z,EDY RECON,Exposure Intelligence,AST-0033,RUL-041,Medium,Closed,ANL-011,3,69.3,FALSE,FALSE,SYNTHETIC_DEMO_DATA
INC-00000610,ALT-00017916,2025-07-07T12:33:34Z,2025-07-07T13:39:34Z,2025-07-07T13:42:34Z,2025-07-07T14:20:34Z,2025-07-07T16:29:34Z,2025-07-08T00:33:34Z,External Synthetic,Cloud Audit,AST-0074,RUL-038,Informational,Closed,ANL-016,1,36.6,FALSE,FALSE,SYNTHETIC_DEMO_DATA
INC-00000484,ALT-00013265,2026-03-17T10:43:24Z,2026-03-17T11:37:24Z,2026-03-17T12:00:24Z,2026-03-17T13:13:24Z,2026-03-17T15:40:24Z,2026-03-17T19:53:24Z,EDY Shield,Endpoint Integrity,AST-0034,RUL-034,Informational,Closed,ANL-016,1,49.7,TRUE,FALSE,SYNTHETIC_DEMO_DATA
INC-00002452,ALT-00006180,2026-07-31T02:27:56Z,2026-07-31T02:38:56Z,2026-07-31T02:47:56Z,2026-07-31T04:09:56Z,2026-07-31T06:59:56Z,2026-07-31T12:33:56Z,EDY SIEM,Correlation Hub,AST-0097,RUL-041,Informational,Closed,ANL-010,1,34.6,FALSE,FALSE,SYNTHETIC_DEMO_DATA
INC-00001501,ALT-00000885,2025-04-26T19:01:19Z,2025-04-26T19:17:19Z,2025-04-26T19:47:19Z,2025-04-26T21:57:19Z,2025-04-26T23:11:19Z,2025-04-27T08:19:19Z,External Synthetic,Network Sensor,AST-0104,RUL-013,Low,Closed,ANL-008,1,64.7,FALSE,FALSE,SYNTHETIC_DEMO_DATA
INC-00000558,ALT-00007856,2026-03-23T18:15:38Z,2026-03-23T18:29:38Z,2026-03-23T19:01:38Z,2026-03-23T19:17:38Z,2026-03-24T00:45:38Z,2026-03-24T06:32:38Z,External Synthetic,Identity Provider,AST-0191,RUL-026,High,Closed,ANL-005,2,92.8,TRUE,FALSE,SYNTHETIC_DEMO_DATA
INC-00001764,ALT-00014006,2025-04-20T10:28:28Z,2025-04-20T10:34:28Z,2025-04-20T10:41:28Z,2025-04-20T12:02:28Z,2025-04-20T13:00:28Z,,EDY Sentinel,Cloud Detection,AST-0003,RUL-032,Critical,Resolved,ANL-006,1,100,TRUE,FALSE,SYNTHETIC_DEMO_DATA
INC-00000571,ALT-00003837,2026-04-12T15:29:05Z,2026-04-12T16:43:05Z,2026-04-12T16:57:05Z,2026-04-12T18:30:05Z,2026-04-12T20:45:05Z,2026-04-12T23:19:05Z,External Synthetic,Network Sensor,AST-0064,RUL-028,Informational,Closed,ANL-001,1,46.8,FALSE,FALSE,SYNTHETIC_DEMO_DATA
INC-00001729,ALT-00010528,2025-11-11T14:12:13Z,2025-11-11T14:34:13Z,2025-11-11T14:57:13Z,2025-11-11T16:03:13Z,,,External Synthetic,Network Sensor,AST-0095,RUL-025,Informational,Contained,ANL-013,0,49.8,FALSE,FALSE,SYNTHETIC_DEMO_DATA
INC-00001887,ALT-00017450,2025-10-10T15:21:47Z,2025-10-10T15:37:47Z,2025-10-10T15:53:47Z,2025-10-10T18:13:47Z,2025-10-11T08:41:47Z,2025-10-11T19:15:47Z,External Synthetic,Identity Provider,AST-0175,RUL-030,Informational,Closed,ANL-005,1,34.8,FALSE,FALSE,SYNTHETIC_DEMO_DATA
INC-00002672,ALT-00001709,2025-04-03T22:21:03Z,2025-04-03T22:53:03Z,2025-04-03T23:17:03Z,2025-04-04T00:12:03Z,2025-04-04T11:22:03Z,,External Synthetic,Network Sensor,AST-0229,RUL-002,Informational,Resolved,ANL-018,3,33.6,FALSE,FALSE,SYNTHETIC_DEMO_DATA
INC-00002233,ALT-00014099,2026-04-28T09:30:28Z,2026-04-28T09:39:28Z,2026-04-28T09:59:28Z,2026-04-28T10:30:28Z,2026-04-28T11:09:28Z,,EDY Shield,Endpoint Integrity,AST-0125,RUL-022,Low,Resolved,ANL-014,1,57.2,TRUE,FALSE,SYNTHETIC_DEMO_DATA
INC-00000935,ALT-00002158,2025-04-18T11:20:35Z,2025-04-18T11:48:35Z,2025-04-18T12:05:35Z,2025-04-18T13:49:35Z,,,External Synthetic,Network Sensor,AST-0180,RUL-033,Medium,Contained,ANL-011,0,66.3,TRUE,FALSE,SYNTHETIC_DEMO_DATA
INC-00001118,ALT-00010222,2025-06-15T09:17:56Z,2025-06-15T10:05:56Z,2025-06-15T10:14:56Z,2025-06-15T10:21:56Z,2025-06-15T11:54:56Z,2025-06-15T18:52:56Z,External Synthetic,Network Sensor,AST-0049,RUL-035,Medium,Closed,ANL-008,3,64.8,FALSE,FALSE,SYNTHETIC_DEMO_DATA
INC-00001071,ALT-00007350,2026-04-13T10:57:26Z,2026-04-13T11:39:26Z,2026-04-13T12:07:26Z,2026-04-13T12:59:26Z,2026-04-13T16:43:26Z,2026-04-13T21:55:26Z,EDY SIEM,Correlation Hub,AST-0137,RUL-044,Low,Closed,ANL-012,3,55.9,FALSE,FALSE,SYNTHETIC_DEMO_DATA
INC-00002279,ALT-00005920,2025-02-02T03:35:40Z,2025-02-02T04:07:40Z,2025-02-02T05:36:40Z,2025-02-02T07:03:40Z,2025-02-02T09:43:40Z,2025-02-02T19:24:40Z,EDY Sentinel,Cloud Detection,AST-0095,RUL-023,Informational,Closed,ANL-015,1,46.4,FALSE,TRUE,SYNTHETIC_DEMO_DATA
INC-00002783,ALT-00015367,2025-06-10T11:56:12Z,2025-06-10T12:11:12Z,2025-06-10T12:27:12Z,2025-06-10T15:27:12Z,2025-06-10T17:18:12Z,2025-06-10T21:34:12Z,External Synthetic,Network Sensor,AST-0018,RUL-023,Informational,Closed,ANL-015,1,37.9,TRUE,FALSE,SYNTHETIC_DEMO_DATA
INC-00001868,ALT-00016879,2026-04-16T08:38:26Z,2026-04-16T09:17:26Z,2026-04-16T09:27:26Z,2026-04-16T16:10:26Z,2026-04-16T21:52:26Z,,EDY RECON,Exposure Intelligence,AST-0161,RUL-014,Medium,Resolved,ANL-014,1,65.7,FALSE,FALSE,SYNTHETIC_DEMO_DATA
INC-00001028,ALT-00004645,2025-03-14T09:23:18Z,2025-03-14T09:38:18Z,2025-03-14T10:45:18Z,2025-03-14T13:37:18Z,2025-03-14T18:44:18Z,2025-03-14T20:41:18Z,External Synthetic,Network Sensor,AST-0148,RUL-035,Informational,Closed,ANL-006,1,32.1,FALSE,FALSE,SYNTHETIC_DEMO_DATA
INC-00001103,ALT-00005288,2026-02-05T14:35:48Z,2026-02-05T14:48:48Z,2026-02-05T15:26:48Z,2026-02-05T15:34:48Z,2026-02-05T16:23:48Z,2026-02-05T21:30:48Z,EDY SIEM,Correlation Hub,AST-0226,RUL-037,High,Closed,ANL-006,3,100,TRUE,FALSE,SYNTHETIC_DEMO_DATA
INC-00000526,ALT-00014325,2025-02-18T08:46:04Z,2025-02-18T09:37:04Z,2025-02-18T10:00:04Z,2025-02-18T12:48:04Z,2025-02-18T21:13:04Z,2025-02-19T08:17:04Z,External Synthetic,Cloud Audit,AST-0223,RUL-029,Low,Closed,ANL-011,1,50.7,FALSE,FALSE,SYNTHETIC_DEMO_DATA
INC-00001086,ALT-00004231,2026-04-16T16:56:34Z,2026-04-16T17:39:34Z,2026-04-16T19:50:34Z,2026-04-16T21:05:34Z,2026-04-16T23:44:34Z,2026-04-17T07:08:34Z,EDY Sentinel,Cloud Detection,AST-0184,RUL-045,Informational,Closed,ANL-014,3,31.6,FALSE,FALSE,SYNTHETIC_DEMO_DATA
INC-00000320,ALT-00001654,2025-03-06T16:36:44Z,2025-03-06T16:43:44Z,2025-03-06T16:58:44Z,2025-03-06T17:37:44Z,2025-03-06T23:26:44Z,2025-03-07T08:31:44Z,EDY Sentinel,Cloud Detection,AST-0121,RUL-036,Low,Closed,ANL-013,1,50.4,FALSE,FALSE,SYNTHETIC_DEMO_DATA
INC-00003151,ALT-00011049,2025-04-01T11:01:28Z,2025-04-01T11:08:28Z,2025-04-01T11:29:28Z,2025-04-01T11:58:28Z,2025-04-02T01:19:28Z,2025-04-02T02:04:28Z,EDY SIEM,Correlation Hub,AST-0196,RUL-041,High,Closed,ANL-016,1,90.2,TRUE,FALSE,SYNTHETIC_DEMO_DATA
INC-00001629,ALT-00002042,2026-04-10T10:12:03Z,2026-04-10T10:23:03Z,2026-04-10T11:20:03Z,2026-04-10T13:54:03Z,2026-04-10T16:31:03Z,2026-04-10T18:48:03Z,EDY Sentinel,Cloud Detection,AST-0008,RUL-011,High,Closed,ANL-014,1,89.5,TRUE,FALSE,SYNTHETIC_DEMO_DATA
INC-00001929,ALT-00014092,2025-07-30T11:12:17Z,2025-07-30T11:19:17Z,2025-07-30T11:31:17Z,2025-07-30T12:56:17Z,2025-07-31T00:46:17Z,,EDY Sentinel,Cloud Detection,AST-0058,RUL-036,Informational,Resolved,ANL-017,3,34.2,FALSE,FALSE,SYNTHETIC_DEMO_DATA
INC-00001372,ALT-00006856,2025-02-07T09:14:25Z,2025-02-07T09:44:25Z,2025-02-07T09:53:25Z,2025-02-07T10:53:25Z,2025-02-07T11:28:25Z,2025-02-07T18:01:25Z,External Synthetic,Identity Provider,AST-0192,RUL-030,High,Closed,ANL-013,1,94.3,TRUE,FALSE,SYNTHETIC_DEMO_DATA
INC-00000302,ALT-00007885,2026-02-17T19:02:12Z,2026-02-17T19:33:12Z,2026-02-17T19:51:12Z,2026-02-17T20:49:12Z,2026-02-19T05:29:12Z,2026-02-19T07:39:12Z,EDY Sentinel,Cloud Detection,AST-0139,RUL-023,Informational,Closed,ANL-012,2,29.0,FALSE,FALSE,SYNTHETIC_DEMO_DATA
INC-00000898,ALT-00015396,2025-06-22T20:32:56Z,2025-06-22T20:34:56Z,2025-06-22T20:48:56Z,2025-06-22T21:32:56Z,2025-06-23T13:28:56Z,,EDY SIEM,Correlation Hub,AST-0209,RUL-023,Low,Resolved,ANL-017,1,50.7,FALSE,FALSE,SYNTHETIC_DEMO_DATA
INC-00001705,ALT-00001364,2026-05-21T12:49:26Z,2026-05-21T13:00:26Z,2026-05-21T13:10:26Z,2026-05-21T19:04:26Z,2026-05-21T21:03:26Z,2026-05-22T01:21:26Z,EDY SIEM,Correlation Hub,AST-0033,RUL-027,Informational,Closed,ANL-001,3,56.5,TRUE,FALSE,SYNTHETIC_DEMO_DATA
INC-00001961,ALT-00003890,2026-03-25T21:54:26Z,2026-03-25T22:28:26Z,2026-03-25T22:34:26Z,2026-03-26T00:51:26Z,2026-03-26T17:26:26Z,2026-03-27T02:54:26Z,EDY SIEM,Correlation Hub,AST-0057,RUL-034,Informational,Closed,ANL-009,3,40.4,FALSE,TRUE,SYNTHETIC_DEMO_DATA
INC-00002134,ALT-00015872,2025-06-13T12:54:13Z,2025-06-13T13:15:13Z,2025-06-13T13:24:13Z,2025-06-13T14:28:13Z,2025-06-13T16:13:13Z,2025-06-13T16:59:13Z,External Synthetic,Identity Provider,AST-0102,RUL-042,Medium,Closed,ANL-006,1,75.8,TRUE,FALSE,SYNTHETIC_DEMO_DATA
INC-00000539,ALT-00013774,2025-05-05T09:58:25Z,2025-05-05T10:03:25Z,2025-05-05T10:34:25Z,2025-05-05T11:00:25Z,2025-05-05T12:15:25Z,2025-05-05T16:47:25Z,External Synthetic,Identity Provider,AST-0015,RUL-036,Medium,Closed,ANL-011,1,84.1,TRUE,FALSE,SYNTHETIC_DEMO_DATA
INC-00000657,ALT-00004108,2025-12-08T15:19:58Z,2025-12-08T15:44:58Z,2025-12-08T15:57:58Z,2025-12-08T16:24:58Z,2025-12-08T19:04:58Z,2025-12-08T19:34:58Z,EDY RECON,Exposure Intelligence,AST-0037,RUL-017,Informational,Closed,ANL-011,1,48.6,FALSE,FALSE,SYNTHETIC_DEMO_DATA
INC-00001202,ALT-00002492,2025-08-28T10:32:07Z,2025-08-28T10:43:07Z,2025-08-28T11:22:07Z,2025-08-28T12:36:07Z,2025-08-28T14:29:07Z,,EDY SIEM,Correlation Hub,AST-0124,RUL-028,Medium,Resolved,ANL-014,1,72.1,FALSE,FALSE,SYNTHETIC_DEMO_DATA
INC-00001037,ALT-00014974,2026-07-03T07:31:29Z,2026-07-03T08:53:29Z,2026-07-03T09:10:29Z,2026-07-03T10:57:29Z,2026-07-03T12:40:29Z,2026-07-03T12:54:29Z,External Synthetic,Network Sensor,AST-0100,RUL-003,Informational,Closed,ANL-015,2,46.0,FALSE,FALSE,SYNTHETIC_DEMO_DATA
INC-00001107,ALT-00014390,2025-08-24T08:29:14Z,2025-08-24T08:46:14Z,2025-08-24T09:11:14Z,2025-08-24T10:53:14Z,2025-08-24T14:06:14Z,2025-08-25T00:18:14Z,External Synthetic,Identity Provider,AST-0204,RUL-043,High,Closed,ANL-014,1,97.1,TRUE,FALSE,SYNTHETIC_DEMO_DATA
INC-00003019,ALT-00009996,2025-09-04T12:07:46Z,2025-09-04T12:41:46Z,2025-09-04T13:25:46Z,2025-09-04T14:30:46Z,2025-09-04T16:52:46Z,2025-09-04T23:15:46Z,External Synthetic,Identity Provider,AST-0030,RUL-032,Medium,Closed,ANL-003,1,67.1,FALSE,FALSE,SYNTHETIC_DEMO_DATA
INC-00002160,ALT-00013951,2025-12-29T12:12:53Z,2025-12-29T12:43:53Z,2025-12-29T12:50:53Z,2025-12-29T13:35:53Z,2025-12-29T15:34:53Z,,External Synthetic,Network Sensor,AST-0089,RUL-032,Medium,Resolved,ANL-004,3,61.3,FALSE,FALSE,SYNTHETIC_DEMO_DATA
INC-00002158,ALT-00004897,2025-05-01T17:19:25Z,2025-05-01T17:40:25Z,2025-05-01T18:12:25Z,2025-05-01T18:40:25Z,2025-05-02T00:12:25Z,,EDY RECON,Exposure Intelligence,AST-0082,RUL-019,Low,Resolved,ANL-017,2,59.6,FALSE,FALSE,SYNTHETIC_DEMO_DATA
INC-00001885,ALT-00008450,2025-02-07T15:06:24Z,2025-02-07T15:28:24Z,2025-02-07T16:12:24Z,2025-02-07T18:09:24Z,2025-02-07T18:47:24Z,2025-02-08T00:25:24Z,EDY SIEM,Correlation Hub,AST-0001,RUL-037,Medium,Closed,ANL-003,3,71.1,FALSE,FALSE,SYNTHETIC_DEMO_DATA
INC-00002749,ALT-00001674,2025-06-24T12:32:56Z,2025-06-24T12:39:56Z,2025-06-24T13:06:56Z,2025-06-24T15:15:56Z,,,EDY Shield,Endpoint Integrity,AST-0180,RUL-014,Informational,Contained,ANL-001,0,27.7,FALSE,FALSE,SYNTHETIC_DEMO_DATA
INC-00000882,ALT-00009114,2025-08-11T10:41:18Z,2025-08-11T12:46:18Z,2025-08-11T12:59:18Z,2025-08-11T14:37:18Z,2025-08-11T15:58:18Z,2025-08-11T23:39:18Z,External Synthetic,Network Sensor,AST-0224,RUL-043,Medium,Closed,ANL-004,1,57.3,FALSE,FALSE,SYNTHETIC_DEMO_DATA
INC-00002822,ALT-00004432,2025-03-15T08:54:27Z,2025-03-15T09:10:27Z,2025-03-15T09:20:27Z,2025-03-15T10:21:27Z,2025-03-15T12:51:27Z,2025-03-15T17:08:27Z,EDY Sentinel,Cloud Detection,AST-0084,RUL-023,Informational,Closed,ANL-012,1,33.3,FALSE,FALSE,SYNTHETIC_DEMO_DATA
INC-00002419,ALT-00008060,2025-10-27T16:39:07Z,2025-10-27T16:54:07Z,2025-10-27T17:16:07Z,2025-10-27T17:47:07Z,2025-10-28T04:03:07Z,,EDY Shield,Endpoint Integrity,AST-0205,RUL-033,Medium,Resolved,ANL-009,1,71.2,FALSE,FALSE,SYNTHETIC_DEMO_DATA
INC-00001493,ALT-00006961,2025-04-15T07:56:38Z,2025-04-15T08:35:38Z,2025-04-15T08:49:38Z,2025-04-15T10:24:38Z,2025-04-15T11:32:38Z,2025-04-15T16:20:38Z,EDY SIEM,Correlation Hub,AST-0038,RUL-043,Low,Closed,ANL-010,1,48.2,FALSE,FALSE,SYNTHETIC_DEMO_DATA
INC-00000940,ALT-00016008,2026-05-06T18:47:13Z,2026-05-06T18:54:13Z,2026-05-06T19:09:13Z,2026-05-06T20:10:13Z,2026-05-06T20:33:13Z,2026-05-07T02:26:13Z,EDY Shield,Endpoint Integrity,AST-0152,RUL-010,Low,Closed,ANL-011,3,43.1,FALSE,FALSE,SYNTHETIC_DEMO_DATA
INC-00000111,ALT-00017474,2026-04-21T22:23:10Z,2026-04-21T23:02:10Z,2026-04-21T23:17:10Z,2026-04-22T00:43:10Z,2026-04-22T07:31:10Z,2026-04-22T13:54:10Z,EDY Shield,Endpoint Integrity,AST-0145,RUL-036,Informational,Closed,ANL-017,1,42.3,FALSE,FALSE,SYNTHETIC_DEMO_DATA
INC-00001452,ALT-00004374,2025-06-29T08:18:54Z,2025-06-29T08:25:54Z,2025-06-29T08:59:54Z,,,,EDY RECON,Exposure Intelligence,AST-0052,RUL-041,Medium,Active,ANL-010,0,79.7,TRUE,FALSE,SYNTHETIC_DEMO_DATA
INC-00002414,ALT-00003891,2026-06-05T08:33:08Z,2026-06-05T08:39:08Z,2026-06-05T08:42:08Z,2026-06-05T09:22:08Z,2026-06-05T10:21:08Z,,External Synthetic,Identity Provider,AST-0233,RUL-041,Low,Resolved,ANL-007,1,48.9,FALSE,FALSE,SYNTHETIC_DEMO_DATA
INC-00001088,ALT-00017608,2025-07-26T18:44:29Z,2025-07-26T20:07:29Z,2025-07-26T20:32:29Z,2025-07-26T21:05:29Z,2025-07-27T10:27:29Z,2025-07-27T12:00:29Z,External Synthetic,Cloud Audit,AST-0018,RUL-015,Informational,Closed,ANL-018,1,21.5,FALSE,FALSE,SYNTHETIC_DEMO_DATA
INC-00001613,ALT-00003228,2025-06-16T21:27:04Z,,,,,,External Synthetic,Cloud Audit,AST-0130,RUL-042,Informational,New,ANL-015,0,29.8,FALSE,FALSE,SYNTHETIC_DEMO_DATA
INC-00000158,ALT-00002189,2025-10-23T16:14:22Z,2025-10-23T16:23:22Z,2025-10-23T16:49:22Z,2025-10-23T17:59:22Z,2025-10-23T19:51:22Z,,EDY Shield,Endpoint Integrity,AST-0164,RUL-030,Critical,Resolved,ANL-016,1,100,TRUE,FALSE,SYNTHETIC_DEMO_DATA
INC-00001254,ALT-00004158,2026-03-31T12:06:02Z,2026-03-31T12:28:02Z,2026-03-31T12:54:02Z,2026-03-31T14:20:02Z,2026-03-31T18:33:02Z,2026-04-01T05:00:02Z,External Synthetic,Cloud Audit,AST-0172,RUL-012,Low,Closed,ANL-009,1,68.1,TRUE,FALSE,SYNTHETIC_DEMO_DATA
INC-00002692,ALT-00017638,2025-11-06T11:49:00Z,2025-11-06T12:25:00Z,2025-11-06T12:39:00Z,2025-11-06T14:36:00Z,2025-11-06T22:29:00Z,2025-11-07T08:38:00Z,External Synthetic,Network Sensor,AST-0197,RUL-008,Informational,Closed,ANL-004,1,27.3,FALSE,FALSE,SYNTHETIC_DEMO_DATA
INC-00000417,ALT-00011053,2025-09-27T07:36:28Z,2025-09-27T07:40:28Z,2025-09-27T08:26:28Z,2025-09-27T10:07:28Z,2025-09-27T14:19:28Z,2025-09-27T17:57:28Z,External Synthetic,Network Sensor,AST-0086,RUL-043,High,Closed,ANL-002,3,100,TRUE,FALSE,SYNTHETIC_DEMO_DATA
INC-00002343,ALT-00012253,2025-03-29T14:30:40Z,2025-03-29T15:44:40Z,2025-03-29T17:00:40Z,2025-03-29T20:03:40Z,2025-03-29T22:25:40Z,2025-03-30T06:52:40Z,EDY Shield,Endpoint Integrity,AST-0182,RUL-014,Low,Closed,ANL-018,1,64.5,TRUE,FALSE,SYNTHETIC_DEMO_DATA
INC-00002389,ALT-00007747,2026-07-16T14:14:19Z,2026-07-16T14:48:19Z,2026-07-16T15:48:19Z,2026-07-16T16:24:19Z,2026-07-16T17:53:19Z,2026-07-16T20:02:19Z,EDY SIEM,Correlation Hub,AST-0025,RUL-032,Low,Closed,ANL-002,1,54.0,FALSE,FALSE,SYNTHETIC_DEMO_DATA
INC-00002384,ALT-00007744,2025-03-05T14:55:42Z,2025-03-05T15:15:42Z,2025-03-05T15:37:42Z,,,,External Synthetic,Identity Provider,AST-0078,RUL-042,Medium,Active,ANL-002,0,76.6,FALSE,FALSE,SYNTHETIC_DEMO_DATA
INC-00000127,ALT-00012142,2025-06-25T18:42:20Z,2025-06-25T18:47:20Z,2025-06-25T19:00:20Z,2025-06-25T19:40:20Z,,,External Synthetic,Identity Provider,AST-0020,RUL-004,Low,Contained,ANL-014,0,55.8,FALSE,FALSE,SYNTHETIC_DEMO_DATA
INC-00002889,ALT-00002171,2025-11-05T09:57:45Z,2025-11-05T10:17:45Z,2025-11-05T11:06:45Z,2025-11-05T12:03:45Z,2025-11-05T13:34:45Z,2025-11-05T22:09:45Z,External Synthetic,Network Sensor,AST-0150,RUL-041,MEDIUM,Closed,ANL-013,1,74.1,FALSE,FALSE,SYNTHETIC_DEMO_DATA
INC-00002812,ALT-00003415,2025-05-24T10:57:34Z,2025-05-24T11:03:34Z,2025-05-24T11:20:34Z,2025-05-24T11:34:34Z,2025-05-24T19:27:34Z,2025-05-24T23:55:34Z,External Synthetic,Network Sensor,AST-0042,RUL-010,Informational,Closed,ANL-010,1,42.5,FALSE,FALSE,SYNTHETIC_DEMO_DATA
INC-00001641,ALT-00010371,2025-08-31T08:15:41Z,2025-08-31T08:48:41Z,2025-08-31T09:13:41Z,2025-08-31T09:35:41Z,2025-08-31T12:15:41Z,2025-08-31T23:36:41Z,External Synthetic,Network Sensor,AST-0121,RUL-010,Low,Closed,ANL-018,1,45.3,FALSE,FALSE,SYNTHETIC_DEMO_DATA
INC-00001594,ALT-00014010,2025-02-20T08:00:42Z,2025-02-20T09:14:42Z,2025-02-20T10:19:42Z,,,,EDY SIEM,Correlation Hub,AST-0138,RUL-040,Low,Active,ANL-005,0,50.5,FALSE,FALSE,SYNTHETIC_DEMO_DATA
INC-00000376,ALT-00016274,2026-06-03T18:50:57Z,2026-06-03T19:20:57Z,2026-06-03T20:01:57Z,2026-06-03T20:46:57Z,2026-06-03T23:17:57Z,2026-06-04T00:29:57Z,EDY SIEM,Correlation Hub,AST-0091,RUL-020,High,Closed,ANL-001,4,97.2,TRUE,FALSE,SYNTHETIC_DEMO_DATA
INC-00002093,ALT-00007700,2025-02-25T19:40:34Z,2025-02-25T19:57:34Z,2025-02-25T20:33:34Z,2025-02-25T21:58:34Z,2025-02-25T23:20:34Z,2025-02-26T00:14:34Z,External Synthetic,Network Sensor,AST-0060,RUL-023,Medium,Closed,ANL-005,1,72.3,FALSE,FALSE,SYNTHETIC_DEMO_DATA
INC-00000917,ALT-00000187,2026-02-03T09:18:37Z,2026-02-03T09:43:37Z,2026-02-03T09:54:37Z,2026-02-03T10:55:37Z,2026-02-03T13:03:37Z,2026-02-03T18:01:37Z,EDY Shield,Endpoint Integrity,AST-0154,RUL-033,High,Closed,ANL-012,4,100,TRUE,FALSE,SYNTHETIC_DEMO_DATA
INC-00001438,ALT-00017231,2026-05-19T16:59:03Z,2026-05-19T17:30:03Z,2026-05-19T17:37:03Z,2026-05-20T00:07:03Z,2026-05-20T04:28:03Z,2026-05-20T10:14:03Z,External Synthetic,Network Sensor,AST-0077,RUL-041,Low,Closed,ANL-017,3,65.9,FALSE,FALSE,SYNTHETIC_DEMO_DATA
INC-00001633,ALT-00017197,2026-03-04T17:16:58Z,2026-03-04T17:41:58Z,2026-03-04T18:01:58Z,2026-03-04T18:47:58Z,2026-03-04T19:51:58Z,,External Synthetic,Network Sensor,AST-0213,RUL-014,Low,Resolved,ANL-002,1,58.7,FALSE,FALSE,SYNTHETIC_DEMO_DATA
INC-00003119,ALT-00001827,2026-06-30T07:54:14Z,2026-06-30T08:10:14Z,2026-06-30T08:47:14Z,,,,EDY Sentinel,Cloud Detection,AST-0049,RUL-004,Informational,Active,ANL-003,0,28.5,FALSE,FALSE,SYNTHETIC_DEMO_DATA
INC-00000193,ALT-00014799,2025-11-17T09:32:50Z,2025-11-17T09:51:50Z,2025-11-17T10:09:50Z,2025-11-17T11:00:50Z,2025-11-17T12:11:50Z,2025-11-17T20:20:50Z,EDY Shield,Endpoint Integrity,AST-0134,RUL-012,Low,Closed,ANL-002,1,42.1,FALSE,FALSE,SYNTHETIC_DEMO_DATA
INC-00002442,ALT-00011434,2025-04-14T07:15:18Z,2025-04-14T07:27:18Z,2025-04-14T08:06:18Z,2025-04-14T08:58:18Z,2025-04-14T10:45:18Z,2025-04-14T20:25:18Z,EDY Sentinel,Cloud Detection,AST-0137,RUL-013,Low,Closed,ANL-009,2,63.3,TRUE,FALSE,SYNTHETIC_DEMO_DATA
INC-00001795,ALT-00002327,2025-06-07T08:06:40Z,2025-06-07T08:38:40Z,2025-06-07T10:39:40Z,2025-06-07T11:20:40Z,2025-06-08T03:34:40Z,2025-06-08T14:54:40Z,EDY Shield,Endpoint Integrity,AST-0180,RUL-012,Informational,Closed,ANL-001,1,30.9,FALSE,FALSE,SYNTHETIC_DEMO_DATA
INC-00001978,ALT-00017489,2026-06-02T05:48:09Z,2026-06-02T06:25:09Z,2026-06-02T06:32:09Z,2026-06-02T09:37:09Z,2026-06-02T12:28:09Z,2026-06-02T19:02:09Z,EDY Sentinel,Cloud Detection,AST-0122,RUL-023,Informational,Closed,ANL-016,2,52.8,FALSE,FALSE,SYNTHETIC_DEMO_DATA
INC-00001281,ALT-00002542,2025-05-29T17:28:17Z,2025-05-29T18:23:17Z,2025-05-29T18:42:17Z,2025-05-29T20:08:17Z,,,External Synthetic,Identity Provider,AST-0063,RUL-037,Informational,Contained,ANL-017,0,26.4,FALSE,FALSE,SYNTHETIC_DEMO_DATA
INC-00000059,ALT-00006663,2025-03-01T01:00:21Z,2025-03-01T01:28:21Z,2025-03-01T01:58:21Z,2025-03-01T03:23:21Z,2025-03-01T10:17:21Z,2025-03-01T21:56:21Z,EDY Sentinel,Cloud Detection,AST-0147,RUL-015,Low,Closed,ANL-004,1,55.7,FALSE,FALSE,SYNTHETIC_DEMO_DATA
INC-00001000,ALT-00017207,2025-12-08T09:22:50Z,2025-12-08T10:42:50Z,2025-12-08T10:49:50Z,2025-12-08T13:05:50Z,2025-12-08T15:15:50Z,,EDY SIEM,Correlation Hub,AST-0234,RUL-008,Informational,Resolved,ANL-004,1,24.1,FALSE,FALSE,SYNTHETIC_DEMO_DATA
INC-00001635,ALT-00015349,2026-06-11T12:22:50Z,2026-06-11T13:00:50Z,2026-06-11T13:09:50Z,2026-06-11T13:33:50Z,2026-06-11T14:09:50Z,2026-06-11T16:27:50Z,External Synthetic,Network Sensor,AST-0238,RUL-023,Low,Closed,ANL-006,1,44.1,FALSE,FALSE,SYNTHETIC_DEMO_DATA
INC-00002611,ALT-00012440,2026-04-29T16:32:58Z,2026-04-29T18:33:58Z,2026-04-29T18:53:58Z,2026-04-29T20:10:58Z,2026-04-29T21:46:58Z,,EDY Shield,Endpoint Integrity,AST-0227,RUL-029,Low,Resolved,ANL-014,1,55.3,FALSE,FALSE,SYNTHETIC_DEMO_DATA
INC-00001786,ALT-00005336,2025-05-26T14:08:35Z,2025-05-26T14:50:35Z,2025-05-26T15:21:35Z,2025-05-26T17:38:35Z,2025-05-26T20:25:35Z,,EDY SIEM,Correlation Hub,AST-0206,RUL-044,Low,Resolved,ANL-011,2,51.4,FALSE,FALSE,SYNTHETIC_DEMO_DATA
INC-00002365,ALT-00000983,2026-02-23T20:25:36Z,2026-02-23T20:38:36Z,2026-02-23T20:57:36Z,2026-02-23T21:45:36Z,2026-02-24T01:41:36Z,2026-02-24T05:38:36Z,EDY Shield,Endpoint Integrity,AST-0139,RUL-043,Critical,Closed,ANL-011,3,100,TRUE,FALSE,SYNTHETIC_DEMO_DATA
INC-00000910,ALT-00012252,2026-06-27T11:15:03Z,2026-06-27T12:00:03Z,2026-06-27T12:17:03Z,2026-06-27T12:41:03Z,2026-06-27T14:33:03Z,2026-06-27T16:05:03Z,External Synthetic,Cloud Audit,AST-0136,RUL-002,Informational,Closed,ANL-004,1,44.1,FALSE,FALSE,SYNTHETIC_DEMO_DATA
INC-00003061,ALT-00016127,2025-12-05T12:25:58Z,2025-12-05T12:42:58Z,2025-12-05T12:53:58Z,2025-12-05T14:23:58Z,2025-12-05T17:41:58Z,2025-12-05T22:33:58Z,EDY RECON,Exposure Intelligence,AST-0235,RUL-005,Informational,Closed,ANL-013,3,48.2,FALSE,FALSE,SYNTHETIC_DEMO_DATA
INC-00002618,ALT-00004967,2026-03-05T14:31:57Z,2026-03-05T15:35:57Z,2026-03-05T15:49:57Z,2026-03-05T17:12:57Z,2026-03-06T00:43:57Z,2026-03-06T06:01:57Z,EDY Shield,Endpoint Integrity,AST-0146,RUL-017,Low,Closed,ANL-001,1,61.9,TRUE,FALSE,SYNTHETIC_DEMO_DATA
INC-00001731,ALT-00015884,2025-06-28T10:19:12Z,2025-06-28T10:46:12Z,2025-06-28T11:57:12Z,2025-06-28T13:06:12Z,2025-06-28T19:49:12Z,2025-06-29T02:58:12Z,EDY Sentinel,Cloud Detection,AST-0165,RUL-004,Informational,Closed,ANL-017,1,36.4,FALSE,FALSE,SYNTHETIC_DEMO_DATA
INC-00000836,ALT-00010180,2026-03-29T18:43:30Z,2026-03-29T18:48:30Z,2026-03-29T19:09:30Z,2026-03-29T21:07:30Z,2026-03-30T02:29:30Z,2026-03-30T03:36:30Z,EDY Sentinel,Cloud Detection,AST-0202,RUL-017,Low,Closed,ANL-001,1,63.5,TRUE,FALSE,SYNTHETIC_DEMO_DATA
INC-00000261,ALT-00000647,2025-07-17T08:44:54Z,2025-07-17T09:15:54Z,2025-07-17T09:35:54Z,2025-07-17T10:25:54Z,2025-07-17T11:54:54Z,2025-07-17T14:41:54Z,EDY SIEM,Correlation Hub,AST-0172,RUL-030,Medium,Closed,ANL-013,2,75.5,FALSE,FALSE,SYNTHETIC_DEMO_DATA
INC-00003073,ALT-00004193,2025-03-19T08:21:28Z,2025-03-19T08:46:28Z,2025-03-19T09:21:28Z,2025-03-19T09:49:28Z,2025-03-20T00:17:28Z,2025-03-20T05:59:28Z,External Synthetic,Identity Provider,AST-0215,RUL-029,Informational,Closed,ANL-001,1,30.8,FALSE,FALSE,SYNTHETIC_DEMO_DATA
INC-00003196,ALT-00012210,2026-01-23T14:51:32Z,2026-01-23T15:09:32Z,2026-01-23T15:22:32Z,2026-01-23T16:57:32Z,2026-01-24T04:00:32Z,2026-01-24T04:58:32Z,External Synthetic,Cloud Audit,AST-0223,RUL-029,Low,Closed,ANL-005,1,55.1,FALSE,FALSE,SYNTHETIC_DEMO_DATA
INC-00001799,ALT-00010391,2026-05-10T10:57:01Z,2026-05-10T12:08:01Z,2026-05-10T12:42:01Z,2026-05-11T02:04:01Z,2026-05-11T14:15:01Z,2026-05-11T15:28:01Z,External Synthetic,Cloud Audit,AST-0219,RUL-036,Informational,Closed,ANL-009,1,41.7,FALSE,FALSE,SYNTHETIC_DEMO_DATA
INC-00001575,ALT-00002856,2025-11-04T19:56:56Z,2025-11-04T20:24:56Z,2025-11-04T20:40:56Z,2025-11-04T22:50:56Z,2025-11-05T11:11:56Z,2025-11-05T21:14:56Z,External Synthetic,Network Sensor,AST-0122,RUL-010,Low,Closed,ANL-012,3,69.4,FALSE,FALSE,SYNTHETIC_DEMO_DATA
INC-00002970,ALT-00005009,2026-05-31T12:18:06Z,2026-05-31T12:45:06Z,2026-05-31T12:56:06Z,2026-05-31T13:47:06Z,2026-06-01T02:48:06Z,2026-06-01T11:12:06Z,External Synthetic,Network Sensor,AST-0069,RUL-002,Informational,Closed,ANL-002,2,52.0,TRUE,FALSE,SYNTHETIC_DEMO_DATA
INC-00001208,ALT-00000590,2026-02-20T21:30:08Z,2026-02-20T22:02:08Z,2026-02-20T22:12:08Z,2026-02-21T01:30:08Z,2026-02-21T05:01:08Z,2026-02-21T07:14:08Z,External Synthetic,Network Sensor,AST-0236,RUL-036,Medium,Closed,ANL-008,4,67.8,FALSE,FALSE,SYNTHETIC_DEMO_DATA
INC-00002029,ALT-00016521,2025-05-15T09:39:21Z,2025-05-15T09:54:21Z,2025-05-15T10:05:21Z,2025-05-15T11:05:21Z,2025-05-15T15:23:21Z,2025-05-16T02:49:21Z,External Synthetic,Cloud Audit,AST-0131,RUL-009,Informational,Closed,ANL-001,1,54.5,FALSE,FALSE,SYNTHETIC_DEMO_DATA
INC-00000855,ALT-00008566,2026-06-08T00:37:12Z,2026-06-08T00:47:12Z,2026-06-08T01:05:12Z,2026-06-08T02:45:12Z,2026-06-08T03:37:12Z,2026-06-08T04:08:12Z,External Synthetic,Identity Provider,AST-0110,RUL-029,Low,Closed,ANL-012,1,51.4,FALSE,FALSE,SYNTHETIC_DEMO_DATA
INC-00001948,ALT-00015674,2025-10-02T02:54:03Z,2025-10-02T03:47:03Z,2025-10-02T04:02:03Z,2025-10-02T05:14:03Z,2025-10-02T07:25:03Z,2025-10-02T16:09:03Z,External Synthetic,Identity Provider,AST-0091,RUL-042,Informational,Closed,ANL-010,3,48.8,FALSE,FALSE,SYNTHETIC_DEMO_DATA
INC-00000943,ALT-00004564,2026-03-25T13:01:25Z,2026-03-25T13:10:25Z,2026-03-25T13:49:25Z,2026-03-25T14:42:25Z,2026-03-25T15:03:25Z,2026-03-25T22:07:25Z,EDY Shield,Endpoint Integrity,AST-0175,RUL-030,Critical,Closed,ANL-011,2,100,TRUE,FALSE,SYNTHETIC_DEMO_DATA
INC-00002115,ALT-00015978,2025-05-28T06:45:10Z,2025-05-28T07:00:10Z,2025-05-28T07:15:10Z,2025-05-28T08:04:10Z,2025-05-28T11:35:10Z,2025-05-28T19:24:10Z,External Synthetic,Network Sensor,AST-0205,RUL-036,Informational,Closed,ANL-011,1,38.4,FALSE,FALSE,SYNTHETIC_DEMO_DATA
INC-00000947,ALT-00011012,2025-07-15T07:27:01Z,2025-07-15T07:43:01Z,2025-07-15T07:52:01Z,2025-07-15T09:13:01Z,2025-07-15T12:59:01Z,2025-07-15T19:34:01Z,External Synthetic,Identity Provider,AST-0031,RUL-040,Informational,Closed,ANL-015,1,31.6,FALSE,FALSE,SYNTHETIC_DEMO_DATA
INC-00001596,ALT-00008476,2025-12-04T07:39:08Z,2025-12-04T07:59:08Z,2025-12-04T08:07:08Z,2025-12-04T08:31:08Z,2025-12-04T10:16:08Z,,External Synthetic,Identity Provider,AST-0181,RUL-041,Critical,Resolved,ANL-012,1,100,TRUE,FALSE,SYNTHETIC_DEMO_DATA
INC-00001751,ALT-00001660,2025-04-27T08:50:28Z,2025-04-27T09:02:28Z,2025-04-27T09:28:28Z,2025-04-27T10:03:28Z,2025-04-27T15:35:28Z,2025-04-27T17:00:28Z,External Synthetic,Network Sensor,AST-0043,RUL-023,Informational,Closed,ANL-003,1,41.5,FALSE,FALSE,SYNTHETIC_DEMO_DATA
INC-00002242,ALT-00017117,2025-10-22T07:06:33Z,2025-10-22T07:20:33Z,2025-10-22T07:36:33Z,2025-10-22T07:56:33Z,2025-10-22T09:14:33Z,2025-10-22T18:17:33Z,EDY Sentinel,Cloud Detection,AST-0104,RUL-033,Informational,Closed,ANL-004,1,53.5,FALSE,FALSE,SYNTHETIC_DEMO_DATA
INC-00002709,ALT-00003100,2025-03-06T12:01:26Z,2025-03-06T12:23:26Z,2025-03-06T12:40:26Z,2025-03-06T15:03:26Z,2025-03-06T18:54:26Z,2025-03-06T23:02:26Z,EDY Sentinel,Cloud Detection,AST-0019,RUL-042,Informational,Closed,ANL-011,1,39.9,FALSE,FALSE,SYNTHETIC_DEMO_DATA
INC-00000264,ALT-00003157,2025-11-21T15:07:43Z,2025-11-21T15:46:43Z,2025-11-21T15:50:43Z,2025-11-21T16:55:43Z,2025-11-21T21:48:43Z,2025-11-21T23:14:43Z,EDY Shield,Endpoint Integrity,AST-0053,RUL-009,Low,Closed,ANL-009,3,63.5,TRUE,FALSE,SYNTHETIC_DEMO_DATA
INC-00000762,ALT-00015728,2025-09-25T14:28:14Z,2025-09-25T14:35:14Z,2025-09-25T14:50:14Z,2025-09-25T15:41:14Z,2025-09-25T18:14:14Z,2025-09-26T01:17:14Z,EDY SIEM,Correlation Hub,AST-0128,RUL-011,Low,Closed,ANL-015,1,52.0,FALSE,FALSE,SYNTHETIC_DEMO_DATA
INC-00002253,ALT-00007237,2026-02-05T12:33:16Z,2026-02-05T12:59:16Z,2026-02-05T13:13:16Z,2026-02-05T14:04:16Z,2026-02-05T15:04:16Z,2026-02-05T22:16:16Z,External Synthetic,Identity Provider,AST-0222,RUL-018,High,Closed,ANL-002,1,100,TRUE,FALSE,SYNTHETIC_DEMO_DATA
INC-00001828,ALT-00003366,2025-02-26T10:22:12Z,2025-02-26T10:27:12Z,2025-02-26T11:04:12Z,2025-02-26T11:21:12Z,2025-02-26T12:46:12Z,2025-02-26T15:18:12Z,EDY SIEM,Correlation Hub,AST-0101,RUL-033,High,Closed,ANL-007,4,94.0,TRUE,FALSE,SYNTHETIC_DEMO_DATA
INC-00000633,ALT-00003495,2025-04-10T13:54:59Z,2025-04-10T14:02:59Z,2025-04-10T14:14:59Z,2025-04-10T15:55:59Z,2025-04-10T19:21:59Z,2025-04-11T00:23:59Z,External Synthetic,Network Sensor,AST-0182,RUL-045,Medium,Closed,ANL-001,4,67.2,FALSE,FALSE,SYNTHETIC_DEMO_DATA
INC-00000718,ALT-00013212,2025-05-07T10:19:59Z,2025-05-07T10:34:59Z,2025-05-07T11:08:59Z,2025-05-07T12:29:59Z,2025-05-07T13:17:59Z,2025-05-07T18:20:59Z,EDY Shield,Endpoint Integrity,AST-0085,RUL-010,High,Closed,ANL-001,3,91.6,TRUE,FALSE,SYNTHETIC_DEMO_DATA
INC-00002152,ALT-00002267,2026-02-24T10:41:29Z,,,,,,EDY Shield,Endpoint Integrity,AST-0154,RUL-014,Medium,New,ANL-006,0,70.0,FALSE,FALSE,SYNTHETIC_DEMO_DATA
INC-00001636,ALT-00007059,2025-07-03T12:01:11Z,2025-07-03T12:16:11Z,2025-07-03T12:29:11Z,2025-07-03T13:45:11Z,2025-07-04T01:28:11Z,2025-07-04T07:05:11Z,EDY SIEM,Correlation Hub,AST-0160,RUL-030,Low,Closed,ANL-017,2,53.7,FALSE,FALSE,SYNTHETIC_DEMO_DATA
INC-00001911,ALT-00010109,2025-10-05T09:51:07Z,2025-10-05T10:17:07Z,2025-10-05T10:46:07Z,2025-10-05T12:56:07Z,2025-10-05T14:28:07Z,2025-10-05T16:57:07Z,EDY Shield,Endpoint Integrity,AST-0236,RUL-039,Informational,Closed,ANL-017,4,42.9,FALSE,FALSE,SYNTHETIC_DEMO_DATA
INC-00002079,ALT-00017157,2026-06-24T09:01:15Z,2026-06-24T09:07:15Z,2026-06-24T09:15:15Z,2026-06-24T11:07:15Z,2026-06-24T13:12:15Z,2026-06-24T21:10:15Z,External Synthetic,Cloud Audit,AST-0011,RUL-023,Medium,Closed,ANL-013,1,83.4,TRUE,FALSE,SYNTHETIC_DEMO_DATA
INC-00002874,ALT-00007912,2025-08-26T17:25:02Z,2025-08-26T17:45:02Z,2025-08-26T18:12:02Z,2025-08-26T22:38:02Z,2025-08-27T01:54:02Z,2025-08-27T03:01:02Z,External Synthetic,Cloud Audit,AST-0036,RUL-018,Informational,Closed,ANL-008,1,29.0,FALSE,FALSE,SYNTHETIC_DEMO_DATA
INC-00002203,ALT-00007776,2025-05-21T18:59:50Z,2025-05-21T19:09:50Z,2025-05-21T19:51:50Z,2025-05-21T20:34:50Z,2025-05-22T00:23:50Z,2025-05-22T03:17:50Z,External Synthetic,Cloud Audit,AST-0200,RUL-040,Medium,Closed,ANL-009,3,67.0,FALSE,FALSE,SYNTHETIC_DEMO_DATA
INC-00001550,ALT-00008885,2025-07-28T10:49:03Z,2025-07-28T11:27:03Z,2025-07-28T11:43:03Z,2025-07-28T21:24:03Z,2025-07-29T05:34:03Z,2025-07-29T12:30:03Z,EDY RECON,Exposure Intelligence,AST-0109,RUL-037,Informational,Closed,ANL-006,1,42.3,FALSE,FALSE,SYNTHETIC_DEMO_DATA
INC-00001884,ALT-00007236,2025-05-07T15:48:41Z,2025-05-07T16:09:41Z,2025-05-07T16:29:41Z,2025-05-07T19:40:41Z,2025-05-07T20:24:41Z,2025-05-08T01:53:41Z,External Synthetic,Network Sensor,AST-0239,RUL-004,Informational,Closed,ANL-008,3,50.9,FALSE,FALSE,SYNTHETIC_DEMO_DATA
INC-00000934,ALT-00008194,2026-04-06T10:28:42Z,2026-04-06T11:00:42Z,2026-04-06T11:48:42Z,2026-04-06T12:51:42Z,2026-04-06T13:59:42Z,2026-04-07T01:19:42Z,EDY RECON,Exposure Intelligence,AST-0073,RUL-022,Informational,Closed,ANL-016,3,41.3,FALSE,FALSE,SYNTHETIC_DEMO_DATA
INC-00002603,ALT-00004563,2025-04-21T18:57:04Z,2025-04-21T19:55:04Z,2025-04-21T20:05:04Z,2025-04-21T21:53:04Z,2025-04-21T23:05:04Z,2025-04-22T11:02:04Z,EDY Sentinel,Cloud Detection,AST-0143,RUL-006,Informational,Closed,ANL-015,3,33.7,FALSE,FALSE,SYNTHETIC_DEMO_DATA
INC-00002098,ALT-00000050,2025-10-07T09:41:39Z,2025-10-07T09:45:39Z,2025-10-07T10:10:39Z,2025-10-07T12:15:39Z,2025-10-07T13:38:39Z,2025-10-08T01:21:39Z,External Synthetic,Cloud Audit,AST-0189,RUL-044,High,Closed,ANL-007,4,84.8,TRUE,FALSE,SYNTHETIC_DEMO_DATA
INC-00001207,ALT-00015703,2026-04-19T17:27:33Z,2026-04-19T17:37:33Z,2026-04-19T18:01:33Z,2026-04-19T18:44:33Z,2026-04-19T20:55:33Z,2026-04-19T22:36:33Z,EDY RECON,Exposure Intelligence,AST-0194,RUL-014,High,Closed,ANL-016,2,100,TRUE,FALSE,SYNTHETIC_DEMO_DATA
INC-00000373,ALT-00001033,2026-07-21T15:46:17Z,2026-07-21T15:53:17Z,2026-07-21T17:12:17Z,2026-07-21T19:22:17Z,2026-07-21T21:26:17Z,2026-07-22T07:55:17Z,EDY Shield,Endpoint Integrity,AST-0194,RUL-011,Low,Closed,ANL-002,2,66.8,FALSE,FALSE,SYNTHETIC_DEMO_DATA
INC-00001187,ALT-00015442,2025-05-27T11:12:53Z,2025-05-27T11:44:53Z,2025-05-27T11:51:53Z,2025-05-27T13:24:53Z,2025-05-28T01:49:53Z,2025-05-28T04:21:53Z,EDY SIEM,Correlation Hub,AST-0177,RUL-039,Informational,Closed,ANL-009,1,47.3,FALSE,FALSE,SYNTHETIC_DEMO_DATA
INC-00003032,ALT-00002978,2026-03-05T14:17:08Z,2026-03-05T14:31:08Z,2026-03-05T14:47:08Z,2026-03-05T19:18:08Z,2026-03-06T00:45:08Z,2026-03-06T06:17:08Z,External Synthetic,Network Sensor,AST-0137,RUL-042,Informational,Closed,ANL-018,4,36.7,FALSE,FALSE,SYNTHETIC_DEMO_DATA
INC-00002541,ALT-00010613,2025-03-18T17:01:16Z,2025-03-18T17:05:16Z,2025-03-18T17:12:16Z,2025-03-18T17:27:16Z,2025-03-18T19:33:16Z,,External Synthetic,Cloud Audit,AST-0156,RUL-002,Medium,Resolved,ANL-001,3,78.5,TRUE,FALSE,SYNTHETIC_DEMO_DATA
INC-00000649,ALT-00001252,2026-05-08T17:57:14Z,2026-05-08T18:08:14Z,2026-05-08T18:10:14Z,2026-05-08T20:58:14Z,2026-05-08T22:13:14Z,2026-05-09T07:23:14Z,EDY Shield,Endpoint Integrity,AST-0159,RUL-037,Medium,Closed,ANL-015,1,90.1,TRUE,FALSE,SYNTHETIC_DEMO_DATA
INC-00000191,ALT-00010107,2026-06-23T21:52:39Z,2026-06-23T23:34:39Z,2026-06-24T00:12:39Z,2026-06-24T00:56:39Z,2026-06-24T01:24:39Z,2026-06-24T03:08:39Z,EDY RECON,Exposure Intelligence,AST-0156,RUL-004,Medium,Closed,ANL-017,1,66.4,FALSE,FALSE,SYNTHETIC_DEMO_DATA
INC-00002617,ALT-00011392,2025-07-12T08:29:39Z,2025-07-12T09:07:39Z,2025-07-12T09:18:39Z,2025-07-12T09:40:39Z,2025-07-12T10:54:39Z,2025-07-12T19:55:39Z,EDY Sentinel,Cloud Detection,AST-0192,RUL-036,Informational,Closed,ANL-007,2,40.4,FALSE,FALSE,SYNTHETIC_DEMO_DATA
INC-00001970,ALT-00006889,2025-10-05T09:55:49Z,2025-10-05T10:24:49Z,2025-10-05T10:41:49Z,2025-10-05T11:40:49Z,2025-10-05T13:47:49Z,2025-10-05T15:51:49Z,EDY Sentinel,Cloud Detection,AST-0014,RUL-029,Low,Closed,ANL-001,3,64.2,FALSE,FALSE,SYNTHETIC_DEMO_DATA
INC-00001142,ALT-00004528,2025-09-29T13:07:35Z,2025-09-29T13:28:35Z,2025-09-29T14:10:35Z,2025-09-29T14:57:35Z,2025-09-29T16:39:35Z,,EDY Sentinel,Cloud Detection,AST-0209,RUL-021,Medium,Resolved,ANL-002,3,66.1,FALSE,FALSE,SYNTHETIC_DEMO_DATA
INC-00001850,ALT-00009046,2026-07-10T12:30:28Z,2026-07-10T13:20:28Z,2026-07-10T13:24:28Z,2026-07-10T14:58:28Z,2026-07-10T16:48:28Z,,External Synthetic,Network Sensor,AST-0151,RUL-030,Informational,Resolved,ANL-012,3,35.8,FALSE,FALSE,SYNTHETIC_DEMO_DATA
INC-00000017,ALT-00002493,2025-09-03T11:19:46Z,2025-09-03T12:02:46Z,2025-09-03T12:29:46Z,2025-09-03T16:11:46Z,2025-09-04T06:22:46Z,2025-09-04T08:23:46Z,EDY RECON,Exposure Intelligence,AST-0168,RUL-004,Low,Closed,ANL-010,1,55.2,FALSE,FALSE,SYNTHETIC_DEMO_DATA
INC-00002771,ALT-00006847,2025-07-22T14:59:40Z,2025-07-22T15:21:40Z,2025-07-22T15:56:40Z,2025-07-22T20:03:40Z,2025-07-22T20:55:40Z,2025-07-23T01:13:40Z,EDY Sentinel,Cloud Detection,AST-0082,RUL-043,Informational,Closed,ANL-009,2,43.7,FALSE,FALSE,SYNTHETIC_DEMO_DATA
INC-00000773,ALT-00011689,2025-02-05T18:50:09Z,2025-02-05T18:57:09Z,2025-02-05T19:12:09Z,2025-02-05T21:56:09Z,2025-02-06T05:36:09Z,2025-02-06T07:40:09Z,External Synthetic,Cloud Audit,AST-0015,RUL-004,Informational,Closed,ANL-009,1,40.2,FALSE,FALSE,SYNTHETIC_DEMO_DATA
INC-00002010,ALT-00000729,2026-03-24T09:02:51Z,2026-03-24T09:24:51Z,2026-03-24T09:54:51Z,2026-03-24T13:33:51Z,2026-03-24T18:22:51Z,2026-03-25T00:00:51Z,External Synthetic,Network Sensor,AST-0232,RUL-032,Low,Closed,ANL-009,2,55.1,FALSE,FALSE,SYNTHETIC_DEMO_DATA
INC-00002915,ALT-00017177,2026-02-01T06:43:51Z,2026-02-01T07:20:51Z,2026-02-01T07:32:51Z,2026-02-01T11:14:51Z,2026-02-01T18:32:51Z,2026-02-02T01:24:51Z,EDY Sentinel,Cloud Detection,AST-0105,RUL-017,Informational,Closed,ANL-009,2,51.9,TRUE,TRUE,SYNTHETIC_DEMO_DATA
INC-00002216,ALT-00014539,2025-06-13T10:25:19Z,2025-06-13T10:42:19Z,2025-06-13T10:56:19Z,,,,EDY SIEM,Correlation Hub,AST-0172,RUL-008,Informational,Active,ANL-006,0,43.7,FALSE,FALSE,SYNTHETIC_DEMO_DATA
INC-00000068,ALT-00017866,2026-07-24T09:07:39Z,2026-07-24T09:45:39Z,2026-07-24T09:49:39Z,2026-07-24T11:08:39Z,,,EDY SIEM,Correlation Hub,AST-0073,RUL-012,Informational,Contained,ANL-012,0,47.7,FALSE,FALSE,SYNTHETIC_DEMO_DATA
INC-00002888,ALT-00014603,2025-11-01T07:52:33Z,2025-11-01T08:17:33Z,2025-11-01T08:28:33Z,2025-11-01T09:13:33Z,2025-11-01T12:57:33Z,,EDY RECON,Exposure Intelligence,AST-0161,RUL-028,Medium,Resolved,ANL-002,2,61.5,FALSE,FALSE,SYNTHETIC_DEMO_DATA
INC-00002259,ALT-00005276,2026-03-02T20:30:07Z,2026-03-02T20:42:07Z,2026-03-02T21:09:07Z,2026-03-02T22:10:07Z,2026-03-02T23:19:07Z,2026-03-02T23:45:07Z,EDY Sentinel,Cloud Detection,AST-0235,RUL-010,Critical,Closed,ANL-015,1,100,TRUE,FALSE,SYNTHETIC_DEMO_DATA
INC-00002986,ALT-00004956,2026-04-11T17:59:49Z,2026-04-11T18:09:49Z,2026-04-11T18:29:49Z,2026-04-11T21:55:49Z,2026-04-12T00:27:49Z,2026-04-12T11:30:49Z,External Synthetic,Identity Provider,AST-0176,RUL-006,High,Closed,ANL-001,3,100,TRUE,FALSE,SYNTHETIC_DEMO_DATA
INC-00000402,ALT-00004917,2026-03-06T17:40:35Z,2026-03-06T18:24:35Z,2026-03-06T18:43:35Z,2026-03-06T21:24:35Z,2026-03-07T01:05:35Z,2026-03-07T11:59:35Z,EDY Sentinel,Cloud Detection,AST-0218,RUL-016,Informational,Closed,ANL-014,1,38.5,FALSE,FALSE,SYNTHETIC_DEMO_DATA
INC-00002310,ALT-00010855,2025-06-16T11:10:16Z,2025-06-16T11:15:16Z,2025-06-16T11:28:16Z,2025-06-16T13:31:16Z,2025-06-16T15:17:16Z,2025-06-16T15:45:16Z,EDY SIEM,Correlation Hub,AST-0046,RUL-036,Low,Closed,ANL-015,1,73.2,TRUE,FALSE,SYNTHETIC_DEMO_DATA
INC-00001844,ALT-00001727,2025-03-28T14:29:16Z,2025-03-28T14:51:16Z,2025-03-28T15:45:16Z,2025-03-28T16:15:16Z,2025-03-29T12:10:16Z,2025-03-29T18:59:16Z,External Synthetic,Cloud Audit,AST-0023,RUL-018,Informational,Closed,ANL-018,2,52.6,FALSE,FALSE,SYNTHETIC_DEMO_DATA
INC-00001946,ALT-00002016,2025-06-30T16:18:45Z,2025-06-30T16:39:45Z,2025-06-30T16:55:45Z,2025-06-30T19:39:45Z,2025-06-30T21:22:45Z,2025-07-01T07:42:45Z,External Synthetic,Network Sensor,AST-0007,RUL-004,Informational,Closed,ANL-006,4,38.9,FALSE,FALSE,SYNTHETIC_DEMO_DATA
INC-00000513,ALT-00004942,2025-03-22T10:57:13Z,2025-03-22T11:47:13Z,2025-03-22T11:58:13Z,2025-03-22T14:52:13Z,2025-03-22T19:46:13Z,2025-03-22T23:57:13Z,EDY Sentinel,Cloud Detection,AST-0116,RUL-001,Informational,Closed,ANL-011,1,28.3,FALSE,FALSE,SYNTHETIC_DEMO_DATA
INC-00001033,ALT-00009390,2026-03-04T10:44:15Z,2026-03-04T11:18:15Z,2026-03-04T11:46:15Z,2026-03-04T12:45:15Z,2026-03-05T03:58:15Z,2026-03-05T14:40:15Z,EDY Sentinel,Cloud Detection,AST-0151,RUL-020,Low,Closed,ANL-008,1,54.3,FALSE,FALSE,SYNTHETIC_DEMO_DATA
INC-00000756,ALT-00009328,2025-09-03T11:46:29Z,2025-09-03T11:57:29Z,2025-09-03T12:05:29Z,2025-09-03T12:34:29Z,2025-09-03T14:25:29Z,2025-09-03T23:30:29Z,EDY SIEM,Correlation Hub,AST-0217,RUL-018,Informational,Closed,ANL-002,3,46.9,FALSE,FALSE,SYNTHETIC_DEMO_DATA
INC-00000372,ALT-00002455,2026-02-24T04:28:53Z,2026-02-24T04:42:53Z,2026-02-24T04:50:53Z,2026-02-24T05:46:53Z,2026-02-24T07:31:53Z,2026-02-24T09:18:53Z,External Synthetic,Network Sensor,AST-0042,RUL-014,Low,Closed,ANL-009,1,55.3,FALSE,FALSE,SYNTHETIC_DEMO_DATA
INC-00003186,ALT-00003842,2026-01-22T14:33:33Z,2026-01-22T15:05:33Z,2026-01-22T15:22:33Z,2026-01-22T15:52:33Z,2026-01-22T18:58:33Z,2026-01-22T19:38:33Z,EDY Shield,Endpoint Integrity,AST-0067,RUL-038,High,Closed,ANL-005,1,89.6,TRUE,FALSE,SYNTHETIC_DEMO_DATA
INC-00001821,ALT-00014531,2026-04-28T18:30:59Z,2026-04-28T19:05:59Z,2026-04-28T19:49:59Z,2026-04-28T19:54:59Z,2026-04-29T09:03:59Z,2026-04-29T13:50:59Z,External Synthetic,Cloud Audit,AST-0229,RUL-003,Informational,Closed,ANL-017,4,30.6,FALSE,FALSE,SYNTHETIC_DEMO_DATA
INC-00003170,ALT-00005317,2025-02-26T11:24:14Z,2025-02-26T12:51:14Z,2025-02-26T13:17:14Z,2025-02-26T15:32:14Z,2025-02-26T17:45:14Z,2025-02-26T21:04:14Z,EDY SIEM,Correlation Hub,AST-0166,RUL-020,Informational,Closed,ANL-006,3,28.2,FALSE,FALSE,SYNTHETIC_DEMO_DATA
INC-00000379,ALT-00005086,2026-05-12T11:55:52Z,2026-05-12T12:27:52Z,2026-05-12T12:39:52Z,2026-05-12T13:49:52Z,2026-05-12T15:32:52Z,2026-05-12T19:41:52Z,EDY Shield,Endpoint Integrity,AST-0031,RUL-037,Medium,Closed,ANL-015,4,66.7,FALSE,FALSE,SYNTHETIC_DEMO_DATA
INC-00000849,ALT-00014464,2026-07-01T16:38:56Z,2026-07-01T16:49:56Z,2026-07-01T17:05:56Z,2026-07-01T17:45:56Z,2026-07-01T19:36:56Z,2026-07-02T01:43:56Z,EDY SIEM,Correlation Hub,AST-0021,RUL-030,Low,Closed,ANL-018,1,50.4,FALSE,FALSE,SYNTHETIC_DEMO_DATA
INC-00001873,ALT-00008963,2026-07-13T11:32:57Z,2026-07-13T11:51:57Z,2026-07-13T12:01:57Z,2026-07-13T13:46:57Z,2026-07-13T14:01:57Z,2026-07-13T16:22:57Z,External Synthetic,Identity Provider,AST-0240,RUL-018,High,Closed,ANL-016,1,97.8,TRUE,FALSE,SYNTHETIC_DEMO_DATA
INC-00000528,ALT-00006009,2025-04-08T17:16:14Z,2025-04-08T17:23:14Z,2025-04-08T17:42:14Z,2025-04-08T20:32:14Z,2025-04-09T01:53:14Z,2025-04-09T09:56:14Z,EDY RECON,Exposure Intelligence,AST-0066,RUL-005,Low,Closed,ANL-015,1,65.8,TRUE,FALSE,SYNTHETIC_DEMO_DATA
INC-00000727,ALT-00009436,2025-09-01T10:24:54Z,2025-09-01T10:42:54Z,2025-09-01T10:53:54Z,2025-09-01T12:28:54Z,2025-09-01T15:16:54Z,2025-09-01T22:21:54Z,EDY Shield,Endpoint Integrity,AST-0028,RUL-018,Low,Closed,ANL-008,1,54.7,FALSE,FALSE,SYNTHETIC_DEMO_DATA
INC-00002238,ALT-00012820,2026-02-04T09:12:24Z,2026-02-04T09:45:24Z,2026-02-04T10:02:24Z,2026-02-04T10:52:24Z,2026-02-04T11:20:24Z,2026-02-04T17:22:24Z,External Synthetic,Cloud Audit,AST-0092,RUL-021,Critical,Closed,ANL-018,1,100,TRUE,FALSE,SYNTHETIC_DEMO_DATA
INC-00001077,ALT-00006696,2025-11-26T04:11:38Z,2025-11-26T04:23:38Z,2025-11-26T04:48:38Z,2025-11-26T06:29:38Z,2025-11-26T10:22:38Z,2025-11-26T10:50:38Z,EDY Sentinel,Cloud Detection,AST-0075,RUL-024,Medium,Closed,ANL-007,1,64.3,FALSE,FALSE,SYNTHETIC_DEMO_DATA
INC-00001880,ALT-00010662,2026-07-17T20:57:32Z,2026-07-17T21:37:32Z,2026-07-17T21:49:32Z,2026-07-17T23:25:32Z,2026-07-17T23:52:32Z,2026-07-18T03:49:32Z,External Synthetic,Cloud Audit,AST-0226,RUL-041,Informational,Closed,ANL-018,2,40.1,FALSE,FALSE,SYNTHETIC_DEMO_DATA
INC-00001374,ALT-00016060,2026-06-22T09:28:32Z,2026-06-22T09:35:32Z,2026-06-22T10:15:32Z,,,,External Synthetic,Network Sensor,AST-0080,RUL-016,Medium,Active,ANL-016,0,64.3,FALSE,FALSE,SYNTHETIC_DEMO_DATA
INC-00001789,ALT-00000026,2025-05-23T09:54:49Z,2025-05-23T10:05:49Z,2025-05-23T10:17:49Z,2025-05-23T16:27:49Z,2025-05-23T17:56:49Z,2025-05-24T05:10:49Z,EDY Sentinel,Cloud Detection,AST-0175,RUL-031,Informational,Closed,ANL-007,1,30.9,FALSE,FALSE,SYNTHETIC_DEMO_DATA
INC-00002533,ALT-00010931,2025-09-21T14:33:11Z,2025-09-21T15:13:11Z,2025-09-21T15:32:11Z,2025-09-21T16:35:11Z,2025-09-21T18:15:11Z,,EDY Shield,Endpoint Integrity,AST-0025,RUL-005,Informational,Resolved,ANL-001,1,42.4,FALSE,FALSE,SYNTHETIC_DEMO_DATA
INC-00000624,ALT-00004201,2025-11-11T10:50:09Z,2025-11-11T10:57:09Z,2025-11-11T12:04:09Z,2025-11-11T12:38:09Z,2025-11-11T16:11:09Z,2025-11-11T21:25:09Z,EDY SIEM,Correlation Hub,AST-0180,RUL-016,Medium,Closed,ANL-010,3,58.7,FALSE,FALSE,SYNTHETIC_DEMO_DATA
INC-00001918,ALT-00014500,2026-01-22T13:08:39Z,2026-01-22T13:51:39Z,2026-01-22T14:06:39Z,2026-01-22T22:02:39Z,2026-01-23T06:47:39Z,2026-01-23T15:03:39Z,External Synthetic,Cloud Audit,AST-0227,RUL-043,Informational,Closed,ANL-004,1,33.3,FALSE,FALSE,SYNTHETIC_DEMO_DATA
INC-00001476,ALT-00001755,2025-10-15T13:45:06Z,2025-10-15T13:57:06Z,2025-10-15T14:24:06Z,2025-10-15T17:04:06Z,2025-10-15T21:04:06Z,2025-10-16T07:37:06Z,EDY RECON,Exposure Intelligence,AST-0145,RUL-022,Medium,Closed,ANL-004,2,76.5,FALSE,FALSE,SYNTHETIC_DEMO_DATA
INC-00002667,ALT-00016028,2025-09-11T22:56:30Z,2025-09-11T23:09:30Z,2025-09-11T23:33:30Z,2025-09-12T01:32:30Z,2025-09-12T03:16:30Z,2025-09-12T03:48:30Z,External Synthetic,Identity Provider,AST-0238,RUL-039,Low,Closed,ANL-018,1,50.7,FALSE,FALSE,SYNTHETIC_DEMO_DATA
INC-00000944,ALT-00013318,2026-06-12T15:41:31Z,2026-06-12T15:46:31Z,2026-06-12T16:01:31Z,2026-06-12T16:59:31Z,2026-06-13T00:44:31Z,2026-06-13T11:09:31Z,External Synthetic,Cloud Audit,AST-0213,RUL-030,Low,Closed,ANL-001,3,60.9,FALSE,FALSE,SYNTHETIC_DEMO_DATA
INC-00001693,ALT-00005664,2025-05-19T14:42:18Z,2025-05-19T15:17:18Z,2025-05-19T15:33:18Z,2025-05-19T15:45:18Z,,,EDY SIEM,Correlation Hub,AST-0235,RUL-041,Low,Contained,ANL-014,0,63.2,FALSE,FALSE,SYNTHETIC_DEMO_DATA
INC-00002530,ALT-00001629,2026-04-30T16:49:11Z,2026-04-30T17:15:11Z,2026-04-30T17:29:11Z,2026-04-30T19:44:11Z,2026-04-30T21:35:11Z,2026-04-30T22:13:11Z,External Synthetic,Identity Provider,AST-0138,RUL-044,Low,Closed,ANL-005,2,69.1,TRUE,FALSE,SYNTHETIC_DEMO_DATA
INC-00001004,ALT-00009976,2025-07-20T09:45:20Z,2025-07-20T09:59:20Z,2025-07-20T10:37:20Z,2025-07-20T13:05:20Z,2025-07-20T14:07:20Z,2025-07-20T23:36:20Z,EDY RECON,Exposure Intelligence,AST-0050,RUL-015,Low,Closed,ANL-013,2,66.4,FALSE,FALSE,SYNTHETIC_DEMO_DATA
INC-00001139,ALT-00005736,2025-06-01T10:13:15Z,2025-06-01T10:21:15Z,2025-06-01T10:39:15Z,2025-06-01T11:15:15Z,2025-06-01T14:56:15Z,2025-06-02T00:16:15Z,External Synthetic,Network Sensor,AST-0169,RUL-004,Medium,Closed,ANL-005,3,66.7,FALSE,FALSE,SYNTHETIC_DEMO_DATA
INC-00002086,ALT-00012812,2025-06-24T09:10:43Z,2025-06-24T09:17:43Z,2025-06-24T09:31:43Z,2025-06-24T10:49:43Z,2025-06-24T17:35:43Z,2025-06-24T20:34:43Z,EDY SIEM,Correlation Hub,AST-0136,RUL-018,Informational,Closed,ANL-016,2,46.5,FALSE,FALSE,SYNTHETIC_DEMO_DATA
INC-00003106,ALT-00009063,2025-04-12T09:42:18Z,2025-04-12T09:52:18Z,2025-04-12T10:38:18Z,2025-04-12T11:32:18Z,2025-04-12T12:23:18Z,2025-04-12T21:00:18Z,EDY SIEM,Correlation Hub,AST-0045,RUL-019,Low,Closed,ANL-005,4,43.1,FALSE,FALSE,SYNTHETIC_DEMO_DATA
INC-00002766,ALT-00006863,2026-04-23T17:13:22Z,2026-04-23T18:00:22Z,2026-04-23T18:05:22Z,2026-04-23T18:54:22Z,2026-04-23T21:23:22Z,2026-04-24T08:59:22Z,EDY SIEM,Correlation Hub,AST-0193,RUL-035,Informational,Closed,ANL-008,3,31.6,FALSE,FALSE,SYNTHETIC_DEMO_DATA
INC-00000873,ALT-00015095,2025-10-23T15:34:12Z,2025-10-23T16:00:12Z,2025-10-23T16:16:12Z,2025-10-23T17:00:12Z,2025-10-23T18:05:12Z,2025-10-23T22:58:12Z,External Synthetic,Identity Provider,AST-0061,RUL-014,Medium,Closed,ANL-013,4,67.4,FALSE,FALSE,SYNTHETIC_DEMO_DATA
INC-00001285,ALT-00010223,2025-10-18T13:43:44Z,2025-10-18T14:41:44Z,2025-10-18T14:48:44Z,2025-10-18T17:13:44Z,2025-10-18T18:27:44Z,2025-10-19T03:38:44Z,EDY Sentinel,Cloud Detection,AST-0133,RUL-007,Informational,Closed,ANL-007,1,38.8,FALSE,FALSE,SYNTHETIC_DEMO_DATA
INC-00000208,ALT-00015058,2025-03-17T15:39:30Z,2025-03-17T15:47:30Z,2025-03-17T16:12:30Z,2025-03-17T17:23:30Z,2025-03-17T19:18:30Z,2025-03-18T00:58:30Z,EDY Shield,Endpoint Integrity,AST-0182,RUL-018,Low,Closed,ANL-005,2,51.6,FALSE,FALSE,SYNTHETIC_DEMO_DATA
INC-00002328,ALT-00007016,2025-04-13T05:42:58Z,2025-04-13T05:50:58Z,2025-04-13T06:12:58Z,2025-04-13T07:39:58Z,2025-04-13T11:56:58Z,2025-04-13T15:01:58Z,EDY SIEM,Correlation Hub,AST-0048,RUL-039,Critical,Closed,ANL-018,1,100,TRUE,FALSE,SYNTHETIC_DEMO_DATA
INC-00002394,ALT-00012520,2025-05-15T20:09:04Z,2025-05-15T20:56:04Z,2025-05-15T21:08:04Z,2025-05-15T21:38:04Z,2025-05-15T23:08:04Z,2025-05-16T02:27:04Z,EDY Sentinel,Cloud Detection,AST-0120,RUL-018,Informational,Closed,ANL-002,1,37.3,FALSE,FALSE,SYNTHETIC_DEMO_DATA
INC-00000786,ALT-00008254,2025-10-24T00:45:32Z,2025-10-24T01:07:32Z,2025-10-24T01:13:32Z,2025-10-24T02:53:32Z,2025-10-24T04:36:32Z,2025-10-24T12:48:32Z,External Synthetic,Network Sensor,AST-0171,RUL-031,Low,Closed,ANL-009,1,38.2,FALSE,FALSE,SYNTHETIC_DEMO_DATA
INC-00000730,ALT-00004884,2026-03-03T06:57:15Z,2026-03-03T07:03:15Z,2026-03-03T07:19:15Z,2026-03-03T08:52:15Z,2026-03-03T14:30:15Z,2026-03-03T14:48:15Z,EDY SIEM,Correlation Hub,AST-0209,RUL-020,Low,Closed,ANL-005,3,55.5,FALSE,FALSE,SYNTHETIC_DEMO_DATA
INC-00002511,ALT-00017881,2025-02-27T10:13:11Z,2025-02-27T10:34:11Z,2025-02-27T10:43:11Z,2025-02-27T14:46:11Z,2025-02-27T16:47:11Z,2025-02-27T23:33:11Z,EDY SIEM,Correlation Hub,AST-0101,RUL-023,Informational,Closed,ANL-011,1,41.8,FALSE,FALSE,SYNTHETIC_DEMO_DATA
INC-00001299,ALT-00000555,2025-03-07T18:07:57Z,2025-03-07T18:32:57Z,2025-03-07T18:51:57Z,2025-03-07T19:45:57Z,2025-03-07T21:39:57Z,2025-03-08T06:35:57Z,External Synthetic,Cloud Audit,AST-0140,RUL-036,Informational,Closed,ANL-017,1,50.8,FALSE,FALSE,SYNTHETIC_DEMO_DATA
INC-00000950,ALT-00002009,2026-06-05T06:17:12Z,2026-06-05T06:47:12Z,2026-06-05T07:25:12Z,2026-06-05T15:16:12Z,2026-06-05T17:36:12Z,2026-06-06T02:11:12Z,External Synthetic,Network Sensor,AST-0008,RUL-039,Low,Closed,ANL-013,4,50.9,FALSE,FALSE,SYNTHETIC_DEMO_DATA
INC-00002478,ALT-00008910,2025-12-04T03:44:33Z,2025-12-04T04:21:33Z,2025-12-04T04:55:33Z,2025-12-04T08:58:33Z,2025-12-04T10:07:33Z,,EDY RECON,Exposure Intelligence,AST-0217,RUL-035,Informational,Resolved,ANL-008,1,40.0,FALSE,FALSE,SYNTHETIC_DEMO_DATA
INC-00002948,ALT-00012255,2026-04-14T09:10:10Z,2026-04-14T09:22:10Z,2026-04-14T10:34:10Z,2026-04-14T11:07:10Z,2026-04-14T15:04:10Z,2026-04-14T18:53:10Z,EDY RECON,Exposure Intelligence,AST-0003,RUL-018,Medium,Closed,ANL-014,1,78.0,TRUE,FALSE,SYNTHETIC_DEMO_DATA
INC-00002407,ALT-00008387,2025-02-15T15:10:53Z,2025-02-15T15:39:53Z,2025-02-15T16:13:53Z,2025-02-15T16:45:53Z,2025-02-16T01:10:53Z,2025-02-16T10:55:53Z,EDY SIEM,Correlation Hub,AST-0155,RUL-010,Medium,Closed,ANL-003,1,66.6,FALSE,FALSE,SYNTHETIC_DEMO_DATA
INC-00000086,ALT-00001828,2025-08-03T11:22:37Z,2025-08-03T11:29:37Z,2025-08-03T12:03:37Z,2025-08-03T16:51:37Z,2025-08-04T02:44:37Z,2025-08-04T03:28:37Z,EDY SIEM,Correlation Hub,AST-0029,RUL-010,Low,Closed,ANL-013,1,53.5,FALSE,FALSE,SYNTHETIC_DEMO_DATA
INC-00002946,ALT-00015964,2026-07-24T11:39:31Z,2026-07-24T11:45:31Z,2026-07-24T13:21:31Z,2026-07-24T15:53:31Z,2026-07-24T19:36:31Z,2026-07-25T02:13:31Z,External Synthetic,Cloud Audit,AST-0062,RUL-039,High,Closed,ANL-011,1,92.5,TRUE,FALSE,SYNTHETIC_DEMO_DATA
INC-00002304,ALT-00005630,2026-07-27T14:38:43Z,2026-07-27T15:11:43Z,2026-07-27T15:32:43Z,2026-07-27T20:24:43Z,,,External Synthetic,Identity Provider,AST-0060,RUL-003,Medium,Contained,ANL-004,0,78.3,FALSE,FALSE,SYNTHETIC_DEMO_DATA
INC-00003056,ALT-00008190,2026-06-30T20:33:44Z,2026-06-30T20:58:44Z,2026-06-30T21:24:44Z,2026-06-30T22:14:44Z,2026-07-01T00:01:44Z,2026-07-01T01:18:44Z,External Synthetic,Network Sensor,AST-0101,RUL-006,High,Closed,ANL-015,1,94.3,TRUE,FALSE,SYNTHETIC_DEMO_DATA
INC-00002564,ALT-00007100,2026-01-16T14:13:32Z,2026-01-16T14:39:32Z,2026-01-16T14:51:32Z,2026-01-16T16:16:32Z,2026-01-16T16:43:32Z,2026-01-16T23:14:32Z,EDY SIEM,Correlation Hub,AST-0214,RUL-042,Medium,Closed,ANL-002,2,66.7,FALSE,FALSE,SYNTHETIC_DEMO_DATA
INC-00002773,ALT-00011663,2025-11-13T18:49:44Z,2025-11-13T19:38:44Z,2025-11-13T20:21:44Z,2025-11-13T21:47:44Z,2025-11-13T23:30:44Z,2025-11-14T07:46:44Z,External Synthetic,Cloud Audit,AST-0240,RUL-030,Informational,Closed,ANL-013,1,40.7,FALSE,FALSE,SYNTHETIC_DEMO_DATA
INC-00003086,ALT-00015068,2025-04-01T11:13:18Z,2025-04-01T11:18:18Z,2025-04-01T11:58:18Z,2025-04-01T12:28:18Z,2025-04-01T13:30:18Z,2025-04-01T19:29:18Z,EDY RECON,Exposure Intelligence,AST-0041,RUL-045,Informational,Closed,ANL-018,1,48.2,FALSE,FALSE,SYNTHETIC_DEMO_DATA
INC-00000414,ALT-00009572,2025-09-11T22:29:34Z,2025-09-11T22:42:34Z,2025-09-11T23:20:34Z,2025-09-11T23:57:34Z,2025-09-12T01:58:34Z,2025-09-12T04:16:34Z,External Synthetic,Identity Provider,AST-0014,RUL-012,Low,Closed,ANL-003,1,66.6,FALSE,FALSE,SYNTHETIC_DEMO_DATA
INC-00002426,ALT-00013801,2025-02-11T12:02:42Z,2025-02-11T12:09:42Z,2025-02-11T12:24:42Z,2025-02-11T13:35:42Z,2025-02-11T17:44:42Z,2025-02-11T19:33:42Z,External Synthetic,Network Sensor,AST-0044,RUL-028,Medium,Closed,ANL-014,1,59.0,FALSE,FALSE,SYNTHETIC_DEMO_DATA
INC-00002425,ALT-00006366,2025-10-02T18:51:22Z,2025-10-02T19:25:22Z,2025-10-02T19:43:22Z,2025-10-02T20:48:22Z,2025-10-02T22:41:22Z,2025-10-03T06:24:22Z,EDY SIEM,Correlation Hub,AST-0177,RUL-042,Low,Closed,ANL-002,1,62.4,FALSE,FALSE,SYNTHETIC_DEMO_DATA
INC-00000257,ALT-00008163,2026-07-03T16:58:04Z,2026-07-03T17:26:04Z,2026-07-03T17:44:04Z,2026-07-03T19:24:04Z,2026-07-03T23:04:04Z,2026-07-04T05:24:04Z,External Synthetic,Cloud Audit,AST-0039,RUL-043,Medium,Closed,ANL-005,1,64.4,FALSE,FALSE,SYNTHETIC_DEMO_DATA
INC-00001051,ALT-00017790,2025-10-21T10:18:50Z,2025-10-21T11:03:50Z,2025-10-21T11:36:50Z,2025-10-21T14:22:50Z,2025-10-22T16:14:50Z,2025-10-22T21:26:50Z,EDY SIEM,Correlation Hub,AST-0119,RUL-020,Informational,Closed,ANL-007,2,41.0,FALSE,FALSE,SYNTHETIC_DEMO_DATA
INC-00002941,ALT-00017771,2025-12-14T11:51:02Z,2025-12-14T13:15:02Z,2025-12-14T14:07:02Z,2025-12-14T16:39:02Z,2025-12-14T18:24:02Z,2025-12-15T03:21:02Z,EDY Sentinel,Cloud Detection,AST-0038,RUL-028,Low,Closed,ANL-008,1,48.3,FALSE,FALSE,SYNTHETIC_DEMO_DATA
INC-00002479,ALT-00000408,2025-02-09T07:17:20Z,2025-02-09T07:33:20Z,2025-02-09T07:41:20Z,2025-02-09T08:38:20Z,2025-02-09T10:26:20Z,2025-02-09T14:49:20Z,External Synthetic,Network Sensor,AST-0081,RUL-007,Informational,Closed,ANL-001,1,30.1,FALSE,FALSE,SYNTHETIC_DEMO_DATA
INC-00002866,ALT-00009797,2025-06-11T10:20:27Z,2025-06-11T10:30:27Z,2025-06-11T11:44:27Z,2025-06-11T12:07:27Z,2025-06-11T15:15:27Z,2025-06-11T15:30:27Z,EDY Shield,Endpoint Integrity,AST-0027,RUL-037,Medium,Closed,ANL-012,1,59.2,FALSE,FALSE,SYNTHETIC_DEMO_DATA
INC-00000765,ALT-00001317,2025-08-14T12:38:32Z,2025-08-14T13:07:32Z,2025-08-14T13:23:32Z,2025-08-14T15:52:32Z,2025-08-14T18:13:32Z,,External Synthetic,Network Sensor,AST-0004,RUL-035,Informational,Resolved,ANL-011,1,35.4,FALSE,FALSE,SYNTHETIC_DEMO_DATA
INC-00001083,ALT-00008748,2026-04-20T15:23:23Z,2026-04-20T15:38:23Z,2026-04-20T15:55:23Z,2026-04-20T17:32:23Z,2026-04-20T20:30:23Z,2026-04-21T01:15:23Z,External Synthetic,Network Sensor,AST-0100,RUL-012,Informational,Closed,ANL-017,3,40.4,FALSE,FALSE,SYNTHETIC_DEMO_DATA
INC-00001186,ALT-00016371,2025-11-01T16:06:11Z,2025-11-01T16:14:11Z,2025-11-01T16:51:11Z,2025-11-01T19:06:11Z,2025-11-01T22:05:11Z,2025-11-01T23:30:11Z,External Synthetic,Network Sensor,AST-0125,RUL-040,Low,Closed,ANL-017,1,48.7,FALSE,FALSE,SYNTHETIC_DEMO_DATA
INC-00000733,ALT-00009380,2026-01-04T19:44:02Z,2026-01-04T20:03:02Z,2026-01-04T20:19:02Z,2026-01-04T21:24:02Z,2026-01-04T22:36:02Z,2026-01-05T06:56:02Z,External Synthetic,Identity Provider,AST-0083,RUL-041,Low,Closed,ANL-002,2,52.1,FALSE,FALSE,SYNTHETIC_DEMO_DATA
INC-00002210,ALT-00010627,2025-12-01T07:52:43Z,2025-12-01T08:16:43Z,2025-12-01T08:28:43Z,2025-12-01T08:52:43Z,2025-12-01T10:34:43Z,2025-12-01T15:59:43Z,EDY RECON,Exposure Intelligence,AST-0043,RUL-024,High,Closed,ANL-015,1,92.1,TRUE,FALSE,SYNTHETIC_DEMO_DATA
INC-00001124,ALT-00000240,2025-03-28T12:16:01Z,2025-03-28T13:09:01Z,2025-03-28T13:35:01Z,2025-03-28T14:20:01Z,2025-03-28T15:13:01Z,2025-03-28T23:03:01Z,External Synthetic,Network Sensor,AST-0033,RUL-013,Low,Closed,ANL-001,1,63.5,FALSE,FALSE,SYNTHETIC_DEMO_DATA
INC-00002388,ALT-00001193,2026-02-07T16:50:49Z,2026-02-07T17:08:49Z,2026-02-07T17:20:49Z,2026-02-07T18:36:49Z,2026-02-07T19:03:49Z,2026-02-08T05:08:49Z,External Synthetic,Network Sensor,AST-0238,RUL-023,Medium,Closed,,1,65.5,FALSE,FALSE,SYNTHETIC_DEMO_DATA
INC-00002803,ALT-00011794,2025-06-17T15:25:58Z,2025-06-17T15:31:58Z,2025-06-17T16:14:58Z,2025-06-17T17:01:58Z,2025-06-17T17:35:58Z,2025-06-18T04:50:58Z,EDY Sentinel,Cloud Detection,AST-0131,RUL-021,Critical,Closed,ANL-005,2,100,TRUE,FALSE,SYNTHETIC_DEMO_DATA
INC-00000503,ALT-00012763,2025-05-18T19:15:33Z,2025-05-18T19:35:33Z,2025-05-18T19:45:33Z,2025-05-18T20:01:33Z,2025-05-19T06:20:33Z,2025-05-19T16:21:33Z,EDY SIEM,Correlation Hub,AST-0239,RUL-030,Informational,Closed,ANL-009,1,54.7,FALSE,FALSE,SYNTHETIC_DEMO_DATA
INC-00001425,ALT-00016425,2025-06-02T08:03:43Z,2025-06-02T08:13:43Z,2025-06-02T08:22:43Z,2025-06-02T10:54:43Z,2025-06-02T12:16:43Z,2025-06-02T23:07:43Z,External Synthetic,Identity Provider,AST-0079,RUL-035,Informational,Closed,ANL-017,1,38.1,FALSE,FALSE,SYNTHETIC_DEMO_DATA
INC-00000425,ALT-00013431,2025-11-22T13:09:51Z,2025-11-22T13:44:51Z,2025-11-22T14:09:51Z,2025-11-22T15:08:51Z,2025-11-22T18:37:51Z,2025-11-23T04:24:51Z,External Synthetic,Network Sensor,AST-0041,RUL-011,Informational,Closed,ANL-015,4,46.6,FALSE,FALSE,SYNTHETIC_DEMO_DATA
INC-00001080,ALT-00017328,2026-01-05T09:32:17Z,2026-01-05T10:13:17Z,2026-01-05T10:56:17Z,2026-01-05T12:29:17Z,2026-01-05T16:56:17Z,2026-01-05T20:00:17Z,External Synthetic,Cloud Audit,AST-0230,RUL-012,Informational,Closed,ANL-002,1,52.8,FALSE,FALSE,SYNTHETIC_DEMO_DATA
INC-00001841,ALT-00008121,2025-12-18T14:46:56Z,2025-12-18T14:52:56Z,2025-12-18T15:02:56Z,2025-12-18T15:23:56Z,2025-12-18T15:50:56Z,2025-12-19T01:19:56Z,EDY Shield,Endpoint Integrity,AST-0052,RUL-027,High,Closed,ANL-006,4,93.8,TRUE,FALSE,SYNTHETIC_DEMO_DATA
INC-00001009,ALT-00002603,2025-10-25T14:27:30Z,2025-10-25T14:51:30Z,2025-10-25T15:20:30Z,2025-10-25T16:42:30Z,2025-10-25T18:17:30Z,2025-10-25T18:28:30Z,EDY SIEM,Correlation Hub,AST-0118,RUL-045,Low,Closed,ANL-014,2,60.4,FALSE,FALSE,SYNTHETIC_DEMO_DATA
INC-00001355,ALT-00015926,2025-08-06T15:54:35Z,2025-08-06T16:26:35Z,2025-08-06T17:02:35Z,2025-08-06T17:40:35Z,2025-08-06T20:29:35Z,2025-08-07T03:06:35Z,External Synthetic,Cloud Audit,AST-0204,RUL-009,Low,Closed,ANL-004,1,58.1,FALSE,FALSE,SYNTHETIC_DEMO_DATA
INC-00001338,ALT-00000864,2025-04-14T23:22:58Z,2025-04-14T23:29:58Z,2025-04-14T23:36:58Z,2025-04-15T00:18:58Z,2025-04-15T02:36:58Z,2025-04-15T13:56:58Z,External Synthetic,Network Sensor,AST-0009,RUL-005,Medium,Closed,ANL-016,1,56.8,FALSE,FALSE,SYNTHETIC_DEMO_DATA
INC-00001644,ALT-00014807,2025-09-28T13:22:17Z,2025-09-28T14:43:17Z,2025-09-28T15:04:17Z,2025-09-28T15:37:17Z,,,External Synthetic,Cloud Audit,AST-0013,RUL-035,Low,Contained,ANL-015,0,44.9,FALSE,FALSE,SYNTHETIC_DEMO_DATA
INC-00001983,ALT-00015001,2026-04-28T16:50:25Z,2026-04-28T17:00:25Z,2026-04-28T17:28:25Z,2026-04-28T20:43:25Z,2026-04-28T23:16:25Z,2026-04-28T23:34:25Z,EDY SIEM,Correlation Hub,AST-0147,RUL-003,Informational,Closed,ANL-017,2,36.5,FALSE,FALSE,SYNTHETIC_DEMO_DATA
INC-00000682,ALT-00004353,2025-05-09T13:12:42Z,2025-05-09T13:25:42Z,2025-05-09T13:41:42Z,2025-05-09T15:39:42Z,2025-05-09T17:48:42Z,,EDY Shield,Endpoint Integrity,AST-0143,RUL-044,Low,Resolved,ANL-017,1,61.8,TRUE,FALSE,SYNTHETIC_DEMO_DATA
INC-00001064,ALT-00000814,2026-03-17T16:01:29Z,2026-03-17T16:33:29Z,2026-03-17T16:53:29Z,2026-03-17T17:23:29Z,2026-03-17T18:59:29Z,2026-03-18T02:01:29Z,EDY Shield,Endpoint Integrity,AST-0047,RUL-001,Low,Closed,ANL-007,1,53.4,FALSE,FALSE,SYNTHETIC_DEMO_DATA
INC-00001022,ALT-00015724,2025-09-12T12:56:04Z,2025-09-12T14:41:04Z,2025-09-12T14:55:04Z,,,,External Synthetic,Cloud Audit,AST-0048,RUL-041,Informational,Active,ANL-012,0,41.4,FALSE,FALSE,SYNTHETIC_DEMO_DATA
INC-00003029,ALT-00002568,2026-03-27T18:03:16Z,2026-03-27T18:28:16Z,2026-03-27T19:51:16Z,2026-03-27T22:34:16Z,2026-03-28T11:21:16Z,2026-03-28T13:42:16Z,EDY Sentinel,Cloud Detection,AST-0198,RUL-043,Informational,Closed,ANL-003,3,23.3,FALSE,FALSE,SYNTHETIC_DEMO_DATA
INC-00001892,ALT-00017267,2025-12-18T11:03:47Z,2025-12-18T11:21:47Z,2025-12-18T12:00:47Z,2025-12-18T12:27:47Z,2025-12-18T14:05:47Z,2025-12-18T21:50:47Z,External Synthetic,Cloud Audit,AST-0178,RUL-024,High,Closed,ANL-009,2,99.4,TRUE,FALSE,SYNTHETIC_DEMO_DATA
INC-00001734,ALT-00001197,2026-06-13T14:24:08Z,2026-06-13T14:48:08Z,2026-06-13T15:02:08Z,2026-06-13T16:02:08Z,2026-06-13T19:06:08Z,2026-06-13T20:57:08Z,EDY SIEM,Correlation Hub,AST-0061,RUL-027,Low,Closed,ANL-015,1,54.6,FALSE,FALSE,SYNTHETIC_DEMO_DATA
INC-00000719,ALT-00006958,2026-01-13T14:38:36Z,2026-01-13T15:07:36Z,2026-01-13T15:28:36Z,2026-01-13T15:58:36Z,2026-01-13T19:06:36Z,2026-01-14T05:11:36Z,External Synthetic,Cloud Audit,AST-0188,RUL-027,Medium,Closed,ANL-011,3,63.2,FALSE,FALSE,SYNTHETIC_DEMO_DATA
INC-00001306,ALT-00000982,2025-02-22T19:49:26Z,2025-02-22T20:03:26Z,2025-02-22T21:01:26Z,2025-02-22T21:44:26Z,2025-02-22T22:39:26Z,2025-02-23T00:47:26Z,EDY Sentinel,Cloud Detection,AST-0205,RUL-011,Medium,Closed,ANL-006,1,68.8,FALSE,FALSE,SYNTHETIC_DEMO_DATA
INC-00002059,ALT-00013246,2025-05-19T03:25:43Z,2025-05-19T04:26:43Z,2025-05-19T04:56:43Z,2025-05-19T10:40:43Z,2025-05-19T14:37:43Z,,EDY Shield,Endpoint Integrity,AST-0030,RUL-001,Low,Resolved,ANL-008,1,54.5,FALSE,FALSE,SYNTHETIC_DEMO_DATA
INC-00001607,ALT-00003221,2026-03-16T00:14:08Z,2026-03-16T00:22:08Z,2026-03-16T00:28:08Z,2026-03-16T03:17:08Z,2026-03-16T05:49:08Z,,External Synthetic,Cloud Audit,AST-0158,RUL-015,Low,Resolved,ANL-004,1,64.6,FALSE,FALSE,SYNTHETIC_DEMO_DATA
INC-00000047,ALT-00011103,2025-07-21T13:07:48Z,2025-07-21T13:22:48Z,2025-07-21T13:32:48Z,2025-07-21T15:02:48Z,2025-07-21T15:41:48Z,2025-07-21T22:11:48Z,EDY Sentinel,Cloud Detection,AST-0028,RUL-017,Low,Closed,ANL-016,1,58.9,FALSE,FALSE,SYNTHETIC_DEMO_DATA
INC-00000671,ALT-00016825,2026-01-21T19:00:33Z,2026-01-21T19:44:33Z,2026-01-21T20:22:33Z,2026-01-21T20:58:33Z,2026-01-21T23:22:33Z,,External Synthetic,Identity Provider,AST-0119,RUL-018,Informational,Resolved,ANL-003,1,54.6,TRUE,FALSE,SYNTHETIC_DEMO_DATA
INC-00000983,ALT-00013559,2025-07-06T21:43:37Z,2025-07-06T21:46:37Z,2025-07-06T21:52:37Z,2025-07-06T22:17:37Z,2025-07-06T23:27:37Z,2025-07-07T03:41:37Z,External Synthetic,Cloud Audit,AST-0211,RUL-013,Medium,Closed,ANL-017,3,58.9,FALSE,FALSE,SYNTHETIC_DEMO_DATA
INC-00001585,ALT-00014861,2025-03-01T18:20:43Z,2025-03-01T18:40:43Z,2025-03-01T18:51:43Z,2025-03-01T19:53:43Z,2025-03-01T22:50:43Z,2025-03-02T05:50:43Z,External Synthetic,Identity Provider,AST-0204,RUL-037,Medium,Closed,ANL-015,2,73.0,FALSE,FALSE,SYNTHETIC_DEMO_DATA
INC-00002632,ALT-00008360,2026-07-30T18:07:12Z,2026-07-30T18:25:12Z,2026-07-30T18:55:12Z,,,,EDY Sentinel,Cloud Detection,AST-0062,RUL-009,Low,Active,ANL-011,0,48.3,FALSE,FALSE,SYNTHETIC_DEMO_DATA
INC-00002225,ALT-00001035,2026-06-09T01:58:56Z,2026-06-09T02:10:56Z,2026-06-09T02:26:56Z,2026-06-09T03:04:56Z,2026-06-09T07:36:56Z,2026-06-09T09:11:56Z,External Synthetic,Identity Provider,AST-0145,RUL-042,Medium,fechado,ANL-017,1,70.1,FALSE,FALSE,SYNTHETIC_DEMO_DATA
INC-00001698,ALT-00015282,2025-08-09T06:09:22Z,2025-08-09T06:23:22Z,2025-08-09T06:30:22Z,2025-08-09T08:08:22Z,2025-08-09T18:14:22Z,2025-08-10T05:32:22Z,External Synthetic,Cloud Audit,AST-0238,RUL-004,Low,Closed,ANL-015,1,50.6,FALSE,FALSE,SYNTHETIC_DEMO_DATA
INC-00000337,ALT-00001101,2026-07-14T14:50:51Z,2026-07-14T16:18:51Z,2026-07-14T16:44:51Z,2026-07-14T17:17:51Z,2026-07-14T19:38:51Z,2026-07-15T02:57:51Z,EDY Shield,Endpoint Integrity,AST-0066,RUL-010,Informational,Closed,ANL-001,1,35.1,FALSE,FALSE,SYNTHETIC_DEMO_DATA
INC-00002962,ALT-00014105,2026-03-05T16:42:57Z,2026-03-05T16:55:57Z,2026-03-05T17:49:57Z,2026-03-05T19:38:57Z,2026-03-06T01:12:57Z,2026-03-06T07:58:57Z,EDY Shield,Endpoint Integrity,AST-0066,RUL-031,Low,Closed,ANL-005,1,52.5,FALSE,FALSE,SYNTHETIC_DEMO_DATA
INC-00002139,ALT-00009546,2025-10-13T02:13:25Z,2025-10-13T02:19:25Z,2025-10-13T02:27:25Z,2025-10-13T04:34:25Z,2025-10-13T06:49:25Z,2025-10-13T15:09:25Z,External Synthetic,Cloud Audit,AST-0238,RUL-040,High,Closed,ANL-008,1,84.4,TRUE,FALSE,SYNTHETIC_DEMO_DATA
INC-00000242,ALT-00009608,2025-08-04T13:02:14Z,2025-08-04T13:11:14Z,2025-08-04T13:37:14Z,2025-08-04T16:32:14Z,2025-08-04T17:59:14Z,2025-08-05T02:18:14Z,EDY SIEM,Correlation Hub,AST-0223,RUL-024,Medium,Closed,ANL-002,1,80.7,TRUE,FALSE,SYNTHETIC_DEMO_DATA
INC-00001800,ALT-00009867,2025-10-28T11:48:34Z,2025-10-28T12:24:34Z,2025-10-28T12:45:34Z,2025-10-28T15:20:34Z,2025-10-28T17:58:34Z,2025-10-29T03:41:34Z,EDY SIEM,Correlation Hub,AST-0221,RUL-022,Informational,Closed,ANL-002,1,47.1,FALSE,FALSE,SYNTHETIC_DEMO_DATA
INC-00002722,ALT-00017490,2026-04-22T14:47:10Z,2026-04-22T15:40:10Z,2026-04-22T16:04:10Z,2026-04-22T16:54:10Z,2026-04-22T21:34:10Z,2026-04-23T02:17:10Z,External Synthetic,Cloud Audit,AST-0210,RUL-010,Informational,Closed,ANL-010,1,42.6,FALSE,FALSE,SYNTHETIC_DEMO_DATA
INC-00002448,ALT-00013539,2026-07-15T07:39:07Z,2026-07-15T08:45:07Z,2026-07-15T08:52:07Z,2026-07-15T09:18:07Z,2026-07-15T10:53:07Z,2026-07-15T17:27:07Z,EDY Shield,Endpoint Integrity,AST-0194,RUL-029,Medium,Closed,ANL-004,3,79.9,FALSE,FALSE,SYNTHETIC_DEMO_DATA
INC-00001960,ALT-00013062,2025-03-05T22:54:56Z,2025-03-05T23:28:56Z,2025-03-05T23:54:56Z,2025-03-06T00:44:56Z,2025-03-06T04:04:56Z,2025-03-06T12:33:56Z,External Synthetic,Network Sensor,AST-0146,RUL-010,Informational,Closed,ANL-016,1,40.6,FALSE,FALSE,SYNTHETIC_DEMO_DATA
INC-00001673,ALT-00017983,2025-12-18T11:52:35Z,2025-12-18T12:20:35Z,2025-12-18T12:35:35Z,2025-12-18T12:56:35Z,2025-12-18T17:38:35Z,2025-12-18T20:05:35Z,EDY Sentinel,Cloud Detection,AST-0146,RUL-016,Informational,Closed,ANL-009,4,41.6,FALSE,FALSE,SYNTHETIC_DEMO_DATA
INC-00002015,ALT-00004232,2026-02-25T14:35:20Z,2026-02-25T14:42:20Z,2026-02-25T15:40:20Z,2026-02-25T16:24:20Z,2026-02-25T18:39:20Z,,EDY SIEM,Correlation Hub,AST-0218,RUL-036,Medium,Resolved,ANL-011,1,69.5,FALSE,FALSE,SYNTHETIC_DEMO_DATA
INC-00001161,ALT-00016581,2026-06-07T19:06:09Z,2026-06-07T19:11:09Z,2026-06-07T20:00:09Z,2026-06-07T21:31:09Z,2026-06-08T02:26:09Z,2026-06-08T11:44:09Z,EDY Shield,Endpoint Integrity,AST-0116,RUL-037,Low,Closed,ANL-012,1,45.9,FALSE,FALSE,SYNTHETIC_DEMO_DATA
INC-00000004,ALT-00012718,2025-05-08T11:09:16Z,2025-05-08T11:28:16Z,2025-05-08T11:36:16Z,2025-05-08T15:37:16Z,2025-05-08T21:08:16Z,,External Synthetic,Network Sensor,AST-0143,RUL-032,Informational,Resolved,ANL-010,1,36.9,FALSE,FALSE,SYNTHETIC_DEMO_DATA
INC-00001546,ALT-00012986,2025-10-18T18:00:11Z,2025-10-18T18:31:11Z,2025-10-18T18:43:11Z,2025-10-18T19:42:11Z,2025-10-18T21:26:11Z,2025-10-19T00:30:11Z,External Synthetic,Identity Provider,AST-0102,RUL-036,Informational,Closed,ANL-016,1,42.8,FALSE,FALSE,SYNTHETIC_DEMO_DATA
INC-00002909,ALT-00007726,2026-03-02T10:33:19Z,2026-03-02T11:45:19Z,2026-03-02T12:16:19Z,2026-03-02T14:59:19Z,2026-03-02T15:41:19Z,2026-03-02T19:34:19Z,EDY Sentinel,Cloud Detection,AST-0082,RUL-037,Low,Closed,ANL-016,1,55.0,FALSE,FALSE,SYNTHETIC_DEMO_DATA
INC-00001852,ALT-00016731,2025-07-09T17:20:23Z,2025-07-09T17:34:23Z,2025-07-09T17:52:23Z,2025-07-09T18:25:23Z,2025-07-09T19:07:23Z,2025-07-10T03:23:23Z,EDY Shield,Endpoint Integrity,AST-0128,RUL-035,High,Closed,ANL-001,1,93.9,TRUE,FALSE,SYNTHETIC_DEMO_DATA
INC-00001642,ALT-00012714,2025-06-30T17:05:19Z,2025-06-30T17:15:19Z,2025-06-30T17:34:19Z,2025-06-30T18:55:19Z,2025-06-30T20:14:19Z,2025-07-01T07:02:19Z,EDY RECON,Exposure Intelligence,AST-0074,RUL-028,Low,Closed,ANL-011,4,50.5,FALSE,FALSE,SYNTHETIC_DEMO_DATA
INC-00001902,ALT-00013893,2025-05-07T11:51:21Z,2025-05-07T12:02:21Z,2025-05-07T13:04:21Z,2025-05-07T15:50:21Z,2025-05-07T19:06:21Z,,External Synthetic,Cloud Audit,AST-0234,RUL-043,Medium,Resolved,ANL-010,3,60.5,FALSE,FALSE,SYNTHETIC_DEMO_DATA
INC-00001851,ALT-00007522,2026-01-25T13:28:49Z,2026-01-25T13:56:49Z,2026-01-25T14:08:49Z,2026-01-25T15:58:49Z,2026-01-25T21:32:49Z,2026-01-26T06:13:49Z,EDY Shield,Endpoint Integrity,AST-0068,RUL-038,Low,Closed,ANL-006,1,66.3,FALSE,FALSE,SYNTHETIC_DEMO_DATA
INC-00003124,ALT-00014652,2026-03-09T08:01:00Z,2026-03-09T08:32:00Z,2026-03-09T09:23:00Z,2026-03-09T10:15:00Z,2026-03-09T10:53:00Z,,EDY SIEM,Correlation Hub,AST-0123,RUL-022,Informational,Resolved,ANL-004,1,54.3,TRUE,FALSE,SYNTHETIC_DEMO_DATA
INC-00000221,ALT-00001633,2025-09-14T14:30:01Z,2025-09-14T14:53:01Z,2025-09-14T15:06:01Z,2025-09-14T16:01:01Z,2025-09-14T16:57:01Z,,External Synthetic,Cloud Audit,AST-0209,RUL-019,Low,Resolved,ANL-004,3,52.3,FALSE,FALSE,SYNTHETIC_DEMO_DATA
INC-00000447,ALT-00008407,2025-03-13T05:25:43Z,2025-03-13T05:47:43Z,2025-03-13T06:12:43Z,2025-03-13T06:43:43Z,2025-03-13T08:09:43Z,2025-03-13T14:46:43Z,EDY SIEM,Correlation Hub,AST-0063,RUL-021,Medium,Closed,ANL-007,3,52.3,FALSE,FALSE,SYNTHETIC_DEMO_DATA
INC-00001508,ALT-00015760,2026-04-06T01:35:47Z,2026-04-06T01:46:47Z,2026-04-06T02:39:47Z,2026-04-06T04:20:47Z,2026-04-06T04:56:47Z,2026-04-06T05:16:47Z,EDY Sentinel,Cloud Detection,AST-0081,RUL-008,Low,Closed,ANL-013,1,43.5,FALSE,FALSE,SYNTHETIC_DEMO_DATA
INC-00000856,ALT-00017804,2025-06-18T20:08:13Z,2025-06-18T20:41:13Z,2025-06-18T21:26:13Z,2025-06-18T22:36:13Z,2025-06-19T02:08:13Z,,External Synthetic,Identity Provider,AST-0128,RUL-029,INFORMATIONAL,Resolved,ANL-004,3,39.4,FALSE,FALSE,SYNTHETIC_DEMO_DATA
INC-00002219,ALT-00002197,2026-01-16T17:35:12Z,2026-01-16T17:48:12Z,2026-01-16T17:57:12Z,2026-01-16T19:55:12Z,2026-01-17T01:00:12Z,2026-01-17T04:48:12Z,External Synthetic,Cloud Audit,AST-0205,RUL-012,Informational,Closed,ANL-003,4,35.0,FALSE,FALSE,SYNTHETIC_DEMO_DATA
INC-00001146,ALT-00010880,2026-01-25T11:56:58Z,2026-01-25T11:58:58Z,2026-01-25T12:18:58Z,2026-01-25T12:43:58Z,2026-01-25T16:18:58Z,2026-01-26T02:25:58Z,EDY SIEM,Correlation Hub,AST-0118,RUL-024,Low,Closed,ANL-009,1,63.1,FALSE,FALSE,SYNTHETIC_DEMO_DATA
INC-00001176,ALT-00017385,2025-08-03T06:55:13Z,2025-08-03T07:10:13Z,2025-08-03T07:19:13Z,2025-08-03T09:01:13Z,2025-08-03T12:19:13Z,,EDY Shield,Endpoint Integrity,AST-0240,RUL-006,Informational,Resolved,ANL-014,3,46.1,FALSE,FALSE,SYNTHETIC_DEMO_DATA
INC-00003156,ALT-00001913,2025-07-24T15:27:34Z,2025-07-24T15:33:34Z,2025-07-24T15:56:34Z,2025-07-24T16:53:34Z,2025-07-24T19:08:34Z,2025-07-25T02:50:34Z,EDY SIEM,Correlation Hub,AST-0085,RUL-021,Low,Closed,ANL-015,3,46.6,FALSE,FALSE,SYNTHETIC_DEMO_DATA
INC-00002495,ALT-00002113,2026-06-23T15:48:13Z,2026-06-23T16:09:13Z,2026-06-23T17:02:13Z,,,,EDY SIEM,Correlation Hub,AST-0106,RUL-002,Informational,Active,ANL-015,0,37.8,FALSE,FALSE,SYNTHETIC_DEMO_DATA
INC-00001820,ALT-00014320,2025-11-30T11:54:27Z,2025-11-30T12:14:27Z,2025-11-30T12:43:27Z,,,,External Synthetic,Cloud Audit,AST-0165,RUL-031,High,Active,ANL-009,0,94.1,TRUE,FALSE,SYNTHETIC_DEMO_DATA
INC-00000968,ALT-00015341,2025-02-24T10:21:13Z,2025-02-24T10:27:13Z,2025-02-24T10:38:13Z,2025-02-24T13:11:13Z,2025-02-24T15:21:13Z,,EDY Sentinel,Cloud Detection,AST-0222,RUL-035,Informational,Resolved,ANL-012,2,53.3,TRUE,FALSE,SYNTHETIC_DEMO_DATA
INC-00000919,ALT-00011763,2026-03-14T16:43:30Z,2026-03-14T16:56:30Z,2026-03-14T17:15:30Z,2026-03-14T20:37:30Z,2026-03-15T02:32:30Z,2026-03-15T08:41:30Z,External Synthetic,Network Sensor,AST-0096,RUL-011,Informational,Closed,ANL-013,3,44.7,FALSE,FALSE,SYNTHETIC_DEMO_DATA
INC-00000588,ALT-00008328,2025-03-26T13:49:49Z,2025-03-26T14:04:49Z,2025-03-26T14:22:49Z,2025-03-26T14:57:49Z,2025-03-26T19:51:49Z,,External Synthetic,Network Sensor,AST-0218,RUL-015,Medium,Resolved,ANL-010,1,68.2,FALSE,FALSE,SYNTHETIC_DEMO_DATA
INC-00002263,ALT-00017922,2025-10-27T15:51:58Z,2025-10-27T16:08:58Z,2025-10-27T16:38:58Z,,,,EDY SIEM,Correlation Hub,AST-0230,RUL-018,Low,Active,ANL-002,0,65.1,FALSE,FALSE,SYNTHETIC_DEMO_DATA
INC-00001963,ALT-00009402,2025-08-26T13:16:17Z,2025-08-26T13:59:17Z,2025-08-26T14:14:17Z,2025-08-26T14:51:17Z,2025-08-26T15:11:17Z,2025-08-27T01:47:17Z,EDY RECON,Exposure Intelligence,AST-0109,RUL-030,Medium,Closed,ANL-015,1,73.4,FALSE,FALSE,SYNTHETIC_DEMO_DATA
INC-00002223,ALT-00013154,2026-07-20T12:02:15Z,2026-07-20T12:09:15Z,2026-07-20T12:14:15Z,2026-07-20T13:57:15Z,2026-07-20T15:36:15Z,2026-07-21T00:53:15Z,EDY Shield,Endpoint Integrity,AST-0124,RUL-027,Informational,Closed,ANL-011,1,40.4,FALSE,FALSE,SYNTHETIC_DEMO_DATA
INC-00000202,ALT-00015931,2026-04-12T18:32:01Z,2026-04-12T18:38:01Z,2026-04-12T19:54:01Z,2026-04-12T21:26:01Z,2026-04-13T17:05:01Z,2026-04-13T22:51:01Z,EDY Shield,Endpoint Integrity,AST-0017,RUL-011,Low,Closed,ANL-011,1,49.3,FALSE,FALSE,SYNTHETIC_DEMO_DATA
INC-00000647,ALT-00009444,2026-02-06T14:42:16Z,2026-02-06T14:55:16Z,2026-02-06T15:05:16Z,2026-02-06T16:54:16Z,2026-02-06T17:57:16Z,2026-02-06T19:30:16Z,EDY SIEM,Correlation Hub,AST-0213,RUL-035,Informational,Closed,ANL-009,1,41.6,FALSE,FALSE,SYNTHETIC_DEMO_DATA
INC-00002720,ALT-00015237,2025-06-19T17:35:48Z,2025-06-19T17:47:48Z,2025-06-19T17:58:48Z,2025-06-19T18:29:48Z,2025-06-19T19:51:48Z,2025-06-20T03:31:48Z,External Synthetic,Cloud Audit,AST-0208,RUL-028,High,Closed,ANL-009,3,100,TRUE,FALSE,SYNTHETIC_DEMO_DATA
INC-00001277,ALT-00012762,2025-03-05T11:43:02Z,2025-03-05T11:57:02Z,2025-03-05T12:18:02Z,2025-03-05T13:32:02Z,2025-03-05T15:38:02Z,2025-03-05T18:17:02Z,EDY SIEM,Correlation Hub,AST-0046,RUL-041,Informational,Closed,ANL-009,1,45.1,FALSE,FALSE,SYNTHETIC_DEMO_DATA
INC-00002197,ALT-00015147,2025-07-05T22:55:00Z,2025-07-06T00:12:00Z,2025-07-06T00:44:00Z,2025-07-06T01:11:00Z,2025-07-06T03:34:00Z,2025-07-06T10:42:00Z,EDY SIEM,Correlation Hub,AST-0199,RUL-029,Informational,Closed,ANL-013,2,41.7,FALSE,FALSE,SYNTHETIC_DEMO_DATA
INC-00001230,ALT-00003632,2025-10-25T17:35:34Z,2025-10-25T18:08:34Z,2025-10-25T18:44:34Z,2025-10-25T20:00:34Z,2025-10-25T21:05:34Z,2025-10-26T01:49:34Z,External Synthetic,Identity Provider,AST-0072,RUL-036,Informational,Closed,ANL-014,1,28.0,FALSE,FALSE,SYNTHETIC_DEMO_DATA
INC-00000201,ALT-00010708,2026-04-02T11:38:58Z,2026-04-02T12:07:58Z,2026-04-02T12:22:58Z,2026-04-02T15:35:58Z,2026-04-02T17:55:58Z,2026-04-02T21:26:58Z,EDY SIEM,Correlation Hub,AST-0082,RUL-004,Informational,Closed,ANL-017,1,46.6,FALSE,FALSE,SYNTHETIC_DEMO_DATA
INC-00002592,ALT-00014235,2025-10-23T21:18:35Z,2025-10-23T21:43:35Z,2025-10-23T21:58:35Z,2025-10-24T01:16:35Z,2025-10-24T10:37:35Z,2025-10-24T22:35:35Z,EDY Sentinel,Cloud Detection,AST-0074,RUL-037,Informational,Closed,ANL-002,1,40.3,FALSE,FALSE,SYNTHETIC_DEMO_DATA
INC-00000781,ALT-00009566,2025-07-27T10:12:15Z,2025-07-27T10:30:15Z,2025-07-27T10:56:15Z,2025-07-27T11:51:15Z,2025-07-27T15:35:15Z,2025-07-28T01:35:15Z,EDY Shield,Endpoint Integrity,AST-0181,RUL-022,Medium,Closed,ANL-009,1,88.8,TRUE,FALSE,SYNTHETIC_DEMO_DATA
INC-00002845,ALT-00003319,2025-03-09T16:37:11Z,2025-03-09T17:47:11Z,2025-03-09T18:02:11Z,2025-03-09T18:54:11Z,2025-03-10T09:58:11Z,2025-03-10T21:08:11Z,EDY Sentinel,Cloud Detection,AST-0161,RUL-037,Informational,Closed,ANL-013,1,27.2,FALSE,FALSE,SYNTHETIC_DEMO_DATA
INC-00001676,ALT-00000911,2026-05-04T11:51:06Z,2026-05-04T12:00:06Z,2026-05-04T12:13:06Z,2026-05-04T14:38:06Z,2026-05-04T17:54:06Z,2026-05-04T20:21:06Z,External Synthetic,Cloud Audit,AST-0112,RUL-041,Medium,Closed,ANL-008,1,59.9,FALSE,FALSE,SYNTHETIC_DEMO_DATA
INC-00001351,ALT-00013096,2025-04-29T17:31:56Z,2025-04-29T17:56:56Z,2025-04-29T18:11:56Z,2025-04-29T20:34:56Z,2025-04-30T02:31:56Z,2025-04-30T12:09:56Z,External Synthetic,Network Sensor,AST-0046,RUL-028,Low,Closed,ANL-014,1,57.6,FALSE,FALSE,SYNTHETIC_DEMO_DATA
INC-00000738,ALT-00014723,2025-12-16T10:19:51Z,2025-12-16T10:52:51Z,2025-12-16T11:23:51Z,2025-12-16T12:06:51Z,2025-12-16T18:31:51Z,2025-12-17T04:01:51Z,EDY Shield,Endpoint Integrity,AST-0169,RUL-045,Informational,Closed,ANL-002,3,39.1,FALSE,FALSE,SYNTHETIC_DEMO_DATA
INC-00001987,ALT-00017466,2025-08-25T20:17:28Z,2025-08-25T20:36:28Z,2025-08-25T20:39:28Z,2025-08-25T21:16:28Z,2025-08-25T22:13:28Z,2025-08-26T03:26:28Z,EDY RECON,Exposure Intelligence,AST-0226,RUL-012,Medium,Closed,ANL-009,3,76.1,FALSE,FALSE,SYNTHETIC_DEMO_DATA
INC-00002505,ALT-00007940,2025-10-22T15:11:28Z,2025-10-22T15:17:28Z,2025-10-22T15:31:28Z,2025-10-22T17:52:28Z,2025-10-22T23:38:28Z,2025-10-23T01:52:28Z,External Synthetic,Network Sensor,AST-0203,RUL-037,Informational,Closed,ANL-017,3,54.2,FALSE,FALSE,SYNTHETIC_DEMO_DATA
INC-00002639,ALT-00002288,2026-01-30T03:47:08Z,2026-01-30T04:56:08Z,2026-01-30T05:18:08Z,2026-01-30T06:27:08Z,2026-01-30T06:49:08Z,2026-01-30T18:24:08Z,EDY RECON,Exposure Intelligence,AST-0080,RUL-042,Low,Closed,ANL-016,1,49.1,FALSE,FALSE,SYNTHETIC_DEMO_DATA
INC-00002854,ALT-00006360,2025-03-05T10:48:51Z,2025-03-05T11:09:51Z,2025-03-05T11:25:51Z,2025-03-05T13:19:51Z,2025-03-05T18:12:51Z,2025-03-05T23:08:51Z,External Synthetic,Network Sensor,AST-0088,RUL-012,Medium,Closed,ANL-006,2,71.1,FALSE,FALSE,SYNTHETIC_DEMO_DATA
INC-00001988,ALT-00008338,2026-01-24T12:31:36Z,2026-01-24T12:42:36Z,2026-01-24T13:00:36Z,2026-01-24T18:58:36Z,2026-01-24T22:36:36Z,2026-01-25T03:33:36Z,EDY Sentinel,Cloud Detection,AST-0195,RUL-004,Low,Closed,ANL-001,3,61.6,FALSE,FALSE,SYNTHETIC_DEMO_DATA
INC-00000691,ALT-00017536,2025-10-26T16:14:36Z,2025-10-26T16:37:36Z,2025-10-26T17:19:36Z,,,,External Synthetic,Network Sensor,AST-0038,RUL-038,Informational,Active,ANL-007,0,42.7,FALSE,FALSE,SYNTHETIC_DEMO_DATA
INC-00002814,ALT-00008507,2025-08-24T09:00:09Z,2025-08-24T09:12:09Z,2025-08-24T09:21:09Z,2025-08-24T09:33:09Z,2025-08-24T10:31:09Z,2025-08-24T21:05:09Z,External Synthetic,Identity Provider,AST-0060,RUL-041,Informational,Closed,ANL-014,1,46.3,FALSE,FALSE,SYNTHETIC_DEMO_DATA
INC-00002159,ALT-00011562,2025-03-23T06:47:17Z,2025-03-23T07:02:17Z,2025-03-23T07:59:17Z,2025-03-23T09:03:17Z,2025-03-23T10:18:17Z,2025-03-23T15:55:17Z,EDY Shield,Endpoint Integrity,AST-0073,RUL-026,Low,Closed,ANL-010,1,55.1,FALSE,FALSE,SYNTHETIC_DEMO_DATA
INC-00000106,ALT-00000601,2025-05-26T02:31:27Z,2025-05-26T03:45:27Z,2025-05-26T03:51:27Z,2025-05-26T12:23:27Z,2025-05-26T13:37:27Z,2025-05-26T23:05:27Z,External Synthetic,Identity Provider,AST-0082,RUL-008,Informational,Closed,ANL-016,3,43.9,FALSE,TRUE,SYNTHETIC_DEMO_DATA
INC-00000238,ALT-00017201,2025-03-20T12:04:11Z,2025-03-20T12:10:11Z,2025-03-20T12:30:11Z,2025-03-20T14:06:11Z,2025-03-22T01:26:11Z,,EDY RECON,Exposure Intelligence,AST-0045,RUL-042,Low,Resolved,ANL-011,1,37.5,FALSE,FALSE,SYNTHETIC_DEMO_DATA
INC-00002851,ALT-00007958,2025-07-27T11:03:10Z,2025-07-27T11:19:10Z,2025-07-27T11:42:10Z,2025-07-27T12:36:10Z,2025-07-27T22:40:10Z,2025-07-28T01:24:10Z,External Synthetic,Cloud Audit,AST-0186,RUL-002,Low,Closed,ANL-008,1,55.0,FALSE,FALSE,SYNTHETIC_DEMO_DATA
INC-00000470,ALT-00010481,2025-05-26T09:42:15Z,2025-05-26T10:04:15Z,2025-05-26T10:48:15Z,2025-05-26T11:40:15Z,2025-05-26T12:02:15Z,2025-05-26T13:00:15Z,EDY SIEM,Correlation Hub,AST-0025,RUL-042,Medium,Closed,ANL-008,1,66.5,FALSE,FALSE,SYNTHETIC_DEMO_DATA
INC-00001732,ALT-00016128,2025-07-23T19:20:50Z,2025-07-23T19:43:50Z,2025-07-23T20:03:50Z,2025-07-23T21:04:50Z,2025-07-23T22:53:50Z,2025-07-24T04:26:50Z,External Synthetic,Cloud Audit,AST-0123,RUL-012,Low,Closed,ANL-011,1,60.7,FALSE,FALSE,SYNTHETIC_DEMO_DATA
INC-00001996,ALT-00011329,2025-06-16T12:54:15Z,2025-06-16T13:09:15Z,2025-06-16T13:15:15Z,2025-06-16T15:20:15Z,2025-06-16T19:48:15Z,2025-06-16T23:59:15Z,EDY RECON,Exposure Intelligence,AST-0029,RUL-037,Medium,Closed,ANL-018,1,71.2,FALSE,FALSE,SYNTHETIC_DEMO_DATA
INC-00002602,ALT-00008002,2026-03-07T06:52:29Z,2026-03-07T06:58:29Z,2026-03-07T07:12:29Z,2026-03-07T07:42:29Z,2026-03-07T09:38:29Z,2026-03-07T16:20:29Z,External Synthetic,Cloud Audit,AST-0134,RUL-028,Low,Closed,ANL-005,4,48.1,FALSE,FALSE,SYNTHETIC_DEMO_DATA
INC-00001232,ALT-00011150,2025-11-07T00:52:26Z,2025-11-07T00:56:26Z,2025-11-07T01:24:26Z,2025-11-07T02:49:26Z,2025-11-07T05:54:26Z,2025-11-07T06:47:26Z,External Synthetic,Cloud Audit,AST-0097,RUL-003,Informational,Closed,ANL-018,1,49.2,TRUE,FALSE,SYNTHETIC_DEMO_DATA
INC-00001955,ALT-00000777,2026-04-07T18:01:20Z,2026-04-07T18:23:20Z,2026-04-07T18:43:20Z,2026-04-07T19:06:20Z,2026-04-07T20:38:20Z,2026-04-08T01:50:20Z,EDY Sentinel,Cloud Detection,AST-0100,RUL-005,Medium,Closed,ANL-017,1,73.9,FALSE,FALSE,SYNTHETIC_DEMO_DATA
INC-00002243,ALT-00013393,2025-09-24T09:53:09Z,2025-09-24T09:57:09Z,2025-09-24T10:10:09Z,,,,External Synthetic,Network Sensor,AST-0045,RUL-020,Medium,Active,ANL-017,0,52.2,FALSE,FALSE,SYNTHETIC_DEMO_DATA
INC-00000797,ALT-00002202,2026-03-10T17:25:17Z,2026-03-10T18:05:17Z,2026-03-10T18:27:17Z,2026-03-10T18:55:17Z,2026-03-10T20:55:17Z,2026-03-11T03:06:17Z,EDY Shield,Endpoint Integrity,AST-0231,RUL-006,Informational,Closed,ANL-003,1,45.8,FALSE,FALSE,SYNTHETIC_DEMO_DATA
INC-00002239,ALT-00003202,2025-08-14T21:06:04Z,2025-08-14T21:44:04Z,2025-08-14T22:15:04Z,,,,EDY Sentinel,Cloud Detection,AST-0127,RUL-016,Low,Active,ANL-008,0,61.9,FALSE,FALSE,SYNTHETIC_DEMO_DATA
INC-00002849,ALT-00006802,2025-06-05T14:01:39Z,2025-06-05T14:20:39Z,2025-06-05T14:42:39Z,2025-06-05T16:58:39Z,2025-06-05T19:21:39Z,2025-06-06T01:35:39Z,EDY RECON,Exposure Intelligence,AST-0177,RUL-014,Informational,Closed,ANL-003,1,59.1,TRUE,FALSE,SYNTHETIC_DEMO_DATA
INC-00002077,ALT-00013078,2025-11-09T09:03:33Z,2025-11-09T09:34:33Z,2025-11-09T10:08:33Z,2025-11-09T11:39:33Z,2025-11-09T21:21:33Z,2025-11-10T02:46:33Z,External Synthetic,Cloud Audit,AST-0067,RUL-037,Informational,Closed,ANL-007,1,34.2,FALSE,FALSE,SYNTHETIC_DEMO_DATA
INC-00000652,ALT-00011869,2025-02-21T18:21:50Z,2025-02-21T19:00:50Z,2025-02-21T19:19:50Z,2025-02-21T20:01:50Z,2025-02-21T21:56:50Z,2025-02-22T01:35:50Z,External Synthetic,Identity Provider,AST-0063,RUL-003,Informational,Closed,ANL-010,1,28.5,FALSE,FALSE,SYNTHETIC_DEMO_DATA
INC-00003129,ALT-00015520,2026-01-09T19:40:46Z,2026-01-09T19:45:46Z,2026-01-09T20:05:46Z,2026-01-09T22:01:46Z,2026-01-09T23:00:46Z,2026-01-10T10:08:46Z,External Synthetic,Identity Provider,AST-0210,RUL-042,Medium,Closed,ANL-007,1,64.7,FALSE,FALSE,SYNTHETIC_DEMO_DATA
INC-00000341,ALT-00006676,2025-05-19T10:54:44Z,2025-05-19T11:13:44Z,2025-05-19T11:30:44Z,2025-05-19T15:17:44Z,2025-05-19T16:45:44Z,2025-05-19T20:41:44Z,External Synthetic,Cloud Audit,AST-0226,RUL-006,Low,Closed,ANL-010,1,67.5,TRUE,FALSE,SYNTHETIC_DEMO_DATA
INC-00001135,ALT-00006782,2025-11-24T15:04:44Z,2025-11-24T15:14:44Z,2025-11-24T15:52:44Z,2025-11-24T16:13:44Z,2025-11-24T21:08:44Z,2025-11-25T03:38:44Z,EDY Shield,Endpoint Integrity,AST-0152,RUL-023,High,Closed,ANL-016,1,84.7,TRUE,FALSE,SYNTHETIC_DEMO_DATA
INC-00000651,ALT-00002247,2025-06-18T09:30:24Z,2025-06-18T09:52:24Z,2025-06-18T10:00:24Z,2025-06-18T10:22:24Z,2025-06-18T11:10:24Z,,EDY RECON,Exposure Intelligence,AST-0105,RUL-013,High,Resolved,ANL-002,1,100,TRUE,FALSE,SYNTHETIC_DEMO_DATA
INC-00002858,ALT-00003260,2026-07-03T09:46:52Z,2026-07-03T10:02:52Z,2026-07-03T10:38:52Z,2026-07-03T11:09:52Z,2026-07-03T12:42:52Z,2026-07-03T18:41:52Z,EDY Sentinel,Cloud Detection,AST-0042,RUL-004,Medium,Closed,ANL-014,1,75.9,FALSE,FALSE,SYNTHETIC_DEMO_DATA
INC-00001057,ALT-00000008,2025-05-30T15:03:23Z,2025-05-30T15:18:23Z,2025-05-30T15:29:23Z,2025-05-30T16:50:23Z,2025-05-30T21:59:23Z,2025-05-31T00:43:23Z,EDY Shield,Endpoint Integrity,AST-0123,RUL-012,Low,Closed,ANL-002,1,56.3,FALSE,FALSE,SYNTHETIC_DEMO_DATA
INC-00003200,ALT-00009903,2026-03-11T11:37:07Z,2026-03-11T12:05:07Z,2026-03-11T12:15:07Z,2026-03-11T12:49:07Z,2026-03-11T17:27:07Z,2026-03-12T02:42:07Z,EDY Shield,Endpoint Integrity,AST-0082,RUL-018,Informational,Closed,ANL-012,4,43.0,FALSE,FALSE,SYNTHETIC_DEMO_DATA
INC-00003070,ALT-00007161,2026-04-04T10:59:37Z,2026-04-04T11:08:37Z,2026-04-04T12:06:37Z,2026-04-04T12:32:37Z,2026-04-04T14:18:37Z,2026-04-05T00:20:37Z,External Synthetic,Network Sensor,AST-0198,RUL-035,Low,Closed,ANL-005,1,37.4,FALSE,FALSE,SYNTHETIC_DEMO_DATA
INC-00000672,ALT-00001347,2026-03-13T08:59:34Z,2026-03-13T09:09:34Z,2026-03-13T09:21:34Z,2026-03-13T10:27:34Z,2026-03-13T21:33:34Z,2026-03-14T01:51:34Z,External Synthetic,Network Sensor,AST-0077,RUL-033,High,Closed,ANL-017,1,100,TRUE,FALSE,SYNTHETIC_DEMO_DATA
INC-00001259,ALT-00011020,2026-04-13T15:17:04Z,2026-04-13T15:45:04Z,2026-04-13T16:21:04Z,2026-04-13T17:59:04Z,2026-04-13T20:31:04Z,2026-04-13T23:46:04Z,EDY SIEM,Correlation Hub,AST-0013,RUL-010,Low,Closed,ANL-010,1,44.4,FALSE,FALSE,SYNTHETIC_DEMO_DATA
INC-00003001,ALT-00002056,2026-01-15T08:30:49Z,2026-01-15T08:34:49Z,2026-01-15T08:49:49Z,2026-01-15T11:25:49Z,2026-01-15T13:13:49Z,,EDY Sentinel,Cloud Detection,AST-0138,RUL-041,Informational,Resolved,ANL-001,1,40.2,FALSE,FALSE,SYNTHETIC_DEMO_DATA
INC-00000699,ALT-00004290,2025-06-02T15:12:43Z,2025-06-02T15:25:43Z,2025-06-02T16:13:43Z,2025-06-02T17:29:43Z,2025-06-02T18:28:43Z,2025-06-03T04:30:43Z,EDY RECON,Exposure Intelligence,AST-0171,RUL-006,Medium,Closed,ANL-007,1,53.5,FALSE,FALSE,SYNTHETIC_DEMO_DATA
INC-00000532,ALT-00011496,2025-08-16T16:48:05Z,2025-08-16T17:42:05Z,2025-08-16T17:58:05Z,2025-08-16T20:39:05Z,2025-08-16T23:27:05Z,2025-08-17T06:19:05Z,External Synthetic,Cloud Audit,AST-0148,RUL-021,Informational,Closed,ANL-004,4,32.7,FALSE,FALSE,SYNTHETIC_DEMO_DATA
INC-00001840,ALT-00005441,2025-04-13T10:41:06Z,2025-04-13T10:54:06Z,2025-04-13T11:08:06Z,2025-04-13T13:30:06Z,2025-04-13T16:16:06Z,2025-04-14T00:58:06Z,EDY Sentinel,Cloud Detection,AST-0128,RUL-037,Low,Closed,ANL-011,3,52.2,FALSE,FALSE,SYNTHETIC_DEMO_DATA
INC-00000439,ALT-00013109,2025-12-01T13:34:14Z,2025-12-01T13:50:14Z,2025-12-01T14:11:14Z,,,,External Synthetic,Cloud Audit,AST-0173,RUL-037,Low,Active,ANL-008,0,48.9,FALSE,FALSE,SYNTHETIC_DEMO_DATA
INC-00002131,ALT-00008104,2025-05-14T07:53:39Z,2025-05-14T08:01:39Z,2025-05-14T08:53:39Z,2025-05-14T09:59:39Z,2025-05-14T10:44:39Z,2025-05-14T19:47:39Z,External Synthetic,Network Sensor,AST-0197,RUL-023,Medium,Closed,ANL-009,2,61.5,FALSE,FALSE,SYNTHETIC_DEMO_DATA
INC-00002727,ALT-00006440,2025-08-19T14:28:21Z,2025-08-19T15:05:21Z,2025-08-19T15:33:21Z,2025-08-19T18:00:21Z,2025-08-19T21:06:21Z,2025-08-20T08:05:21Z,EDY Shield,Endpoint Integrity,AST-0166,RUL-003,Low,Closed,ANL-012,1,49.0,FALSE,FALSE,SYNTHETIC_DEMO_DATA
INC-00000629,ALT-00013589,2026-05-03T20:02:43Z,2026-05-03T20:42:43Z,2026-05-03T20:54:43Z,2026-05-04T00:11:43Z,2026-05-04T05:22:43Z,2026-05-04T14:24:43Z,EDY SIEM,Correlation Hub,AST-0014,RUL-009,Informational,Closed,ANL-009,3,53.9,FALSE,FALSE,SYNTHETIC_DEMO_DATA
INC-00002687,ALT-00015408,2025-02-04T14:57:19Z,2025-02-04T15:42:19Z,2025-02-04T16:01:19Z,2025-02-04T16:51:19Z,2025-02-04T17:07:19Z,2025-02-05T04:38:19Z,EDY Shield,Endpoint Integrity,AST-0179,RUL-021,Medium,Closed,ANL-005,1,63.3,FALSE,FALSE,SYNTHETIC_DEMO_DATA
INC-00002041,ALT-00005092,2026-02-06T09:30:40Z,2026-02-06T09:42:40Z,2026-02-06T10:25:40Z,2026-02-06T12:52:40Z,2026-02-06T14:37:40Z,2026-02-06T17:09:40Z,External Synthetic,Network Sensor,AST-0069,RUL-040,Medium,Closed,ANL-009,3,70.7,FALSE,FALSE,SYNTHETIC_DEMO_DATA
INC-00002648,ALT-00011298,2025-10-18T15:24:10Z,2025-10-18T15:35:10Z,2025-10-18T16:33:10Z,2025-10-18T17:20:10Z,,,EDY Sentinel,Cloud Detection,AST-0077,RUL-030,Informational,Contained,ANL-006,0,48.7,FALSE,FALSE,SYNTHETIC_DEMO_DATA
INC-00000544,ALT-00000650,2026-07-01T19:56:00Z,,,,,,EDY RECON,Exposure Intelligence,AST-0145,RUL-016,Low,New,ANL-011,0,61.9,FALSE,FALSE,SYNTHETIC_DEMO_DATA
INC-00000192,ALT-00011598,2025-06-28T17:27:13Z,2025-06-28T17:40:13Z,2025-06-28T17:54:13Z,2025-06-28T22:33:13Z,2025-06-28T23:32:13Z,2025-06-29T09:34:13Z,EDY Sentinel,Cloud Detection,AST-0012,RUL-006,Informational,Closed,ANL-008,1,35.4,FALSE,FALSE,SYNTHETIC_DEMO_DATA
INC-00001905,ALT-00001608,2026-04-28T12:29:24Z,2026-04-28T13:09:24Z,2026-04-28T13:20:24Z,2026-04-28T14:22:24Z,2026-04-28T16:12:24Z,,EDY Shield,Endpoint Integrity,AST-0138,RUL-010,Low,Resolved,ANL-006,4,54.7,FALSE,FALSE,SYNTHETIC_DEMO_DATA
INC-00001682,ALT-00016462,2025-06-12T03:50:54Z,2025-06-12T04:35:54Z,2025-06-12T06:01:54Z,2025-06-12T06:24:54Z,2025-06-12T10:19:54Z,,EDY RECON,Exposure Intelligence,AST-0109,RUL-027,Medium,Resolved,ANL-002,2,69.0,FALSE,FALSE,SYNTHETIC_DEMO_DATA
INC-00001809,ALT-00004952,2025-04-14T14:08:38Z,2025-04-14T14:36:38Z,2025-04-14T14:43:38Z,2025-04-14T15:29:38Z,2025-04-14T19:20:38Z,2025-04-15T03:11:38Z,External Synthetic,Network Sensor,AST-0157,RUL-037,Medium,Closed,ANL-013,3,59.3,FALSE,FALSE,SYNTHETIC_DEMO_DATA
INC-00000255,ALT-00004230,2025-05-22T14:23:45Z,2025-05-22T15:03:45Z,2025-05-22T15:10:45Z,2025-05-22T16:19:45Z,2025-05-22T18:01:45Z,2025-05-23T04:06:45Z,External Synthetic,Network Sensor,AST-0050,RUL-012,Informational,Closed,ANL-017,1,50.8,FALSE,FALSE,SYNTHETIC_DEMO_DATA
INC-00002127,ALT-00016257,2026-01-05T13:19:34Z,2026-01-05T13:37:34Z,2026-01-05T13:44:34Z,2026-01-05T19:26:34Z,2026-01-06T00:28:34Z,2026-01-06T01:51:34Z,External Synthetic,Network Sensor,AST-0038,RUL-038,Informational,Closed,ANL-017,3,39.8,FALSE,FALSE,SYNTHETIC_DEMO_DATA
INC-00001802,ALT-00017258,2026-05-01T17:17:06Z,2026-05-01T17:27:06Z,2026-05-01T17:42:06Z,,,,External Synthetic,Network Sensor,AST-0216,RUL-036,Informational,Active,ANL-006,0,29.2,FALSE,FALSE,SYNTHETIC_DEMO_DATA
INC-00000835,ALT-00011822,2025-11-20T13:35:44Z,2025-11-20T13:39:44Z,2025-11-20T14:10:44Z,2025-11-20T15:49:44Z,2025-11-20T17:43:44Z,2025-11-21T00:01:44Z,External Synthetic,Identity Provider,AST-0100,RUL-022,Medium,Closed,ANL-009,1,77.7,FALSE,FALSE,SYNTHETIC_DEMO_DATA
INC-00000281,ALT-00008884,2025-02-27T13:03:19Z,2025-02-27T13:37:19Z,2025-02-27T13:53:19Z,2025-02-27T15:25:19Z,2025-02-27T17:48:19Z,2025-02-27T22:51:19Z,External Synthetic,Cloud Audit,AST-0015,RUL-027,Informational,Closed,ANL-015,1,43.2,FALSE,FALSE,SYNTHETIC_DEMO_DATA
INC-00001268,ALT-00013560,2025-02-15T07:42:44Z,2025-02-15T08:22:44Z,2025-02-15T08:27:44Z,2025-02-15T09:03:44Z,2025-02-15T11:59:44Z,2025-02-15T14:11:44Z,EDY Shield,Endpoint Integrity,AST-0105,RUL-036,Medium,Closed,ANL-002,1,72.0,FALSE,FALSE,SYNTHETIC_DEMO_DATA
INC-00001614,ALT-00002692,2025-05-20T15:16:13Z,2025-05-20T15:36:13Z,2025-05-20T15:55:13Z,2025-05-20T20:39:13Z,2025-05-20T21:34:13Z,,EDY Sentinel,Cloud Detection,AST-0132,RUL-028,Low,Resolved,ANL-009,2,59.0,FALSE,FALSE,SYNTHETIC_DEMO_DATA
INC-00002163,ALT-00004653,2025-11-26T08:56:52Z,2025-11-26T09:11:52Z,2025-11-26T09:23:52Z,2025-11-26T13:26:52Z,2025-11-26T14:11:52Z,2025-11-26T19:43:52Z,External Synthetic,Cloud Audit,AST-0055,RUL-022,Low,Closed,ANL-018,3,59.4,FALSE,FALSE,SYNTHETIC_DEMO_DATA
INC-00000594,ALT-00011495,2025-11-14T12:21:43Z,2025-11-14T12:52:43Z,2025-11-14T13:06:43Z,2025-11-14T13:59:43Z,2025-11-14T14:32:43Z,2025-11-14T22:13:43Z,External Synthetic,Cloud Audit,AST-0209,RUL-001,Critical,Closed,ANL-006,2,100,TRUE,FALSE,SYNTHETIC_DEMO_DATA
INC-00001377,ALT-00006692,2026-01-10T18:43:05Z,2026-01-10T19:02:05Z,2026-01-10T19:11:05Z,2026-01-10T19:56:05Z,2026-01-11T02:01:05Z,,EDY Sentinel,Cloud Detection,AST-0119,RUL-023,Medium,Resolved,ANL-013,4,63.0,FALSE,FALSE,SYNTHETIC_DEMO_DATA
INC-00001065,ALT-00017842,2026-06-28T10:50:44Z,2026-06-28T11:42:44Z,2026-06-28T12:36:44Z,2026-06-28T14:15:44Z,2026-06-28T15:59:44Z,,EDY SIEM,Correlation Hub,AST-0080,RUL-026,Informational,Resolved,ANL-017,1,33.7,FALSE,FALSE,SYNTHETIC_DEMO_DATA
INC-00000329,ALT-00009018,2026-07-09T09:33:54Z,2026-07-09T10:20:54Z,2026-07-09T10:56:54Z,2026-07-09T15:18:54Z,2026-07-09T18:42:54Z,2026-07-10T06:40:54Z,EDY SIEM,Correlation Hub,AST-0035,RUL-024,Informational,Closed,ANL-003,1,30.0,FALSE,FALSE,SYNTHETIC_DEMO_DATA
INC-00000606,ALT-00015662,2025-04-05T12:56:46Z,2025-04-05T13:26:46Z,2025-04-05T13:55:46Z,2025-04-05T14:38:46Z,2025-04-06T09:09:46Z,2025-04-06T17:57:46Z,External Synthetic,Cloud Audit,AST-0204,RUL-022,Low,Closed,ANL-009,3,59.8,FALSE,FALSE,SYNTHETIC_DEMO_DATA
INC-00000754,ALT-00006726,2026-03-29T11:05:57Z,2026-03-29T12:21:57Z,2026-03-29T13:08:57Z,2026-03-29T18:59:57Z,2026-03-29T22:30:57Z,2026-03-29T22:44:57Z,External Synthetic,Cloud Audit,AST-0039,RUL-017,Informational,Closed,ANL-016,1,38.3,FALSE,FALSE,SYNTHETIC_DEMO_DATA
INC-00000686,ALT-00011515,2025-09-20T08:51:49Z,2025-09-20T09:03:49Z,2025-09-20T09:35:49Z,2025-09-20T10:30:49Z,2025-09-20T14:01:49Z,2025-09-20T23:29:49Z,External Synthetic,Network Sensor,AST-0049,RUL-028,Low,Closed,ANL-007,2,44.1,FALSE,FALSE,SYNTHETIC_DEMO_DATA
INC-00001349,ALT-00016747,2025-02-10T23:03:15Z,2025-02-11T00:00:15Z,2025-02-11T00:25:15Z,2025-02-11T01:45:15Z,2025-02-11T09:37:15Z,2025-02-11T14:17:15Z,EDY Sentinel,Cloud Detection,AST-0238,RUL-016,Low,Closed,ANL-010,2,47.2,FALSE,FALSE,SYNTHETIC_DEMO_DATA
INC-00002704,ALT-00013777,2025-07-21T18:12:04Z,2025-07-21T18:19:04Z,2025-07-21T18:59:04Z,,,,External Synthetic,Identity Provider,AST-0065,RUL-002,Informational,Active,ANL-010,0,40.8,FALSE,FALSE,SYNTHETIC_DEMO_DATA
INC-00001528,ALT-00015259,2025-04-04T11:54:45Z,2025-04-04T12:11:45Z,2025-04-04T12:31:45Z,2025-04-04T14:36:45Z,2025-04-04T17:24:45Z,2025-04-05T01:23:45Z,EDY Sentinel,Cloud Detection,AST-0022,RUL-044,Informational,Closed,ANL-016,1,31.2,FALSE,FALSE,SYNTHETIC_DEMO_DATA
INC-00002109,ALT-00009394,2025-07-03T08:35:38Z,2025-07-03T08:48:38Z,2025-07-03T09:19:38Z,,,,EDY Sentinel,Cloud Detection,AST-0051,RUL-015,Medium,Active,ANL-001,0,71.1,FALSE,FALSE,SYNTHETIC_DEMO_DATA
INC-00000250,ALT-00000483,2025-12-05T16:59:58Z,2025-12-05T17:21:58Z,2025-12-05T17:47:58Z,2025-12-05T20:04:58Z,2025-12-06T00:48:58Z,,EDY SIEM,Correlation Hub,AST-0231,RUL-043,Informational,Resolved,ANL-016,1,39.7,FALSE,FALSE,SYNTHETIC_DEMO_DATA
INC-00002565,ALT-00006252,2025-04-10T09:48:13Z,2025-04-10T10:04:13Z,2025-04-10T10:29:13Z,2025-04-10T11:50:13Z,2025-04-10T13:54:13Z,2025-04-10T16:51:13Z,EDY SIEM,Correlation Hub,AST-0120,RUL-014,Informational,Closed,ANL-011,1,41.2,FALSE,FALSE,SYNTHETIC_DEMO_DATA
INC-00001560,ALT-00009565,2025-08-06T14:58:56Z,2025-08-06T15:49:56Z,2025-08-06T16:02:56Z,2025-08-06T17:42:56Z,2025-08-07T02:23:56Z,2025-08-07T10:13:56Z,External Synthetic,Network Sensor,AST-0079,RUL-005,Low,Closed,ANL-009,3,51.1,FALSE,FALSE,SYNTHETIC_DEMO_DATA
INC-00000036,ALT-00011304,2025-06-03T01:44:08Z,2025-06-03T01:57:08Z,2025-06-03T02:24:08Z,2025-06-03T05:56:08Z,2025-06-03T08:39:08Z,2025-06-03T11:21:08Z,External Synthetic,Cloud Audit,AST-0058,RUL-030,Low,Closed,ANL-003,1,45.5,FALSE,FALSE,SYNTHETIC_DEMO_DATA
INC-00002221,ALT-00000293,2026-07-07T17:24:28Z,2026-07-07T17:47:28Z,2026-07-07T18:09:28Z,2026-07-07T20:19:28Z,2026-07-08T04:08:28Z,2026-07-08T15:32:28Z,EDY SIEM,Correlation Hub,AST-0004,RUL-038,Low,Closed,ANL-008,1,50.0,FALSE,FALSE,SYNTHETIC_DEMO_DATA
INC-00000245,ALT-00006243,2025-10-19T14:07:03Z,2025-10-19T14:19:03Z,2025-10-19T14:27:03Z,2025-10-19T16:29:03Z,2025-10-19T20:33:03Z,2025-10-20T03:38:03Z,External Synthetic,Network Sensor,AST-0229,RUL-037,Low,Closed,ANL-016,1,47.4,FALSE,FALSE,SYNTHETIC_DEMO_DATA
INC-00003134,ALT-00010168,2026-04-08T15:49:16Z,2026-04-08T16:48:16Z,2026-04-08T17:03:16Z,2026-04-08T19:56:16Z,2026-04-09T00:02:16Z,2026-04-09T05:28:16Z,External Synthetic,Identity Provider,AST-0200,RUL-015,Informational,Closed,ANL-006,3,35.9,FALSE,FALSE,SYNTHETIC_DEMO_DATA
INC-00001980,ALT-00016854,2025-11-25T15:37:58Z,2025-11-25T16:23:58Z,2025-11-25T17:20:58Z,2025-11-25T17:58:58Z,2025-11-25T21:01:58Z,,EDY Shield,Endpoint Integrity,AST-0113,RUL-022,Informational,Resolved,ANL-002,3,65.4,TRUE,FALSE,SYNTHETIC_DEMO_DATA
INC-00000280,ALT-00011548,2025-07-03T11:50:02Z,2025-07-03T12:38:02Z,2025-07-03T13:13:02Z,2025-07-03T15:25:02Z,2025-07-04T09:52:02Z,2025-07-04T14:04:02Z,EDY SIEM,Correlation Hub,AST-0070,RUL-018,Low,Closed,ANL-005,3,53.7,FALSE,FALSE,SYNTHETIC_DEMO_DATA
INC-00002005,ALT-00010504,2025-08-19T11:30:03Z,2025-08-19T12:02:03Z,2025-08-19T12:35:03Z,2025-08-19T13:33:03Z,2025-08-19T17:19:03Z,2025-08-19T23:58:03Z,External Synthetic,Identity Provider,AST-0016,RUL-037,Informational,Closed,ANL-007,1,39.9,FALSE,FALSE,SYNTHETIC_DEMO_DATA
INC-00001514,ALT-00013195,2026-03-27T08:49:43Z,2026-03-27T08:56:43Z,2026-03-27T09:22:43Z,2026-03-27T13:27:43Z,2026-03-27T15:29:43Z,2026-03-27T19:20:43Z,EDY Sentinel,Cloud Detection,AST-0160,RUL-028,Low,Closed,ANL-007,1,51.7,FALSE,FALSE,SYNTHETIC_DEMO_DATA
INC-00002863,ALT-00017339,2025-02-19T18:49:36Z,2025-02-19T19:13:36Z,2025-02-19T19:40:36Z,2025-02-19T20:11:36Z,2025-02-19T22:39:36Z,2025-02-20T01:59:36Z,EDY Shield,Endpoint Integrity,AST-0212,RUL-017,Informational,Closed,ANL-013,1,48.4,FALSE,FALSE,SYNTHETIC_DEMO_DATA
INC-00000368,ALT-00009951,2026-04-26T02:37:18Z,2026-04-26T02:48:18Z,2026-04-26T03:14:18Z,,,,External Synthetic,Network Sensor,AST-0001,RUL-022,High,Active,ANL-003,0,98.4,TRUE,FALSE,SYNTHETIC_DEMO_DATA
INC-00003044,ALT-00001725,2025-04-23T17:37:30Z,2025-04-23T18:10:30Z,2025-04-23T18:54:30Z,2025-04-23T19:34:30Z,2025-04-24T01:01:30Z,,EDY Sentinel,Cloud Detection,AST-0075,RUL-015,Low,Resolved,ANL-007,1,50.3,FALSE,FALSE,SYNTHETIC_DEMO_DATA
INC-00002237,ALT-00009430,2025-10-07T22:31:55Z,2025-10-07T22:42:55Z,2025-10-07T23:07:55Z,2025-10-08T01:10:55Z,2025-10-08T06:15:55Z,2025-10-08T15:26:55Z,EDY SIEM,Correlation Hub,AST-0015,RUL-001,Medium,Closed,ANL-005,1,70.5,FALSE,FALSE,SYNTHETIC_DEMO_DATA
INC-00001589,ALT-00012678,2025-05-19T10:38:14Z,2025-05-19T11:10:14Z,2025-05-19T11:46:14Z,2025-05-19T15:43:14Z,2025-05-19T17:10:14Z,2025-05-19T20:14:14Z,EDY RECON,Exposure Intelligence,AST-0066,RUL-009,Informational,Closed,ANL-003,1,33.8,FALSE,FALSE,SYNTHETIC_DEMO_DATA
INC-00001805,ALT-00002911,2025-05-04T17:10:35Z,2025-05-04T17:44:35Z,2025-05-04T18:08:35Z,2025-05-04T19:31:35Z,2025-05-04T23:13:35Z,2025-05-05T00:21:35Z,External Synthetic,Cloud Audit,AST-0131,RUL-027,Informational,Closed,ANL-003,1,54.1,FALSE,FALSE,SYNTHETIC_DEMO_DATA
INC-00001709,ALT-00005899,2025-04-28T04:52:53Z,2025-04-28T05:57:53Z,2025-04-28T06:46:53Z,2025-04-28T07:57:53Z,2025-04-28T15:14:53Z,2025-04-28T15:49:53Z,EDY RECON,Exposure Intelligence,AST-0032,RUL-039,Informational,Closed,ANL-009,2,49.9,FALSE,FALSE,SYNTHETIC_DEMO_DATA
INC-00001246,ALT-00007928,2025-09-29T09:56:51Z,2025-09-29T10:08:51Z,2025-09-29T10:18:51Z,2025-09-29T10:39:51Z,2025-09-29T13:47:51Z,2025-09-29T18:41:51Z,EDY Shield,Endpoint Integrity,AST-0213,RUL-008,High,fechado,ANL-013,3,97.2,TRUE,FALSE,SYNTHETIC_DEMO_DATA
INC-00000732,ALT-00006513,2025-08-03T15:30:21Z,2025-08-03T16:13:21Z,2025-08-03T16:25:21Z,2025-08-03T18:22:21Z,2025-08-04T02:00:21Z,2025-08-04T03:05:21Z,EDY Shield,Endpoint Integrity,AST-0136,RUL-002,Informational,Closed,ANL-008,3,45.1,FALSE,FALSE,SYNTHETIC_DEMO_DATA
INC-00001084,ALT-00011814,2026-05-23T14:19:50Z,2026-05-23T14:38:50Z,2026-05-23T14:49:50Z,2026-05-23T15:15:50Z,2026-05-23T19:09:50Z,2026-05-23T20:00:50Z,EDY Sentinel,Cloud Detection,AST-0048,RUL-008,Informational,Closed,ANL-010,3,36.5,FALSE,FALSE,SYNTHETIC_DEMO_DATA
INC-00002731,ALT-00001449,2026-06-27T16:31:40Z,2026-06-27T16:39:40Z,2026-06-27T17:21:40Z,2026-06-27T19:25:40Z,2026-06-28T00:30:40Z,2026-06-28T09:04:40Z,External Synthetic,Network Sensor,AST-0025,RUL-015,Medium,Closed,ANL-003,1,69.2,FALSE,FALSE,SYNTHETIC_DEMO_DATA
INC-00000285,ALT-00012324,2025-10-26T08:09:25Z,,,,,,External Synthetic,Identity Provider,AST-0104,RUL-006,Low,New,ANL-006,0,63.9,FALSE,FALSE,SYNTHETIC_DEMO_DATA
INC-00000698,ALT-00001871,2025-12-30T06:59:14Z,2025-12-30T07:28:14Z,2025-12-30T07:37:14Z,2025-12-30T12:53:14Z,2025-12-30T18:30:14Z,2025-12-31T02:57:14Z,EDY Shield,Endpoint Integrity,AST-0036,RUL-021,Low,Closed,ANL-013,1,45.1,FALSE,FALSE,SYNTHETIC_DEMO_DATA
INC-00001781,ALT-00010691,2025-03-05T11:54:35Z,2025-03-05T12:24:35Z,2025-03-05T12:41:35Z,2025-03-05T14:34:35Z,2025-03-05T18:21:35Z,2025-03-06T02:07:35Z,EDY SIEM,Correlation Hub,AST-0217,RUL-015,Informational,Closed,ANL-009,4,45.7,FALSE,FALSE,SYNTHETIC_DEMO_DATA
INC-00002563,ALT-00004777,2026-06-17T15:05:10Z,2026-06-17T15:26:10Z,2026-06-17T15:30:10Z,2026-06-17T15:58:10Z,2026-06-17T16:24:10Z,2026-06-17T18:59:10Z,External Synthetic,Network Sensor,AST-0164,RUL-012,Medium,Closed,ANL-009,3,76.2,TRUE,FALSE,SYNTHETIC_DEMO_DATA
INC-00000104,ALT-00000181,2025-11-18T13:46:19Z,2025-11-18T14:10:19Z,2025-11-18T14:18:19Z,2025-11-18T14:55:19Z,2025-11-18T22:52:19Z,2025-11-18T23:56:19Z,EDY Shield,Endpoint Integrity,AST-0055,RUL-024,Informational,Closed,ANL-012,1,40.2,FALSE,FALSE,SYNTHETIC_DEMO_DATA
INC-00002084,ALT-00003830,2026-01-10T19:16:55Z,2026-01-10T19:21:55Z,2026-01-10T20:00:55Z,2026-01-10T21:38:55Z,2026-01-11T03:17:55Z,2026-01-11T11:38:55Z,External Synthetic,Cloud Audit,AST-0069,RUL-029,Informational,Closed,ANL-012,1,39.4,FALSE,FALSE,SYNTHETIC_DEMO_DATA
INC-00001003,ALT-00006911,2025-02-01T14:58:12Z,2025-02-01T15:21:12Z,2025-02-01T15:34:12Z,2025-02-01T15:47:12Z,2025-02-01T16:42:12Z,,EDY SIEM,Correlation Hub,AST-0100,RUL-042,Critical,Resolved,ANL-005,1,100,TRUE,FALSE,SYNTHETIC_DEMO_DATA
INC-00000306,ALT-00007193,2025-03-01T01:32:23Z,2025-03-01T01:44:23Z,2025-03-01T02:25:23Z,2025-03-01T03:33:23Z,2025-03-01T10:50:23Z,,External Synthetic,Network Sensor,AST-0110,RUL-035,Low,Resolved,ANL-003,2,57.3,FALSE,FALSE,SYNTHETIC_DEMO_DATA
INC-00003104,ALT-00013334,2025-09-02T00:03:41Z,2025-09-02T00:34:41Z,2025-09-02T00:58:41Z,2025-09-02T02:03:41Z,,,External Synthetic,Network Sensor,AST-0078,RUL-045,Medium,Contained,ANL-002,0,70.8,FALSE,FALSE,SYNTHETIC_DEMO_DATA
INC-00000093,ALT-00017812,2026-05-01T16:34:47Z,2026-05-01T17:30:47Z,2026-05-01T18:04:47Z,2026-05-01T20:24:47Z,2026-05-02T01:13:47Z,2026-05-02T09:08:47Z,EDY Sentinel,Cloud Detection,AST-0138,RUL-042,Informational,Closed,ANL-017,1,36.1,FALSE,FALSE,SYNTHETIC_DEMO_DATA
INC-00001114,ALT-00012228,2026-05-22T03:41:34Z,2026-05-22T04:00:34Z,2026-05-22T04:26:34Z,2026-05-22T06:56:34Z,2026-05-22T08:23:34Z,2026-05-22T16:52:34Z,EDY Sentinel,Cloud Detection,AST-0138,RUL-031,Medium,Closed,ANL-018,1,63.0,FALSE,FALSE,SYNTHETIC_DEMO_DATA
INC-00001739,ALT-00006139,2026-06-03T16:46:32Z,2026-06-03T17:05:32Z,2026-06-03T17:29:32Z,2026-06-03T17:55:32Z,2026-06-03T23:22:32Z,2026-06-04T08:29:32Z,External Synthetic,Identity Provider,AST-0055,RUL-008,Informational,Closed,ANL-015,1,39.0,FALSE,FALSE,SYNTHETIC_DEMO_DATA
INC-00000911,ALT-00016887,2025-06-03T08:22:15Z,2025-06-03T08:36:15Z,2025-06-03T09:04:15Z,2025-06-03T09:49:15Z,2025-06-03T21:05:15Z,2025-06-04T04:17:15Z,EDY RECON,Exposure Intelligence,AST-0195,RUL-014,Low,Closed,ANL-016,1,57.0,FALSE,FALSE,SYNTHETIC_DEMO_DATA
INC-00001839,ALT-00012612,2025-03-17T08:54:20Z,2025-03-17T09:06:20Z,2025-03-17T09:46:20Z,2025-03-17T10:14:20Z,2025-03-17T15:07:20Z,2025-03-17T21:38:20Z,EDY RECON,Exposure Intelligence,AST-0046,RUL-024,Low,Closed,ANL-018,1,61.3,FALSE,FALSE,SYNTHETIC_DEMO_DATA
INC-00001555,ALT-00010539,2025-10-28T00:49:48Z,2025-10-28T01:03:48Z,2025-10-28T01:30:48Z,2025-10-28T02:21:48Z,,,EDY SIEM,Correlation Hub,AST-0148,RUL-016,Low,Contained,ANL-008,0,44.4,FALSE,FALSE,SYNTHETIC_DEMO_DATA
INC-00001985,ALT-00005637,2025-12-27T11:53:49Z,2025-12-27T12:20:49Z,2025-12-27T12:30:49Z,2025-12-27T14:13:49Z,2025-12-27T18:16:49Z,2025-12-28T01:40:49Z,External Synthetic,Identity Provider,AST-0088,RUL-040,Low,Closed,ANL-004,1,57.8,FALSE,FALSE,SYNTHETIC_DEMO_DATA
INC-00001931,ALT-00011717,2025-08-31T19:10:08Z,2025-08-31T19:55:08Z,2025-08-31T20:06:08Z,2025-08-31T21:59:08Z,2025-09-01T01:52:08Z,2025-09-01T10:35:08Z,EDY SIEM,Correlation Hub,AST-0030,RUL-037,Informational,Closed,ANL-003,1,38.8,FALSE,FALSE,SYNTHETIC_DEMO_DATA
INC-00001762,ALT-00000570,2025-02-27T22:36:17Z,2025-02-27T23:14:17Z,2025-02-27T23:23:17Z,2025-02-28T00:30:17Z,2025-02-28T04:49:17Z,2025-02-28T12:00:17Z,EDY Shield,Endpoint Integrity,AST-0099,RUL-023,Informational,Closed,ANL-016,2,30.6,FALSE,FALSE,SYNTHETIC_DEMO_DATA
INC-00002254,ALT-00005956,2025-11-11T17:20:41Z,2025-11-11T17:28:41Z,2025-11-11T17:51:41Z,2025-11-11T18:36:41Z,2025-11-12T11:36:41Z,2025-11-12T21:48:41Z,EDY Sentinel,Cloud Detection,AST-0003,RUL-001,Low,Closed,ANL-011,4,53.6,FALSE,FALSE,SYNTHETIC_DEMO_DATA
INC-00001704,ALT-00006917,2026-01-29T19:52:44Z,2026-01-29T20:04:44Z,2026-01-29T20:31:44Z,2026-01-29T21:43:44Z,2026-01-29T22:38:44Z,2026-01-30T02:49:44Z,EDY Sentinel,Cloud Detection,AST-0180,RUL-002,High,Closed,ANL-011,1,79.2,TRUE,FALSE,SYNTHETIC_DEMO_DATA
INC-00002971,ALT-00005001,2025-07-20T15:51:24Z,2025-07-20T16:01:24Z,2025-07-20T16:03:24Z,2025-07-20T18:36:24Z,2025-07-20T19:19:24Z,2025-07-21T00:27:24Z,External Synthetic,Identity Provider,AST-0119,RUL-040,Low,Closed,ANL-014,1,48.3,FALSE,FALSE,SYNTHETIC_DEMO_DATA
INC-00003015,ALT-00001222,2025-10-07T07:44:57Z,2025-10-07T07:55:57Z,2025-10-07T08:09:57Z,2025-10-07T08:59:57Z,2025-10-07T13:23:57Z,2025-10-07T20:30:57Z,External Synthetic,Network Sensor,AST-0046,RUL-018,High,Closed,ANL-014,1,100,TRUE,FALSE,SYNTHETIC_DEMO_DATA
INC-00002455,ALT-00002557,2025-08-20T17:28:10Z,2025-08-20T17:42:10Z,2025-08-20T17:55:10Z,2025-08-20T19:15:10Z,2025-08-20T19:35:10Z,2025-08-21T04:31:10Z,EDY Shield,Endpoint Integrity,AST-0214,RUL-020,Medium,Closed,ANL-009,1,69.2,FALSE,FALSE,SYNTHETIC_DEMO_DATA
INC-00000114,ALT-00000358,2026-01-07T09:57:29Z,2026-01-07T10:35:29Z,2026-01-07T10:58:29Z,2026-01-07T12:33:29Z,2026-01-07T14:42:29Z,2026-01-08T01:08:29Z,External Synthetic,Cloud Audit,AST-0204,RUL-042,Informational,Closed,ANL-014,1,43.7,FALSE,FALSE,SYNTHETIC_DEMO_DATA
INC-00001399,ALT-00011650,2026-07-13T22:19:55Z,2026-07-13T22:46:55Z,2026-07-13T23:03:55Z,2026-07-14T02:47:55Z,2026-07-14T06:50:55Z,2026-07-14T07:33:55Z,EDY Sentinel,Cloud Detection,AST-0001,RUL-008,Low,Closed,ANL-002,1,56.2,FALSE,FALSE,SYNTHETIC_DEMO_DATA
INC-00001314,ALT-00004714,2026-01-21T10:24:22Z,2026-01-21T11:05:22Z,2026-01-21T11:18:22Z,2026-01-21T23:06:22Z,2026-01-22T00:10:22Z,2026-01-22T03:42:22Z,External Synthetic,Cloud Audit,AST-0130,RUL-033,Low,Closed,ANL-003,1,42.9,FALSE,FALSE,SYNTHETIC_DEMO_DATA
INC-00001049,ALT-00017138,2026-03-10T17:25:16Z,2026-03-10T17:56:16Z,2026-03-10T18:11:16Z,2026-03-11T05:24:16Z,2026-03-11T11:50:16Z,2026-03-11T15:36:16Z,EDY SIEM,Correlation Hub,AST-0019,RUL-030,Informational,Closed,ANL-003,1,48.8,FALSE,FALSE,SYNTHETIC_DEMO_DATA
INC-00001089,ALT-00010909,2026-05-24T21:14:43Z,2026-05-24T21:38:43Z,2026-05-24T21:52:43Z,2026-05-24T22:30:43Z,2026-05-25T08:04:43Z,,EDY Shield,Endpoint Integrity,AST-0003,RUL-004,Informational,Resolved,ANL-011,1,51.0,TRUE,FALSE,SYNTHETIC_DEMO_DATA
INC-00000894,ALT-00008891,2026-05-11T15:43:16Z,2026-05-11T15:54:16Z,2026-05-11T16:13:16Z,2026-05-11T17:31:16Z,2026-05-11T23:05:16Z,2026-05-12T09:18:16Z,EDY RECON,Exposure Intelligence,AST-0194,RUL-011,Informational,Closed,ANL-008,1,46.5,FALSE,FALSE,SYNTHETIC_DEMO_DATA
INC-00001233,ALT-00014491,2026-04-10T00:48:42Z,2026-04-10T01:08:42Z,2026-04-10T01:42:42Z,2026-04-10T01:56:42Z,2026-04-10T04:00:42Z,2026-04-10T11:30:42Z,External Synthetic,Identity Provider,AST-0230,RUL-022,Medium,Closed,ANL-013,1,84.0,FALSE,FALSE,SYNTHETIC_DEMO_DATA
INC-00000405,ALT-00014502,2026-03-24T10:04:45Z,2026-03-24T11:03:45Z,2026-03-24T11:14:45Z,2026-03-24T13:51:45Z,2026-03-24T17:49:45Z,2026-03-24T23:56:45Z,External Synthetic,Cloud Audit,AST-0029,RUL-022,Low,Closed,ANL-012,4,55.9,FALSE,FALSE,SYNTHETIC_DEMO_DATA
INC-00000596,ALT-00006018,2025-09-12T10:17:42Z,2025-09-12T10:31:42Z,2025-09-12T10:45:42Z,2025-09-12T11:38:42Z,2025-09-12T14:22:42Z,2025-09-12T20:51:42Z,External Synthetic,Identity Provider,AST-0133,RUL-037,Medium,Closed,ANL-008,3,69.7,FALSE,FALSE,SYNTHETIC_DEMO_DATA
INC-00002804,ALT-00014587,2026-06-30T18:30:33Z,2026-06-30T19:12:33Z,2026-06-30T19:30:33Z,2026-06-30T20:41:33Z,2026-07-01T01:48:33Z,2026-07-01T09:33:33Z,External Synthetic,Cloud Audit,AST-0176,RUL-001,Informational,Closed,ANL-012,1,54.2,FALSE,FALSE,SYNTHETIC_DEMO_DATA
INC-00001755,ALT-00005119,2025-12-12T20:24:32Z,2025-12-12T20:31:32Z,2025-12-12T20:38:32Z,2025-12-12T21:10:32Z,2025-12-12T22:15:32Z,2025-12-13T09:50:32Z,EDY SIEM,Correlation Hub,AST-0076,RUL-011,Informational,Closed,ANL-011,1,28.5,FALSE,FALSE,SYNTHETIC_DEMO_DATA
INC-00001740,ALT-00014706,2025-03-17T12:32:13Z,2025-03-17T12:42:13Z,2025-03-17T13:28:13Z,2025-03-17T14:33:13Z,2025-03-17T20:33:13Z,2025-03-17T22:45:13Z,External Synthetic,Network Sensor,AST-0052,RUL-004,Informational,Closed,ANL-008,1,33.8,FALSE,FALSE,SYNTHETIC_DEMO_DATA
INC-00002706,ALT-00001422,2025-11-28T16:11:45Z,2025-11-28T16:23:45Z,2025-11-28T16:43:45Z,2025-11-28T18:28:45Z,2025-11-28T20:31:45Z,2025-11-29T03:08:45Z,EDY Shield,Endpoint Integrity,AST-0182,RUL-008,Low,Closed,ANL-015,1,67.9,TRUE,FALSE,SYNTHETIC_DEMO_DATA
INC-00001440,ALT-00006179,2026-05-20T09:17:57Z,2026-05-20T09:48:57Z,2026-05-20T09:50:57Z,2026-05-20T11:23:57Z,2026-05-20T13:06:57Z,2026-05-20T20:20:57Z,External Synthetic,Identity Provider,AST-0218,RUL-022,Low,Closed,ANL-003,1,55.5,FALSE,FALSE,SYNTHETIC_DEMO_DATA
INC-00000381,ALT-00000312,2026-03-31T18:58:25Z,2026-03-31T20:21:25Z,2026-03-31T20:36:25Z,2026-03-31T22:06:25Z,2026-03-31T22:48:25Z,,EDY Shield,Endpoint Integrity,AST-0222,RUL-019,Informational,Resolved,ANL-017,2,44.9,FALSE,FALSE,SYNTHETIC_DEMO_DATA
INC-00002751,ALT-00009421,2026-07-04T21:59:33Z,2026-07-04T22:07:33Z,2026-07-04T22:29:33Z,2026-07-04T23:49:33Z,2026-07-05T01:27:33Z,2026-07-05T03:39:33Z,External Synthetic,Network Sensor,AST-0051,RUL-028,Medium,Closed,ANL-007,1,70.2,FALSE,FALSE,SYNTHETIC_DEMO_DATA
INC-00000188,ALT-00001315,2026-03-30T15:56:45Z,2026-03-30T16:33:45Z,2026-03-30T16:42:45Z,2026-03-30T17:38:45Z,2026-03-30T21:54:45Z,2026-03-31T09:15:45Z,External Synthetic,Identity Provider,AST-0046,RUL-007,High,Closed,ANL-003,1,100,TRUE,FALSE,SYNTHETIC_DEMO_DATA
INC-00002537,ALT-00006739,2025-10-09T03:04:32Z,2025-10-09T03:14:32Z,2025-10-09T03:35:32Z,2025-10-09T05:48:32Z,2025-10-09T06:44:32Z,2025-10-09T18:29:32Z,External Synthetic,Network Sensor,AST-0025,RUL-030,Low,Closed,ANL-010,1,55.2,FALSE,FALSE,SYNTHETIC_DEMO_DATA
INC-00001010,ALT-00001455,2025-05-04T15:32:46Z,2025-05-04T16:07:46Z,2025-05-04T16:27:46Z,2025-05-04T17:00:46Z,2025-05-05T20:39:46Z,2025-05-05T22:00:46Z,External Synthetic,Identity Provider,AST-0022,RUL-014,Informational,Closed,ANL-006,3,35.9,FALSE,FALSE,SYNTHETIC_DEMO_DATA
INC-00000593,ALT-00012229,2026-06-06T11:36:13Z,2026-06-06T12:14:13Z,2026-06-06T12:19:13Z,2026-06-06T13:10:13Z,2026-06-06T18:30:13Z,,EDY RECON,Exposure Intelligence,AST-0115,RUL-028,Informational,Resolved,ANL-009,1,41.4,FALSE,FALSE,SYNTHETIC_DEMO_DATA
INC-00000278,ALT-00014086,2026-03-03T15:36:11Z,2026-03-03T16:26:11Z,2026-03-03T16:49:11Z,2026-03-03T17:39:11Z,2026-03-03T18:31:11Z,2026-03-04T01:57:11Z,External Synthetic,Network Sensor,AST-0132,RUL-023,Low,Closed,ANL-001,1,55.0,FALSE,FALSE,SYNTHETIC_DEMO_DATA
INC-00000274,ALT-00015583,2025-07-21T15:30:13Z,2025-07-21T15:49:13Z,2025-07-21T15:56:13Z,2025-07-21T19:28:13Z,2025-07-21T22:48:13Z,2025-07-22T01:28:13Z,EDY Sentinel,Cloud Detection,AST-0155,RUL-025,Informational,Closed,ANL-010,1,34.1,FALSE,FALSE,SYNTHETIC_DEMO_DATA
INC-00002451,ALT-00014806,2025-03-16T13:11:16Z,2025-03-16T13:22:16Z,2025-03-16T13:31:16Z,2025-03-16T13:59:16Z,2025-03-16T14:10:16Z,2025-03-16T15:22:16Z,EDY Sentinel,Cloud Detection,AST-0071,RUL-010,Low,Closed,ANL-018,3,49.0,FALSE,FALSE,SYNTHETIC_DEMO_DATA
INC-00001860,ALT-00003130,2025-03-26T14:00:15Z,2025-03-26T15:01:15Z,2025-03-26T15:16:15Z,2025-03-26T15:47:15Z,2025-03-26T17:18:15Z,2025-03-26T18:03:15Z,EDY Shield,Endpoint Integrity,AST-0205,RUL-038,Medium,Closed,ANL-016,1,70.5,FALSE,FALSE,SYNTHETIC_DEMO_DATA
INC-00000122,ALT-00017925,2025-08-04T17:46:52Z,2025-08-04T18:09:52Z,2025-08-04T18:22:52Z,2025-08-04T19:11:52Z,2025-08-04T22:11:52Z,2025-08-05T06:30:52Z,External Synthetic,Cloud Audit,AST-0143,RUL-004,Informational,Closed,ANL-012,1,27.1,FALSE,FALSE,SYNTHETIC_DEMO_DATA
INC-00002432,ALT-00000586,2025-05-26T11:07:22Z,2025-05-26T11:34:22Z,2025-05-26T12:15:22Z,2025-05-26T13:16:22Z,2025-05-26T17:23:22Z,2025-05-27T02:42:22Z,External Synthetic,Network Sensor,AST-0123,RUL-002,Low,Closed,ANL-007,1,59.5,FALSE,FALSE,SYNTHETIC_DEMO_DATA
INC-00002047,ALT-00006674,2025-10-10T14:17:37Z,2025-10-10T15:22:37Z,2025-10-10T15:34:37Z,2025-10-10T17:13:37Z,2025-10-10T18:36:37Z,2025-10-10T21:17:37Z,EDY Shield,Endpoint Integrity,AST-0009,RUL-004,Informational,fechado,ANL-001,1,27.0,FALSE,FALSE,SYNTHETIC_DEMO_DATA
INC-00000161,ALT-00005718,2025-06-04T14:52:50Z,2025-06-04T15:43:50Z,2025-06-04T16:01:50Z,2025-06-04T16:25:50Z,2025-06-04T18:04:50Z,,External Synthetic,Cloud Audit,AST-0069,RUL-038,High,Resolved,ANL-012,1,100,TRUE,FALSE,SYNTHETIC_DEMO_DATA
INC-00000644,ALT-00010595,2026-05-12T15:22:07Z,2026-05-12T16:16:07Z,2026-05-12T16:38:07Z,2026-05-12T17:54:07Z,2026-05-12T19:14:07Z,2026-05-12T21:24:07Z,External Synthetic,Cloud Audit,AST-0150,RUL-008,Low,Closed,ANL-013,1,63.3,FALSE,FALSE,SYNTHETIC_DEMO_DATA
INC-00001686,ALT-00006159,2026-03-27T15:56:34Z,2026-03-27T16:24:34Z,2026-03-27T16:44:34Z,2026-03-27T18:52:34Z,2026-03-27T21:43:34Z,2026-03-27T23:17:34Z,EDY Shield,Endpoint Integrity,AST-0204,RUL-042,Low,Closed,ANL-009,1,63.5,FALSE,FALSE,SYNTHETIC_DEMO_DATA
INC-00002519,ALT-00002551,2026-01-15T15:53:15Z,2026-01-15T16:41:15Z,2026-01-15T16:46:15Z,2026-01-15T17:31:15Z,2026-01-15T18:45:15Z,,EDY Sentinel,Cloud Detection,AST-0163,RUL-039,Low,Resolved,ANL-010,1,72.6,TRUE,FALSE,SYNTHETIC_DEMO_DATA
INC-00000338,ALT-00017373,2026-07-12T09:09:47Z,2026-07-12T10:31:47Z,2026-07-12T10:35:47Z,2026-07-12T11:19:47Z,2026-07-12T12:15:47Z,2026-07-12T19:18:47Z,EDY Sentinel,Cloud Detection,AST-0121,RUL-037,Low,Closed,ANL-013,1,49.7,FALSE,FALSE,SYNTHETIC_DEMO_DATA
INC-00001941,ALT-00017787,2026-06-04T14:40:54Z,2026-06-04T15:34:54Z,2026-06-04T16:13:54Z,2026-06-04T16:33:54Z,2026-06-04T17:16:54Z,2026-06-05T01:05:54Z,EDY Shield,Endpoint Integrity,AST-0181,RUL-003,Critical,Closed,ANL-009,1,100,TRUE,FALSE,SYNTHETIC_DEMO_DATA
INC-00002616,ALT-00013916,2025-09-18T07:34:02Z,2025-09-18T07:46:02Z,2025-09-18T08:10:02Z,2025-09-18T09:22:02Z,2025-09-18T15:14:02Z,2025-09-18T18:29:02Z,External Synthetic,Network Sensor,AST-0212,RUL-041,Low,Closed,ANL-015,1,62.9,FALSE,FALSE,SYNTHETIC_DEMO_DATA
INC-00001082,ALT-00015262,2025-02-22T15:28:01Z,2025-02-22T15:52:01Z,2025-02-22T16:02:01Z,2025-02-22T17:00:01Z,2025-02-23T00:51:01Z,2025-02-23T06:52:01Z,EDY Shield,Endpoint Integrity,AST-0042,RUL-033,Low,Closed,ANL-007,1,58.4,FALSE,FALSE,SYNTHETIC_DEMO_DATA
INC-00000409,ALT-00009506,2025-08-07T10:36:04Z,2025-08-07T11:02:04Z,2025-08-07T13:34:04Z,2025-08-07T14:43:04Z,2025-08-07T18:08:04Z,2025-08-08T01:57:04Z,External Synthetic,Network Sensor,AST-0142,RUL-037,Low,Closed,ANL-002,1,49.2,FALSE,FALSE,SYNTHETIC_DEMO_DATA
INC-00001671,ALT-00008202,2025-03-02T17:51:15Z,2025-03-02T18:05:15Z,2025-03-02T18:51:15Z,2025-03-02T19:26:15Z,2025-03-03T04:16:15Z,2025-03-03T11:22:15Z,EDY Shield,Endpoint Integrity,AST-0077,RUL-036,Low,Closed,ANL-006,2,67.6,FALSE,FALSE,SYNTHETIC_DEMO_DATA
INC-00001535,ALT-00000085,2026-04-03T17:46:28Z,2026-04-03T17:51:28Z,2026-04-03T17:59:28Z,2026-04-03T19:04:28Z,2026-04-03T22:45:28Z,2026-04-04T03:17:28Z,External Synthetic,Cloud Audit,AST-0008,RUL-018,Informational,Closed,ANL-003,1,28.9,FALSE,FALSE,SYNTHETIC_DEMO_DATA
INC-00002230,ALT-00009030,2026-06-14T20:52:50Z,2026-06-14T21:07:50Z,2026-06-14T21:34:50Z,2026-06-14T22:28:50Z,2026-06-14T23:47:50Z,2026-06-15T02:45:50Z,EDY SIEM,Correlation Hub,AST-0040,RUL-034,Informational,Closed,ANL-016,3,36.9,FALSE,FALSE,SYNTHETIC_DEMO_DATA
INC-00000955,ALT-00007623,2025-04-25T01:23:34Z,2025-04-25T01:26:34Z,2025-04-25T02:35:34Z,2025-04-25T03:28:34Z,2025-04-25T04:51:34Z,2025-04-25T16:22:34Z,External Synthetic,Identity Provider,AST-0153,RUL-017,High,Closed,ANL-016,4,85.5,TRUE,FALSE,SYNTHETIC_DEMO_DATA
INC-00000019,ALT-00011011,2025-02-07T08:48:37Z,2025-02-07T08:53:37Z,2025-02-07T09:13:37Z,2025-02-07T13:54:37Z,2025-02-07T20:22:37Z,2025-02-08T03:32:37Z,EDY SIEM,Correlation Hub,AST-0132,RUL-018,Informational,Closed,ANL-013,2,43.9,FALSE,FALSE,SYNTHETIC_DEMO_DATA
INC-00003125,ALT-00017046,2026-05-21T15:01:29Z,2026-05-21T16:05:29Z,2026-05-21T16:49:29Z,2026-05-21T17:15:29Z,2026-05-21T21:53:29Z,2026-05-22T07:12:29Z,External Synthetic,Cloud Audit,AST-0201,RUL-010,Medium,Closed,ANL-017,1,66.9,FALSE,FALSE,SYNTHETIC_DEMO_DATA
INC-00003164,ALT-00008903,2025-12-06T15:23:21Z,2025-12-06T15:29:21Z,2025-12-06T15:43:21Z,2025-12-06T17:03:21Z,2025-12-07T01:18:21Z,2025-12-07T03:13:21Z,External Synthetic,Identity Provider,AST-0062,RUL-024,Low,Closed,ANL-013,3,50.3,FALSE,FALSE,SYNTHETIC_DEMO_DATA
INC-00000711,ALT-00012283,2026-05-25T08:03:13Z,2026-05-25T08:40:13Z,2026-05-25T08:58:13Z,2026-05-25T12:54:13Z,2026-05-25T14:58:13Z,2026-05-26T02:29:13Z,EDY Shield,Endpoint Integrity,AST-0219,RUL-018,Low,Closed,ANL-012,1,48.7,FALSE,FALSE,SYNTHETIC_DEMO_DATA
INC-00000046,ALT-00002430,2026-02-16T15:12:44Z,2026-02-16T15:27:44Z,2026-02-16T15:50:44Z,2026-02-16T20:49:44Z,2026-02-16T22:20:44Z,2026-02-17T03:34:44Z,External Synthetic,Identity Provider,AST-0117,RUL-036,Low,Closed,ANL-005,1,40.0,FALSE,FALSE,SYNTHETIC_DEMO_DATA
INC-00000938,ALT-00003204,2025-09-26T13:02:42Z,2025-09-26T14:08:42Z,2025-09-26T14:53:42Z,2025-09-26T16:01:42Z,2025-09-26T18:26:42Z,2025-09-26T22:25:42Z,External Synthetic,Network Sensor,AST-0001,RUL-031,Informational,Closed,ANL-006,1,48.3,FALSE,FALSE,SYNTHETIC_DEMO_DATA
INC-00000102,ALT-00004891,2026-02-10T14:37:38Z,2026-02-10T14:57:38Z,2026-02-10T15:05:38Z,2026-02-10T17:00:38Z,2026-02-10T19:32:38Z,2026-02-11T04:08:38Z,EDY Shield,Endpoint Integrity,AST-0058,RUL-041,Medium,Closed,ANL-010,1,61.5,FALSE,FALSE,SYNTHETIC_DEMO_DATA
INC-00001192,ALT-00017335,2026-06-26T12:52:37Z,,,,,,EDY Sentinel,Cloud Detection,AST-0007,RUL-018,Medium,New,ANL-012,0,65.8,FALSE,FALSE,SYNTHETIC_DEMO_DATA
INC-00002896,ALT-00014475,2025-10-18T14:53:45Z,2025-10-18T15:17:45Z,2025-10-18T15:48:45Z,2025-10-18T16:59:45Z,2025-10-18T17:50:45Z,,External Synthetic,Network Sensor,AST-0109,RUL-004,High,Resolved,ANL-001,3,99.8,TRUE,FALSE,SYNTHETIC_DEMO_DATA
INC-00002688,ALT-00013940,2025-11-13T12:33:52Z,2025-11-13T13:19:52Z,2025-11-13T13:26:52Z,2025-11-13T15:03:52Z,2025-11-13T16:26:52Z,2025-11-13T22:40:52Z,External Synthetic,Identity Provider,AST-0216,RUL-029,Informational,Closed,ANL-014,3,27.5,FALSE,FALSE,SYNTHETIC_DEMO_DATA
INC-00003190,ALT-00008000,2025-07-15T12:26:20Z,2025-07-15T13:54:20Z,2025-07-15T14:05:20Z,2025-07-15T15:07:20Z,2025-07-15T16:28:20Z,,EDY Sentinel,Cloud Detection,AST-0057,RUL-041,Low,Resolved,ANL-011,1,64.7,TRUE,FALSE,SYNTHETIC_DEMO_DATA
INC-00000994,ALT-00014902,2025-02-08T20:35:08Z,2025-02-08T20:39:08Z,2025-02-08T21:34:08Z,2025-02-08T22:46:08Z,2025-02-08T23:47:08Z,2025-02-09T03:01:08Z,EDY RECON,Exposure Intelligence,AST-0235,RUL-037,Low,Closed,ANL-011,1,59.0,FALSE,FALSE,SYNTHETIC_DEMO_DATA
INC-00002799,ALT-00016303,2026-02-09T11:48:31Z,2026-02-09T12:31:31Z,2026-02-09T12:47:31Z,2026-02-09T13:07:31Z,2026-02-09T14:04:31Z,2026-02-09T14:52:31Z,External Synthetic,Network Sensor,AST-0109,RUL-043,Medium,Closed,ANL-013,1,71.0,FALSE,FALSE,SYNTHETIC_DEMO_DATA
INC-00000514,ALT-00014039,2026-06-05T05:13:21Z,2026-06-05T05:25:21Z,2026-06-05T05:51:21Z,2026-06-05T06:06:21Z,2026-06-05T08:00:21Z,,EDY Shield,Endpoint Integrity,AST-0062,RUL-023,Low,Resolved,ANL-005,3,47.0,FALSE,FALSE,SYNTHETIC_DEMO_DATA
INC-00002607,ALT-00015994,2025-10-08T02:16:37Z,2025-10-08T03:22:37Z,2025-10-08T03:38:37Z,2025-10-08T05:05:37Z,2025-10-08T10:24:37Z,2025-10-08T17:38:37Z,EDY Sentinel,Cloud Detection,AST-0069,RUL-023,Low,Closed,ANL-006,1,68.7,TRUE,FALSE,SYNTHETIC_DEMO_DATA
INC-00000179,ALT-00003577,2025-09-06T12:30:57Z,2025-09-06T12:38:57Z,2025-09-06T13:17:57Z,2025-09-06T15:17:57Z,2025-09-06T16:18:57Z,,External Synthetic,Cloud Audit,AST-0209,RUL-020,High,Resolved,ANL-012,3,94.0,TRUE,FALSE,SYNTHETIC_DEMO_DATA
INC-00002294,ALT-00001305,2026-02-01T18:10:38Z,2026-02-01T18:32:38Z,2026-02-01T18:50:38Z,2026-02-01T19:56:38Z,2026-02-01T21:58:38Z,2026-02-02T04:12:38Z,External Synthetic,Identity Provider,AST-0215,RUL-035,Medium,Closed,ANL-002,4,62.0,FALSE,FALSE,SYNTHETIC_DEMO_DATA
INC-00001123,ALT-00016482,2025-10-05T00:55:59Z,2025-10-05T01:13:59Z,2025-10-05T01:35:59Z,2025-10-05T04:17:59Z,2025-10-06T02:50:59Z,2025-10-06T10:50:59Z,EDY SIEM,Correlation Hub,AST-0081,RUL-011,Informational,Closed,ANL-007,4,26.0,FALSE,FALSE,SYNTHETIC_DEMO_DATA
INC-00002681,ALT-00000515,2025-03-06T16:43:30Z,2025-03-06T17:00:30Z,2025-03-06T17:12:30Z,2025-03-06T17:36:30Z,2025-03-06T18:52:30Z,,External Synthetic,Cloud Audit,AST-0081,RUL-007,Informational,Resolved,ANL-009,1,27.6,FALSE,FALSE,SYNTHETIC_DEMO_DATA
INC-00003158,ALT-00008949,2026-03-09T04:58:59Z,2026-03-09T05:29:59Z,2026-03-09T06:16:59Z,2026-03-09T06:34:59Z,2026-03-09T08:37:59Z,2026-03-09T20:14:59Z,EDY Shield,Endpoint Integrity,AST-0086,RUL-034,Medium,Closed,ANL-002,1,77.6,FALSE,FALSE,SYNTHETIC_DEMO_DATA
INC-00000452,ALT-00002348,2026-06-29T18:47:02Z,2026-06-29T19:08:02Z,2026-06-29T19:27:02Z,2026-06-29T20:33:02Z,2026-06-30T07:36:02Z,2026-06-30T13:35:02Z,External Synthetic,Cloud Audit,AST-0119,RUL-034,Informational,Closed,ANL-006,1,42.6,FALSE,FALSE,SYNTHETIC_DEMO_DATA
INC-00001977,ALT-00010246,2026-03-13T11:32:08Z,2026-03-13T11:48:08Z,2026-03-13T12:05:08Z,2026-03-13T15:39:08Z,2026-03-13T18:20:08Z,2026-03-13T21:11:08Z,EDY RECON,Exposure Intelligence,AST-0116,RUL-021,High,Closed,ANL-008,1,89.8,TRUE,FALSE,SYNTHETIC_DEMO_DATA
INC-00002518,ALT-00010269,2026-03-05T16:37:12Z,2026-03-05T16:50:12Z,2026-03-05T16:56:12Z,2026-03-05T20:48:12Z,2026-03-05T22:56:12Z,2026-03-06T08:04:12Z,EDY SIEM,Correlation Hub,AST-0111,RUL-004,Low,Closed,ANL-017,2,52.7,FALSE,FALSE,SYNTHETIC_DEMO_DATA
INC-00002553,ALT-00003025,2025-03-11T11:59:49Z,2025-03-11T12:08:49Z,2025-03-11T12:37:49Z,2025-03-11T13:34:49Z,2025-03-11T14:12:49Z,2025-03-11T22:10:49Z,EDY Sentinel,Cloud Detection,AST-0088,RUL-040,High,Closed,ANL-008,1,94.8,TRUE,FALSE,SYNTHETIC_DEMO_DATA
INC-00002458,ALT-00016273,2026-02-26T16:01:59Z,2026-02-26T16:18:59Z,2026-02-26T16:43:59Z,2026-02-26T17:56:59Z,2026-02-26T21:41:59Z,2026-02-27T03:19:59Z,EDY Sentinel,Cloud Detection,AST-0186,RUL-002,Informational,Closed,ANL-004,1,44.7,FALSE,FALSE,SYNTHETIC_DEMO_DATA
INC-00001303,ALT-00004616,2025-12-28T15:56:43Z,,,,,,EDY Shield,Endpoint Integrity,AST-0013,RUL-013,Medium,New,ANL-009,0,57.1,FALSE,FALSE,SYNTHETIC_DEMO_DATA
INC-00001615,ALT-00010973,2026-06-19T19:10:05Z,2026-06-19T20:22:05Z,2026-06-19T20:38:05Z,2026-06-19T23:04:05Z,2026-06-20T04:24:05Z,,EDY Sentinel,Cloud Detection,AST-0186,RUL-036,Informational,Resolved,ANL-001,1,45.0,FALSE,FALSE,SYNTHETIC_DEMO_DATA
INC-00003099,ALT-00007427,2026-04-21T23:19:40Z,2026-04-22T00:25:40Z,2026-04-22T00:36:40Z,2026-04-22T02:43:40Z,2026-04-22T04:31:40Z,2026-04-22T15:02:40Z,EDY SIEM,Correlation Hub,AST-0048,RUL-009,Low,Closed,ANL-018,1,53.1,FALSE,FALSE,SYNTHETIC_DEMO_DATA
INC-00002984,ALT-00014818,2025-12-05T13:33:49Z,2025-12-05T13:56:49Z,2025-12-05T14:15:49Z,2025-12-05T14:39:49Z,2025-12-05T18:26:49Z,2025-12-06T01:24:49Z,EDY Shield,Endpoint Integrity,AST-0115,RUL-025,Low,Closed,ANL-013,1,53.1,FALSE,FALSE,SYNTHETIC_DEMO_DATA
INC-00002716,ALT-00001463,2026-02-13T09:39:03Z,2026-02-13T09:40:03Z,2026-02-13T09:54:03Z,2026-02-13T11:20:03Z,2026-02-13T20:24:03Z,2026-02-14T05:37:03Z,External Synthetic,Cloud Audit,AST-0080,RUL-042,Low,Closed,ANL-017,2,51.6,FALSE,FALSE,SYNTHETIC_DEMO_DATA
INC-00000792,ALT-00004484,2025-11-06T12:22:35Z,2025-11-06T12:26:35Z,2025-11-06T13:08:35Z,2025-11-06T15:37:35Z,2025-11-06T16:13:35Z,2025-11-06T21:31:35Z,EDY RECON,Exposure Intelligence,AST-0222,RUL-004,Medium,Closed,ANL-004,4,85.1,TRUE,FALSE,SYNTHETIC_DEMO_DATA
INC-00000270,ALT-00016298,2026-01-14T06:17:46Z,2026-01-14T06:29:46Z,2026-01-14T06:37:46Z,2026-01-14T06:55:46Z,2026-01-14T10:22:46Z,2026-01-14T14:38:46Z,EDY Shield,Endpoint Integrity,AST-0090,RUL-043,Medium,Closed,ANL-004,3,60.1,FALSE,FALSE,SYNTHETIC_DEMO_DATA
INC-00002483,ALT-00010490,2026-01-29T18:05:54Z,2026-01-29T18:25:54Z,2026-01-29T19:31:54Z,2026-01-29T20:02:54Z,2026-01-29T20:50:54Z,2026-01-30T03:00:54Z,EDY Shield,Endpoint Integrity,AST-0226,RUL-007,Medium,Closed,ANL-011,1,76.4,FALSE,FALSE,SYNTHETIC_DEMO_DATA
INC-00000537,ALT-00010135,2025-10-02T13:45:19Z,2025-10-02T14:09:19Z,2025-10-02T14:17:19Z,2025-10-02T14:28:19Z,2025-10-02T18:22:19Z,2025-10-03T01:32:19Z,EDY SIEM,Correlation Hub,AST-0043,RUL-019,High,Closed,ANL-008,3,93.5,TRUE,FALSE,SYNTHETIC_DEMO_DATA
INC-00000734,ALT-00015637,2025-04-02T16:11:38Z,2025-04-02T16:22:38Z,2025-04-02T16:41:38Z,2025-04-02T18:44:38Z,2025-04-02T23:55:38Z,2025-04-03T11:32:38Z,EDY Sentinel,Cloud Detection,AST-0017,RUL-043,Informational,Closed,ANL-012,1,35.4,FALSE,FALSE,SYNTHETIC_DEMO_DATA
INC-00000483,ALT-00007520,2026-06-17T14:36:36Z,2026-06-17T14:41:36Z,2026-06-17T15:16:36Z,,,,External Synthetic,Identity Provider,AST-0055,RUL-004,Medium,Active,ANL-007,0,72.9,FALSE,FALSE,SYNTHETIC_DEMO_DATA
INC-00000061,ALT-00014104,2025-02-05T06:44:13Z,2025-02-05T07:01:13Z,2025-02-05T07:16:13Z,2025-02-05T08:09:13Z,2025-02-05T10:45:13Z,2025-02-05T11:00:13Z,External Synthetic,Cloud Audit,AST-0197,RUL-024,Informational,Closed,ANL-007,1,34.9,FALSE,FALSE,SYNTHETIC_DEMO_DATA
INC-00000165,ALT-00011297,2026-07-28T03:00:14Z,2026-07-28T03:48:14Z,2026-07-28T03:54:14Z,2026-07-28T04:48:14Z,2026-07-28T07:37:14Z,2026-07-28T08:46:14Z,External Synthetic,Network Sensor,AST-0163,RUL-008,Medium,Closed,ANL-001,3,82.1,TRUE,FALSE,SYNTHETIC_DEMO_DATA
INC-00000418,ALT-00016839,2025-04-26T10:39:18Z,2025-04-26T11:01:18Z,2025-04-26T11:24:18Z,2025-04-26T12:24:18Z,2025-04-26T15:04:18Z,2025-04-26T16:20:18Z,EDY RECON,Exposure Intelligence,AST-0164,RUL-023,Medium,Closed,ANL-012,3,76.2,TRUE,FALSE,SYNTHETIC_DEMO_DATA
INC-00002467,ALT-00010499,2026-06-24T05:02:44Z,2026-06-24T05:07:44Z,2026-06-24T05:24:44Z,2026-06-24T05:43:44Z,2026-06-24T08:20:44Z,2026-06-24T09:37:44Z,EDY Sentinel,Cloud Detection,AST-0096,RUL-035,Informational,Closed,ANL-013,1,43.8,FALSE,FALSE,SYNTHETIC_DEMO_DATA
INC-00002599,ALT-00015205,2026-03-26T18:23:49Z,2026-03-26T18:28:49Z,2026-03-26T20:12:49Z,2026-03-26T21:01:49Z,2026-03-26T21:54:49Z,2026-03-27T07:16:49Z,External Synthetic,Network Sensor,AST-0024,RUL-003,Medium,Closed,ANL-009,1,71.7,FALSE,FALSE,SYNTHETIC_DEMO_DATA
INC-00000146,ALT-00002104,2025-11-05T06:34:00Z,2025-11-05T07:35:00Z,2025-11-05T08:30:00Z,2025-11-05T10:47:00Z,2025-11-05T13:34:00Z,2025-11-05T22:49:00Z,External Synthetic,Cloud Audit,AST-0020,RUL-038,Medium,Closed,ANL-008,1,71.1,FALSE,FALSE,SYNTHETIC_DEMO_DATA
INC-00001160,ALT-00001631,2026-07-19T12:27:39Z,2026-07-19T12:36:39Z,2026-07-19T12:54:39Z,2026-07-19T14:24:39Z,2026-07-19T16:35:39Z,2026-07-19T17:36:39Z,EDY Shield,Endpoint Integrity,AST-0088,RUL-007,Low,Closed,ANL-001,3,57.7,FALSE,FALSE,SYNTHETIC_DEMO_DATA
INC-00002102,ALT-00007998,2026-06-24T18:23:25Z,2026-06-24T18:50:25Z,2026-06-24T19:04:25Z,2026-06-25T02:33:25Z,2026-06-25T03:29:25Z,2026-06-25T12:31:25Z,EDY Shield,Endpoint Integrity,AST-0225,RUL-018,Low,Closed,ANL-013,1,37.0,FALSE,FALSE,SYNTHETIC_DEMO_DATA
INC-00001274,ALT-00005565,2025-04-21T10:34:44Z,2025-04-21T10:48:44Z,2025-04-21T11:47:44Z,2025-04-21T13:06:44Z,2025-04-21T14:51:44Z,2025-04-22T02:48:44Z,External Synthetic,Network Sensor,AST-0176,RUL-021,Low,Closed,ANL-013,1,64.8,FALSE,FALSE,SYNTHETIC_DEMO_DATA
INC-00003079,ALT-00006977,2025-08-31T13:05:55Z,2025-08-31T14:13:55Z,2025-08-31T14:25:55Z,2025-08-31T15:32:55Z,2025-08-31T16:28:55Z,2025-08-31T19:10:55Z,External Synthetic,Cloud Audit,AST-0109,RUL-027,Low,Closed,ANL-014,3,62.2,FALSE,FALSE,SYNTHETIC_DEMO_DATA
INC-00002668,ALT-00002457,2025-09-07T12:18:47Z,2025-09-07T13:06:47Z,2025-09-07T13:16:47Z,2025-09-07T16:38:47Z,2025-09-07T18:35:47Z,2025-09-07T20:47:47Z,EDY SIEM,Correlation Hub,AST-0215,RUL-011,Informational,Closed,ANL-010,1,36.6,FALSE,FALSE,SYNTHETIC_DEMO_DATA
INC-00001074,ALT-00012381,2026-04-06T11:22:10Z,2026-04-06T11:55:10Z,2026-04-06T12:18:10Z,2026-04-06T12:25:10Z,2026-04-06T14:38:10Z,2026-04-06T20:04:10Z,EDY SIEM,Correlation Hub,AST-0160,RUL-044,Low,Closed,ANL-009,1,56.9,FALSE,FALSE,SYNTHETIC_DEMO_DATA
INC-00001130,ALT-00002357,2025-05-06T08:17:11Z,2025-05-06T08:25:11Z,2025-05-06T08:31:11Z,,,,External Synthetic,Cloud Audit,AST-0197,RUL-038,Informational,Active,ANL-012,0,31.0,FALSE,FALSE,SYNTHETIC_DEMO_DATA
INC-00000213,ALT-00010008,2026-05-06T11:58:08Z,2026-05-06T12:18:08Z,2026-05-06T12:23:08Z,2026-05-06T14:48:08Z,2026-05-06T15:49:08Z,2026-05-06T23:18:08Z,EDY RECON,Exposure Intelligence,AST-0217,RUL-018,Medium,Closed,ANL-007,1,72.5,FALSE,FALSE,SYNTHETIC_DEMO_DATA
INC-00001924,ALT-00011010,2025-04-10T07:42:37Z,2025-04-10T07:49:37Z,2025-04-10T08:13:37Z,2025-04-10T09:03:37Z,2025-04-10T11:24:37Z,2025-04-10T18:17:37Z,EDY Sentinel,Cloud Detection,AST-0194,RUL-001,Informational,Closed,ANL-016,1,47.5,FALSE,FALSE,SYNTHETIC_DEMO_DATA
INC-00002886,ALT-00000631,2025-03-28T13:24:07Z,2025-03-28T13:37:07Z,2025-03-28T14:01:07Z,2025-03-28T14:36:07Z,2025-03-28T15:05:07Z,2025-03-28T15:42:07Z,External Synthetic,Network Sensor,AST-0080,RUL-010,Critical,Closed,ANL-018,4,99.0,TRUE,FALSE,SYNTHETIC_DEMO_DATA
INC-00001782,ALT-00011250,2026-06-22T19:31:37Z,2026-06-22T19:43:37Z,2026-06-22T20:02:37Z,2026-06-23T02:38:37Z,2026-06-23T05:41:37Z,2026-06-23T14:47:37Z,EDY SIEM,Correlation Hub,AST-0001,RUL-015,Low,Closed,ANL-003,1,73.7,TRUE,FALSE,SYNTHETIC_DEMO_DATA
INC-00000795,ALT-00003536,2025-11-15T16:58:55Z,2025-11-15T17:13:55Z,2025-11-15T17:55:55Z,2025-11-15T19:42:55Z,2025-11-16T04:17:55Z,2025-11-16T12:11:55Z,External Synthetic,Cloud Audit,AST-0028,RUL-009,Medium,Closed,ANL-001,1,75.1,FALSE,TRUE,SYNTHETIC_DEMO_DATA
INC-00000345,ALT-00016895,2025-03-12T04:05:07Z,2025-03-12T04:08:07Z,2025-03-12T04:21:07Z,2025-03-12T04:56:07Z,2025-03-12T06:38:07Z,2025-03-12T15:19:07Z,External Synthetic,Network Sensor,AST-0022,RUL-017,High,Closed,ANL-002,3,91.7,TRUE,FALSE,SYNTHETIC_DEMO_DATA
INC-00001776,ALT-00004295,2026-06-17T07:52:23Z,2026-06-17T08:04:23Z,2026-06-17T08:15:23Z,,,,EDY Sentinel,Cloud Detection,AST-0143,RUL-015,Medium,Active,ANL-010,0,58.0,FALSE,FALSE,SYNTHETIC_DEMO_DATA
INC-00000423,ALT-00003201,2025-09-08T10:15:21Z,2025-09-08T10:38:21Z,2025-09-08T11:13:21Z,2025-09-08T13:42:21Z,2025-09-09T12:16:21Z,2025-09-09T23:04:21Z,EDY SIEM,Correlation Hub,AST-0117,RUL-027,Informational,Closed,ANL-011,1,24.2,FALSE,FALSE,SYNTHETIC_DEMO_DATA
INC-00001487,ALT-00004014,2025-11-10T16:11:11Z,2025-11-10T16:29:11Z,2025-11-10T17:09:11Z,2025-11-10T20:05:11Z,2025-11-10T23:34:11Z,,EDY Sentinel,Cloud Detection,AST-0203,RUL-035,Informational,Resolved,ANL-015,1,49.6,FALSE,FALSE,SYNTHETIC_DEMO_DATA
INC-00002848,ALT-00000791,2025-11-05T23:44:34Z,2025-11-06T00:08:34Z,2025-11-06T00:53:34Z,2025-11-06T05:41:34Z,2025-11-06T05:56:34Z,2025-11-06T12:38:34Z,External Synthetic,Network Sensor,AST-0034,RUL-006,Low,fechado,ANL-011,1,57.4,FALSE,FALSE,SYNTHETIC_DEMO_DATA
INC-00000186,ALT-00008362,2025-05-25T18:16:19Z,2025-05-25T19:30:19Z,2025-05-25T19:40:19Z,2025-05-26T00:42:19Z,2025-05-26T06:49:19Z,2025-05-26T10:43:19Z,External Synthetic,Network Sensor,AST-0025,RUL-036,Informational,Closed,ANL-014,2,33.6,FALSE,FALSE,SYNTHETIC_DEMO_DATA
INC-00002486,ALT-00011838,2025-11-16T13:23:33Z,2025-11-16T14:00:33Z,2025-11-16T14:04:33Z,2025-11-16T14:56:33Z,2025-11-17T09:39:33Z,2025-11-17T14:25:33Z,External Synthetic,Network Sensor,AST-0034,RUL-003,Medium,Closed,ANL-008,1,82.6,TRUE,FALSE,SYNTHETIC_DEMO_DATA
INC-00001742,ALT-00016629,2025-08-30T17:55:48Z,2025-08-30T18:34:48Z,2025-08-30T18:48:48Z,2025-08-30T19:25:48Z,2025-08-31T01:47:48Z,2025-08-31T02:01:48Z,EDY SIEM,Correlation Hub,AST-0103,RUL-027,Low,Closed,ANL-013,3,51.9,FALSE,FALSE,SYNTHETIC_DEMO_DATA
INC-00003053,ALT-00014392,2025-02-20T09:36:47Z,2025-02-20T09:51:47Z,2025-02-20T10:21:47Z,2025-02-20T11:18:47Z,2025-02-20T14:38:47Z,2025-02-20T18:14:47Z,EDY SIEM,Correlation Hub,AST-0204,RUL-029,Informational,Closed,ANL-015,1,45.3,FALSE,FALSE,SYNTHETIC_DEMO_DATA
INC-00002392,ALT-00011144,2026-04-26T13:48:36Z,2026-04-26T14:08:36Z,2026-04-26T14:23:36Z,2026-04-26T19:26:36Z,2026-04-27T01:10:36Z,2026-04-27T03:34:36Z,EDY SIEM,Correlation Hub,AST-0179,RUL-023,Informational,Closed,ANL-016,2,29.5,FALSE,FALSE,SYNTHETIC_DEMO_DATA
INC-00002081,ALT-00010535,2025-06-11T19:38:31Z,2025-06-11T19:48:31Z,2025-06-11T19:57:31Z,2025-06-11T20:15:31Z,2025-06-11T22:17:31Z,2025-06-12T03:25:31Z,EDY Shield,Endpoint Integrity,AST-0239,RUL-029,Informational,Closed,ANL-015,1,50.3,FALSE,FALSE,SYNTHETIC_DEMO_DATA
INC-00001216,ALT-00004918,2026-01-19T13:58:13Z,2026-01-19T14:13:13Z,2026-01-19T14:23:13Z,2026-01-19T15:19:13Z,2026-01-19T16:49:13Z,2026-01-19T21:04:13Z,External Synthetic,Cloud Audit,AST-0224,RUL-042,Informational,Closed,ANL-004,1,36.2,FALSE,FALSE,SYNTHETIC_DEMO_DATA
INC-00002406,ALT-00012739,2025-06-04T09:38:59Z,2025-06-04T09:48:59Z,2025-06-04T09:52:59Z,2025-06-04T12:35:59Z,2025-06-04T17:00:59Z,2025-06-04T22:19:59Z,EDY SIEM,Correlation Hub,AST-0192,RUL-029,Informational,Closed,ANL-008,1,33.7,FALSE,FALSE,SYNTHETIC_DEMO_DATA
INC-00002516,ALT-00009448,2025-08-29T05:36:48Z,2025-08-29T05:54:48Z,2025-08-29T06:18:48Z,2025-08-29T06:53:48Z,2025-08-29T15:42:48Z,2025-08-30T03:39:48Z,EDY Sentinel,Cloud Detection,AST-0028,RUL-029,High,Closed,ANL-015,1,100,TRUE,FALSE,SYNTHETIC_DEMO_DATA
INC-00000615,ALT-00014186,2025-08-08T04:21:43Z,2025-08-08T05:03:43Z,2025-08-08T05:42:43Z,2025-08-08T08:18:43Z,2025-08-08T11:32:43Z,2025-08-08T12:25:43Z,External Synthetic,Cloud Audit,AST-0037,RUL-040,Informational,Closed,ANL-017,1,45.1,FALSE,FALSE,SYNTHETIC_DEMO_DATA
INC-00002796,ALT-00006760,2025-03-05T13:50:19Z,2025-03-05T14:07:19Z,2025-03-05T14:34:19Z,2025-03-05T14:57:19Z,2025-03-05T17:17:19Z,2025-03-06T04:31:19Z,External Synthetic,Cloud Audit,AST-0195,RUL-033,High,Closed,ANL-017,1,100,TRUE,FALSE,SYNTHETIC_DEMO_DATA
INC-00000454,ALT-00009305,2025-02-05T14:22:27Z,2025-02-05T14:34:27Z,2025-02-05T15:19:27Z,2025-02-05T19:16:27Z,2025-02-05T22:43:27Z,2025-02-06T03:33:27Z,External Synthetic,Identity Provider,AST-0087,RUL-002,Low,Closed,ANL-011,1,56.7,FALSE,FALSE,SYNTHETIC_DEMO_DATA
INC-00001054,ALT-00016796,2026-04-24T15:47:44Z,2026-04-24T16:06:44Z,2026-04-24T16:17:44Z,2026-04-24T22:13:44Z,,,External Synthetic,Cloud Audit,AST-0051,RUL-042,High,Contained,ANL-007,0,100,TRUE,FALSE,SYNTHETIC_DEMO_DATA
INC-00000187,ALT-00002773,2026-03-09T22:04:00Z,2026-03-09T23:29:00Z,2026-03-09T23:42:00Z,2026-03-10T00:06:00Z,2026-03-10T01:04:00Z,2026-03-10T10:27:00Z,External Synthetic,Cloud Audit,AST-0054,RUL-004,Medium,Closed,ANL-009,1,70.8,TRUE,FALSE,SYNTHETIC_DEMO_DATA
INC-00001260,ALT-00003644,2026-04-21T18:54:57Z,2026-04-21T19:03:57Z,2026-04-21T19:22:57Z,2026-04-21T20:10:57Z,2026-04-21T20:41:57Z,2026-04-21T22:05:57Z,EDY Sentinel,Cloud Detection,AST-0149,RUL-024,Low,Closed,ANL-003,1,62.7,FALSE,FALSE,SYNTHETIC_DEMO_DATA
INC-00000137,ALT-00009859,2026-05-08T04:46:47Z,2026-05-08T04:57:47Z,2026-05-08T06:55:47Z,2026-05-08T08:02:47Z,2026-05-08T22:22:47Z,2026-05-09T03:08:47Z,EDY SIEM,Correlation Hub,AST-0132,RUL-016,Informational,Closed,ANL-015,1,47.8,FALSE,FALSE,SYNTHETIC_DEMO_DATA
INC-00001408,ALT-00002765,2025-07-05T16:23:04Z,2025-07-05T17:24:04Z,2025-07-05T17:45:04Z,2025-07-05T20:42:04Z,2025-07-06T05:15:04Z,,External Synthetic,Network Sensor,AST-0044,RUL-034,Informational,Resolved,ANL-010,1,42.3,TRUE,FALSE,SYNTHETIC_DEMO_DATA
INC-00001598,ALT-00012380,2026-06-09T08:12:59Z,2026-06-09T11:16:59Z,2026-06-09T11:48:59Z,2026-06-09T12:45:59Z,2026-06-09T16:55:59Z,,EDY Sentinel,Cloud Detection,AST-0178,RUL-002,Low,Resolved,ANL-013,1,51.9,FALSE,FALSE,SYNTHETIC_DEMO_DATA
INC-00002042,ALT-00008721,2025-08-02T18:20:30Z,2025-08-02T18:28:30Z,2025-08-02T18:46:30Z,2025-08-02T21:30:30Z,2025-08-02T22:32:30Z,2025-08-03T06:57:30Z,External Synthetic,Network Sensor,AST-0183,RUL-041,Medium,Closed,ANL-002,3,65.5,FALSE,FALSE,SYNTHETIC_DEMO_DATA
INC-00001652,ALT-00012357,2025-07-14T14:35:44Z,2025-07-14T15:13:44Z,2025-07-14T15:43:44Z,2025-07-14T16:45:44Z,2025-07-14T17:57:44Z,2025-07-14T20:43:44Z,External Synthetic,Network Sensor,AST-0066,RUL-003,Informational,Closed,ANL-012,3,34.8,FALSE,FALSE,SYNTHETIC_DEMO_DATA
INC-00001784,ALT-00003911,2026-06-04T08:27:08Z,2026-06-04T08:43:08Z,2026-06-04T09:33:08Z,2026-06-04T10:47:08Z,2026-06-04T17:51:08Z,2026-06-05T01:14:08Z,EDY Shield,Endpoint Integrity,AST-0122,RUL-011,Critical,Closed,ANL-010,3,100,TRUE,FALSE,SYNTHETIC_DEMO_DATA
INC-00002548,ALT-00017252,2026-03-13T17:49:45Z,2026-03-13T18:05:45Z,2026-03-13T18:29:45Z,2026-03-14T01:04:45Z,2026-03-14T12:01:45Z,2026-03-14T15:12:45Z,External Synthetic,Cloud Audit,AST-0104,RUL-024,Informational,Closed,ANL-004,1,45.9,FALSE,FALSE,SYNTHETIC_DEMO_DATA
INC-00000579,ALT-00008577,2026-06-04T12:58:21Z,2026-06-04T13:11:21Z,2026-06-04T13:35:21Z,2026-06-04T14:26:21Z,2026-06-04T17:04:21Z,2026-06-04T21:38:21Z,EDY SIEM,Correlation Hub,AST-0073,RUL-016,Low,Closed,ANL-018,2,63.5,FALSE,FALSE,SYNTHETIC_DEMO_DATA
INC-00003182,ALT-00004969,2025-11-20T16:32:58Z,2025-11-20T16:55:58Z,2025-11-20T17:25:58Z,2025-11-20T19:34:58Z,2025-11-20T23:35:58Z,2025-11-21T09:35:58Z,External Synthetic,Network Sensor,AST-0235,RUL-035,Informational,Closed,ANL-012,1,46.7,FALSE,FALSE,SYNTHETIC_DEMO_DATA
INC-00002402,ALT-00010505,2025-07-04T08:05:18Z,2025-07-04T08:20:18Z,2025-07-04T09:25:18Z,2025-07-04T09:32:18Z,2025-07-04T11:31:18Z,2025-07-04T21:06:18Z,EDY Shield,Endpoint Integrity,AST-0105,RUL-029,High,Closed,ANL-003,1,96.2,TRUE,FALSE,SYNTHETIC_DEMO_DATA
INC-00001926,ALT-00011724,2025-04-08T11:38:59Z,2025-04-08T12:10:59Z,2025-04-08T12:24:59Z,,,,EDY Sentinel,Cloud Detection,AST-0095,RUL-004,LOW,Active,ANL-003,0,66.5,FALSE,FALSE,SYNTHETIC_DEMO_DATA
INC-00000112,ALT-00016123,2026-01-14T12:36:13Z,2026-01-14T13:06:13Z,2026-01-14T13:58:13Z,2026-01-14T14:43:13Z,2026-01-14T17:44:13Z,2026-01-15T05:41:13Z,EDY Shield,Endpoint Integrity,AST-0133,RUL-008,Low,Closed,ANL-011,3,54.4,FALSE,FALSE,SYNTHETIC_DEMO_DATA
INC-00002026,ALT-00013728,2025-11-28T14:30:58Z,2025-11-28T14:46:58Z,2025-11-28T14:59:58Z,2025-11-28T15:57:58Z,2025-11-28T22:55:58Z,2025-11-29T05:09:58Z,EDY SIEM,Correlation Hub,AST-0100,RUL-013,Informational,Closed,ANL-004,3,47.9,FALSE,FALSE,SYNTHETIC_DEMO_DATA
INC-00002370,ALT-00005900,2025-11-15T10:54:44Z,2025-11-15T11:09:44Z,2025-11-15T11:22:44Z,2025-11-15T13:20:44Z,2025-11-15T16:39:44Z,2025-11-15T18:59:44Z,External Synthetic,Identity Provider,AST-0005,RUL-013,Informational,Closed,ANL-008,1,45.9,FALSE,FALSE,SYNTHETIC_DEMO_DATA
INC-00003113,ALT-00004791,2026-03-09T10:11:19Z,2026-03-09T10:21:19Z,2026-03-09T10:57:19Z,2026-03-09T12:49:19Z,2026-03-09T14:45:19Z,2026-03-09T15:21:19Z,EDY Sentinel,Cloud Detection,AST-0230,RUL-025,Informational,Closed,ANL-009,1,62.4,TRUE,FALSE,SYNTHETIC_DEMO_DATA
INC-00003152,ALT-00015180,2025-03-25T12:01:10Z,2025-03-25T12:09:10Z,2025-03-25T12:30:10Z,2025-03-25T12:47:10Z,2025-03-25T13:01:10Z,2025-03-25T18:52:10Z,EDY Shield,Endpoint Integrity,AST-0050,RUL-012,Medium,Closed,ANL-008,1,84.9,FALSE,FALSE,SYNTHETIC_DEMO_DATA
INC-00001389,ALT-00014221,2025-09-10T13:00:39Z,2025-09-10T13:05:39Z,2025-09-10T13:15:39Z,2025-09-10T18:37:39Z,2025-09-11T02:55:39Z,2025-09-11T07:31:39Z,External Synthetic,Network Sensor,AST-0148,RUL-043,Low,Closed,ANL-018,1,47.1,FALSE,FALSE,SYNTHETIC_DEMO_DATA
INC-00000212,ALT-00004031,2026-03-05T07:10:19Z,2026-03-05T07:23:19Z,2026-03-05T07:53:19Z,2026-03-05T08:59:19Z,2026-03-05T10:43:19Z,2026-03-05T14:13:19Z,EDY Sentinel,Cloud Detection,AST-0190,RUL-043,Low,Closed,ANL-013,3,60.0,FALSE,TRUE,SYNTHETIC_DEMO_DATA
INC-00000847,ALT-00015537,2025-12-01T18:05:01Z,2025-12-01T18:22:01Z,2025-12-01T18:53:01Z,2025-12-01T19:20:01Z,2025-12-01T23:47:01Z,2025-12-02T08:55:01Z,EDY RECON,Exposure Intelligence,AST-0056,RUL-038,Informational,Closed,ANL-013,1,50.0,TRUE,FALSE,SYNTHETIC_DEMO_DATA
INC-00000233,ALT-00002449,2025-08-22T21:08:18Z,2025-08-22T21:14:18Z,2025-08-22T21:51:18Z,2025-08-22T23:31:18Z,2025-08-23T03:39:18Z,2025-08-23T09:50:18Z,External Synthetic,Network Sensor,AST-0221,RUL-028,Medium,Closed,ANL-011,1,80.7,FALSE,FALSE,SYNTHETIC_DEMO_DATA
INC-00002585,ALT-00014791,2025-04-15T18:56:58Z,2025-04-15T19:11:58Z,2025-04-15T19:37:58Z,2025-04-15T21:24:58Z,2025-04-16T00:43:58Z,2025-04-16T01:57:58Z,External Synthetic,Cloud Audit,AST-0023,RUL-011,Informational,Closed,ANL-015,1,57.9,TRUE,FALSE,SYNTHETIC_DEMO_DATA
INC-00003178,ALT-00012783,2025-08-06T12:25:09Z,2025-08-06T12:29:09Z,2025-08-06T12:47:09Z,2025-08-06T13:35:09Z,2025-08-06T15:39:09Z,2025-08-07T01:58:09Z,EDY SIEM,Correlation Hub,AST-0220,RUL-010,High,Closed,ANL-007,1,86.5,TRUE,FALSE,SYNTHETIC_DEMO_DATA
INC-00002280,ALT-00010082,2026-04-30T09:37:34Z,2026-04-30T10:17:34Z,2026-04-30T10:52:34Z,2026-04-30T13:45:34Z,2026-04-30T17:48:34Z,2026-05-01T00:31:34Z,EDY SIEM,Correlation Hub,AST-0210,RUL-041,Informational,Closed,ANL-008,1,42.4,FALSE,FALSE,SYNTHETIC_DEMO_DATA
INC-00001517,ALT-00001057,2025-08-15T16:22:55Z,2025-08-15T16:45:55Z,2025-08-15T17:34:55Z,2025-08-15T19:39:55Z,2025-08-15T22:13:55Z,2025-08-16T08:16:55Z,EDY RECON,Exposure Intelligence,AST-0155,RUL-006,Informational,Closed,ANL-003,2,33.5,FALSE,FALSE,SYNTHETIC_DEMO_DATA
INC-00002841,ALT-00012917,2026-04-02T15:31:24Z,2026-04-02T16:15:24Z,2026-04-02T16:45:24Z,2026-04-02T18:42:24Z,2026-04-02T20:16:24Z,2026-04-03T02:23:24Z,External Synthetic,Network Sensor,AST-0082,RUL-030,Low,Closed,ANL-006,3,58.8,FALSE,FALSE,SYNTHETIC_DEMO_DATA
INC-00000957,ALT-00000967,2026-01-08T12:29:11Z,2026-01-08T12:44:11Z,2026-01-08T12:55:11Z,2026-01-08T13:40:11Z,2026-01-08T17:59:11Z,2026-01-09T04:10:11Z,External Synthetic,Identity Provider,AST-0209,RUL-040,Informational,Closed,ANL-017,1,54.7,TRUE,FALSE,SYNTHETIC_DEMO_DATA
INC-00002068,ALT-00001201,2026-01-17T16:08:46Z,2026-01-17T16:42:46Z,2026-01-17T17:14:46Z,2026-01-17T23:27:46Z,2026-01-18T01:05:46Z,2026-01-18T10:48:46Z,External Synthetic,Network Sensor,AST-0025,RUL-008,Informational,Closed,ANL-016,3,45.7,TRUE,FALSE,SYNTHETIC_DEMO_DATA
INC-00001091,ALT-00017523,2025-04-30T12:22:05Z,2025-04-30T12:40:05Z,2025-04-30T12:57:05Z,2025-04-30T14:06:05Z,2025-04-30T14:42:05Z,2025-04-30T17:28:05Z,External Synthetic,Cloud Audit,AST-0076,RUL-018,Medium,Closed,ANL-017,2,59.6,FALSE,FALSE,SYNTHETIC_DEMO_DATA
INC-00002281,ALT-00013106,2025-05-03T17:49:40Z,2025-05-03T17:58:40Z,2025-05-03T18:22:40Z,2025-05-03T18:43:40Z,2025-05-03T19:57:40Z,2025-05-04T04:46:40Z,EDY Shield,Endpoint Integrity,AST-0055,RUL-018,Low,Closed,ANL-002,3,57.9,FALSE,FALSE,SYNTHETIC_DEMO_DATA
INC-00002756,ALT-00009181,2026-05-26T10:34:18Z,2026-05-26T10:48:18Z,2026-05-26T11:02:18Z,2026-05-26T11:59:18Z,2026-05-26T13:15:18Z,2026-05-26T16:22:18Z,EDY SIEM,Correlation Hub,AST-0132,RUL-042,Informational,Closed,ANL-006,1,41.9,FALSE,TRUE,SYNTHETIC_DEMO_DATA
INC-00002701,ALT-00017076,2025-10-18T08:09:53Z,2025-10-18T08:25:53Z,2025-10-18T08:42:53Z,2025-10-18T10:12:53Z,2025-10-18T16:21:53Z,,External Synthetic,Network Sensor,AST-0232,RUL-039,Low,Resolved,ANL-014,1,51.8,FALSE,FALSE,SYNTHETIC_DEMO_DATA
INC-00002860,ALT-00003334,2025-10-07T09:42:30Z,2025-10-07T09:51:30Z,2025-10-07T10:03:30Z,2025-10-07T11:01:30Z,2025-10-07T12:19:30Z,2025-10-07T21:17:30Z,EDY RECON,Exposure Intelligence,AST-0064,RUL-009,High,Closed,ANL-001,1,100,TRUE,FALSE,SYNTHETIC_DEMO_DATA
INC-00001639,ALT-00015704,2025-04-22T16:20:08Z,2025-04-22T16:53:08Z,2025-04-22T16:59:08Z,2025-04-22T19:26:08Z,2025-04-22T20:39:08Z,,EDY Shield,Endpoint Integrity,AST-0214,RUL-043,Low,Resolved,ANL-014,2,68.0,TRUE,FALSE,SYNTHETIC_DEMO_DATA
INC-00001468,ALT-00007123,2025-08-17T07:58:33Z,2025-08-17T08:12:33Z,2025-08-17T09:30:33Z,2025-08-17T10:41:33Z,2025-08-17T11:50:33Z,2025-08-17T18:45:33Z,EDY Shield,Endpoint Integrity,AST-0132,RUL-002,Low,Closed,ANL-005,1,56.9,FALSE,FALSE,SYNTHETIC_DEMO_DATA
INC-00002887,ALT-00005274,2025-08-25T17:07:19Z,2025-08-25T17:21:19Z,2025-08-25T17:52:19Z,2025-08-25T18:20:19Z,2025-08-26T01:18:19Z,2025-08-26T08:46:19Z,EDY SIEM,Correlation Hub,AST-0223,RUL-001,Low,Closed,ANL-008,1,51.1,FALSE,FALSE,SYNTHETIC_DEMO_DATA
INC-00000728,ALT-00000210,2025-03-14T17:24:03Z,2025-03-14T17:40:03Z,2025-03-14T17:53:03Z,2025-03-14T18:20:03Z,2025-03-14T21:10:03Z,2025-03-15T01:41:03Z,EDY Sentinel,Cloud Detection,AST-0033,RUL-036,Low,Closed,ANL-001,1,62.9,FALSE,FALSE,SYNTHETIC_DEMO_DATA
INC-00001247,ALT-00008946,2025-02-12T10:07:16Z,2025-02-12T11:11:16Z,2025-02-12T11:33:16Z,,,,External Synthetic,Network Sensor,AST-0176,RUL-011,Informational,Active,ANL-003,0,45.9,FALSE,FALSE,SYNTHETIC_DEMO_DATA
INC-00002236,ALT-00016535,2025-04-10T13:35:39Z,2025-04-10T14:00:39Z,2025-04-10T14:11:39Z,2025-04-10T16:01:39Z,2025-04-11T11:28:39Z,2025-04-11T23:27:39Z,EDY Sentinel,Cloud Detection,AST-0230,RUL-027,Informational,Closed,ANL-010,3,53.0,FALSE,FALSE,SYNTHETIC_DEMO_DATA
INC-00000219,ALT-00002702,2026-05-21T18:30:14Z,2026-05-21T18:46:14Z,2026-05-21T20:09:14Z,2026-05-21T22:51:14Z,2026-05-22T05:38:14Z,,EDY SIEM,Correlation Hub,AST-0137,RUL-002,Informational,Resolved,ANL-017,1,37.5,FALSE,FALSE,SYNTHETIC_DEMO_DATA
INC-00002051,ALT-00011844,2025-07-03T13:03:04Z,2025-07-03T13:09:04Z,2025-07-03T13:37:04Z,2025-07-03T14:18:04Z,2025-07-03T14:35:04Z,2025-07-03T15:41:04Z,EDY RECON,Exposure Intelligence,AST-0207,RUL-034,High,Closed,ANL-012,1,83.4,TRUE,FALSE,SYNTHETIC_DEMO_DATA
INC-00002353,ALT-00017288,2025-12-18T12:41:08Z,2025-12-18T13:36:08Z,2025-12-18T13:50:08Z,2025-12-18T14:48:08Z,2025-12-19T09:06:08Z,,EDY Sentinel,Cloud Detection,AST-0116,RUL-035,Low,Resolved,ANL-002,1,51.3,FALSE,FALSE,SYNTHETIC_DEMO_DATA
INC-00001600,ALT-00015875,2026-07-26T13:01:19Z,2026-07-26T13:21:19Z,2026-07-26T13:55:19Z,2026-07-26T14:18:19Z,2026-07-26T23:11:19Z,2026-07-27T05:35:19Z,External Synthetic,Network Sensor,AST-0201,RUL-029,Low,Closed,ANL-017,1,50.0,FALSE,FALSE,SYNTHETIC_DEMO_DATA
INC-00000380,ALT-00001859,2025-06-14T13:00:14Z,2025-06-14T14:24:14Z,2025-06-14T14:49:14Z,2025-06-14T15:18:14Z,2025-06-14T21:10:14Z,2025-06-15T00:21:14Z,External Synthetic,Network Sensor,AST-0012,RUL-027,Low,Closed,ANL-007,1,52.6,FALSE,FALSE,SYNTHETIC_DEMO_DATA
INC-00001495,ALT-00001842,2026-07-04T10:05:41Z,2026-07-04T10:14:41Z,2026-07-04T10:37:41Z,2026-07-04T11:05:41Z,2026-07-05T14:48:41Z,,External Synthetic,Identity Provider,AST-0171,RUL-030,Informational,Resolved,ANL-013,1,27.8,FALSE,FALSE,SYNTHETIC_DEMO_DATA
INC-00001745,ALT-00001079,2026-01-22T16:26:36Z,2026-01-22T17:12:36Z,2026-01-22T17:49:36Z,2026-01-22T19:12:36Z,2026-01-22T21:26:36Z,2026-01-22T23:46:36Z,External Synthetic,Network Sensor,AST-0029,RUL-028,Medium,Closed,ANL-011,3,66.6,FALSE,FALSE,SYNTHETIC_DEMO_DATA
INC-00000218,ALT-00007102,2026-03-25T08:38:34Z,2026-03-25T08:42:34Z,2026-03-25T09:59:34Z,2026-03-25T10:48:34Z,2026-03-25T11:59:34Z,2026-03-25T18:07:34Z,External Synthetic,Cloud Audit,AST-0056,RUL-044,High,Closed,ANL-009,1,99.5,TRUE,FALSE,SYNTHETIC_DEMO_DATA
INC-00000844,ALT-00001443,2025-07-15T13:22:20Z,2025-07-15T13:28:20Z,2025-07-15T13:43:20Z,2025-07-15T15:11:20Z,2025-07-15T23:40:20Z,,External Synthetic,Identity Provider,AST-0216,RUL-022,Low,Resolved,ANL-017,1,45.8,FALSE,FALSE,SYNTHETIC_DEMO_DATA
INC-00002821,ALT-00016507,2025-10-30T15:29:18Z,2025-10-30T15:37:18Z,2025-10-30T16:18:18Z,2025-10-30T17:43:18Z,2025-10-30T20:37:18Z,2025-10-31T05:48:18Z,External Synthetic,Network Sensor,AST-0156,RUL-041,Medium,Closed,ANL-003,1,66.1,FALSE,FALSE,SYNTHETIC_DEMO_DATA
INC-00001050,ALT-00002405,2026-03-13T23:13:40Z,2026-03-13T23:17:40Z,2026-03-14T00:15:40Z,2026-03-14T01:58:40Z,2026-03-14T03:50:40Z,,External Synthetic,Cloud Audit,AST-0192,RUL-002,High,Resolved,ANL-017,1,91.8,TRUE,FALSE,SYNTHETIC_DEMO_DATA
INC-00002974,ALT-00005685,2025-03-18T13:51:09Z,2025-03-18T14:00:09Z,2025-03-18T14:06:09Z,2025-03-18T15:25:09Z,2025-03-18T19:19:09Z,2025-03-18T23:50:09Z,External Synthetic,Network Sensor,AST-0021,RUL-018,Medium,Closed,ANL-012,1,68.3,FALSE,FALSE,SYNTHETIC_DEMO_DATA
INC-00001662,ALT-00002653,2025-03-20T14:30:29Z,2025-03-20T15:14:29Z,2025-03-20T15:31:29Z,2025-03-20T21:39:29Z,2025-03-21T02:12:29Z,2025-03-21T05:20:29Z,EDY Shield,Endpoint Integrity,AST-0074,RUL-017,Informational,Closed,ANL-014,1,39.3,FALSE,FALSE,SYNTHETIC_DEMO_DATA
INC-00003101,ALT-00009383,2025-02-07T19:52:48Z,2025-02-07T20:39:48Z,2025-02-07T20:52:48Z,2025-02-08T01:06:48Z,2025-02-08T02:18:48Z,2025-02-08T10:32:48Z,External Synthetic,Network Sensor,AST-0041,RUL-019,Informational,Closed,ANL-003,1,50.5,FALSE,FALSE,SYNTHETIC_DEMO_DATA
INC-00000022,ALT-00015464,2026-03-02T12:54:59Z,2026-03-02T13:47:59Z,2026-03-02T14:05:59Z,2026-03-02T14:18:59Z,2026-03-02T16:37:59Z,2026-03-03T02:32:59Z,External Synthetic,Network Sensor,AST-0222,RUL-011,Low,Closed,ANL-011,1,68.3,TRUE,FALSE,SYNTHETIC_DEMO_DATA
INC-00000806,ALT-00003926,2025-08-13T17:44:17Z,2025-08-13T18:11:17Z,2025-08-13T18:29:17Z,2025-08-13T19:01:17Z,2025-08-13T22:17:17Z,2025-08-13T22:29:17Z,EDY Shield,Endpoint Integrity,AST-0149,RUL-039,Low,Closed,ANL-013,1,64.1,FALSE,FALSE,SYNTHETIC_DEMO_DATA
INC-00002545,ALT-00006820,2025-05-19T12:26:04Z,2025-05-19T12:40:04Z,2025-05-19T13:18:04Z,2025-05-19T13:51:04Z,2025-05-19T16:16:04Z,2025-05-19T17:30:04Z,EDY Shield,Endpoint Integrity,AST-0237,RUL-026,Informational,Closed,ANL-007,1,38.1,FALSE,FALSE,SYNTHETIC_DEMO_DATA
INC-00002412,ALT-00005807,2026-07-26T09:58:16Z,2026-07-26T12:25:16Z,2026-07-26T12:32:16Z,2026-07-26T13:08:16Z,2026-07-26T15:49:16Z,,EDY Shield,Endpoint Integrity,AST-0047,RUL-004,Informational,Resolved,ANL-002,1,41.3,FALSE,FALSE,SYNTHETIC_DEMO_DATA
INC-00002049,ALT-00014782,2025-04-15T13:36:07Z,2025-04-15T13:46:07Z,2025-04-15T14:08:07Z,2025-04-15T17:07:07Z,2025-04-15T18:26:07Z,2025-04-15T23:23:07Z,EDY SIEM,Correlation Hub,AST-0047,RUL-036,Low,Closed,ANL-006,1,52.9,FALSE,FALSE,SYNTHETIC_DEMO_DATA
INC-00001999,ALT-00002852,2025-10-27T07:41:00Z,2025-10-27T07:58:00Z,2025-10-27T08:16:00Z,2025-10-27T10:42:00Z,2025-10-27T11:28:00Z,2025-10-27T23:04:00Z,EDY Shield,Endpoint Integrity,AST-0162,RUL-045,Low,Closed,ANL-014,2,41.5,FALSE,FALSE,SYNTHETIC_DEMO_DATA
INC-00001198,ALT-00005213,2026-04-29T07:53:06Z,2026-04-29T08:06:06Z,2026-04-29T08:16:06Z,2026-04-29T09:02:06Z,2026-04-29T13:31:06Z,,External Synthetic,Identity Provider,AST-0167,RUL-033,Low,Resolved,ANL-005,3,60.6,FALSE,FALSE,SYNTHETIC_DEMO_DATA
INC-00001225,ALT-00001928,2025-10-24T07:06:15Z,2025-10-24T07:20:15Z,2025-10-24T07:39:15Z,2025-10-24T08:52:15Z,2025-10-24T14:12:15Z,2025-10-24T22:12:15Z,EDY Sentinel,Cloud Detection,AST-0121,RUL-023,Medium,Closed,ANL-015,3,66.1,FALSE,FALSE,SYNTHETIC_DEMO_DATA
INC-00000028,ALT-00017951,2025-08-10T19:17:52Z,2025-08-10T22:17:52Z,2025-08-10T22:31:52Z,2025-08-10T23:14:52Z,2025-08-11T00:49:52Z,2025-08-11T05:39:52Z,External Synthetic,Identity Provider,AST-0051,RUL-024,Informational,Closed,ANL-004,1,44.5,FALSE,FALSE,SYNTHETIC_DEMO_DATA
INC-00001167,ALT-00012108,2025-10-23T20:00:17Z,2025-10-23T20:04:17Z,2025-10-23T20:25:17Z,,,,External Synthetic,Network Sensor,AST-0031,RUL-037,Informational,Active,ANL-005,0,35.3,FALSE,FALSE,SYNTHETIC_DEMO_DATA
INC-00000027,ALT-00000259,2025-04-29T08:00:07Z,2025-04-29T08:18:07Z,2025-04-29T08:35:07Z,2025-04-29T09:03:07Z,,,External Synthetic,Identity Provider,AST-0039,RUL-017,Medium,Contained,ANL-013,0,67.2,FALSE,FALSE,SYNTHETIC_DEMO_DATA
INC-00000826,ALT-00000278,2025-04-26T12:47:24Z,2025-04-26T13:12:24Z,2025-04-26T13:18:24Z,2025-04-26T15:18:24Z,2025-04-26T16:46:24Z,2025-04-26T17:29:24Z,External Synthetic,Network Sensor,AST-0179,RUL-036,Informational,Closed,ANL-016,1,28.9,FALSE,FALSE,SYNTHETIC_DEMO_DATA
INC-00002136,ALT-00009794,2026-01-14T10:40:23Z,2026-01-14T10:48:23Z,2026-01-14T11:28:23Z,2026-01-14T12:04:23Z,2026-01-14T12:55:23Z,2026-01-14T17:24:23Z,External Synthetic,Network Sensor,AST-0152,RUL-008,Medium,fechado,ANL-010,1,67.0,FALSE,FALSE,SYNTHETIC_DEMO_DATA
INC-00000319,ALT-00001784,2025-03-30T14:33:04Z,2025-03-30T15:15:04Z,2025-03-30T15:30:04Z,2025-03-30T17:08:04Z,2025-03-30T22:50:04Z,2025-03-31T04:56:04Z,EDY Sentinel,Cloud Detection,AST-0213,RUL-034,Low,Closed,ANL-002,1,73.9,TRUE,FALSE,SYNTHETIC_DEMO_DATA
INC-00003040,ALT-00006428,2025-07-24T10:26:35Z,2025-07-24T10:45:35Z,2025-07-24T11:10:35Z,2025-07-24T12:29:35Z,2025-07-25T03:07:35Z,2025-07-25T12:43:35Z,External Synthetic,Cloud Audit,AST-0158,RUL-037,Low,Closed,ANL-017,1,62.3,FALSE,FALSE,SYNTHETIC_DEMO_DATA
INC-00001938,ALT-00011442,2025-05-29T07:42:29Z,2025-05-29T08:27:29Z,2025-05-29T08:39:29Z,2025-05-29T10:59:29Z,2025-05-29T18:04:29Z,2025-05-29T22:30:29Z,External Synthetic,Cloud Audit,AST-0066,RUL-045,Informational,Closed,ANL-008,2,34.6,FALSE,FALSE,SYNTHETIC_DEMO_DATA
INC-00002291,ALT-00011865,2025-07-11T15:25:46Z,2025-07-11T15:38:46Z,2025-07-11T15:47:46Z,2025-07-11T16:39:46Z,2025-07-11T19:00:46Z,2025-07-11T20:12:46Z,External Synthetic,Identity Provider,AST-0180,RUL-017,High,Closed,ANL-006,1,87.4,TRUE,FALSE,SYNTHETIC_DEMO_DATA
INC-00001391,ALT-00008754,2026-04-27T20:20:27Z,2026-04-27T20:47:27Z,2026-04-27T21:04:27Z,2026-04-27T21:31:27Z,2026-04-28T04:43:27Z,2026-04-28T14:05:27Z,EDY Shield,Endpoint Integrity,AST-0077,RUL-014,LOW,Closed,ANL-004,1,67.6,FALSE,FALSE,SYNTHETIC_DEMO_DATA
INC-00001388,ALT-00016821,2025-05-14T01:21:45Z,2025-05-14T01:47:45Z,2025-05-14T02:10:45Z,2025-05-14T04:24:45Z,2025-05-14T07:20:45Z,2025-05-14T17:06:45Z,EDY SIEM,Correlation Hub,AST-0028,RUL-024,Informational,Closed,ANL-006,1,47.4,FALSE,FALSE,SYNTHETIC_DEMO_DATA
INC-00002905,ALT-00002165,2026-06-16T10:47:03Z,2026-06-16T11:06:03Z,2026-06-16T12:47:03Z,2026-06-16T14:29:03Z,2026-06-16T15:43:03Z,2026-06-16T20:31:03Z,EDY SIEM,Correlation Hub,AST-0023,RUL-020,Informational,Closed,ANL-007,1,52.5,FALSE,FALSE,SYNTHETIC_DEMO_DATA
INC-00002387,ALT-00004633,2025-09-30T14:45:00Z,2025-09-30T15:09:00Z,2025-09-30T15:16:00Z,2025-09-30T15:59:00Z,2025-09-30T17:31:00Z,2025-10-01T03:23:00Z,External Synthetic,Network Sensor,AST-0141,RUL-014,Low,Closed,ANL-016,3,67.8,TRUE,FALSE,SYNTHETIC_DEMO_DATA
INC-00002963,ALT-00005087,2025-02-17T09:51:15Z,2025-02-17T10:17:15Z,2025-02-17T10:23:15Z,2025-02-17T13:06:15Z,2025-02-17T16:02:15Z,2025-02-18T01:45:15Z,EDY Shield,Endpoint Integrity,AST-0178,RUL-029,Medium,Closed,ANL-017,1,71.6,FALSE,FALSE,SYNTHETIC_DEMO_DATA
INC-00000858,ALT-00010470,2026-01-17T14:15:01Z,2026-01-17T15:32:01Z,2026-01-17T16:11:01Z,2026-01-17T17:34:01Z,2026-01-17T18:33:01Z,2026-01-17T22:17:01Z,EDY SIEM,Correlation Hub,AST-0153,RUL-012,Medium,Closed,ANL-010,3,72.7,TRUE,FALSE,SYNTHETIC_DEMO_DATA
INC-00001228,ALT-00007185,2025-03-03T10:48:12Z,2025-03-03T11:45:12Z,2025-03-03T12:27:12Z,2025-03-03T13:50:12Z,2025-03-03T16:51:12Z,2025-03-03T20:36:12Z,External Synthetic,Identity Provider,AST-0034,RUL-026,Informational,Closed,ANL-010,1,41.9,FALSE,FALSE,SYNTHETIC_DEMO_DATA
INC-00002133,ALT-00001335,2025-04-01T15:35:23Z,2025-04-01T15:52:23Z,2025-04-01T16:24:23Z,2025-04-01T19:34:23Z,2025-04-02T00:28:23Z,2025-04-02T06:15:23Z,EDY Shield,Endpoint Integrity,AST-0097,RUL-041,Informational,Closed,ANL-011,1,33.4,FALSE,FALSE,SYNTHETIC_DEMO_DATA
INC-00001564,ALT-00017127,2025-03-10T14:59:28Z,2025-03-10T15:15:28Z,2025-03-10T15:30:28Z,2025-03-10T16:36:28Z,2025-03-11T03:32:28Z,2025-03-11T13:48:28Z,EDY Sentinel,Cloud Detection,AST-0104,RUL-019,Informational,Closed,ANL-016,1,48.7,FALSE,FALSE,SYNTHETIC_DEMO_DATA
INC-00002604,ALT-00007915,2026-02-23T13:33:37Z,2026-02-23T14:30:37Z,2026-02-23T15:04:37Z,2026-02-23T20:16:37Z,2026-02-23T22:55:37Z,2026-02-23T23:13:37Z,External Synthetic,Network Sensor,AST-0226,RUL-021,Informational,Closed,ANL-008,1,40.9,FALSE,FALSE,SYNTHETIC_DEMO_DATA
INC-00000134,ALT-00012736,2026-02-15T11:01:32Z,2026-02-15T11:15:32Z,2026-02-15T12:23:32Z,2026-02-15T16:25:32Z,2026-02-15T17:34:32Z,2026-02-15T20:12:32Z,External Synthetic,Cloud Audit,AST-0108,RUL-003,Low,Closed,ANL-001,1,36.9,FALSE,FALSE,SYNTHETIC_DEMO_DATA
INC-00000978,ALT-00010626,2026-02-16T15:02:29Z,2026-02-16T16:01:29Z,2026-02-16T16:31:29Z,2026-02-16T20:35:29Z,2026-02-17T09:57:29Z,2026-02-17T13:09:29Z,EDY SIEM,Correlation Hub,AST-0142,RUL-035,Informational,Closed,ANL-014,1,42.0,FALSE,FALSE,SYNTHETIC_DEMO_DATA
INC-00002574,ALT-00007005,2025-12-26T09:53:29Z,2025-12-26T10:40:29Z,2025-12-26T10:54:29Z,2025-12-26T11:56:29Z,2025-12-26T19:44:29Z,2025-12-27T05:23:29Z,EDY RECON,Exposure Intelligence,AST-0231,RUL-029,Informational,Closed,ANL-002,1,58.0,TRUE,FALSE,SYNTHETIC_DEMO_DATA
INC-00002924,ALT-00003900,2026-06-19T08:10:53Z,2026-06-19T08:20:53Z,2026-06-19T09:30:53Z,2026-06-19T13:56:53Z,2026-06-19T17:42:53Z,2026-06-19T23:29:53Z,EDY RECON,Exposure Intelligence,AST-0045,RUL-023,Informational,Closed,ANL-018,3,23.8,FALSE,FALSE,SYNTHETIC_DEMO_DATA
INC-00001480,ALT-00005932,2025-03-12T13:57:15Z,2025-03-12T14:08:15Z,2025-03-12T14:20:15Z,2025-03-12T14:57:15Z,2025-03-12T22:15:15Z,,EDY Sentinel,Cloud Detection,AST-0055,RUL-020,Informational,Resolved,ANL-010,4,46.9,FALSE,FALSE,SYNTHETIC_DEMO_DATA
INC-00000930,ALT-00001703,2026-04-10T12:22:04Z,2026-04-10T12:30:04Z,2026-04-10T12:42:04Z,2026-04-10T13:08:04Z,2026-04-11T04:54:04Z,2026-04-11T14:04:04Z,External Synthetic,Cloud Audit,AST-0123,RUL-010,Low,Closed,ANL-009,1,60.5,FALSE,FALSE,SYNTHETIC_DEMO_DATA
INC-00000985,ALT-00010664,2025-08-20T08:48:33Z,2025-08-20T09:24:33Z,2025-08-20T09:35:33Z,2025-08-20T14:32:33Z,2025-08-20T22:56:33Z,,EDY Shield,Endpoint Integrity,AST-0161,RUL-004,Informational,Resolved,ANL-001,2,27.9,FALSE,FALSE,SYNTHETIC_DEMO_DATA
INC-00002278,ALT-00016772,2025-03-15T10:46:28Z,2025-03-15T11:12:28Z,2025-03-15T11:23:28Z,2025-03-15T11:32:28Z,2025-03-16T12:15:28Z,2025-03-16T14:46:28Z,EDY SIEM,Correlation Hub,AST-0232,RUL-001,Medium,Closed,ANL-006,1,66.7,FALSE,FALSE,SYNTHETIC_DEMO_DATA
INC-00000460,ALT-00012635,2025-03-22T15:59:27Z,2025-03-22T16:24:27Z,2025-03-22T17:19:27Z,2025-03-22T18:03:27Z,2025-03-22T19:10:27Z,2025-03-23T07:01:27Z,EDY Shield,Endpoint Integrity,AST-0117,RUL-012,Informational,Closed,ANL-004,4,29.3,FALSE,FALSE,SYNTHETIC_DEMO_DATA
INC-00001265,ALT-00011828,2026-02-16T16:49:12Z,2026-02-16T18:16:12Z,2026-02-16T18:39:12Z,2026-02-16T21:16:12Z,2026-02-17T02:25:12Z,2026-02-17T11:55:12Z,External Synthetic,Network Sensor,AST-0087,RUL-039,Informational,Closed,ANL-003,1,53.1,TRUE,FALSE,SYNTHETIC_DEMO_DATA
INC-00001597,ALT-00011021,2025-11-12T05:03:13Z,2025-11-12T05:36:13Z,2025-11-12T06:32:13Z,2025-11-12T07:23:13Z,2025-11-12T08:00:13Z,2025-11-12T10:05:13Z,External Synthetic,Network Sensor,AST-0162,RUL-043,High,Closed,ANL-004,1,82.2,TRUE,FALSE,SYNTHETIC_DEMO_DATA
INC-00001412,ALT-00002537,2025-03-15T11:30:41Z,2025-03-15T11:37:41Z,2025-03-15T11:53:41Z,2025-03-15T12:54:41Z,2025-03-15T18:39:41Z,2025-03-16T05:56:41Z,External Synthetic,Network Sensor,AST-0010,RUL-037,Informational,Closed,ANL-018,1,42.4,FALSE,FALSE,SYNTHETIC_DEMO_DATA
INC-00001035,ALT-00002753,2026-06-23T09:21:01Z,2026-06-23T09:34:01Z,2026-06-23T09:53:01Z,2026-06-23T11:28:01Z,2026-06-23T12:03:01Z,,External Synthetic,Cloud Audit,AST-0212,RUL-005,Informational,Resolved,ANL-011,3,45.5,FALSE,FALSE,SYNTHETIC_DEMO_DATA
INC-00001209,ALT-00005403,2025-06-26T16:13:02Z,2025-06-26T17:35:02Z,2025-06-26T17:52:02Z,2025-06-26T18:59:02Z,2025-06-26T20:11:02Z,2025-06-27T01:45:02Z,EDY Shield,Endpoint Integrity,AST-0216,RUL-012,Medium,Closed,ANL-001,1,52.6,FALSE,FALSE,SYNTHETIC_DEMO_DATA
INC-00001540,ALT-00014635,2025-05-23T15:28:06Z,2025-05-23T16:25:06Z,2025-05-23T16:44:06Z,2025-05-23T18:11:06Z,2025-05-24T01:02:06Z,2025-05-24T02:42:06Z,EDY Sentinel,Cloud Detection,AST-0125,RUL-010,Medium,Closed,ANL-006,1,75.6,TRUE,FALSE,SYNTHETIC_DEMO_DATA
INC-00003048,ALT-00012547,2026-03-02T07:24:48Z,2026-03-02T07:34:48Z,2026-03-02T08:31:48Z,2026-03-02T09:47:48Z,2026-03-02T11:59:48Z,2026-03-02T14:43:48Z,External Synthetic,Cloud Audit,AST-0207,RUL-007,Low,Closed,ANL-015,1,36.1,FALSE,FALSE,SYNTHETIC_DEMO_DATA
INC-00002912,ALT-00017896,2026-05-19T17:53:40Z,2026-05-19T18:16:40Z,2026-05-19T18:34:40Z,2026-05-19T18:53:40Z,2026-05-19T23:15:40Z,2026-05-20T10:52:40Z,External Synthetic,Cloud Audit,AST-0193,RUL-029,Informational,Closed,ANL-012,1,31.4,FALSE,FALSE,SYNTHETIC_DEMO_DATA
INC-00001640,ALT-00015819,2025-09-27T15:36:52Z,2025-09-27T15:48:52Z,2025-09-27T16:00:52Z,2025-09-27T17:11:52Z,2025-09-27T18:59:52Z,2025-09-28T01:18:52Z,External Synthetic,Cloud Audit,AST-0183,RUL-017,Medium,Closed,ANL-008,3,64.7,FALSE,FALSE,SYNTHETIC_DEMO_DATA
INC-00000804,ALT-00007593,2026-04-29T06:10:24Z,2026-04-29T06:40:24Z,2026-04-29T07:27:24Z,2026-04-29T09:36:24Z,2026-04-29T10:35:24Z,,External Synthetic,Cloud Audit,AST-0078,RUL-007,Low,Resolved,ANL-009,1,61.2,FALSE,FALSE,SYNTHETIC_DEMO_DATA
INC-00000262,ALT-00015158,2026-05-14T17:44:24Z,2026-05-14T17:51:24Z,2026-05-14T18:11:24Z,2026-05-14T18:37:24Z,2026-05-14T19:14:24Z,,External Synthetic,Cloud Audit,AST-0193,RUL-033,High,Resolved,ANL-007,3,93.4,TRUE,FALSE,SYNTHETIC_DEMO_DATA
INC-00002116,ALT-00011723,2025-04-13T01:56:46Z,2025-04-13T02:27:46Z,2025-04-13T02:46:46Z,2025-04-13T03:43:46Z,2025-04-13T08:06:46Z,2025-04-13T10:38:46Z,External Synthetic,Cloud Audit,AST-0233,RUL-018,Informational,Closed,ANL-004,4,33.2,FALSE,FALSE,SYNTHETIC_DEMO_DATA
INC-00003154,ALT-00013937,2025-05-27T19:10:24Z,2025-05-27T19:44:24Z,2025-05-27T20:39:24Z,2025-05-27T21:08:24Z,2025-05-28T04:54:24Z,2025-05-28T15:35:24Z,EDY Sentinel,Cloud Detection,AST-0003,RUL-010,Informational,Closed,ANL-010,3,36.5,FALSE,FALSE,SYNTHETIC_DEMO_DATA
INC-00002021,ALT-00012188,2025-03-20T18:25:23Z,2025-03-20T19:03:23Z,2025-03-20T19:11:23Z,2025-03-20T21:23:23Z,2025-03-21T00:15:23Z,,External Synthetic,Network Sensor,AST-0119,RUL-011,Informational,Resolved,ANL-003,2,35.7,FALSE,FALSE,SYNTHETIC_DEMO_DATA
INC-00001957,ALT-00009811,2026-06-07T11:20:37Z,2026-06-07T12:06:37Z,2026-06-07T12:33:37Z,2026-06-07T12:59:37Z,2026-06-07T15:57:37Z,2026-06-07T23:32:37Z,EDY SIEM,Correlation Hub,AST-0206,RUL-043,Medium,Closed,ANL-003,1,64.0,FALSE,FALSE,SYNTHETIC_DEMO_DATA
INC-00001879,ALT-00003406,2025-06-30T13:30:06Z,2025-06-30T13:59:06Z,2025-06-30T14:24:06Z,2025-06-30T14:56:06Z,2025-06-30T16:29:06Z,2025-07-01T01:05:06Z,EDY SIEM,Correlation Hub,AST-0229,RUL-026,Medium,Closed,ANL-009,3,66.6,FALSE,FALSE,SYNTHETIC_DEMO_DATA
INC-00000808,ALT-00011428,2026-06-12T23:41:42Z,2026-06-13T00:11:42Z,2026-06-13T00:22:42Z,2026-06-13T02:05:42Z,2026-06-13T04:56:42Z,2026-06-13T14:36:42Z,EDY Sentinel,Cloud Detection,AST-0100,RUL-025,Informational,Closed,ANL-016,1,45.2,FALSE,FALSE,SYNTHETIC_DEMO_DATA
INC-00001927,ALT-00009988,2025-07-08T13:32:38Z,2025-07-08T14:16:38Z,2025-07-08T14:37:38Z,2025-07-08T16:04:38Z,2025-07-08T21:54:38Z,2025-07-09T06:56:38Z,EDY Shield,Endpoint Integrity,AST-0101,RUL-018,Informational,Closed,ANL-013,1,42.9,FALSE,FALSE,SYNTHETIC_DEMO_DATA
INC-00002218,ALT-00004953,2026-01-15T16:43:42Z,2026-01-15T17:05:42Z,2026-01-15T17:36:42Z,2026-01-15T18:23:42Z,2026-01-16T00:46:42Z,2026-01-16T04:33:42Z,EDY Sentinel,Cloud Detection,AST-0127,RUL-033,Informational,Closed,ANL-010,1,47.2,FALSE,FALSE,SYNTHETIC_DEMO_DATA
INC-00002536,ALT-00017640,2025-03-26T12:51:39Z,2025-03-26T13:24:39Z,2025-03-26T13:51:39Z,2025-03-26T15:38:39Z,2025-03-26T20:37:39Z,2025-03-27T02:11:39Z,EDY Shield,Endpoint Integrity,AST-0088,RUL-018,Informational,Closed,ANL-016,1,33.4,FALSE,FALSE,SYNTHETIC_DEMO_DATA
INC-00000949,ALT-00004876,2025-05-22T13:47:24Z,2025-05-22T14:07:24Z,2025-05-22T14:17:24Z,2025-05-22T15:12:24Z,2025-05-22T18:01:24Z,2025-05-23T03:27:24Z,EDY SIEM,Correlation Hub,AST-0059,RUL-032,Low,Closed,ANL-002,1,64.1,FALSE,FALSE,SYNTHETIC_DEMO_DATA
INC-00000332,ALT-00013615,2026-06-20T11:26:45Z,2026-06-20T11:38:45Z,2026-06-20T12:06:45Z,2026-06-20T12:43:45Z,2026-06-20T13:04:45Z,2026-06-20T20:02:45Z,EDY RECON,Exposure Intelligence,AST-0038,RUL-016,Informational,Closed,ANL-018,2,38.1,FALSE,FALSE,SYNTHETIC_DEMO_DATA
INC-00002663,ALT-00010966,2025-03-15T15:39:26Z,2025-03-15T15:56:26Z,2025-03-15T16:50:26Z,2025-03-15T17:12:26Z,2025-03-16T00:35:26Z,2025-03-16T04:54:26Z,External Synthetic,Network Sensor,AST-0146,RUL-009,Low,Closed,ANL-010,1,49.7,FALSE,FALSE,SYNTHETIC_DEMO_DATA
INC-00002710,ALT-00004718,2025-06-14T17:32:01Z,2025-06-14T17:52:01Z,2025-06-14T18:01:01Z,2025-06-14T19:44:01Z,2025-06-14T23:15:01Z,2025-06-15T07:24:01Z,EDY Shield,Endpoint Integrity,AST-0229,RUL-040,Low,Closed,ANL-005,4,42.0,FALSE,FALSE,SYNTHETIC_DEMO_DATA
INC-00002554,ALT-00008475,2025-02-28T14:30:46Z,2025-02-28T14:52:46Z,2025-02-28T15:10:46Z,2025-02-28T15:36:46Z,2025-02-28T17:16:46Z,2025-03-01T04:36:46Z,External Synthetic,Identity Provider,AST-0090,RUL-031,Low,Closed,ANL-017,3,41.3,FALSE,FALSE,SYNTHETIC_DEMO_DATA
INC-00002471,ALT-00016608,2025-04-22T13:33:38Z,2025-04-22T13:53:38Z,2025-04-22T14:22:38Z,2025-04-22T14:57:38Z,2025-04-22T15:12:38Z,2025-04-22T19:11:38Z,External Synthetic,Network Sensor,AST-0111,RUL-025,High,Closed,ANL-006,1,94.6,TRUE,FALSE,SYNTHETIC_DEMO_DATA
INC-00002498,ALT-00004929,2026-06-27T12:14:35Z,2026-06-27T12:44:35Z,2026-06-27T14:07:35Z,2026-06-27T16:20:35Z,2026-06-27T22:44:35Z,2026-06-27T22:58:35Z,External Synthetic,Identity Provider,AST-0204,RUL-044,Informational,Closed,ANL-012,3,41.3,FALSE,FALSE,SYNTHETIC_DEMO_DATA
INC-00002694,ALT-00010151,2025-03-13T16:06:45Z,2025-03-13T16:37:45Z,2025-03-13T17:25:45Z,,,,EDY SIEM,Correlation Hub,AST-0236,RUL-019,Low,Active,ANL-009,0,49.9,FALSE,FALSE,SYNTHETIC_DEMO_DATA
INC-00002718,ALT-00011129,2025-03-08T06:46:14Z,2025-03-08T06:48:14Z,2025-03-08T07:40:14Z,2025-03-08T09:42:14Z,2025-03-08T12:12:14Z,2025-03-08T15:19:14Z,External Synthetic,Identity Provider,AST-0227,RUL-007,Low,Closed,ANL-003,1,52.8,FALSE,FALSE,SYNTHETIC_DEMO_DATA
INC-00000477,ALT-00015828,2026-03-22T06:49:27Z,2026-03-22T07:19:27Z,2026-03-22T07:43:27Z,2026-03-22T09:49:27Z,2026-03-22T11:15:27Z,2026-03-22T18:37:27Z,EDY Shield,Endpoint Integrity,AST-0149,RUL-036,Medium,Closed,ANL-013,3,78.0,FALSE,TRUE,SYNTHETIC_DEMO_DATA
INC-00003014,ALT-00008608,2026-02-11T15:30:16Z,2026-02-11T15:49:16Z,2026-02-11T16:17:16Z,2026-02-11T16:53:16Z,2026-02-11T17:24:16Z,2026-02-12T02:29:16Z,EDY Shield,Endpoint Integrity,AST-0218,RUL-004,Low,Closed,ANL-001,3,69.9,TRUE,FALSE,SYNTHETIC_DEMO_DATA
INC-00002357,ALT-00012149,2026-06-10T05:34:28Z,2026-06-10T05:39:28Z,2026-06-10T05:59:28Z,2026-06-10T08:08:28Z,2026-06-10T10:16:28Z,,EDY Sentinel,Cloud Detection,AST-0195,RUL-042,Medium,Resolved,ANL-011,3,76.9,FALSE,FALSE,SYNTHETIC_DEMO_DATA
INC-00000078,ALT-00017684,2025-12-15T03:04:18Z,2025-12-15T03:10:18Z,2025-12-15T04:18:18Z,2025-12-15T05:24:18Z,2025-12-15T06:41:18Z,2025-12-15T06:57:18Z,EDY Shield,Endpoint Integrity,AST-0087,RUL-030,Medium,Closed,ANL-016,1,77.6,FALSE,FALSE,SYNTHETIC_DEMO_DATA
INC-00000419,ALT-00014517,2026-03-13T08:06:35Z,2026-03-13T08:19:35Z,2026-03-13T08:38:35Z,2026-03-13T11:26:35Z,2026-03-14T00:10:35Z,,EDY SIEM,Correlation Hub,AST-0006,RUL-038,Informational,Resolved,ANL-003,3,47.2,FALSE,FALSE,SYNTHETIC_DEMO_DATA
INC-00000032,ALT-00016664,2025-09-29T18:21:35Z,2025-09-29T19:32:35Z,2025-09-29T19:53:35Z,2025-09-29T22:13:35Z,2025-09-30T01:40:35Z,,EDY SIEM,Correlation Hub,AST-0094,RUL-006,Informational,Resolved,ANL-012,2,28.0,FALSE,FALSE,SYNTHETIC_DEMO_DATA
INC-00002024,ALT-00000275,2025-04-24T11:32:52Z,2025-04-24T11:36:52Z,2025-04-24T11:45:52Z,2025-04-24T12:18:52Z,2025-04-24T14:37:52Z,2025-04-24T22:27:52Z,EDY SIEM,Correlation Hub,AST-0026,RUL-021,Critical,Closed,ANL-004,1,100,TRUE,FALSE,SYNTHETIC_DEMO_DATA
INC-00001858,ALT-00007079,2025-07-09T09:51:51Z,2025-07-09T10:13:51Z,2025-07-09T10:23:51Z,,,,EDY SIEM,Correlation Hub,AST-0158,RUL-045,Informational,Active,ANL-010,0,47.7,FALSE,FALSE,SYNTHETIC_DEMO_DATA
INC-00003043,ALT-00013956,2025-05-03T09:43:37Z,2025-05-03T09:49:37Z,2025-05-03T09:58:37Z,2025-05-03T11:23:37Z,2025-05-03T13:56:37Z,2025-05-03T18:43:37Z,EDY Shield,Endpoint Integrity,AST-0086,RUL-013,Informational,Closed,ANL-013,1,50.9,FALSE,FALSE,SYNTHETIC_DEMO_DATA
INC-00002847,ALT-00016221,2025-08-10T10:28:33Z,2025-08-10T11:04:33Z,2025-08-10T11:20:33Z,2025-08-10T12:17:33Z,2025-08-10T13:46:33Z,2025-08-10T16:45:33Z,EDY SIEM,Correlation Hub,AST-0075,RUL-010,Informational,Closed,ANL-017,1,38.8,FALSE,FALSE,SYNTHETIC_DEMO_DATA
INC-00002277,ALT-00012139,2025-11-09T11:20:17Z,2025-11-09T11:27:17Z,2025-11-09T12:12:17Z,2025-11-09T13:12:17Z,2025-11-09T14:25:17Z,,EDY Sentinel,Cloud Detection,AST-0022,RUL-028,High,Resolved,ANL-014,2,89.0,TRUE,FALSE,SYNTHETIC_DEMO_DATA
INC-00000741,ALT-00015878,2025-05-26T02:27:58Z,2025-05-26T03:01:58Z,2025-05-26T03:36:58Z,2025-05-26T03:54:58Z,2025-05-26T05:44:58Z,2025-05-26T11:49:58Z,EDY SIEM,Correlation Hub,AST-0219,RUL-036,Informational,Closed,ANL-017,2,40.0,FALSE,FALSE,SYNTHETIC_DEMO_DATA
INC-00003115,ALT-00001180,2025-05-15T14:07:22Z,2025-05-15T14:47:22Z,2025-05-15T14:59:22Z,2025-05-15T17:11:22Z,2025-05-15T18:34:22Z,2025-05-15T21:16:22Z,External Synthetic,Network Sensor,AST-0022,RUL-012,Low,fechado,ANL-014,1,46.5,FALSE,FALSE,SYNTHETIC_DEMO_DATA
INC-00002107,ALT-00014832,2025-11-19T22:01:44Z,2025-11-19T22:14:44Z,2025-11-19T22:25:44Z,2025-11-19T22:29:44Z,2025-11-20T00:51:44Z,2025-11-20T08:03:44Z,EDY RECON,Exposure Intelligence,AST-0062,RUL-045,Critical,Closed,ANL-017,1,100,TRUE,FALSE,SYNTHETIC_DEMO_DATA
INC-00002378,ALT-00014773,2026-06-19T16:42:44Z,2026-06-19T16:55:44Z,2026-06-19T18:11:44Z,2026-06-19T20:26:44Z,2026-06-19T23:41:44Z,2026-06-20T07:18:44Z,External Synthetic,Cloud Audit,AST-0132,RUL-042,Informational,Closed,ANL-006,1,47.3,FALSE,FALSE,SYNTHETIC_DEMO_DATA
INC-00001070,ALT-00001746,2025-06-19T14:12:15Z,2025-06-19T14:43:15Z,2025-06-19T14:55:15Z,2025-06-19T19:58:15Z,2025-06-19T22:29:15Z,2025-06-20T01:57:15Z,External Synthetic,Identity Provider,AST-0086,RUL-006,INFORMATIONAL,Closed,ANL-018,1,51.4,FALSE,FALSE,SYNTHETIC_DEMO_DATA
INC-00000416,ALT-00005024,2025-03-26T11:36:41Z,2025-03-26T11:53:41Z,2025-03-26T12:01:41Z,2025-03-26T13:45:41Z,2025-03-26T16:04:41Z,2025-03-26T18:53:41Z,EDY RECON,Exposure Intelligence,AST-0137,RUL-033,Informational,Closed,ANL-006,1,39.5,FALSE,FALSE,SYNTHETIC_DEMO_DATA
INC-00001405,ALT-00009142,2025-06-08T16:30:43Z,2025-06-08T16:51:43Z,2025-06-08T17:14:43Z,2025-06-08T18:18:43Z,2025-06-08T18:57:43Z,2025-06-09T02:54:43Z,External Synthetic,Network Sensor,AST-0146,RUL-023,Low,Closed,ANL-014,1,55.1,FALSE,FALSE,SYNTHETIC_DEMO_DATA
INC-00002622,ALT-00002769,2025-11-16T16:49:21Z,2025-11-16T17:11:21Z,2025-11-16T17:25:21Z,2025-11-16T18:24:21Z,2025-11-17T12:41:21Z,2025-11-17T19:53:21Z,External Synthetic,Cloud Audit,AST-0232,RUL-016,Informational,Closed,ANL-008,1,35.3,FALSE,FALSE,SYNTHETIC_DEMO_DATA
INC-00000995,ALT-00017650,2026-01-27T08:35:11Z,2026-01-27T09:10:11Z,2026-01-27T09:49:11Z,2026-01-27T11:59:11Z,2026-01-27T16:03:11Z,2026-01-28T03:40:11Z,EDY SIEM,Correlation Hub,AST-0199,RUL-008,Informational,Closed,,1,42.8,FALSE,FALSE,SYNTHETIC_DEMO_DATA
INC-00002446,ALT-00012268,2026-03-23T05:28:15Z,2026-03-23T06:02:15Z,2026-03-23T06:16:15Z,2026-03-23T06:57:15Z,2026-03-24T02:36:15Z,2026-03-24T13:40:15Z,External Synthetic,Network Sensor,AST-0209,RUL-005,Informational,Closed,ANL-016,1,42.4,FALSE,FALSE,SYNTHETIC_DEMO_DATA
INC-00001741,ALT-00014362,2025-11-11T16:07:50Z,2025-11-11T16:21:50Z,2025-11-11T16:32:50Z,2025-11-11T16:53:50Z,2025-11-11T21:24:50Z,2025-11-12T02:21:50Z,External Synthetic,Cloud Audit,AST-0016,RUL-030,Low,Closed,ANL-002,1,52.2,FALSE,FALSE,SYNTHETIC_DEMO_DATA
INC-00001505,ALT-00006574,2025-06-26T15:07:08Z,2025-06-26T15:27:08Z,2025-06-26T16:21:08Z,2025-06-26T16:32:08Z,2025-06-26T23:51:08Z,2025-06-27T02:28:08Z,External Synthetic,Identity Provider,AST-0051,RUL-025,High,Closed,ANL-018,1,100,TRUE,FALSE,SYNTHETIC_DEMO_DATA
INC-00002959,ALT-00016223,2025-06-15T14:32:42Z,2025-06-15T14:38:42Z,2025-06-15T14:52:42Z,2025-06-15T16:57:42Z,2025-06-15T17:56:42Z,2025-06-16T01:16:42Z,External Synthetic,Cloud Audit,AST-0215,RUL-044,Medium,Closed,ANL-009,3,74.8,TRUE,FALSE,SYNTHETIC_DEMO_DATA
INC-00000980,ALT-00017142,2025-12-07T10:33:22Z,2025-12-07T10:39:22Z,2025-12-07T10:57:22Z,2025-12-07T11:25:22Z,2025-12-07T14:15:22Z,2025-12-07T15:23:22Z,External Synthetic,Identity Provider,AST-0063,RUL-044,High,Closed,ANL-003,3,85.3,TRUE,FALSE,SYNTHETIC_DEMO_DATA
INC-00000748,ALT-00008411,2025-11-29T17:06:19Z,2025-11-29T18:07:19Z,2025-11-29T18:17:19Z,2025-11-29T18:49:19Z,2025-11-29T20:17:19Z,,External Synthetic,Identity Provider,AST-0105,RUL-024,Low,Resolved,ANL-005,1,70.2,TRUE,FALSE,SYNTHETIC_DEMO_DATA
INC-00001760,ALT-00013404,2025-04-16T18:39:08Z,2025-04-16T18:47:08Z,2025-04-16T19:20:08Z,2025-04-16T20:48:08Z,2025-04-16T22:38:08Z,2025-04-17T06:45:08Z,External Synthetic,Network Sensor,AST-0167,RUL-012,Low,Closed,ANL-013,3,77.4,TRUE,FALSE,SYNTHETIC_DEMO_DATA
INC-00002326,ALT-00010667,2025-07-25T16:45:04Z,2025-07-25T17:14:04Z,2025-07-25T17:29:04Z,2025-07-25T19:05:04Z,2025-07-25T21:28:04Z,2025-07-26T06:45:04Z,EDY RECON,Exposure Intelligence,AST-0051,RUL-034,Medium,Closed,ANL-012,2,73.7,FALSE,FALSE,SYNTHETIC_DEMO_DATA
INC-00000611,ALT-00012302,2026-01-01T16:59:07Z,2026-01-01T17:51:07Z,2026-01-01T18:05:07Z,2026-01-01T19:06:07Z,2026-01-01T20:17:07Z,2026-01-02T07:30:07Z,EDY SIEM,Correlation Hub,AST-0044,RUL-016,Low,Closed,ANL-010,3,44.9,FALSE,FALSE,SYNTHETIC_DEMO_DATA
INC-00002898,ALT-00006598,2025-09-29T19:53:03Z,2025-09-29T22:02:03Z,2025-09-29T22:33:03Z,2025-09-30T02:00:03Z,2025-09-30T03:48:03Z,,External Synthetic,Network Sensor,AST-0178,RUL-003,Informational,Resolved,ANL-002,1,36.8,FALSE,FALSE,SYNTHETIC_DEMO_DATA
INC-00002489,ALT-00017661,2025-03-22T23:38:10Z,2025-03-22T23:58:10Z,2025-03-23T00:14:10Z,2025-03-23T00:36:10Z,2025-03-23T03:23:10Z,2025-03-23T15:22:10Z,EDY Shield,Endpoint Integrity,AST-0095,RUL-045,Low,Closed,ANL-004,3,60.2,FALSE,FALSE,SYNTHETIC_DEMO_DATA
INC-00000883,ALT-00011330,2026-03-10T12:37:26Z,2026-03-10T12:52:26Z,2026-03-10T13:21:26Z,2026-03-10T16:16:26Z,2026-03-10T18:29:26Z,,External Synthetic,Cloud Audit,AST-0221,RUL-011,Low,Resolved,ANL-014,1,62.2,FALSE,FALSE,SYNTHETIC_DEMO_DATA
INC-00001584,ALT-00005243,2025-09-22T21:20:01Z,2025-09-22T21:26:01Z,2025-09-22T21:48:01Z,2025-09-23T01:39:01Z,2025-09-23T11:17:01Z,2025-09-23T18:02:01Z,EDY RECON,Exposure Intelligence,AST-0129,RUL-022,Low,Closed,ANL-003,1,61.3,TRUE,FALSE,SYNTHETIC_DEMO_DATA
INC-00000987,ALT-00011206,2025-11-21T04:50:37Z,2025-11-21T05:08:37Z,2025-11-21T06:10:37Z,2025-11-21T09:18:37Z,2025-11-21T12:46:37Z,,External Synthetic,Identity Provider,AST-0002,RUL-021,Informational,Resolved,ANL-005,1,35.3,FALSE,FALSE,SYNTHETIC_DEMO_DATA
INC-00001986,ALT-00016014,2025-03-24T20:08:37Z,2025-03-24T20:15:37Z,2025-03-24T20:28:37Z,2025-03-24T21:56:37Z,2025-03-25T01:02:37Z,2025-03-25T04:31:37Z,EDY Sentinel,Cloud Detection,AST-0133,RUL-012,Low,Closed,ANL-015,1,54.6,FALSE,FALSE,SYNTHETIC_DEMO_DATA
INC-00000812,ALT-00005283,2025-06-24T16:38:36Z,2025-06-24T17:08:36Z,2025-06-24T17:37:36Z,2025-06-24T18:14:36Z,2025-06-25T00:07:36Z,2025-06-25T10:05:36Z,EDY SIEM,Correlation Hub,AST-0145,RUL-045,Low,Closed,ANL-007,1,59.1,FALSE,FALSE,SYNTHETIC_DEMO_DATA
INC-00001387,ALT-00005612,2025-10-02T21:30:06Z,2025-10-02T21:56:06Z,2025-10-02T22:22:06Z,2025-10-03T00:24:06Z,2025-10-03T03:38:06Z,2025-10-03T07:05:06Z,External Synthetic,Cloud Audit,AST-0077,RUL-042,Low,Closed,ANL-014,1,66.5,FALSE,FALSE,SYNTHETIC_DEMO_DATA
INC-00001692,ALT-00008009,2025-12-11T10:39:04Z,2025-12-11T10:57:04Z,2025-12-11T11:11:04Z,2025-12-11T11:41:04Z,2025-12-11T13:39:04Z,2025-12-11T15:02:04Z,External Synthetic,Cloud Audit,AST-0168,RUL-009,High,Closed,ANL-005,3,100,TRUE,FALSE,SYNTHETIC_DEMO_DATA
INC-00003116,ALT-00016836,2026-06-12T10:34:50Z,2026-06-12T10:49:50Z,2026-06-12T11:25:50Z,2026-06-12T12:46:50Z,2026-06-12T16:43:50Z,,EDY SIEM,Correlation Hub,AST-0091,RUL-004,Medium,Resolved,ANL-008,1,72.0,FALSE,FALSE,SYNTHETIC_DEMO_DATA
INC-00002193,ALT-00006974,2025-05-11T02:59:28Z,2025-05-11T03:37:28Z,2025-05-11T03:51:28Z,2025-05-11T04:28:28Z,2025-05-11T07:41:28Z,,External Synthetic,Cloud Audit,AST-0060,RUL-011,Low,Resolved,ANL-006,3,59.2,FALSE,FALSE,SYNTHETIC_DEMO_DATA
INC-00002154,ALT-00014305,2025-04-26T10:33:38Z,2025-04-26T10:41:38Z,2025-04-26T10:55:38Z,2025-04-26T12:56:38Z,2025-04-26T16:49:38Z,2025-04-26T20:50:38Z,EDY Sentinel,Cloud Detection,AST-0037,RUL-009,Low,Closed,ANL-009,3,61.4,FALSE,FALSE,SYNTHETIC_DEMO_DATA
INC-00002028,ALT-00014629,2025-11-27T17:04:58Z,2025-11-27T17:24:58Z,2025-11-27T17:39:58Z,2025-11-27T20:05:58Z,2025-11-28T09:39:58Z,2025-11-28T14:10:58Z,EDY RECON,Exposure Intelligence,AST-0160,RUL-022,Low,Closed,ANL-009,2,50.3,FALSE,FALSE,SYNTHETIC_DEMO_DATA
INC-00001687,ALT-00016015,2026-06-12T12:29:51Z,2026-06-12T13:12:51Z,2026-06-12T14:14:51Z,2026-06-12T15:22:51Z,2026-06-12T17:49:51Z,,EDY Sentinel,Cloud Detection,AST-0178,RUL-031,Informational,Resolved,ANL-001,1,42.8,FALSE,FALSE,SYNTHETIC_DEMO_DATA
INC-00003021,ALT-00011902,2026-07-09T19:21:41Z,2026-07-09T19:25:41Z,2026-07-09T19:37:41Z,2026-07-09T20:05:41Z,2026-07-09T23:31:41Z,2026-07-10T04:05:41Z,External Synthetic,Network Sensor,AST-0230,RUL-010,Informational,Closed,ANL-005,1,51.0,FALSE,TRUE,SYNTHETIC_DEMO_DATA
INC-00002739,ALT-00004581,2026-02-04T06:04:31Z,2026-02-04T06:30:31Z,2026-02-04T06:32:31Z,2026-02-04T07:20:31Z,2026-02-04T08:58:31Z,2026-02-04T19:28:31Z,EDY Sentinel,Cloud Detection,AST-0196,RUL-042,Informational,Closed,ANL-017,1,47.2,TRUE,FALSE,SYNTHETIC_DEMO_DATA
INC-00002362,ALT-00005250,2026-03-27T19:01:15Z,2026-03-27T19:10:15Z,2026-03-27T19:16:15Z,2026-03-27T19:40:15Z,2026-03-27T21:27:15Z,2026-03-27T22:23:15Z,EDY RECON,Exposure Intelligence,AST-0195,RUL-041,Low,Closed,ANL-011,1,59.8,FALSE,FALSE,SYNTHETIC_DEMO_DATA
INC-00000977,ALT-00006085,2025-07-29T10:27:40Z,2025-07-29T10:56:40Z,2025-07-29T11:06:40Z,2025-07-29T17:35:40Z,2025-07-29T19:55:40Z,,External Synthetic,Network Sensor,AST-0217,RUL-039,Informational,Resolved,ANL-003,1,43.0,FALSE,FALSE,SYNTHETIC_DEMO_DATA
INC-00001449,ALT-00001004,2026-02-24T16:49:00Z,2026-02-24T17:09:00Z,2026-02-24T17:28:00Z,2026-02-24T18:10:00Z,2026-02-24T18:33:00Z,2026-02-24T20:54:00Z,EDY RECON,Exposure Intelligence,AST-0005,RUL-036,Medium,Closed,ANL-013,1,75.1,FALSE,FALSE,SYNTHETIC_DEMO_DATA
INC-00001407,ALT-00011705,2026-05-23T02:12:31Z,2026-05-23T02:23:31Z,2026-05-23T02:43:31Z,2026-05-23T04:04:31Z,2026-05-23T05:31:31Z,2026-05-23T08:09:31Z,EDY SIEM,Correlation Hub,AST-0046,RUL-023,Low,Closed,ANL-018,1,60.1,FALSE,FALSE,SYNTHETIC_DEMO_DATA
INC-00002857,ALT-00015738,2026-02-03T06:05:05Z,2026-02-03T06:49:05Z,2026-02-03T07:00:05Z,2026-02-03T09:52:05Z,2026-02-03T10:51:05Z,2026-02-03T20:52:05Z,External Synthetic,Cloud Audit,AST-0037,RUL-041,Low,Closed,ANL-002,1,54.4,FALSE,FALSE,SYNTHETIC_DEMO_DATA
INC-00000211,ALT-00002231,2025-08-12T19:05:20Z,2025-08-12T19:29:20Z,2025-08-12T19:36:20Z,2025-08-12T21:07:20Z,2025-08-13T01:02:20Z,2025-08-13T06:18:20Z,External Synthetic,Network Sensor,AST-0116,RUL-005,Informational,Closed,ANL-001,1,36.1,FALSE,FALSE,SYNTHETIC_DEMO_DATA
INC-00001185,ALT-00010491,2026-04-13T01:21:12Z,2026-04-13T01:44:12Z,2026-04-13T02:19:12Z,2026-04-13T02:43:12Z,2026-04-13T05:50:12Z,2026-04-13T16:53:12Z,EDY Shield,Endpoint Integrity,AST-0006,RUL-044,Informational,Closed,ANL-005,1,47.3,FALSE,FALSE,SYNTHETIC_DEMO_DATA
INC-00003038,ALT-00014795,2026-03-03T20:47:02Z,2026-03-03T21:27:02Z,2026-03-03T21:40:02Z,2026-03-03T22:53:02Z,2026-03-04T08:58:02Z,2026-03-04T09:50:02Z,EDY SIEM,Correlation Hub,AST-0074,RUL-027,Medium,Closed,ANL-014,1,66.3,FALSE,FALSE,SYNTHETIC_DEMO_DATA
INC-00003127,ALT-00009403,2025-09-19T17:40:15Z,2025-09-19T18:00:15Z,2025-09-19T18:17:15Z,2025-09-19T18:45:15Z,2025-09-20T11:20:15Z,2025-09-20T20:14:15Z,External Synthetic,Network Sensor,AST-0080,RUL-017,Low,Closed,ANL-002,2,43.7,FALSE,TRUE,SYNTHETIC_DEMO_DATA
INC-00001012,ALT-00010051,2025-06-02T15:16:29Z,2025-06-02T15:38:29Z,2025-06-02T16:21:29Z,2025-06-02T16:52:29Z,2025-06-02T18:34:29Z,2025-06-02T19:18:29Z,External Synthetic,Identity Provider,AST-0182,RUL-006,High,Closed,ANL-013,2,91.5,TRUE,FALSE,SYNTHETIC_DEMO_DATA
INC-00002934,ALT-00001286,2026-02-07T11:09:13Z,2026-02-07T13:17:13Z,2026-02-07T13:40:13Z,2026-02-07T20:35:13Z,2026-02-08T00:27:13Z,2026-02-08T04:21:13Z,EDY SIEM,Correlation Hub,AST-0055,RUL-004,Low,Closed,ANL-003,1,60.9,FALSE,FALSE,SYNTHETIC_DEMO_DATA
INC-00000163,ALT-00009944,2025-10-22T07:09:28Z,2025-10-22T07:18:28Z,2025-10-22T07:28:28Z,2025-10-22T07:53:28Z,2025-10-22T10:50:28Z,2025-10-22T15:19:28Z,EDY Shield,Endpoint Integrity,AST-0066,RUL-014,High,Closed,ANL-016,1,91.0,TRUE,FALSE,SYNTHETIC_DEMO_DATA
INC-00000096,ALT-00007758,2025-12-19T15:02:53Z,2025-12-19T15:09:53Z,2025-12-19T15:24:53Z,2025-12-19T17:40:53Z,2025-12-19T19:20:53Z,2025-12-20T04:12:53Z,External Synthetic,Cloud Audit,AST-0133,RUL-018,Medium,Closed,ANL-016,1,69.0,FALSE,FALSE,SYNTHETIC_DEMO_DATA
INC-00003002,ALT-00005291,2025-02-05T12:17:59Z,2025-02-05T12:39:59Z,2025-02-05T12:52:59Z,2025-02-05T16:09:59Z,2025-02-05T21:24:59Z,,EDY RECON,Exposure Intelligence,AST-0030,RUL-011,Informational,Resolved,ANL-012,1,35.0,FALSE,FALSE,SYNTHETIC_DEMO_DATA
INC-00002459,ALT-00012621,2026-03-19T19:40:15Z,2026-03-19T19:55:15Z,2026-03-19T20:42:15Z,2026-03-19T21:22:15Z,2026-03-20T03:51:15Z,2026-03-20T11:50:15Z,External Synthetic,Cloud Audit,AST-0129,RUL-011,Low,Closed,ANL-016,1,49.0,FALSE,FALSE,SYNTHETIC_DEMO_DATA
INC-00002711,ALT-00006521,2025-06-28T17:56:25Z,2025-06-28T17:59:25Z,2025-06-28T18:25:25Z,2025-06-28T18:39:25Z,2025-06-28T20:47:25Z,,External Synthetic,Network Sensor,AST-0158,RUL-043,Medium,Resolved,ANL-017,1,78.0,FALSE,FALSE,SYNTHETIC_DEMO_DATA
INC-00002090,ALT-00017301,2026-05-08T13:56:53Z,2026-05-08T14:20:53Z,2026-05-08T14:42:53Z,2026-05-08T15:47:53Z,2026-05-08T20:53:53Z,2026-05-08T23:58:53Z,EDY SIEM,Correlation Hub,AST-0221,RUL-009,Informational,Closed,ANL-006,1,57.2,TRUE,FALSE,SYNTHETIC_DEMO_DATA
INC-00002194,ALT-00004121,2026-02-19T11:28:54Z,2026-02-19T11:38:54Z,2026-02-19T14:30:54Z,2026-02-19T16:21:54Z,2026-02-19T20:45:54Z,2026-02-19T22:49:54Z,EDY Sentinel,Cloud Detection,AST-0061,RUL-017,Medium,Closed,ANL-018,1,71.8,FALSE,FALSE,SYNTHETIC_DEMO_DATA
INC-00000098,ALT-00017848,2025-05-18T18:01:15Z,2025-05-18T18:47:15Z,2025-05-18T19:16:15Z,2025-05-18T22:24:15Z,2025-05-19T00:23:15Z,2025-05-19T01:48:15Z,External Synthetic,Network Sensor,AST-0134,RUL-043,Medium,Closed,ANL-002,1,60.8,FALSE,FALSE,SYNTHETIC_DEMO_DATA
INC-00002868,ALT-00017249,2025-07-18T02:44:47Z,2025-07-18T02:59:47Z,2025-07-18T03:34:47Z,2025-07-18T04:03:47Z,2025-07-18T05:49:47Z,2025-07-18T08:22:47Z,EDY SIEM,Correlation Hub,AST-0191,RUL-032,Medium,Closed,ANL-016,3,71.7,FALSE,FALSE,SYNTHETIC_DEMO_DATA
INC-00001903,ALT-00016126,2025-10-30T07:02:27Z,2025-10-30T07:21:27Z,2025-10-30T07:29:27Z,2025-10-30T08:12:27Z,2025-10-30T20:45:27Z,2025-10-31T07:25:27Z,EDY RECON,Exposure Intelligence,AST-0166,RUL-011,Informational,Closed,ANL-001,1,43.0,TRUE,FALSE,SYNTHETIC_DEMO_DATA
INC-00001783,ALT-00009688,2025-09-10T16:33:05Z,2025-09-10T16:44:05Z,2025-09-10T17:00:05Z,2025-09-10T18:07:05Z,2025-09-11T00:40:05Z,2025-09-11T04:58:05Z,EDY SIEM,Correlation Hub,AST-0035,RUL-011,Medium,Closed,ANL-015,2,65.2,FALSE,FALSE,SYNTHETIC_DEMO_DATA
INC-00000388,ALT-00006037,2026-05-10T15:53:03Z,2026-05-10T16:01:03Z,2026-05-10T16:25:03Z,2026-05-10T18:14:03Z,2026-05-10T20:24:03Z,2026-05-11T04:56:03Z,EDY RECON,Exposure Intelligence,AST-0220,RUL-036,Informational,Closed,ANL-004,2,36.2,FALSE,FALSE,SYNTHETIC_DEMO_DATA
INC-00000354,ALT-00016450,2026-06-05T14:12:53Z,2026-06-05T14:48:53Z,2026-06-05T15:09:53Z,2026-06-05T16:52:53Z,2026-06-05T19:08:53Z,2026-06-05T22:41:53Z,External Synthetic,Cloud Audit,AST-0011,RUL-019,Informational,Closed,ANL-008,2,40.3,FALSE,FALSE,SYNTHETIC_DEMO_DATA
INC-00001793,ALT-00012955,2026-04-23T16:55:17Z,2026-04-23T17:13:17Z,2026-04-23T17:39:17Z,2026-04-23T18:48:17Z,2026-04-23T19:19:17Z,2026-04-23T23:49:17Z,External Synthetic,Identity Provider,AST-0133,RUL-012,Low,Closed,ANL-016,3,67.2,TRUE,FALSE,SYNTHETIC_DEMO_DATA
INC-00002690,ALT-00000417,2025-04-10T19:15:57Z,2025-04-10T20:01:57Z,2025-04-10T20:15:57Z,2025-04-10T21:46:57Z,2025-04-11T05:17:57Z,2025-04-11T14:18:57Z,External Synthetic,Cloud Audit,AST-0031,RUL-027,Informational,Closed,ANL-018,1,28.3,FALSE,FALSE,SYNTHETIC_DEMO_DATA
INC-00002587,ALT-00012604,2026-04-27T05:56:34Z,2026-04-27T06:23:34Z,2026-04-27T06:45:34Z,,,,External Synthetic,Network Sensor,AST-0144,RUL-003,Informational,Active,,0,21.0,FALSE,FALSE,SYNTHETIC_DEMO_DATA
INC-00000802,ALT-00004723,2026-05-19T07:47:39Z,2026-05-19T08:10:39Z,2026-05-19T08:27:39Z,2026-05-19T09:11:39Z,2026-05-19T13:25:39Z,2026-05-19T15:42:39Z,EDY Shield,Endpoint Integrity,AST-0074,RUL-001,Informational,Closed,ANL-004,1,36.8,FALSE,FALSE,SYNTHETIC_DEMO_DATA
INC-00001582,ALT-00005489,2026-07-21T17:55:55Z,2026-07-21T18:00:55Z,2026-07-21T18:24:55Z,2026-07-21T19:17:55Z,2026-07-21T19:53:55Z,2026-07-22T05:21:55Z,EDY SIEM,Correlation Hub,AST-0187,RUL-028,Medium,Closed,ANL-018,1,70.1,FALSE,FALSE,SYNTHETIC_DEMO_DATA
INC-00000989,ALT-00002423,2025-05-06T23:15:26Z,2025-05-06T23:27:26Z,2025-05-07T01:07:26Z,2025-05-07T01:37:26Z,2025-05-07T02:42:26Z,2025-05-07T08:54:26Z,EDY Sentinel,Cloud Detection,AST-0063,RUL-007,Medium,Closed,ANL-011,1,52.7,FALSE,FALSE,SYNTHETIC_DEMO_DATA
INC-00002065,ALT-00007863,2026-07-26T15:12:27Z,2026-07-26T16:07:27Z,2026-07-26T16:18:27Z,2026-07-26T16:41:27Z,2026-07-26T18:50:27Z,,EDY Shield,Endpoint Integrity,AST-0088,RUL-027,Critical,Resolved,ANL-005,1,100,TRUE,FALSE,SYNTHETIC_DEMO_DATA
INC-00001832,ALT-00013826,2026-06-16T20:45:12Z,2026-06-16T20:58:12Z,2026-06-16T21:16:12Z,2026-06-16T23:11:12Z,2026-06-17T07:16:12Z,2026-06-17T13:20:12Z,External Synthetic,Network Sensor,AST-0105,RUL-007,Low,Closed,ANL-013,2,63.0,FALSE,FALSE,SYNTHETIC_DEMO_DATA
INC-00000040,ALT-00009227,2026-04-28T10:10:21Z,2026-04-28T10:13:21Z,2026-04-28T10:31:21Z,2026-04-28T14:00:21Z,2026-04-28T20:09:21Z,2026-04-28T21:46:21Z,External Synthetic,Network Sensor,AST-0080,RUL-029,Low,Closed,ANL-011,1,43.9,FALSE,FALSE,SYNTHETIC_DEMO_DATA
INC-00001777,ALT-00015251,2025-08-08T15:08:52Z,2025-08-08T15:21:52Z,2025-08-08T15:39:52Z,2025-08-08T16:42:52Z,2025-08-08T19:03:52Z,,EDY Shield,Endpoint Integrity,AST-0083,RUL-013,Medium,Resolved,ANL-003,3,66.4,FALSE,FALSE,SYNTHETIC_DEMO_DATA
INC-00000440,ALT-00003506,2025-12-26T11:38:50Z,2025-12-26T11:56:50Z,2025-12-26T12:14:50Z,2025-12-26T15:35:50Z,2025-12-26T16:52:50Z,2025-12-26T21:00:50Z,EDY Sentinel,Cloud Detection,AST-0221,RUL-030,Informational,Closed,ANL-018,1,65.0,TRUE,FALSE,SYNTHETIC_DEMO_DATA
INC-00002834,ALT-00009953,2025-12-03T11:14:31Z,2025-12-03T11:49:31Z,2025-12-03T12:17:31Z,2025-12-03T14:41:31Z,2025-12-04T04:43:31Z,2025-12-04T05:04:31Z,External Synthetic,Identity Provider,AST-0136,RUL-023,Low,Closed,ANL-001,3,55.7,FALSE,FALSE,SYNTHETIC_DEMO_DATA
INC-00002982,ALT-00005740,2026-03-05T15:04:36Z,2026-03-05T15:16:36Z,2026-03-05T15:32:36Z,2026-03-05T17:17:36Z,2026-03-05T21:53:36Z,2026-03-06T06:25:36Z,External Synthetic,Network Sensor,AST-0144,RUL-045,Informational,Closed,ANL-008,1,24.2,FALSE,FALSE,SYNTHETIC_DEMO_DATA
INC-00000026,ALT-00002168,2025-07-30T05:02:26Z,2025-07-30T05:25:26Z,2025-07-30T05:50:26Z,2025-07-30T05:58:26Z,2025-07-31T07:23:26Z,2025-07-31T19:23:26Z,EDY SIEM,Correlation Hub,AST-0109,RUL-026,Low,Closed,ANL-001,1,63.4,FALSE,FALSE,SYNTHETIC_DEMO_DATA
INC-00000240,ALT-00012060,2025-08-30T22:42:16Z,2025-08-30T22:49:16Z,2025-08-30T23:08:16Z,2025-08-31T00:47:16Z,2025-08-31T01:31:16Z,2025-08-31T03:31:16Z,EDY Sentinel,Cloud Detection,AST-0219,RUL-028,Low,Closed,ANL-015,1,53.6,FALSE,FALSE,SYNTHETIC_DEMO_DATA
INC-00002514,ALT-00000355,2025-12-24T16:47:31Z,2025-12-24T17:10:31Z,2025-12-24T18:05:31Z,2025-12-24T18:37:31Z,2025-12-25T08:14:31Z,2025-12-25T14:46:31Z,EDY SIEM,Correlation Hub,AST-0105,RUL-036,Informational,Closed,ANL-008,1,48.2,FALSE,FALSE,SYNTHETIC_DEMO_DATA
INC-00002437,ALT-00010412,2026-02-17T07:37:55Z,2026-02-17T07:41:55Z,2026-02-17T07:48:55Z,2026-02-17T08:54:55Z,2026-02-17T12:53:55Z,,EDY Shield,Endpoint Integrity,AST-0227,RUL-028,Medium,Resolved,ANL-009,3,66.6,FALSE,FALSE,SYNTHETIC_DEMO_DATA
INC-00000896,ALT-00014467,2026-03-18T03:28:27Z,2026-03-18T03:46:27Z,2026-03-18T04:04:27Z,2026-03-18T11:35:27Z,2026-03-18T12:47:27Z,2026-03-18T14:47:27Z,EDY Shield,Endpoint Integrity,AST-0017,RUL-015,Informational,Closed,ANL-012,1,28.8,FALSE,FALSE,SYNTHETIC_DEMO_DATA
INC-00003031,ALT-00010454,2025-12-04T05:17:30Z,2025-12-04T05:33:30Z,2025-12-04T05:55:30Z,2025-12-05T11:49:30Z,2025-12-05T18:58:30Z,2025-12-05T22:37:30Z,EDY Shield,Endpoint Integrity,AST-0064,RUL-023,Low,Closed,ANL-008,1,62.9,FALSE,FALSE,SYNTHETIC_DEMO_DATA
INC-00001136,ALT-00004920,2026-05-30T06:45:06Z,2026-05-30T06:57:06Z,2026-05-30T07:42:06Z,2026-05-30T08:37:06Z,2026-05-30T12:04:06Z,2026-05-30T21:40:06Z,EDY Shield,Endpoint Integrity,AST-0231,RUL-034,Informational,Closed,ANL-006,3,45.2,FALSE,FALSE,SYNTHETIC_DEMO_DATA
INC-00000446,ALT-00003205,2026-03-05T14:13:30Z,2026-03-05T14:24:30Z,2026-03-05T14:46:30Z,2026-03-05T20:39:30Z,2026-03-05T22:14:30Z,2026-03-06T08:37:30Z,External Synthetic,Network Sensor,AST-0050,RUL-040,Medium,Closed,ANL-014,1,80.9,FALSE,FALSE,SYNTHETIC_DEMO_DATA
INC-00002673,ALT-00010883,2026-04-17T16:50:26Z,2026-04-17T17:25:26Z,2026-04-17T17:34:26Z,2026-04-17T19:11:26Z,2026-04-18T01:24:26Z,2026-04-18T05:01:26Z,External Synthetic,Cloud Audit,AST-0222,RUL-017,Informational,Closed,ANL-011,1,52.5,TRUE,FALSE,SYNTHETIC_DEMO_DATA
INC-00000616,ALT-00000404,2026-01-13T19:40:48Z,2026-01-13T20:02:48Z,2026-01-13T20:12:48Z,2026-01-13T21:05:48Z,2026-01-14T01:36:48Z,2026-01-14T06:08:48Z,EDY RECON,Exposure Intelligence,AST-0013,RUL-029,Informational,Closed,ANL-010,1,41.6,TRUE,FALSE,SYNTHETIC_DEMO_DATA
INC-00002515,ALT-00006173,2025-05-30T14:29:03Z,2025-05-30T14:48:03Z,2025-05-30T14:54:03Z,2025-05-30T16:28:03Z,2025-05-30T19:05:03Z,2025-05-31T06:52:03Z,External Synthetic,Network Sensor,AST-0178,RUL-005,Informational,Closed,ANL-001,1,40.0,FALSE,FALSE,SYNTHETIC_DEMO_DATA
INC-00001928,ALT-00005760,2025-05-15T14:34:08Z,2025-05-15T14:56:08Z,2025-05-15T15:14:08Z,2025-05-15T19:23:08Z,2025-05-15T21:04:08Z,2025-05-16T03:36:08Z,External Synthetic,Identity Provider,AST-0145,RUL-001,Low,Closed,ANL-007,1,62.7,FALSE,FALSE,SYNTHETIC_DEMO_DATA
INC-00000251,ALT-00007938,2025-06-17T08:46:11Z,2025-06-17T08:52:11Z,2025-06-17T09:11:11Z,2025-06-17T09:55:11Z,2025-06-17T12:21:11Z,2025-06-17T19:50:11Z,External Synthetic,Identity Provider,AST-0042,RUL-036,Informational,Closed,ANL-009,1,40.7,FALSE,FALSE,SYNTHETIC_DEMO_DATA
INC-00000323,ALT-00001195,2026-04-13T21:09:03Z,2026-04-13T22:05:03Z,2026-04-13T22:21:03Z,2026-04-13T23:15:03Z,2026-04-14T04:29:03Z,2026-04-14T15:23:03Z,EDY Shield,Endpoint Integrity,AST-0067,RUL-036,Informational,Closed,ANL-009,1,37.0,FALSE,FALSE,SYNTHETIC_DEMO_DATA
INC-00001155,ALT-00000501,2025-12-19T00:59:44Z,2025-12-19T01:25:44Z,2025-12-19T02:27:44Z,2025-12-19T03:59:44Z,2025-12-19T09:11:44Z,,External Synthetic,Network Sensor,AST-0171,RUL-011,High,Resolved,ANL-002,1,82.6,TRUE,FALSE,SYNTHETIC_DEMO_DATA
INC-00000822,ALT-00002762,2025-11-27T07:32:29Z,2025-11-27T09:02:29Z,2025-11-27T09:18:29Z,2025-11-27T10:36:29Z,2025-11-27T14:23:29Z,2025-11-27T23:20:29Z,External Synthetic,Identity Provider,AST-0136,RUL-039,Low,Closed,ANL-009,2,54.5,FALSE,FALSE,SYNTHETIC_DEMO_DATA
INC-00002044,ALT-00000582,2026-06-26T06:42:06Z,2026-06-26T07:21:06Z,2026-06-26T07:34:06Z,2026-06-26T09:04:06Z,2026-06-26T15:40:06Z,2026-06-26T20:22:06Z,EDY SIEM,Correlation Hub,AST-0110,RUL-011,Low,Closed,ANL-005,4,57.1,FALSE,FALSE,SYNTHETIC_DEMO_DATA
INC-00001211,ALT-00006172,2026-03-31T09:25:37Z,2026-03-31T09:44:37Z,2026-03-31T10:21:37Z,2026-03-31T11:00:37Z,2026-03-31T11:46:37Z,,EDY Sentinel,Cloud Detection,AST-0046,RUL-037,Medium,Resolved,ANL-005,2,76.5,FALSE,FALSE,SYNTHETIC_DEMO_DATA
INC-00000636,ALT-00013731,2025-05-09T14:02:34Z,2025-05-09T14:58:34Z,2025-05-09T15:34:34Z,2025-05-09T17:26:34Z,2025-05-09T18:51:34Z,,External Synthetic,Cloud Audit,AST-0236,RUL-017,Low,Resolved,ANL-015,1,51.7,FALSE,TRUE,SYNTHETIC_DEMO_DATA
INC-00000608,ALT-00000783,2025-11-22T10:43:29Z,2025-11-22T11:23:29Z,2025-11-22T11:33:29Z,2025-11-22T12:22:29Z,2025-11-22T13:57:29Z,2025-11-22T19:52:29Z,EDY Shield,Endpoint Integrity,AST-0017,RUL-034,Low,Closed,ANL-013,4,51.7,FALSE,FALSE,SYNTHETIC_DEMO_DATA
INC-00000530,ALT-00003659,2025-07-20T15:24:24Z,2025-07-20T15:31:24Z,2025-07-20T15:43:24Z,2025-07-20T16:14:24Z,2025-07-20T22:17:24Z,2025-07-21T07:07:24Z,EDY RECON,Exposure Intelligence,AST-0204,RUL-035,Medium,Closed,ANL-002,1,74.3,FALSE,TRUE,SYNTHETIC_DEMO_DATA
INC-00002657,ALT-00010417,2025-09-08T17:01:37Z,2025-09-08T17:11:37Z,2025-09-08T17:43:37Z,2025-09-08T18:20:37Z,2025-09-08T20:31:37Z,2025-09-09T02:04:37Z,External Synthetic,Identity Provider,AST-0140,RUL-038,Informational,Closed,ANL-015,1,46.5,FALSE,FALSE,SYNTHETIC_DEMO_DATA
INC-00001119,ALT-00017507,2025-06-02T22:35:03Z,2025-06-02T22:48:03Z,2025-06-02T23:08:03Z,,,,External Synthetic,Cloud Audit,AST-0059,RUL-016,Medium,Active,ANL-001,0,81.4,FALSE,FALSE,SYNTHETIC_DEMO_DATA
INC-00000433,ALT-00002688,2026-02-19T08:35:08Z,2026-02-19T09:21:08Z,2026-02-19T09:32:08Z,2026-02-19T13:54:08Z,2026-02-19T15:08:08Z,,External Synthetic,Network Sensor,AST-0049,RUL-030,Informational,Resolved,ANL-013,1,36.4,FALSE,FALSE,SYNTHETIC_DEMO_DATA
INC-00001356,ALT-00010993,2026-06-04T16:35:03Z,2026-06-04T16:58:03Z,2026-06-04T17:05:03Z,2026-06-04T19:24:03Z,2026-06-04T22:57:03Z,2026-06-05T04:35:03Z,External Synthetic,Network Sensor,AST-0235,RUL-036,Medium,Closed,ANL-016,1,75.4,FALSE,FALSE,SYNTHETIC_DEMO_DATA
INC-00002901,ALT-00017965,2025-07-17T14:14:21Z,2025-07-17T14:43:21Z,2025-07-17T14:48:21Z,2025-07-17T15:39:21Z,2025-07-17T21:45:21Z,2025-07-18T08:55:21Z,External Synthetic,Cloud Audit,AST-0100,RUL-007,Informational,Closed,ANL-017,2,47.5,FALSE,FALSE,SYNTHETIC_DEMO_DATA
INC-00002429,ALT-00007572,2025-06-18T03:06:51Z,2025-06-18T03:10:51Z,2025-06-18T03:30:51Z,2025-06-18T03:57:51Z,2025-06-18T05:04:51Z,2025-06-18T09:13:51Z,EDY SIEM,Correlation Hub,AST-0055,RUL-014,High,Closed,ANL-012,1,100,TRUE,FALSE,SYNTHETIC_DEMO_DATA
INC-00002157,ALT-00010944,2026-06-17T12:14:08Z,2026-06-17T12:24:08Z,2026-06-17T12:44:08Z,2026-06-17T15:19:08Z,2026-06-17T15:46:08Z,2026-06-18T01:59:08Z,EDY Sentinel,Cloud Detection,AST-0173,RUL-017,Low,Closed,ANL-006,1,50.6,FALSE,FALSE,SYNTHETIC_DEMO_DATA
INC-00001158,ALT-00017310,2025-07-17T23:58:46Z,2025-07-18T00:29:46Z,2025-07-18T00:34:46Z,2025-07-18T02:13:46Z,2025-07-18T03:22:46Z,,External Synthetic,Cloud Audit,AST-0224,RUL-005,Low,Resolved,ANL-015,1,42.2,FALSE,FALSE,SYNTHETIC_DEMO_DATA
INC-00002075,ALT-00007811,2026-04-19T08:32:06Z,2026-04-19T08:50:06Z,2026-04-19T08:56:06Z,2026-04-19T10:10:06Z,2026-04-19T10:40:06Z,2026-04-19T21:46:06Z,EDY SIEM,Correlation Hub,AST-0160,RUL-039,Critical,Closed,ANL-007,3,100,TRUE,FALSE,SYNTHETIC_DEMO_DATA
INC-00002100,ALT-00008893,2026-01-23T23:04:45Z,2026-01-24T00:00:45Z,2026-01-24T00:26:45Z,2026-01-24T03:29:45Z,2026-01-24T04:50:45Z,2026-01-24T06:04:45Z,EDY SIEM,Correlation Hub,AST-0036,RUL-039,Informational,Closed,ANL-008,3,30.3,FALSE,FALSE,SYNTHETIC_DEMO_DATA
INC-00000227,ALT-00009304,2025-03-31T09:29:23Z,2025-03-31T09:31:23Z,2025-03-31T09:54:23Z,2025-03-31T11:49:23Z,2025-03-31T13:33:23Z,2025-03-31T23:35:23Z,External Synthetic,Network Sensor,AST-0185,RUL-032,Medium,Closed,ANL-017,4,79.2,FALSE,FALSE,SYNTHETIC_DEMO_DATA
INC-00000403,ALT-00000737,2026-03-19T11:43:41Z,2026-03-19T12:15:41Z,2026-03-19T12:25:41Z,2026-03-19T13:45:41Z,2026-03-19T21:23:41Z,2026-03-20T01:32:41Z,External Synthetic,Network Sensor,AST-0167,RUL-021,High,Closed,ANL-010,1,100,TRUE,FALSE,SYNTHETIC_DEMO_DATA
INC-00000876,ALT-00012133,2025-04-30T07:42:24Z,2025-04-30T07:54:24Z,2025-04-30T09:01:24Z,2025-04-30T10:35:24Z,2025-04-30T13:12:24Z,2025-04-30T21:39:24Z,EDY RECON,Exposure Intelligence,AST-0121,RUL-017,Medium,Closed,ANL-010,3,58.7,FALSE,FALSE,SYNTHETIC_DEMO_DATA
INC-00002255,ALT-00008062,2025-05-28T17:13:55Z,2025-05-28T18:13:55Z,2025-05-28T18:33:55Z,2025-05-28T21:21:55Z,2025-05-29T00:26:55Z,2025-05-29T03:48:55Z,External Synthetic,Cloud Audit,AST-0158,RUL-019,Informational,Closed,ANL-003,1,60.1,TRUE,FALSE,SYNTHETIC_DEMO_DATA
INC-00002835,ALT-00010728,2025-02-24T19:56:33Z,2025-02-24T20:16:33Z,2025-02-24T20:30:33Z,2025-02-24T21:45:33Z,2025-02-25T02:31:33Z,2025-02-25T13:21:33Z,External Synthetic,Cloud Audit,AST-0011,RUL-014,Informational,Closed,ANL-011,1,34.4,FALSE,FALSE,SYNTHETIC_DEMO_DATA
INC-00001808,ALT-00007336,2025-10-22T20:07:49Z,2025-10-22T20:34:49Z,2025-10-22T21:11:49Z,,,,EDY Sentinel,Cloud Detection,AST-0163,RUL-040,Informational,Active,ANL-018,0,48.6,FALSE,FALSE,SYNTHETIC_DEMO_DATA
INC-00001491,ALT-00016199,2026-04-22T12:17:06Z,2026-04-22T12:42:06Z,2026-04-22T12:52:06Z,2026-04-22T16:58:06Z,2026-04-22T21:02:06Z,2026-04-23T06:25:06Z,EDY RECON,Exposure Intelligence,AST-0012,RUL-012,Informational,Closed,ANL-005,1,35.4,FALSE,FALSE,SYNTHETIC_DEMO_DATA
INC-00001647,ALT-00015973,2025-04-10T12:29:30Z,2025-04-10T12:56:30Z,2025-04-10T13:25:30Z,2025-04-10T18:46:30Z,2025-04-10T21:15:30Z,2025-04-10T22:43:30Z,EDY Shield,Endpoint Integrity,AST-0018,RUL-029,Low,Closed,ANL-012,3,42.2,FALSE,FALSE,SYNTHETIC_DEMO_DATA
INC-00002346,ALT-00017057,2025-03-13T12:30:12Z,2025-03-13T12:49:12Z,2025-03-13T13:02:12Z,2025-03-13T14:17:12Z,2025-03-13T15:23:12Z,2025-03-13T21:44:12Z,External Synthetic,Cloud Audit,AST-0208,RUL-037,High,Closed,ANL-017,3,100,TRUE,FALSE,SYNTHETIC_DEMO_DATA
INC-00000881,ALT-00016868,2025-03-05T20:17:02Z,2025-03-05T20:35:02Z,2025-03-05T21:16:02Z,2025-03-05T22:21:02Z,2025-03-06T15:09:02Z,,External Synthetic,Network Sensor,AST-0037,RUL-006,Low,Resolved,ANL-010,1,60.5,FALSE,FALSE,SYNTHETIC_DEMO_DATA
INC-00002732,ALT-00015745,2025-09-23T20:54:43Z,2025-09-23T21:09:43Z,2025-09-23T21:30:43Z,2025-09-23T22:26:43Z,2025-09-23T23:59:43Z,2025-09-24T03:37:43Z,External Synthetic,Cloud Audit,AST-0207,RUL-030,Critical,Closed,ANL-016,2,95.5,TRUE,FALSE,SYNTHETIC_DEMO_DATA
INC-00002411,ALT-00009044,2026-06-15T17:40:41Z,2026-06-15T18:10:41Z,2026-06-15T18:23:41Z,2026-06-15T18:45:41Z,2026-06-15T19:27:41Z,2026-06-16T01:36:41Z,External Synthetic,Network Sensor,AST-0050,RUL-014,Informational,Closed,ANL-009,1,50.8,FALSE,FALSE,SYNTHETIC_DEMO_DATA
INC-00002096,ALT-00009107,2025-03-20T11:10:56Z,2025-03-20T12:08:56Z,2025-03-20T12:17:56Z,2025-03-20T14:19:56Z,2025-03-20T16:23:56Z,2025-03-21T00:29:56Z,EDY RECON,Exposure Intelligence,AST-0061,RUL-008,Medium,Closed,ANL-002,1,65.4,FALSE,FALSE,SYNTHETIC_DEMO_DATA
INC-00001471,ALT-00015576,2026-04-09T13:21:04Z,2026-04-09T13:34:04Z,2026-04-09T13:52:04Z,2026-04-09T14:46:04Z,2026-04-09T15:57:04Z,2026-04-09T22:26:04Z,EDY RECON,Exposure Intelligence,AST-0086,RUL-019,Informational,Closed,ANL-001,1,53.9,FALSE,FALSE,SYNTHETIC_DEMO_DATA
INC-00000810,ALT-00012301,2025-06-12T21:43:33Z,2025-06-12T22:12:33Z,2025-06-12T22:48:33Z,2025-06-13T00:06:33Z,2025-06-13T03:16:33Z,2025-06-13T07:31:33Z,External Synthetic,Identity Provider,AST-0071,RUL-008,High,Closed,ANL-005,1,91.4,TRUE,FALSE,SYNTHETIC_DEMO_DATA
INC-00001261,ALT-00016179,2026-03-01T16:36:29Z,2026-03-01T17:13:29Z,2026-03-01T17:57:29Z,2026-03-01T18:12:29Z,2026-03-01T23:47:29Z,2026-03-02T09:25:29Z,External Synthetic,Cloud Audit,AST-0009,RUL-030,Critical,Closed,ANL-017,1,98.3,TRUE,FALSE,SYNTHETIC_DEMO_DATA
INC-00000424,ALT-00009283,2026-07-03T08:41:57Z,2026-07-03T08:43:57Z,2026-07-03T09:01:57Z,2026-07-03T09:52:57Z,2026-07-03T10:24:57Z,,EDY Sentinel,Cloud Detection,AST-0115,RUL-012,Medium,Resolved,ANL-006,3,71.7,FALSE,TRUE,SYNTHETIC_DEMO_DATA
INC-00002262,ALT-00014184,2025-10-23T20:44:42Z,2025-10-23T20:57:42Z,2025-10-23T21:12:42Z,2025-10-24T00:39:42Z,2025-10-24T03:38:42Z,2025-10-24T14:17:42Z,External Synthetic,Network Sensor,AST-0238,RUL-034,Low,Closed,ANL-009,2,47.4,FALSE,FALSE,SYNTHETIC_DEMO_DATA
INC-00002110,ALT-00002436,2026-02-19T11:56:17Z,2026-02-19T12:12:17Z,2026-02-19T12:30:17Z,2026-02-19T13:37:17Z,2026-02-19T15:03:17Z,2026-02-19T22:56:17Z,EDY Shield,Endpoint Integrity,AST-0100,RUL-005,Medium,Closed,ANL-012,3,76.1,FALSE,FALSE,SYNTHETIC_DEMO_DATA
INC-00001962,ALT-00007422,2025-10-22T11:39:44Z,2025-10-22T11:49:44Z,2025-10-22T12:09:44Z,2025-10-22T12:50:44Z,2025-10-22T16:08:44Z,2025-10-23T02:54:44Z,External Synthetic,Cloud Audit,AST-0011,RUL-012,Low,Closed,ANL-003,1,57.0,FALSE,FALSE,SYNTHETIC_DEMO_DATA
INC-00001712,ALT-00005117,2025-02-22T15:32:11Z,2025-02-22T15:50:11Z,2025-02-22T16:05:11Z,2025-02-22T16:14:11Z,2025-02-22T19:24:11Z,2025-02-23T04:49:11Z,EDY SIEM,Correlation Hub,AST-0222,RUL-040,LOW,Closed,ANL-007,1,57.7,FALSE,FALSE,SYNTHETIC_DEMO_DATA
INC-00002911,ALT-00017728,2025-05-29T13:53:05Z,2025-05-29T14:00:05Z,2025-05-29T14:07:05Z,2025-05-29T15:05:05Z,2025-05-29T19:43:05Z,2025-05-30T00:15:05Z,EDY Shield,Endpoint Integrity,AST-0114,RUL-041,Low,Closed,ANL-002,3,60.2,FALSE,FALSE,SYNTHETIC_DEMO_DATA
INC-00001562,ALT-00001072,2025-05-28T18:03:05Z,2025-05-28T18:16:05Z,2025-05-28T18:26:05Z,2025-05-28T19:02:05Z,2025-05-28T21:36:05Z,2025-05-29T04:03:05Z,EDY SIEM,Correlation Hub,AST-0021,RUL-025,Low,Closed,ANL-013,1,65.9,TRUE,FALSE,SYNTHETIC_DEMO_DATA
INC-00000003,ALT-00016960,2026-07-18T13:50:54Z,2026-07-18T15:18:54Z,2026-07-18T15:32:54Z,,,,External Synthetic,Identity Provider,AST-0209,RUL-045,Low,Active,ANL-018,0,55.3,FALSE,FALSE,SYNTHETIC_DEMO_DATA
INC-00002559,ALT-00004410,2025-04-29T14:07:30Z,2025-04-29T14:26:30Z,2025-04-29T15:09:30Z,2025-04-29T17:16:30Z,2025-04-29T20:19:30Z,,External Synthetic,Identity Provider,AST-0095,RUL-019,Low,Resolved,ANL-018,1,60.8,FALSE,FALSE,SYNTHETIC_DEMO_DATA
INC-00000355,ALT-00007403,2026-04-12T08:11:21Z,2026-04-12T08:27:21Z,2026-04-12T08:41:21Z,2026-04-12T11:14:21Z,2026-04-12T14:23:21Z,2026-04-12T22:02:21Z,External Synthetic,Identity Provider,AST-0085,RUL-038,Low,Closed,ANL-002,3,44.5,FALSE,FALSE,SYNTHETIC_DEMO_DATA
INC-00002987,ALT-00004099,2026-04-18T14:48:57Z,2026-04-18T16:16:57Z,2026-04-18T16:28:57Z,2026-04-18T17:12:57Z,2026-04-18T22:05:57Z,,External Synthetic,Identity Provider,AST-0109,RUL-006,Informational,Resolved,ANL-009,1,43.4,FALSE,FALSE,SYNTHETIC_DEMO_DATA
INC-00001559,ALT-00016455,2025-04-15T08:26:00Z,2025-04-15T08:46:00Z,2025-04-15T09:02:00Z,2025-04-15T10:03:00Z,2025-04-15T11:44:00Z,2025-04-15T19:23:00Z,External Synthetic,Cloud Audit,AST-0240,RUL-002,Low,Closed,ANL-016,1,63.8,FALSE,FALSE,SYNTHETIC_DEMO_DATA
INC-00001994,ALT-00008998,2026-07-01T13:24:42Z,2026-07-01T14:02:42Z,2026-07-01T14:21:42Z,2026-07-01T15:31:42Z,2026-07-01T16:06:42Z,2026-07-01T18:07:42Z,External Synthetic,Cloud Audit,AST-0171,RUL-018,Medium,Closed,ANL-014,1,53.6,FALSE,FALSE,SYNTHETIC_DEMO_DATA
INC-00002177,ALT-00013336,2026-05-23T15:18:32Z,2026-05-23T16:38:32Z,2026-05-23T16:48:32Z,2026-05-23T17:21:32Z,2026-05-23T18:34:32Z,2026-05-24T04:43:32Z,EDY Sentinel,Cloud Detection,AST-0030,RUL-001,Informational,Closed,ANL-009,3,37.7,FALSE,FALSE,SYNTHETIC_DEMO_DATA
INC-00002012,ALT-00005263,2025-08-08T20:16:36Z,2025-08-08T20:37:36Z,2025-08-08T21:22:36Z,2025-08-08T23:16:36Z,2025-08-09T02:12:36Z,,External Synthetic,Identity Provider,AST-0056,RUL-008,Low,Resolved,ANL-013,1,51.9,FALSE,FALSE,SYNTHETIC_DEMO_DATA
INC-00001288,ALT-00001314,2025-05-26T18:10:16Z,2025-05-26T18:55:16Z,2025-05-26T19:20:16Z,2025-05-26T20:01:16Z,2025-05-27T01:38:16Z,2025-05-27T06:31:16Z,External Synthetic,Cloud Audit,AST-0227,RUL-012,Medium,Closed,ANL-006,3,65.3,FALSE,FALSE,SYNTHETIC_DEMO_DATA
INC-00001847,ALT-00011437,2025-07-30T18:30:17Z,2025-07-30T18:45:17Z,2025-07-30T18:58:17Z,2025-07-30T19:07:17Z,2025-07-30T20:45:17Z,,External Synthetic,Cloud Audit,AST-0057,RUL-017,Medium,Resolved,ANL-017,3,65.0,FALSE,FALSE,SYNTHETIC_DEMO_DATA
INC-00000819,ALT-00001552,2026-07-23T15:50:40Z,2026-07-23T16:10:40Z,2026-07-23T16:21:40Z,2026-07-23T17:27:40Z,2026-07-23T19:37:40Z,2026-07-23T23:33:40Z,EDY Shield,Endpoint Integrity,AST-0144,RUL-011,Medium,Closed,ANL-013,4,52.1,FALSE,FALSE,SYNTHETIC_DEMO_DATA
INC-00001638,ALT-00007124,2025-10-09T07:59:03Z,2025-10-09T08:07:03Z,2025-10-09T08:19:03Z,2025-10-09T11:45:03Z,2025-10-09T14:27:03Z,2025-10-10T01:30:03Z,External Synthetic,Cloud Audit,AST-0234,RUL-037,Informational,Closed,ANL-002,1,23.6,FALSE,FALSE,SYNTHETIC_DEMO_DATA
INC-00000937,ALT-00005480,2025-09-07T17:34:31Z,2025-09-07T17:48:31Z,2025-09-07T18:13:31Z,2025-09-07T22:19:31Z,2025-09-08T12:13:31Z,2025-09-08T20:55:31Z,EDY SIEM,Correlation Hub,AST-0030,RUL-040,Informational,Closed,ANL-013,4,39.5,FALSE,FALSE,SYNTHETIC_DEMO_DATA
INC-00000258,ALT-00014575,2026-06-25T20:03:36Z,2026-06-25T21:19:36Z,2026-06-25T21:26:36Z,2026-06-25T22:03:36Z,2026-06-26T01:05:36Z,2026-06-26T12:27:36Z,External Synthetic,Identity Provider,AST-0008,RUL-006,Low,Closed,ANL-015,1,43.3,FALSE,FALSE,SYNTHETIC_DEMO_DATA
INC-00002296,ALT-00012881,2025-06-27T15:09:42Z,2025-06-27T15:23:42Z,2025-06-27T15:44:42Z,2025-06-27T16:30:42Z,2025-06-27T18:18:42Z,2025-06-27T21:22:42Z,EDY SIEM,Correlation Hub,AST-0239,RUL-012,Medium,Closed,ANL-006,1,81.1,FALSE,FALSE,SYNTHETIC_DEMO_DATA
INC-00001191,ALT-00007018,2025-07-28T12:47:59Z,2025-07-28T13:01:59Z,2025-07-28T13:39:59Z,2025-07-28T14:08:59Z,2025-07-28T17:08:59Z,2025-07-28T23:18:59Z,EDY Shield,Endpoint Integrity,AST-0079,RUL-017,Low,Closed,ANL-018,4,52.6,FALSE,FALSE,SYNTHETIC_DEMO_DATA
INC-00001587,ALT-00000426,2026-05-14T13:52:42Z,2026-05-14T14:00:42Z,2026-05-14T14:09:42Z,2026-05-14T14:38:42Z,2026-05-14T15:41:42Z,,EDY Sentinel,Cloud Detection,AST-0223,RUL-004,High,Resolved,ANL-002,2,90.6,TRUE,FALSE,SYNTHETIC_DEMO_DATA
INC-00000181,ALT-00014153,2026-02-03T16:30:03Z,2026-02-03T16:41:03Z,2026-02-03T17:03:03Z,2026-02-03T17:54:03Z,2026-02-03T20:00:03Z,2026-02-04T02:03:03Z,EDY Shield,Endpoint Integrity,AST-0193,RUL-014,Medium,Closed,ANL-015,1,57.7,FALSE,FALSE,SYNTHETIC_DEMO_DATA
INC-00000653,ALT-00001902,2025-12-11T16:54:08Z,2025-12-11T17:52:08Z,2025-12-11T18:51:08Z,2025-12-11T20:14:08Z,2025-12-11T21:17:08Z,2025-12-12T08:45:08Z,EDY Sentinel,Cloud Detection,AST-0141,RUL-010,Informational,Closed,ANL-003,1,45.8,FALSE,FALSE,SYNTHETIC_DEMO_DATA
INC-00003159,ALT-00000753,2025-07-09T15:00:17Z,2025-07-09T15:13:17Z,2025-07-09T15:32:17Z,2025-07-09T15:39:17Z,2025-07-09T18:32:17Z,2025-07-10T01:30:17Z,EDY Shield,Endpoint Integrity,AST-0118,RUL-043,Informational,Closed,ANL-011,1,45.8,FALSE,FALSE,SYNTHETIC_DEMO_DATA
INC-00001995,ALT-00004011,2025-06-19T21:13:54Z,2025-06-19T21:23:54Z,2025-06-19T21:38:54Z,2025-06-19T23:27:54Z,2025-06-20T11:23:54Z,2025-06-20T22:14:54Z,EDY SIEM,Correlation Hub,AST-0207,RUL-005,Informational,Closed,ANL-005,1,30.6,FALSE,FALSE,SYNTHETIC_DEMO_DATA
INC-00000933,ALT-00007725,2025-02-17T12:32:04Z,2025-02-17T12:57:04Z,2025-02-17T13:26:04Z,2025-02-17T14:54:04Z,2025-02-18T00:05:04Z,2025-02-18T03:18:04Z,EDY RECON,Exposure Intelligence,AST-0019,RUL-002,Informational,Closed,ANL-005,1,40.3,FALSE,FALSE,SYNTHETIC_DEMO_DATA
INC-00002401,ALT-00004440,2025-06-24T16:55:15Z,2025-06-24T17:12:15Z,2025-06-24T17:35:15Z,2025-06-24T18:30:15Z,2025-06-24T19:46:15Z,2025-06-25T02:51:15Z,External Synthetic,Network Sensor,AST-0063,RUL-030,Medium,Closed,ANL-009,1,52.3,FALSE,FALSE,SYNTHETIC_DEMO_DATA
INC-00002162,ALT-00014014,2025-06-16T21:06:32Z,2025-06-16T21:33:32Z,2025-06-16T22:16:32Z,2025-06-16T22:40:32Z,2025-06-17T00:15:32Z,2025-06-17T10:09:32Z,External Synthetic,Identity Provider,AST-0150,RUL-004,Informational,Closed,ANL-006,1,42.2,FALSE,FALSE,SYNTHETIC_DEMO_DATA
INC-00002561,ALT-00006751,2025-04-29T15:42:53Z,2025-04-29T15:51:53Z,2025-04-29T16:08:53Z,2025-04-29T16:59:53Z,2025-04-29T18:08:53Z,2025-04-30T05:09:53Z,EDY Shield,Endpoint Integrity,AST-0155,RUL-037,High,Closed,ANL-006,1,92.8,TRUE,FALSE,SYNTHETIC_DEMO_DATA
INC-00001975,ALT-00005239,2025-08-05T18:00:20Z,2025-08-05T18:11:20Z,2025-08-05T18:20:20Z,2025-08-05T23:09:20Z,2025-08-06T02:14:20Z,2025-08-06T12:23:20Z,EDY SIEM,Correlation Hub,AST-0172,RUL-011,Medium,Closed,ANL-003,1,71.7,FALSE,FALSE,SYNTHETIC_DEMO_DATA
INC-00001602,ALT-00003229,2025-03-06T13:49:26Z,2025-03-06T13:58:26Z,2025-03-06T14:39:26Z,2025-03-06T15:16:26Z,2025-03-06T20:47:26Z,2025-03-07T03:14:26Z,External Synthetic,Network Sensor,AST-0133,RUL-025,Low,fechado,ANL-003,1,48.9,FALSE,FALSE,SYNTHETIC_DEMO_DATA
INC-00002693,ALT-00003288,2025-10-13T15:53:42Z,2025-10-13T16:00:42Z,2025-10-13T16:48:42Z,2025-10-13T17:12:42Z,2025-10-13T19:09:42Z,2025-10-14T06:43:42Z,EDY RECON,Exposure Intelligence,AST-0163,RUL-015,Medium,Closed,ANL-017,2,72.5,FALSE,FALSE,SYNTHETIC_DEMO_DATA
INC-00000909,ALT-00002481,2025-05-18T14:29:08Z,2025-05-18T14:38:08Z,2025-05-18T14:54:08Z,2025-05-18T15:43:08Z,2025-05-18T16:24:08Z,2025-05-19T01:10:08Z,External Synthetic,Network Sensor,AST-0190,RUL-041,Medium,Closed,ANL-013,2,75.9,FALSE,FALSE,SYNTHETIC_DEMO_DATA
INC-00000004,ALT-00012718,2025-05-08T11:09:16Z,2025-05-08T11:28:16Z,2025-05-08T11:36:16Z,2025-05-08T15:37:16Z,2025-05-08T21:08:16Z,,External Synthetic,Network Sensor,AST-0143,RUL-032,Informational,Resolved,ANL-010,1,36.9,FALSE,FALSE,SYNTHETIC_DEMO_DATA
INC-00001275,ALT-00013235,2025-02-04T08:52:12Z,2025-02-04T09:13:12Z,2025-02-04T09:28:12Z,,,,External Synthetic,Identity Provider,AST-0002,RUL-038,Low,Active,ANL-006,0,53.8,FALSE,FALSE,SYNTHETIC_DEMO_DATA
INC-00002409,ALT-00013630,2026-02-03T00:52:08Z,2026-02-03T01:04:08Z,2026-02-03T01:12:08Z,2026-02-03T01:35:08Z,2026-02-03T03:16:08Z,2026-02-03T12:11:08Z,EDY Shield,Endpoint Integrity,AST-0155,RUL-018,Medium,Closed,ANL-007,2,83.0,TRUE,FALSE,SYNTHETIC_DEMO_DATA
INC-00000167,ALT-00007003,2025-12-01T19:39:19Z,2025-12-01T20:19:19Z,2025-12-01T20:26:19Z,,,,EDY Shield,Endpoint Integrity,AST-0207,RUL-037,Medium,Active,ANL-005,0,52.2,FALSE,FALSE,SYNTHETIC_DEMO_DATA
INC-00001949,ALT-00013998,2025-11-24T18:22:07Z,2025-11-24T18:47:07Z,2025-11-24T19:11:07Z,2025-11-24T19:19:07Z,2025-11-24T21:07:07Z,2025-11-25T07:15:07Z,External Synthetic,Identity Provider,AST-0183,RUL-023,Low,Closed,ANL-004,3,57.7,FALSE,FALSE,SYNTHETIC_DEMO_DATA
INC-00000932,ALT-00001037,2026-01-04T12:31:51Z,2026-01-04T12:42:51Z,2026-01-04T12:59:51Z,2026-01-04T14:05:51Z,2026-01-04T19:48:51Z,2026-01-05T05:26:51Z,EDY Shield,Endpoint Integrity,AST-0113,RUL-021,Low,Closed,ANL-013,3,69.8,FALSE,FALSE,SYNTHETIC_DEMO_DATA
INC-00001723,ALT-00000451,2026-06-11T10:04:03Z,2026-06-11T10:25:03Z,2026-06-11T10:32:03Z,2026-06-11T11:54:03Z,2026-06-12T14:02:03Z,,EDY RECON,Exposure Intelligence,AST-0197,RUL-001,Informational,Resolved,ANL-001,1,27.1,FALSE,FALSE,SYNTHETIC_DEMO_DATA
INC-00003090,ALT-00007400,2025-06-04T09:00:02Z,2025-06-04T09:55:02Z,2025-06-04T10:06:02Z,,,,External Synthetic,Network Sensor,AST-0104,RUL-010,High,Active,ANL-011,0,100,TRUE,FALSE,SYNTHETIC_DEMO_DATA
INC-00000291,ALT-00012484,2026-07-30T15:34:43Z,2026-07-30T17:02:43Z,2026-07-30T17:10:43Z,2026-07-30T19:22:43Z,2026-07-30T21:19:43Z,2026-07-31T02:20:43Z,EDY Shield,Endpoint Integrity,AST-0124,RUL-028,Medium,Closed,ANL-001,2,65.0,FALSE,FALSE,SYNTHETIC_DEMO_DATA
INC-00001697,ALT-00008048,2026-05-23T06:35:50Z,2026-05-23T08:07:50Z,2026-05-23T08:46:50Z,2026-05-23T10:49:50Z,2026-05-23T15:47:50Z,2026-05-23T18:28:50Z,EDY SIEM,Correlation Hub,AST-0215,RUL-023,Low,Closed,ANL-004,1,50.7,FALSE,FALSE,SYNTHETIC_DEMO_DATA
INC-00000006,ALT-00004558,2026-04-13T10:28:28Z,2026-04-13T11:18:28Z,2026-04-13T12:00:28Z,2026-04-13T13:00:28Z,2026-04-13T15:30:28Z,2026-04-14T01:47:28Z,External Synthetic,Network Sensor,AST-0067,RUL-032,Low,Closed,ANL-015,1,42.7,FALSE,FALSE,SYNTHETIC_DEMO_DATA
INC-00001921,ALT-00016534,2026-04-10T11:11:07Z,2026-04-10T11:20:07Z,2026-04-10T11:49:07Z,2026-04-10T12:14:07Z,2026-04-10T13:05:07Z,2026-04-11T00:25:07Z,External Synthetic,Network Sensor,AST-0056,RUL-007,High,Closed,ANL-004,1,95.8,TRUE,FALSE,SYNTHETIC_DEMO_DATA
INC-00000330,ALT-00000028,2026-07-02T08:59:15Z,2026-07-02T09:13:15Z,2026-07-02T09:28:15Z,2026-07-02T11:58:15Z,2026-07-02T15:47:15Z,2026-07-02T21:35:15Z,External Synthetic,Network Sensor,AST-0211,RUL-012,Informational,Closed,ANL-014,1,39.1,TRUE,FALSE,SYNTHETIC_DEMO_DATA
INC-00002713,ALT-00017098,2025-07-20T23:38:08Z,2025-07-21T00:19:08Z,2025-07-21T00:41:08Z,2025-07-21T01:21:08Z,2025-07-21T02:25:08Z,2025-07-21T11:04:08Z,EDY Shield,Endpoint Integrity,AST-0124,RUL-035,Low,Closed,ANL-002,1,54.2,FALSE,FALSE,SYNTHETIC_DEMO_DATA
INC-00000874,ALT-00009528,2026-01-13T10:45:55Z,2026-01-13T10:53:55Z,2026-01-13T11:04:55Z,2026-01-13T11:28:55Z,2026-01-13T13:39:55Z,2026-01-13T18:59:55Z,External Synthetic,Identity Provider,AST-0003,RUL-024,Low,Closed,ANL-005,1,48.9,FALSE,FALSE,SYNTHETIC_DEMO_DATA
INC-00002645,ALT-00009958,2026-02-03T13:27:10Z,2026-02-03T14:22:10Z,2026-02-03T14:47:10Z,2026-02-03T15:30:10Z,2026-02-03T20:24:10Z,2026-02-04T06:32:10Z,EDY SIEM,Correlation Hub,AST-0085,RUL-039,Informational,Closed,ANL-009,2,31.9,FALSE,FALSE,SYNTHETIC_DEMO_DATA
INC-00000121,ALT-00017388,2026-06-18T13:13:43Z,2026-06-18T13:56:43Z,2026-06-18T14:46:43Z,2026-06-18T15:09:43Z,2026-06-18T16:22:43Z,,External Synthetic,Cloud Audit,AST-0188,RUL-015,High,Resolved,ANL-004,2,89.1,TRUE,FALSE,SYNTHETIC_DEMO_DATA
INC-00002531,ALT-00004391,2026-05-23T12:09:47Z,2026-05-23T12:36:47Z,2026-05-23T12:41:47Z,2026-05-23T17:06:47Z,2026-05-23T18:51:47Z,2026-05-24T05:05:47Z,External Synthetic,Network Sensor,AST-0059,RUL-018,Informational,Closed,ANL-015,1,52.7,FALSE,FALSE,SYNTHETIC_DEMO_DATA
INC-00001871,ALT-00005407,2025-06-19T08:24:58Z,2025-06-19T09:18:58Z,2025-06-19T09:29:58Z,2025-06-19T15:02:58Z,2025-06-19T19:23:58Z,2025-06-20T01:10:58Z,External Synthetic,Network Sensor,AST-0163,RUL-026,Informational,Closed,ANL-009,2,41.0,FALSE,FALSE,SYNTHETIC_DEMO_DATA
INC-00000862,ALT-00008122,2026-03-10T09:11:32Z,2026-03-10T09:20:32Z,2026-03-10T09:35:32Z,,,,EDY SIEM,Correlation Hub,AST-0131,RUL-017,Medium,Active,ANL-018,0,76.8,FALSE,FALSE,SYNTHETIC_DEMO_DATA
INC-00003092,ALT-00009409,2025-10-26T23:50:59Z,2025-10-27T00:12:59Z,2025-10-27T00:26:59Z,2025-10-27T02:35:59Z,2025-10-27T03:49:59Z,2025-10-27T10:36:59Z,External Synthetic,Identity Provider,AST-0031,RUL-036,Medium,Closed,ANL-014,1,61.8,FALSE,FALSE,SYNTHETIC_DEMO_DATA
INC-00001100,ALT-00014557,2026-07-25T11:44:26Z,2026-07-25T12:20:26Z,2026-07-25T12:59:26Z,2026-07-25T13:52:26Z,2026-07-25T19:38:26Z,2026-07-25T21:49:26Z,EDY RECON,Exposure Intelligence,AST-0234,RUL-018,Informational,Closed,ANL-006,1,38.5,TRUE,FALSE,SYNTHETIC_DEMO_DATA
INC-00000401,ALT-00012843,2025-05-18T08:57:22Z,2025-05-18T09:12:22Z,2025-05-18T10:38:22Z,2025-05-18T12:47:22Z,2025-05-18T14:20:22Z,2025-05-18T19:45:22Z,EDY SIEM,Correlation Hub,AST-0191,RUL-022,Low,Closed,ANL-004,1,57.7,FALSE,FALSE,SYNTHETIC_DEMO_DATA
INC-00000463,ALT-00011406,2026-05-16T11:14:36Z,2026-05-16T11:18:36Z,2026-05-16T11:36:36Z,2026-05-16T16:37:36Z,2026-05-16T19:58:36Z,2026-05-17T00:48:36Z,External Synthetic,Cloud Audit,AST-0200,RUL-009,High,Closed,ANL-004,3,95.3,TRUE,FALSE,SYNTHETIC_DEMO_DATA
INC-00000143,ALT-00001204,2025-03-09T12:09:10Z,2025-03-09T12:57:10Z,2025-03-09T13:24:10Z,2025-03-09T14:34:10Z,2025-03-09T17:32:10Z,2025-03-09T22:52:10Z,EDY RECON,Exposure Intelligence,AST-0026,RUL-036,Medium,Closed,ANL-011,3,71.6,TRUE,FALSE,SYNTHETIC_DEMO_DATA
INC-00001489,ALT-00009836,2025-06-03T02:52:52Z,2025-06-03T03:00:52Z,2025-06-03T03:34:52Z,2025-06-03T04:22:52Z,2025-06-03T06:39:52Z,2025-06-03T11:01:52Z,EDY Sentinel,Cloud Detection,AST-0075,RUL-006,Informational,Closed,ANL-001,1,39.4,FALSE,FALSE,SYNTHETIC_DEMO_DATA
INC-00001263,ALT-00011245,2025-03-15T12:13:22Z,2025-03-15T12:54:22Z,2025-03-15T13:22:22Z,2025-03-15T15:05:22Z,2025-03-15T22:04:22Z,2025-03-16T06:07:22Z,External Synthetic,Network Sensor,AST-0238,RUL-014,Low,Closed,ANL-018,4,50.4,FALSE,FALSE,SYNTHETIC_DEMO_DATA
INC-00002213,ALT-00009258,2025-08-11T15:21:31Z,2025-08-11T15:42:31Z,2025-08-11T16:06:31Z,2025-08-12T05:34:31Z,2025-08-12T08:09:31Z,2025-08-12T12:23:31Z,EDY RECON,Exposure Intelligence,AST-0172,RUL-017,Low,Closed,ANL-010,1,55.5,FALSE,FALSE,SYNTHETIC_DEMO_DATA
INC-00002594,ALT-00014555,2025-03-21T18:01:19Z,2025-03-21T18:31:19Z,2025-03-21T19:10:19Z,2025-03-21T20:36:19Z,2025-03-22T00:09:19Z,2025-03-22T06:14:19Z,External Synthetic,Network Sensor,AST-0232,RUL-018,Informational,Closed,ANL-006,1,40.0,FALSE,FALSE,SYNTHETIC_DEMO_DATA
INC-00001511,ALT-00001068,2026-02-16T22:09:16Z,2026-02-16T23:20:16Z,2026-02-16T23:43:16Z,2026-02-17T00:26:16Z,2026-02-17T03:43:16Z,2026-02-17T06:44:16Z,EDY SIEM,Correlation Hub,AST-0200,RUL-024,Informational,Closed,ANL-009,1,37.5,FALSE,FALSE,SYNTHETIC_DEMO_DATA
INC-00000002,ALT-00015335,2026-07-31T11:45:53Z,2026-07-31T11:59:53Z,2026-07-31T12:32:53Z,,,,EDY SIEM,Correlation Hub,AST-0014,RUL-012,High,Active,ANL-009,0,100,TRUE,FALSE,SYNTHETIC_DEMO_DATA
INC-00002557,ALT-00008095,2026-03-12T19:13:25Z,2026-03-12T19:30:25Z,2026-03-12T19:45:25Z,2026-03-12T22:47:25Z,2026-03-14T13:31:25Z,2026-03-14T19:32:25Z,External Synthetic,Network Sensor,AST-0164,RUL-031,Informational,Closed,ANL-013,1,40.8,FALSE,FALSE,SYNTHETIC_DEMO_DATA
INC-00001916,ALT-00005813,2026-05-24T20:55:21Z,2026-05-24T21:12:21Z,2026-05-24T21:34:21Z,2026-05-24T22:38:21Z,2026-05-25T03:11:21Z,2026-05-25T11:42:21Z,EDY Shield,Endpoint Integrity,AST-0176,RUL-006,Low,Closed,ANL-001,1,69.1,FALSE,FALSE,SYNTHETIC_DEMO_DATA
INC-00000296,ALT-00003226,2026-04-11T14:20:12Z,2026-04-11T15:05:12Z,2026-04-11T15:26:12Z,2026-04-11T16:47:12Z,2026-04-11T23:36:12Z,2026-04-12T07:25:12Z,EDY Shield,Endpoint Integrity,AST-0169,RUL-003,Informational,Closed,ANL-018,3,33.5,FALSE,FALSE,SYNTHETIC_DEMO_DATA
INC-00000048,ALT-00016944,2026-07-01T15:34:11Z,2026-07-01T16:09:11Z,2026-07-01T16:20:11Z,2026-07-01T16:51:11Z,2026-07-01T18:20:11Z,2026-07-02T02:45:11Z,EDY SIEM,Correlation Hub,AST-0087,RUL-042,Low,Closed,ANL-009,1,57.2,FALSE,FALSE,SYNTHETIC_DEMO_DATA
INC-00002967,ALT-00008150,2025-05-05T03:41:24Z,2025-05-05T03:46:24Z,2025-05-05T04:16:24Z,2025-05-05T05:42:24Z,2025-05-05T06:13:24Z,2025-05-05T18:09:24Z,EDY Shield,Endpoint Integrity,AST-0121,RUL-036,Medium,Closed,ANL-007,1,62.8,FALSE,FALSE,SYNTHETIC_DEMO_DATA
INC-00000237,ALT-00001333,2026-01-12T11:47:02Z,2026-01-12T11:51:02Z,2026-01-12T12:20:02Z,2026-01-12T13:00:02Z,2026-01-12T15:58:02Z,2026-01-12T19:13:02Z,EDY SIEM,Correlation Hub,AST-0204,RUL-008,Informational,Closed,ANL-017,1,41.2,FALSE,FALSE,SYNTHETIC_DEMO_DATA
INC-00001899,ALT-00013175,2025-10-22T07:03:36Z,2025-10-22T07:11:36Z,2025-10-22T07:18:36Z,2025-10-22T08:03:36Z,2025-10-22T08:34:36Z,2025-10-22T11:11:36Z,External Synthetic,Identity Provider,AST-0060,RUL-006,High,Closed,ANL-014,1,100,TRUE,FALSE,SYNTHETIC_DEMO_DATA
INC-00000551,ALT-00002335,2025-03-30T23:55:25Z,2025-03-31T00:19:25Z,2025-03-31T00:52:25Z,2025-03-31T03:30:25Z,2025-03-31T11:30:25Z,2025-03-31T23:28:25Z,External Synthetic,Identity Provider,AST-0111,RUL-004,Low,Closed,ANL-016,2,48.1,FALSE,FALSE,SYNTHETIC_DEMO_DATA
INC-00001605,ALT-00013881,2025-11-10T17:44:22Z,2025-11-10T18:20:22Z,2025-11-10T18:34:22Z,2025-11-10T21:55:22Z,2025-11-11T05:23:22Z,2025-11-11T13:43:22Z,EDY Sentinel,Cloud Detection,AST-0091,RUL-017,INFORMATIONAL,Closed,ANL-017,1,39.8,FALSE,FALSE,SYNTHETIC_DEMO_DATA
INC-00000559,ALT-00004982,2025-03-14T06:35:16Z,2025-03-14T07:09:16Z,2025-03-14T07:45:16Z,2025-03-14T08:23:16Z,2025-03-14T09:18:16Z,2025-03-14T18:50:16Z,External Synthetic,Network Sensor,AST-0004,RUL-044,Low,Closed,ANL-014,1,42.4,FALSE,FALSE,SYNTHETIC_DEMO_DATA
INC-00002698,ALT-00016749,2026-05-11T17:28:44Z,2026-05-11T17:35:44Z,2026-05-11T17:42:44Z,2026-05-11T19:47:44Z,2026-05-11T22:45:44Z,2026-05-12T06:26:44Z,EDY SIEM,Correlation Hub,AST-0129,RUL-014,Informational,Closed,ANL-016,1,34.6,FALSE,FALSE,SYNTHETIC_DEMO_DATA
INC-00001866,ALT-00003102,2026-05-24T09:12:10Z,2026-05-24T09:44:10Z,2026-05-24T09:55:10Z,2026-05-24T12:12:10Z,2026-05-24T13:46:10Z,2026-05-25T01:08:10Z,EDY SIEM,Correlation Hub,AST-0043,RUL-023,High,Closed,ANL-011,1,96.8,TRUE,FALSE,SYNTHETIC_DEMO_DATA
INC-00002355,ALT-00008225,2025-10-13T17:43:25Z,2025-10-13T17:48:25Z,2025-10-13T17:57:25Z,2025-10-13T18:27:25Z,2025-10-13T22:56:25Z,2025-10-14T05:37:25Z,EDY Sentinel,Cloud Detection,AST-0005,RUL-021,Medium,Closed,ANL-007,1,81.7,FALSE,FALSE,SYNTHETIC_DEMO_DATA
INC-00001930,ALT-00003482,2025-11-18T23:41:50Z,2025-11-18T23:53:50Z,2025-11-19T00:06:50Z,2025-11-19T00:41:50Z,2025-11-19T01:59:50Z,2025-11-19T03:57:50Z,EDY Shield,Endpoint Integrity,AST-0164,RUL-005,Low,Closed,ANL-011,1,55.6,FALSE,FALSE,SYNTHETIC_DEMO_DATA
INC-00002108,ALT-00012551,2026-04-29T22:58:16Z,2026-04-29T23:11:16Z,2026-04-30T00:43:16Z,2026-04-30T01:37:16Z,2026-04-30T09:20:16Z,2026-04-30T17:36:16Z,EDY Shield,Endpoint Integrity,AST-0188,RUL-035,Informational,Closed,ANL-006,1,30.5,FALSE,FALSE,SYNTHETIC_DEMO_DATA
INC-00001806,ALT-00017260,2025-02-10T10:44:11Z,2025-02-10T10:58:11Z,2025-02-10T11:38:11Z,2025-02-10T13:18:11Z,2025-02-10T22:28:11Z,2025-02-11T09:36:11Z,EDY SIEM,Correlation Hub,AST-0081,RUL-035,Low,Closed,ANL-015,1,42.3,FALSE,FALSE,SYNTHETIC_DEMO_DATA
INC-00000768,ALT-00004562,2026-04-01T13:26:56Z,2026-04-01T13:29:56Z,2026-04-01T14:43:56Z,2026-04-01T17:03:56Z,2026-04-02T02:05:56Z,,External Synthetic,Cloud Audit,AST-0235,RUL-018,Medium,Resolved,ANL-010,1,69.6,FALSE,FALSE,SYNTHETIC_DEMO_DATA
INC-00000545,ALT-00007483,2026-01-26T01:09:02Z,2026-01-26T01:30:02Z,2026-01-26T01:40:02Z,2026-01-26T03:31:02Z,2026-01-26T18:52:02Z,2026-01-26T20:56:02Z,EDY Sentinel,Cloud Detection,AST-0210,RUL-022,Informational,Closed,ANL-003,3,41.0,FALSE,FALSE,SYNTHETIC_DEMO_DATA
INC-00002780,ALT-00011089,2025-08-28T00:03:36Z,2025-08-28T00:13:36Z,2025-08-28T00:19:36Z,2025-08-28T04:34:36Z,2025-08-28T08:11:36Z,2025-08-28T14:02:36Z,External Synthetic,Identity Provider,AST-0148,RUL-041,Informational,Closed,ANL-018,2,32.4,FALSE,FALSE,SYNTHETIC_DEMO_DATA
INC-00000287,ALT-00009081,2025-11-02T15:05:23Z,2025-11-02T17:57:23Z,2025-11-02T18:13:23Z,2025-11-02T18:48:23Z,2025-11-02T23:57:23Z,2025-11-03T07:04:23Z,EDY SIEM,Correlation Hub,AST-0003,RUL-035,Informational,Closed,ANL-009,1,39.4,FALSE,FALSE,SYNTHETIC_DEMO_DATA
INC-00000905,ALT-00007533,2026-01-27T14:26:44Z,2026-01-27T14:37:44Z,2026-01-27T14:50:44Z,2026-01-27T16:43:44Z,2026-01-27T22:24:44Z,2026-01-28T03:32:44Z,EDY RECON,Exposure Intelligence,AST-0033,RUL-038,Low,Closed,ANL-004,1,61.6,FALSE,FALSE,SYNTHETIC_DEMO_DATA
INC-00002038,ALT-00007797,2026-03-04T11:23:50Z,2026-03-04T11:41:50Z,2026-03-04T12:01:50Z,2026-03-04T12:38:50Z,2026-03-04T16:10:50Z,2026-03-05T02:27:50Z,EDY SIEM,Correlation Hub,AST-0108,RUL-033,Informational,Closed,ANL-010,1,27.0,FALSE,FALSE,SYNTHETIC_DEMO_DATA
INC-00000363,ALT-00002226,2026-06-06T22:25:26Z,2026-06-06T22:47:26Z,2026-06-06T23:31:26Z,2026-06-07T00:52:26Z,2026-06-07T03:46:26Z,2026-06-07T12:20:26Z,External Synthetic,Cloud Audit,AST-0169,RUL-036,Medium,Closed,ANL-001,1,76.4,TRUE,FALSE,SYNTHETIC_DEMO_DATA
INC-00001272,ALT-00015806,2026-04-27T11:02:23Z,2026-04-27T11:27:23Z,2026-04-27T11:39:23Z,2026-04-27T12:26:23Z,2026-04-27T14:04:23Z,2026-04-27T14:59:23Z,EDY Shield,Endpoint Integrity,AST-0021,RUL-008,Medium,Closed,ANL-010,1,64.4,FALSE,TRUE,SYNTHETIC_DEMO_DATA
INC-00000024,ALT-00016207,2025-11-12T12:05:26Z,2025-11-12T12:55:26Z,2025-11-12T13:01:26Z,2025-11-12T13:40:26Z,2025-11-12T17:21:26Z,2025-11-12T20:13:26Z,External Synthetic,Network Sensor,AST-0125,RUL-021,Informational,Closed,ANL-014,1,30.1,FALSE,FALSE,SYNTHETIC_DEMO_DATA
INC-00000199,ALT-00013938,2025-05-11T20:09:03Z,2025-05-11T20:52:03Z,2025-05-11T21:18:03Z,2025-05-11T22:57:03Z,2025-05-12T02:22:03Z,2025-05-12T08:03:03Z,External Synthetic,Network Sensor,AST-0138,RUL-027,Informational,Closed,,2,33.1,FALSE,FALSE,SYNTHETIC_DEMO_DATA
INC-00000946,ALT-00008105,2025-04-24T17:13:04Z,2025-04-24T18:15:04Z,2025-04-24T18:25:04Z,2025-04-24T20:04:04Z,2025-04-25T02:43:04Z,2025-04-25T10:42:04Z,External Synthetic,Identity Provider,AST-0176,RUL-010,Low,Closed,ANL-005,3,76.5,TRUE,FALSE,SYNTHETIC_DEMO_DATA
INC-00002682,ALT-00001344,2026-06-10T07:20:05Z,2026-06-10T07:26:05Z,2026-06-10T07:31:05Z,2026-06-10T07:50:05Z,2026-06-10T10:11:05Z,2026-06-10T19:35:05Z,External Synthetic,Network Sensor,AST-0065,RUL-010,High,Closed,ANL-005,1,96.7,TRUE,FALSE,SYNTHETIC_DEMO_DATA
INC-00000922,ALT-00007790,2025-05-03T14:38:28Z,2025-05-03T15:15:28Z,2025-05-03T15:32:28Z,2025-05-03T16:43:28Z,2025-05-03T18:07:28Z,2025-05-04T00:42:28Z,EDY SIEM,Correlation Hub,AST-0038,RUL-017,Medium,Closed,ANL-012,1,63.2,FALSE,FALSE,SYNTHETIC_DEMO_DATA
INC-00001081,ALT-00016322,2025-09-22T03:52:38Z,2025-09-22T04:06:38Z,2025-09-22T04:19:38Z,2025-09-22T04:31:38Z,2025-09-23T16:07:38Z,2025-09-24T00:53:38Z,EDY Shield,Endpoint Integrity,AST-0009,RUL-014,Informational,Closed,ANL-013,2,28.9,FALSE,FALSE,SYNTHETIC_DEMO_DATA
INC-00001974,ALT-00008155,2025-08-21T14:45:23Z,2025-08-21T15:13:23Z,2025-08-21T15:26:23Z,2025-08-21T16:44:23Z,2025-08-21T17:45:23Z,2025-08-22T04:35:23Z,EDY SIEM,Correlation Hub,AST-0140,RUL-043,Low,Closed,ANL-009,1,67.2,FALSE,FALSE,SYNTHETIC_DEMO_DATA
INC-00000959,ALT-00005103,2025-07-31T15:31:53Z,2025-07-31T15:42:53Z,2025-07-31T15:49:53Z,2025-07-31T18:55:53Z,2025-08-01T03:09:53Z,2025-08-01T04:52:53Z,EDY Shield,Endpoint Integrity,AST-0218,RUL-004,Informational,Closed,ANL-003,1,42.9,FALSE,FALSE,SYNTHETIC_DEMO_DATA
INC-00001354,ALT-00004342,2025-11-25T03:39:01Z,2025-11-25T03:48:01Z,2025-11-25T03:59:01Z,2025-11-25T04:54:01Z,2025-11-25T09:56:01Z,2025-11-25T19:48:01Z,External Synthetic,Cloud Audit,AST-0063,RUL-010,Low,Closed,ANL-011,1,36.8,FALSE,FALSE,SYNTHETIC_DEMO_DATA
INC-00002078,ALT-00000776,2025-08-09T16:10:11Z,2025-08-09T16:21:11Z,2025-08-09T16:39:11Z,2025-08-09T19:40:11Z,2025-08-10T04:01:11Z,,External Synthetic,Network Sensor,AST-0161,RUL-039,Informational,Resolved,ANL-018,3,30.8,FALSE,FALSE,SYNTHETIC_DEMO_DATA
INC-00002393,ALT-00004349,2025-05-26T06:14:54Z,2025-05-26T06:22:54Z,2025-05-26T07:06:54Z,2025-05-26T08:12:54Z,2025-05-26T20:49:54Z,2025-05-27T04:32:54Z,External Synthetic,Identity Provider,AST-0128,RUL-027,Informational,Closed,ANL-009,1,36.0,FALSE,FALSE,SYNTHETIC_DEMO_DATA
INC-00002539,ALT-00001219,2026-02-06T11:13:58Z,2026-02-06T11:51:58Z,2026-02-06T12:22:58Z,2026-02-06T14:59:58Z,2026-02-06T18:39:58Z,2026-02-07T02:40:58Z,EDY Sentinel,Cloud Detection,AST-0178,RUL-035,Informational,Closed,ANL-013,1,35.6,FALSE,FALSE,SYNTHETIC_DEMO_DATA
INC-00001623,ALT-00013299,2025-05-19T18:40:00Z,2025-05-19T19:08:00Z,2025-05-19T19:24:00Z,,,,EDY Shield,Endpoint Integrity,AST-0010,RUL-043,Informational,Active,ANL-017,0,42.1,FALSE,FALSE,SYNTHETIC_DEMO_DATA
INC-00000747,ALT-00000626,2025-05-05T08:56:11Z,2025-05-05T09:09:11Z,2025-05-05T09:19:11Z,2025-05-05T10:16:11Z,2025-05-05T11:32:11Z,2025-05-05T14:31:11Z,External Synthetic,Cloud Audit,AST-0059,RUL-014,Critical,Closed,ANL-015,1,100,TRUE,FALSE,SYNTHETIC_DEMO_DATA
INC-00001716,ALT-00007801,2025-12-30T12:50:53Z,2025-12-30T13:26:53Z,2025-12-30T14:12:53Z,2025-12-30T14:39:53Z,2025-12-31T19:36:53Z,2026-01-01T01:41:53Z,External Synthetic,Cloud Audit,AST-0146,RUL-015,Informational,Closed,ANL-014,3,47.2,TRUE,FALSE,SYNTHETIC_DEMO_DATA
INC-00000801,ALT-00009223,2025-09-04T00:04:24Z,2025-09-04T00:31:24Z,2025-09-04T00:53:24Z,2025-09-04T03:04:24Z,2025-09-04T04:14:24Z,,External Synthetic,Network Sensor,AST-0023,RUL-006,Informational,resolvido,ANL-011,3,54.0,FALSE,FALSE,SYNTHETIC_DEMO_DATA
INC-00000560,ALT-00004612,2025-08-09T14:35:56Z,2025-08-09T14:43:56Z,2025-08-09T15:01:56Z,2025-08-09T16:26:56Z,2025-08-09T17:27:56Z,2025-08-09T17:57:56Z,EDY RECON,Exposure Intelligence,AST-0067,RUL-037,Informational,Closed,ANL-006,1,34.7,FALSE,FALSE,SYNTHETIC_DEMO_DATA
INC-00001034,ALT-00015835,2025-05-01T14:05:42Z,2025-05-01T14:20:42Z,2025-05-01T14:26:42Z,2025-05-01T22:56:42Z,2025-05-02T00:14:42Z,2025-05-02T08:09:42Z,EDY Shield,Endpoint Integrity,AST-0124,RUL-042,Informational,Closed,ANL-018,1,50.2,TRUE,FALSE,SYNTHETIC_DEMO_DATA
INC-00002840,ALT-00006828,2025-07-03T09:35:09Z,2025-07-03T09:43:09Z,2025-07-03T10:00:09Z,2025-07-03T13:06:09Z,2025-07-03T17:04:09Z,2025-07-03T20:47:09Z,External Synthetic,Identity Provider,AST-0223,RUL-021,Informational,Closed,ANL-012,1,34.6,FALSE,FALSE,SYNTHETIC_DEMO_DATA
INC-00000705,ALT-00015852,2025-09-13T19:04:30Z,2025-09-13T19:05:30Z,2025-09-13T19:09:30Z,2025-09-13T19:26:30Z,2025-09-14T01:06:30Z,2025-09-14T06:19:30Z,EDY Shield,Endpoint Integrity,AST-0016,RUL-006,Critical,Closed,ANL-003,3,100,TRUE,FALSE,SYNTHETIC_DEMO_DATA
INC-00001166,ALT-00017541,2026-03-17T10:32:38Z,2026-03-17T10:38:38Z,2026-03-17T11:09:38Z,2026-03-17T13:19:38Z,2026-03-18T06:24:38Z,,EDY Sentinel,Cloud Detection,AST-0086,RUL-013,Critical,Resolved,ANL-016,2,100,TRUE,TRUE,SYNTHETIC_DEMO_DATA
INC-00001304,ALT-00013863,2026-02-24T06:53:02Z,2026-02-24T07:56:02Z,2026-02-24T08:04:02Z,2026-02-24T16:14:02Z,2026-02-24T18:02:02Z,2026-02-24T23:49:02Z,EDY Shield,Endpoint Integrity,AST-0219,RUL-023,Informational,Closed,ANL-018,1,42.6,FALSE,FALSE,SYNTHETIC_DEMO_DATA
INC-00001302,ALT-00002630,2025-04-05T09:33:20Z,2025-04-05T09:49:20Z,2025-04-05T10:18:20Z,2025-04-05T10:51:20Z,2025-04-05T11:33:20Z,2025-04-05T19:03:20Z,External Synthetic,Cloud Audit,AST-0050,RUL-002,Medium,Closed,ANL-016,1,80.6,FALSE,FALSE,SYNTHETIC_DEMO_DATA
INC-00001250,ALT-00015112,2025-06-26T19:25:36Z,2025-06-26T19:35:36Z,2025-06-26T20:02:36Z,2025-06-26T23:14:36Z,2025-06-27T01:40:36Z,,EDY Shield,Endpoint Integrity,AST-0101,RUL-010,Informational,Resolved,ANL-018,3,37.1,FALSE,FALSE,SYNTHETIC_DEMO_DATA
INC-00000157,ALT-00015184,2025-08-05T20:19:39Z,2025-08-05T20:50:39Z,2025-08-05T20:57:39Z,2025-08-05T21:08:39Z,2025-08-05T22:09:39Z,2025-08-06T04:10:39Z,EDY SIEM,Correlation Hub,AST-0041,RUL-017,Medium,Closed,ANL-003,1,78.1,FALSE,FALSE,SYNTHETIC_DEMO_DATA
INC-00000148,ALT-00015863,2026-03-16T20:32:55Z,2026-03-16T20:39:55Z,2026-03-16T21:03:55Z,2026-03-16T22:34:55Z,2026-03-16T23:37:55Z,2026-03-17T10:30:55Z,External Synthetic,Network Sensor,AST-0165,RUL-002,Low,Closed,ANL-011,1,51.7,FALSE,FALSE,SYNTHETIC_DEMO_DATA
INC-00000720,ALT-00002350,2025-12-23T08:05:22Z,2025-12-23T08:11:22Z,2025-12-23T10:00:22Z,2025-12-23T10:29:22Z,2025-12-23T18:07:22Z,2025-12-24T01:57:22Z,EDY Shield,Endpoint Integrity,AST-0180,RUL-036,Medium,Closed,ANL-004,1,51.6,FALSE,FALSE,SYNTHETIC_DEMO_DATA
INC-00002091,ALT-00013240,2025-11-09T11:53:33Z,2025-11-09T12:50:33Z,2025-11-09T13:13:33Z,2025-11-09T16:19:33Z,2025-11-09T18:54:33Z,,EDY Shield,Endpoint Integrity,AST-0174,RUL-004,Informational,Resolved,ANL-017,3,33.1,FALSE,FALSE,SYNTHETIC_DEMO_DATA
INC-00002674,ALT-00017394,2025-06-02T13:16:51Z,2025-06-02T13:35:51Z,2025-06-02T13:57:51Z,2025-06-02T21:14:51Z,2025-06-03T02:13:51Z,2025-06-03T11:50:51Z,EDY Shield,Endpoint Integrity,AST-0091,RUL-023,Informational,Closed,ANL-004,4,43.9,FALSE,FALSE,SYNTHETIC_DEMO_DATA
INC-00000053,ALT-00005470,2025-08-26T14:15:06Z,2025-08-26T14:24:06Z,2025-08-26T14:51:06Z,2025-08-26T16:34:06Z,2025-08-26T17:27:06Z,,EDY RECON,Exposure Intelligence,AST-0162,RUL-027,Critical,Resolved,ANL-013,1,96.5,TRUE,TRUE,SYNTHETIC_DEMO_DATA
INC-00003018,ALT-00015817,2025-03-21T12:33:14Z,2025-03-21T13:03:14Z,2025-03-21T13:11:14Z,2025-03-21T14:46:14Z,,,EDY SIEM,Correlation Hub,AST-0174,RUL-036,Informational,Contained,ANL-008,0,34.0,FALSE,FALSE,SYNTHETIC_DEMO_DATA
INC-00003192,ALT-00012047,2025-08-18T13:38:19Z,2025-08-18T14:12:19Z,2025-08-18T14:58:19Z,2025-08-18T17:18:19Z,2025-08-18T19:02:19Z,2025-08-18T21:29:19Z,EDY SIEM,Correlation Hub,AST-0118,RUL-044,Low,Closed,ANL-015,1,63.7,FALSE,FALSE,SYNTHETIC_DEMO_DATA
INC-00002583,ALT-00001745,2026-07-06T13:23:34Z,,,,,,EDY RECON,Exposure Intelligence,AST-0225,RUL-005,Informational,New,ANL-011,0,29.0,FALSE,FALSE,SYNTHETIC_DEMO_DATA
INC-00002612,ALT-00012067,2026-05-14T23:15:55Z,2026-05-14T23:54:55Z,2026-05-15T00:21:55Z,2026-05-15T01:17:55Z,2026-05-15T03:13:55Z,,EDY SIEM,Correlation Hub,AST-0194,RUL-035,Low,Resolved,ANL-007,1,66.2,FALSE,FALSE,SYNTHETIC_DEMO_DATA
INC-00000622,ALT-00007029,2025-10-02T16:04:34Z,2025-10-02T16:28:34Z,2025-10-02T16:55:34Z,2025-10-02T18:18:34Z,2025-10-02T21:50:34Z,2025-10-02T22:33:34Z,External Synthetic,Network Sensor,AST-0186,RUL-017,Low,Closed,ANL-005,2,57.4,FALSE,FALSE,SYNTHETIC_DEMO_DATA
INC-00002386,ALT-00001588,2025-06-20T17:46:57Z,2025-06-20T18:13:57Z,2025-06-20T18:19:57Z,2025-06-20T21:54:57Z,2025-06-21T01:40:57Z,2025-06-21T05:36:57Z,External Synthetic,Cloud Audit,AST-0222,RUL-020,Informational,Closed,ANL-004,1,40.3,FALSE,FALSE,SYNTHETIC_DEMO_DATA
INC-00002031,ALT-00000212,2025-08-13T14:10:50Z,2025-08-13T14:27:50Z,2025-08-13T16:17:50Z,2025-08-13T21:33:50Z,2025-08-13T22:28:50Z,2025-08-14T06:13:50Z,External Synthetic,Network Sensor,AST-0143,RUL-043,Low,Closed,ANL-006,3,44.6,FALSE,FALSE,SYNTHETIC_DEMO_DATA
INC-00001932,ALT-00013668,2025-06-29T07:30:57Z,2025-06-29T07:37:57Z,2025-06-29T07:55:57Z,2025-06-29T10:38:57Z,2025-06-29T11:29:57Z,2025-06-29T15:46:57Z,EDY Sentinel,Cloud Detection,AST-0061,RUL-036,High,Closed,ANL-017,1,93.1,TRUE,FALSE,SYNTHETIC_DEMO_DATA
INC-00002270,ALT-00010232,2026-02-06T10:03:34Z,2026-02-06T10:27:34Z,2026-02-06T10:42:34Z,2026-02-06T12:30:34Z,2026-02-06T17:39:34Z,2026-02-06T19:47:34Z,EDY Shield,Endpoint Integrity,AST-0056,RUL-005,Medium,Closed,ANL-008,1,72.6,FALSE,FALSE,SYNTHETIC_DEMO_DATA
INC-00002750,ALT-00000200,2025-08-09T14:52:42Z,2025-08-09T15:38:42Z,2025-08-09T15:41:42Z,2025-08-09T16:49:42Z,2025-08-09T18:14:42Z,2025-08-10T03:22:42Z,External Synthetic,Cloud Audit,AST-0022,RUL-011,Low,Closed,ANL-013,2,55.4,TRUE,FALSE,SYNTHETIC_DEMO_DATA
INC-00000422,ALT-00009347,2026-07-25T16:30:35Z,2026-07-25T16:42:35Z,2026-07-25T17:03:35Z,,,,External Synthetic,Network Sensor,AST-0233,RUL-035,Low,Active,ANL-001,0,46.3,FALSE,FALSE,SYNTHETIC_DEMO_DATA
INC-00001350,ALT-00016641,2026-04-02T13:14:08Z,2026-04-02T13:46:08Z,2026-04-02T13:50:08Z,2026-04-02T15:39:08Z,2026-04-03T04:56:08Z,2026-04-03T05:18:08Z,EDY RECON,Exposure Intelligence,AST-0159,RUL-018,Informational,Closed,ANL-002,1,44.0,FALSE,FALSE,SYNTHETIC_DEMO_DATA
INC-00002417,ALT-00014905,2025-06-02T10:44:20Z,2025-06-02T11:03:20Z,2025-06-02T11:18:20Z,2025-06-02T13:26:20Z,2025-06-02T18:35:20Z,2025-06-02T23:32:20Z,EDY Shield,Endpoint Integrity,AST-0032,RUL-018,Informational,Closed,ANL-003,1,51.4,FALSE,FALSE,SYNTHETIC_DEMO_DATA
INC-00001551,ALT-00003537,2025-07-15T11:23:55Z,2025-07-15T12:15:55Z,2025-07-15T12:24:55Z,2025-07-15T14:56:55Z,2025-07-15T17:48:55Z,2025-07-16T01:53:55Z,External Synthetic,Network Sensor,AST-0177,RUL-009,Low,Closed,ANL-018,1,74.4,TRUE,FALSE,SYNTHETIC_DEMO_DATA
INC-00002506,ALT-00016314,2025-02-19T09:57:52Z,2025-02-19T10:04:52Z,2025-02-19T10:13:52Z,2025-02-19T12:55:52Z,2025-02-19T15:52:52Z,2025-02-20T01:11:52Z,External Synthetic,Cloud Audit,AST-0219,RUL-018,Informational,Closed,ANL-010,2,39.2,FALSE,FALSE,SYNTHETIC_DEMO_DATA
INC-00001380,ALT-00000083,2026-01-23T16:26:48Z,2026-01-23T17:12:48Z,2026-01-23T17:20:48Z,2026-01-23T18:21:48Z,2026-01-23T21:09:48Z,,EDY SIEM,Correlation Hub,AST-0098,RUL-006,Informational,Resolved,ANL-008,4,33.2,FALSE,FALSE,SYNTHETIC_DEMO_DATA
INC-00002023,ALT-00016478,2025-12-28T15:03:58Z,,,,,,External Synthetic,Cloud Audit,AST-0220,RUL-003,Informational,New,ANL-007,0,28.8,FALSE,FALSE,SYNTHETIC_DEMO_DATA
INC-00003102,ALT-00004452,2025-12-28T11:15:36Z,2025-12-28T11:36:36Z,2025-12-28T11:59:36Z,2025-12-28T12:50:36Z,2025-12-28T16:37:36Z,2025-12-29T01:16:36Z,External Synthetic,Network Sensor,AST-0037,RUL-022,Low,Closed,ANL-015,1,73.8,TRUE,FALSE,SYNTHETIC_DEMO_DATA
INC-00002331,ALT-00012267,2025-07-30T12:30:38Z,2025-07-30T13:10:38Z,2025-07-30T13:53:38Z,2025-07-30T14:38:38Z,2025-07-30T16:00:38Z,2025-07-30T17:44:38Z,EDY SIEM,Correlation Hub,AST-0111,RUL-012,Low,Closed,ANL-012,1,48.2,FALSE,FALSE,SYNTHETIC_DEMO_DATA
INC-00001625,ALT-00003045,2026-07-05T11:30:38Z,2026-07-05T11:36:38Z,2026-07-05T13:07:38Z,2026-07-05T13:57:38Z,2026-07-05T16:05:38Z,,EDY SIEM,Correlation Hub,AST-0004,RUL-005,Critical,Resolved,ANL-007,1,100,TRUE,FALSE,SYNTHETIC_DEMO_DATA
INC-00000223,ALT-00002239,2025-02-11T09:35:09Z,2025-02-11T09:52:09Z,2025-02-11T10:11:09Z,2025-02-11T10:26:09Z,2025-02-12T00:29:09Z,2025-02-12T05:21:09Z,External Synthetic,Cloud Audit,AST-0202,RUL-038,Medium,Closed,ANL-009,1,57.7,FALSE,FALSE,SYNTHETIC_DEMO_DATA
INC-00001398,ALT-00002675,2026-04-10T13:47:02Z,2026-04-10T14:07:02Z,2026-04-10T14:29:02Z,2026-04-10T15:59:02Z,2026-04-10T18:53:02Z,2026-04-10T23:41:02Z,External Synthetic,Network Sensor,AST-0063,RUL-012,Informational,Closed,ANL-008,2,28.7,FALSE,FALSE,SYNTHETIC_DEMO_DATA
INC-00000578,ALT-00011792,2025-10-02T16:10:10Z,2025-10-02T16:20:10Z,2025-10-02T16:29:10Z,2025-10-02T20:17:10Z,2025-10-03T01:04:10Z,2025-10-03T02:51:10Z,EDY Shield,Endpoint Integrity,AST-0106,RUL-001,Low,Closed,ANL-007,3,52.4,FALSE,FALSE,SYNTHETIC_DEMO_DATA
INC-00001950,ALT-00011056,2025-02-14T20:59:39Z,2025-02-14T21:40:39Z,2025-02-14T21:55:39Z,2025-02-14T22:13:39Z,2025-02-14T22:57:39Z,2025-02-15T08:44:39Z,External Synthetic,Network Sensor,AST-0093,RUL-024,Low,Closed,ANL-015,2,53.8,FALSE,FALSE,SYNTHETIC_DEMO_DATA
INC-00001143,ALT-00006586,2026-06-16T11:54:40Z,2026-06-16T12:17:40Z,2026-06-16T12:22:40Z,2026-06-16T12:54:40Z,2026-06-16T14:01:40Z,2026-06-17T01:32:40Z,EDY RECON,Exposure Intelligence,AST-0128,RUL-024,Informational,Closed,ANL-011,2,42.7,FALSE,FALSE,SYNTHETIC_DEMO_DATA
INC-00002811,ALT-00012713,2026-03-08T17:12:02Z,2026-03-08T17:27:02Z,2026-03-08T18:24:02Z,2026-03-08T21:40:02Z,2026-03-09T07:07:02Z,,External Synthetic,Identity Provider,AST-0041,RUL-017,Informational,Resolved,ANL-017,1,48.7,FALSE,FALSE,SYNTHETIC_DEMO_DATA
INC-00000335,ALT-00014515,2026-05-10T11:22:58Z,2026-05-10T13:18:58Z,2026-05-10T13:42:58Z,2026-05-10T16:03:58Z,2026-05-10T22:41:58Z,2026-05-11T04:14:58Z,External Synthetic,Network Sensor,AST-0011,RUL-009,Informational,Closed,ANL-015,1,35.1,FALSE,FALSE,SYNTHETIC_DEMO_DATA
INC-00002661,ALT-00013838,2025-11-02T10:38:28Z,2025-11-02T11:25:28Z,2025-11-02T11:33:28Z,2025-11-02T13:45:28Z,2025-11-02T22:32:28Z,2025-11-03T00:15:28Z,EDY SIEM,Correlation Hub,AST-0137,RUL-021,Informational,Closed,ANL-005,1,42.3,FALSE,FALSE,SYNTHETIC_DEMO_DATA
INC-00000397,ALT-00016851,2026-03-27T23:00:28Z,2026-03-27T23:30:28Z,2026-03-27T23:54:28Z,2026-03-28T04:39:28Z,2026-03-29T04:45:28Z,2026-03-29T12:29:28Z,EDY Sentinel,Cloud Detection,AST-0028,RUL-012,Informational,Closed,ANL-013,1,48.0,FALSE,FALSE,SYNTHETIC_DEMO_DATA
INC-00001262,ALT-00016551,2025-11-04T15:18:55Z,2025-11-04T15:25:55Z,2025-11-04T16:13:55Z,2025-11-04T16:42:55Z,2025-11-04T18:23:55Z,2025-11-04T21:39:55Z,EDY Sentinel,Cloud Detection,AST-0197,RUL-015,Informational,Closed,ANL-006,1,34.0,FALSE,FALSE,SYNTHETIC_DEMO_DATA
INC-00001759,ALT-00010181,2025-11-27T03:32:11Z,2025-11-27T03:51:11Z,2025-11-27T04:02:11Z,2025-11-27T05:43:11Z,2025-11-27T08:32:11Z,2025-11-27T15:58:11Z,External Synthetic,Identity Provider,AST-0181,RUL-039,Low,Closed,ANL-002,1,57.6,FALSE,FALSE,SYNTHETIC_DEMO_DATA
INC-00002422,ALT-00002841,2025-06-05T00:05:49Z,2025-06-05T00:18:49Z,2025-06-05T01:05:49Z,2025-06-05T01:24:49Z,2025-06-05T02:06:49Z,2025-06-05T13:06:49Z,EDY Shield,Endpoint Integrity,AST-0177,RUL-042,Critical,Closed,ANL-008,1,100,TRUE,FALSE,SYNTHETIC_DEMO_DATA
INC-00000659,ALT-00007268,2026-02-26T18:22:34Z,2026-02-26T18:26:34Z,2026-02-26T18:28:34Z,2026-02-26T21:32:34Z,,,External Synthetic,Cloud Audit,AST-0158,RUL-006,Informational,Contained,ANL-015,0,51.5,FALSE,FALSE,SYNTHETIC_DEMO_DATA
INC-00003047,ALT-00005019,2026-07-20T08:27:28Z,2026-07-20T08:36:28Z,2026-07-20T08:52:28Z,2026-07-20T10:39:28Z,2026-07-20T11:39:28Z,2026-07-20T11:57:28Z,External Synthetic,Network Sensor,AST-0170,RUL-035,Low,Closed,ANL-004,1,63.3,TRUE,FALSE,SYNTHETIC_DEMO_DATA
INC-00000689,ALT-00015286,2025-07-09T16:20:30Z,2025-07-09T16:36:30Z,2025-07-09T16:49:30Z,2025-07-09T17:09:30Z,2025-07-09T17:57:30Z,2025-07-09T21:05:30Z,External Synthetic,Cloud Audit,AST-0041,RUL-036,High,Closed,ANL-006,1,100,TRUE,TRUE,SYNTHETIC_DEMO_DATA
INC-00002161,ALT-00007654,2026-02-03T01:19:52Z,2026-02-03T02:07:52Z,2026-02-03T02:19:52Z,2026-02-03T02:56:52Z,2026-02-03T04:16:52Z,2026-02-03T06:10:52Z,External Synthetic,Cloud Audit,AST-0126,RUL-012,Medium,Closed,ANL-015,1,59.2,FALSE,FALSE,SYNTHETIC_DEMO_DATA
INC-00001418,ALT-00012006,2026-03-14T22:59:06Z,2026-03-14T23:33:06Z,2026-03-15T00:01:06Z,2026-03-15T01:56:06Z,2026-03-15T03:25:06Z,,External Synthetic,Network Sensor,AST-0168,RUL-011,Low,Resolved,ANL-013,3,60.1,FALSE,FALSE,SYNTHETIC_DEMO_DATA
INC-00002361,ALT-00010953,2025-12-31T18:27:53Z,2025-12-31T18:43:53Z,2025-12-31T18:58:53Z,2025-12-31T21:33:53Z,2025-12-31T22:35:53Z,2026-01-01T06:59:53Z,EDY Shield,Endpoint Integrity,AST-0207,RUL-024,Low,Closed,ANL-018,2,45.8,FALSE,FALSE,SYNTHETIC_DEMO_DATA
INC-00003000,ALT-00007850,2025-07-06T10:02:19Z,,,,,,EDY SIEM,Correlation Hub,AST-0078,RUL-017,Low,New,ANL-009,0,55.6,FALSE,FALSE,SYNTHETIC_DEMO_DATA
INC-00000505,ALT-00010534,2025-12-28T17:37:02Z,2025-12-28T17:54:02Z,2025-12-28T18:04:02Z,2025-12-28T19:07:02Z,2025-12-28T22:30:02Z,,External Synthetic,Cloud Audit,AST-0166,RUL-014,Low,Resolved,ANL-014,4,51.4,FALSE,FALSE,SYNTHETIC_DEMO_DATA
INC-00001148,ALT-00006682,2025-03-07T11:42:37Z,2025-03-07T11:53:37Z,2025-03-07T12:10:37Z,2025-03-07T15:06:37Z,2025-03-07T15:37:37Z,2025-03-07T22:17:37Z,EDY Sentinel,Cloud Detection,AST-0027,RUL-023,Medium,Closed,ANL-014,3,60.4,FALSE,FALSE,SYNTHETIC_DEMO_DATA
INC-00002605,ALT-00016970,2025-06-20T07:15:39Z,2025-06-20T07:43:39Z,2025-06-20T07:55:39Z,2025-06-20T08:39:39Z,2025-06-20T09:41:39Z,,External Synthetic,Identity Provider,AST-0003,RUL-028,Low,Resolved,ANL-002,3,55.2,FALSE,FALSE,SYNTHETIC_DEMO_DATA
INC-00001837,ALT-00011475,2025-12-11T09:26:12Z,2025-12-11T09:37:12Z,2025-12-11T09:43:12Z,2025-12-11T11:34:12Z,2025-12-11T13:34:12Z,2025-12-11T19:28:12Z,EDY Sentinel,Cloud Detection,AST-0187,RUL-024,Informational,Closed,ANL-013,1,53.9,TRUE,FALSE,SYNTHETIC_DEMO_DATA
INC-00000286,ALT-00014583,2026-07-06T15:58:28Z,2026-07-06T16:42:28Z,2026-07-06T17:04:28Z,2026-07-06T18:13:28Z,,,EDY SIEM,Correlation Hub,AST-0095,RUL-011,Low,Contained,ANL-017,0,72.5,TRUE,FALSE,SYNTHETIC_DEMO_DATA
INC-00000643,ALT-00015226,2026-03-04T14:43:14Z,2026-03-04T14:50:14Z,2026-03-04T15:03:14Z,2026-03-04T16:26:14Z,2026-03-04T18:24:14Z,,External Synthetic,Network Sensor,AST-0055,RUL-027,Low,Resolved,ANL-002,3,57.1,FALSE,FALSE,SYNTHETIC_DEMO_DATA
INC-00003067,ALT-00003308,2025-06-02T11:56:32Z,2025-06-02T12:26:32Z,2025-06-02T12:34:32Z,2025-06-02T13:40:32Z,2025-06-02T21:37:32Z,2025-06-03T05:22:32Z,EDY Sentinel,Cloud Detection,AST-0095,RUL-022,Informational,Closed,ANL-007,1,47.8,FALSE,FALSE,SYNTHETIC_DEMO_DATA
INC-00002890,ALT-00008767,2025-05-04T00:58:19Z,2025-05-04T01:36:19Z,2025-05-04T02:06:19Z,2025-05-04T03:40:19Z,2025-05-04T08:48:19Z,2025-05-04T12:58:19Z,EDY Sentinel,Cloud Detection,AST-0189,RUL-014,Informational,Closed,ANL-004,4,23.0,FALSE,FALSE,SYNTHETIC_DEMO_DATA
INC-00001622,ALT-00012401,2025-08-01T16:08:31Z,2025-08-01T16:45:31Z,2025-08-01T16:55:31Z,2025-08-01T18:05:31Z,2025-08-01T20:14:31Z,2025-08-02T05:25:31Z,External Synthetic,Identity Provider,AST-0006,RUL-030,Medium,Closed,ANL-008,1,69.6,FALSE,FALSE,SYNTHETIC_DEMO_DATA
INC-00003049,ALT-00016242,2026-07-22T08:19:10Z,2026-07-22T08:25:10Z,2026-07-22T08:34:10Z,,,,EDY RECON,Exposure Intelligence,AST-0065,RUL-045,High,Active,ANL-010,0,92.8,TRUE,FALSE,SYNTHETIC_DEMO_DATA
INC-00002642,ALT-00004596,2026-01-03T00:06:38Z,2026-01-03T00:19:38Z,2026-01-03T00:41:38Z,2026-01-03T01:55:38Z,2026-01-03T09:06:38Z,2026-01-03T19:58:38Z,External Synthetic,Identity Provider,AST-0073,RUL-007,Informational,Closed,ANL-012,4,43.9,FALSE,FALSE,SYNTHETIC_DEMO_DATA
INC-00003058,ALT-00009288,2025-08-26T17:53:30Z,2025-08-26T18:33:30Z,2025-08-26T18:45:30Z,2025-08-26T21:20:30Z,2025-08-26T23:34:30Z,2025-08-27T04:01:30Z,External Synthetic,Identity Provider,AST-0100,RUL-015,Informational,Closed,ANL-016,2,57.2,TRUE,FALSE,SYNTHETIC_DEMO_DATA
INC-00001331,ALT-00009646,2025-12-19T17:32:54Z,2025-12-19T18:05:54Z,2025-12-19T18:16:54Z,2025-12-19T23:19:54Z,2025-12-20T07:47:54Z,2025-12-20T15:12:54Z,External Synthetic,Identity Provider,AST-0075,RUL-021,Informational,Closed,ANL-009,2,45.1,TRUE,FALSE,SYNTHETIC_DEMO_DATA
INC-00002321,ALT-00000048,2026-07-22T17:49:15Z,2026-07-22T17:59:15Z,2026-07-22T18:20:15Z,,,,EDY Shield,Endpoint Integrity,AST-0074,RUL-014,Medium,Active,ANL-011,0,78.4,TRUE,FALSE,SYNTHETIC_DEMO_DATA
INC-00001953,ALT-00007695,2025-10-29T01:20:14Z,2025-10-29T01:32:14Z,2025-10-29T01:49:14Z,2025-10-29T03:06:14Z,2025-10-29T04:45:14Z,2025-10-29T06:42:14Z,EDY Shield,Endpoint Integrity,AST-0106,RUL-016,Informational,Closed,ANL-011,1,35.8,FALSE,FALSE,SYNTHETIC_DEMO_DATA
INC-00002940,ALT-00017414,2026-04-08T05:41:31Z,2026-04-08T05:57:31Z,2026-04-08T06:19:31Z,2026-04-08T08:18:31Z,2026-04-08T10:04:31Z,2026-04-08T17:46:31Z,External Synthetic,Identity Provider,AST-0144,RUL-045,Low,Closed,ANL-015,1,38.3,FALSE,FALSE,SYNTHETIC_DEMO_DATA
INC-00000367,ALT-00015553,2025-08-10T15:33:50Z,2025-08-10T15:43:50Z,2025-08-10T15:57:50Z,2025-08-10T19:11:50Z,2025-08-10T20:10:50Z,2025-08-11T04:02:50Z,EDY Shield,Endpoint Integrity,AST-0109,RUL-010,High,Closed,ANL-010,3,100,TRUE,FALSE,SYNTHETIC_DEMO_DATA
INC-00002144,ALT-00001984,2026-07-12T20:29:56Z,2026-07-12T21:19:56Z,2026-07-12T21:35:56Z,2026-07-12T23:02:56Z,2026-07-13T08:53:56Z,2026-07-13T16:12:56Z,External Synthetic,Network Sensor,AST-0031,RUL-037,Low,Closed,ANL-007,1,42.3,FALSE,FALSE,SYNTHETIC_DEMO_DATA
INC-00002199,ALT-00015996,2026-06-16T15:42:52Z,2026-06-16T17:41:52Z,2026-06-16T17:48:52Z,2026-06-16T18:51:52Z,2026-06-17T02:07:52Z,2026-06-17T07:02:52Z,EDY SIEM,Correlation Hub,AST-0104,RUL-028,Informational,Closed,ANL-017,2,51.8,FALSE,FALSE,SYNTHETIC_DEMO_DATA
INC-00000430,ALT-00001994,2025-08-14T19:50:19Z,2025-08-14T20:50:19Z,2025-08-14T21:11:19Z,2025-08-15T02:04:19Z,2025-08-15T03:26:19Z,2025-08-15T15:17:19Z,External Synthetic,Cloud Audit,AST-0074,RUL-023,High,Closed,ANL-001,1,94.6,TRUE,FALSE,SYNTHETIC_DEMO_DATA
INC-00001670,ALT-00010799,2025-07-20T13:04:48Z,2025-07-20T13:08:48Z,2025-07-20T13:26:48Z,2025-07-20T14:52:48Z,2025-07-20T19:45:48Z,2025-07-20T23:07:48Z,EDY RECON,Exposure Intelligence,AST-0211,RUL-037,Informational,Closed,ANL-012,3,33.9,FALSE,FALSE,SYNTHETIC_DEMO_DATA
INC-00001458,ALT-00006832,2025-07-02T11:23:33Z,2025-07-02T11:42:33Z,2025-07-02T12:06:33Z,2025-07-02T13:21:33Z,2025-07-02T16:09:33Z,2025-07-02T18:25:33Z,EDY RECON,Exposure Intelligence,AST-0198,RUL-028,Informational,Closed,ANL-002,1,26.2,FALSE,FALSE,SYNTHETIC_DEMO_DATA
INC-00000259,ALT-00016398,2026-07-07T12:24:12Z,2026-07-07T13:03:12Z,2026-07-07T13:17:12Z,2026-07-07T16:44:12Z,2026-07-07T20:30:12Z,2026-07-07T20:56:12Z,External Synthetic,Identity Provider,AST-0207,RUL-011,High,Closed,ANL-010,3,78.6,TRUE,FALSE,SYNTHETIC_DEMO_DATA
INC-00002092,ALT-00015400,2025-04-16T13:27:59Z,2025-04-16T13:57:59Z,2025-04-16T14:26:59Z,2025-04-16T19:15:59Z,2025-04-16T19:49:59Z,2025-04-16T20:11:59Z,External Synthetic,Identity Provider,AST-0165,RUL-035,Informational,Closed,ANL-010,1,38.6,FALSE,FALSE,SYNTHETIC_DEMO_DATA
INC-00002576,ALT-00003717,2026-06-23T21:44:48Z,2026-06-23T22:01:48Z,2026-06-23T22:16:48Z,,,,EDY SIEM,Correlation Hub,AST-0041,RUL-005,Informational,Active,ANL-006,0,50.7,FALSE,FALSE,SYNTHETIC_DEMO_DATA
INC-00000034,ALT-00005836,2025-09-23T19:44:53Z,2025-09-23T20:07:53Z,2025-09-23T21:02:53Z,,,,EDY SIEM,Correlation Hub,AST-0160,RUL-015,Low,Active,ANL-017,0,56.9,FALSE,FALSE,SYNTHETIC_DEMO_DATA
INC-00000010,ALT-00001162,2026-05-30T23:51:57Z,2026-05-31T00:08:57Z,2026-05-31T03:23:57Z,2026-05-31T09:27:57Z,2026-05-31T14:35:57Z,2026-05-31T16:53:57Z,EDY Shield,Endpoint Integrity,AST-0003,RUL-035,Medium,Closed,ANL-006,1,71.6,FALSE,FALSE,SYNTHETIC_DEMO_DATA
INC-00002900,ALT-00001120,2026-05-27T18:28:11Z,2026-05-27T18:34:11Z,2026-05-27T19:16:11Z,2026-05-27T19:24:11Z,2026-05-28T01:34:11Z,2026-05-28T12:24:11Z,EDY RECON,Exposure Intelligence,AST-0208,RUL-039,Low,Closed,ANL-007,1,59.9,FALSE,FALSE,SYNTHETIC_DEMO_DATA
INC-00000694,ALT-00000327,2026-02-28T11:05:21Z,2026-02-28T11:28:21Z,2026-02-28T12:10:21Z,2026-02-28T14:11:21Z,2026-02-28T16:41:21Z,2026-02-28T21:46:21Z,EDY RECON,Exposure Intelligence,AST-0062,RUL-022,Low,Closed,ANL-005,1,47.2,FALSE,FALSE,SYNTHETIC_DEMO_DATA
INC-00002376,ALT-00016214,2025-03-15T16:33:46Z,2025-03-15T17:23:46Z,2025-03-15T18:14:46Z,2025-03-15T20:22:46Z,2025-03-15T23:25:46Z,2025-03-16T04:26:46Z,External Synthetic,Cloud Audit,AST-0045,RUL-011,Medium,Closed,ANL-004,3,64.0,TRUE,FALSE,SYNTHETIC_DEMO_DATA
INC-00003066,ALT-00013528,2026-04-14T08:24:35Z,2026-04-14T08:29:35Z,2026-04-14T08:45:35Z,2026-04-14T09:32:35Z,2026-04-14T10:51:35Z,2026-04-14T11:20:35Z,EDY Sentinel,Cloud Detection,AST-0096,RUL-004,Medium,Closed,ANL-016,1,77.0,FALSE,FALSE,SYNTHETIC_DEMO_DATA
INC-00001678,ALT-00005808,2025-07-12T10:41:19Z,2025-07-12T10:43:19Z,2025-07-12T11:59:19Z,2025-07-12T13:23:19Z,2025-07-12T14:09:19Z,2025-07-12T17:38:19Z,External Synthetic,Identity Provider,AST-0055,RUL-014,Low,Closed,ANL-011,3,55.8,FALSE,FALSE,SYNTHETIC_DEMO_DATA
INC-00001397,ALT-00005578,2026-05-14T14:08:55Z,2026-05-14T14:34:55Z,2026-05-14T14:41:55Z,2026-05-14T17:56:55Z,2026-05-14T21:22:55Z,2026-05-14T23:26:55Z,EDY SIEM,Correlation Hub,AST-0070,RUL-026,Low,Closed,ANL-016,1,67.0,TRUE,FALSE,SYNTHETIC_DEMO_DATA
INC-00003080,ALT-00002939,2026-06-27T08:32:31Z,2026-06-27T08:53:31Z,2026-06-27T09:14:31Z,2026-06-27T09:48:31Z,2026-06-27T11:06:31Z,2026-06-27T16:38:31Z,EDY SIEM,Correlation Hub,AST-0076,RUL-022,Medium,Closed,ANL-008,1,75.0,TRUE,FALSE,SYNTHETIC_DEMO_DATA
INC-00002965,ALT-00013650,2026-07-06T12:31:33Z,2026-07-06T12:57:33Z,2026-07-06T13:21:33Z,2026-07-06T13:58:33Z,2026-07-06T15:54:33Z,2026-07-06T23:54:33Z,EDY Sentinel,Cloud Detection,AST-0202,RUL-021,High,Closed,ANL-004,3,90.1,TRUE,FALSE,SYNTHETIC_DEMO_DATA
INC-00000854,ALT-00012035,2025-08-04T12:36:22Z,2025-08-04T13:10:22Z,2025-08-04T13:17:22Z,2025-08-04T13:59:22Z,2025-08-04T15:10:22Z,2025-08-05T00:01:22Z,External Synthetic,Cloud Audit,AST-0218,RUL-025,Low,Closed,ANL-001,3,51.5,FALSE,FALSE,SYNTHETIC_DEMO_DATA
INC-00001328,ALT-00015957,2025-11-14T14:20:09Z,2025-11-14T15:01:09Z,2025-11-14T16:03:09Z,2025-11-14T16:55:09Z,2025-11-14T18:54:09Z,2025-11-15T04:26:09Z,EDY SIEM,Correlation Hub,AST-0111,RUL-043,High,Closed,ANL-015,1,91.9,TRUE,FALSE,SYNTHETIC_DEMO_DATA
INC-00000793,ALT-00016246,2025-05-28T10:36:20Z,2025-05-28T10:42:20Z,2025-05-28T11:03:20Z,2025-05-28T14:46:20Z,2025-05-28T17:30:20Z,2025-05-28T18:52:20Z,External Synthetic,Network Sensor,AST-0084,RUL-023,Informational,Closed,ANL-013,4,37.1,FALSE,FALSE,SYNTHETIC_DEMO_DATA
INC-00001770,ALT-00005458,2026-03-15T19:05:17Z,2026-03-15T19:41:17Z,2026-03-15T20:10:17Z,2026-03-15T20:40:17Z,2026-03-15T22:31:17Z,2026-03-16T03:05:17Z,EDY Sentinel,Cloud Detection,AST-0129,RUL-012,Medium,Closed,ANL-016,2,64.9,FALSE,FALSE,SYNTHETIC_DEMO_DATA
INC-00001658,ALT-00008622,2025-03-18T17:22:12Z,2025-03-18T17:37:12Z,2025-03-18T18:25:12Z,2025-03-18T19:37:12Z,2025-03-19T00:15:12Z,2025-03-19T00:27:12Z,External Synthetic,Identity Provider,AST-0221,RUL-044,Informational,Closed,ANL-006,3,54.4,FALSE,FALSE,SYNTHETIC_DEMO_DATA
INC-00000013,ALT-00005523,2026-07-16T10:30:53Z,2026-07-16T11:04:53Z,2026-07-16T11:35:53Z,2026-07-16T13:40:53Z,2026-07-16T14:44:53Z,2026-07-16T16:27:53Z,External Synthetic,Cloud Audit,AST-0097,RUL-009,Low,Closed,ANL-002,1,50.9,FALSE,FALSE,SYNTHETIC_DEMO_DATA
INC-00000763,ALT-00004632,2025-06-18T16:06:32Z,2025-06-18T16:19:32Z,2025-06-18T16:32:32Z,2025-06-18T17:05:32Z,2025-06-18T19:30:32Z,2025-06-19T05:52:32Z,EDY SIEM,Correlation Hub,AST-0086,RUL-040,High,Closed,ANL-010,2,100,TRUE,FALSE,SYNTHETIC_DEMO_DATA
INC-00000083,ALT-00011126,2026-05-12T10:24:42Z,2026-05-12T10:28:42Z,2026-05-12T10:46:42Z,2026-05-12T13:47:42Z,2026-05-12T16:51:42Z,2026-05-12T19:32:42Z,External Synthetic,Cloud Audit,AST-0074,RUL-012,Informational,Closed,ANL-015,4,35.0,FALSE,FALSE,SYNTHETIC_DEMO_DATA
INC-00001531,ALT-00008679,2025-02-04T20:48:38Z,2025-02-04T20:54:38Z,2025-02-04T21:45:38Z,2025-02-05T01:49:38Z,2025-02-05T04:57:38Z,2025-02-05T06:14:38Z,EDY Sentinel,Cloud Detection,AST-0136,RUL-007,Medium,Closed,ANL-015,1,76.9,FALSE,FALSE,SYNTHETIC_DEMO_DATA
INC-00001775,ALT-00006641,2026-02-09T06:41:58Z,2026-02-09T06:53:58Z,2026-02-09T07:16:58Z,2026-02-09T08:51:58Z,2026-02-09T13:31:58Z,2026-02-09T23:46:58Z,External Synthetic,Network Sensor,AST-0040,RUL-041,Informational,Closed,ANL-015,1,32.1,FALSE,FALSE,SYNTHETIC_DEMO_DATA
INC-00001183,ALT-00005727,2025-06-02T11:09:24Z,2025-06-02T11:46:24Z,2025-06-02T11:54:24Z,2025-06-02T16:53:24Z,2025-06-03T01:05:24Z,2025-06-03T11:25:24Z,External Synthetic,Network Sensor,AST-0218,RUL-041,Informational,Closed,ANL-001,1,36.3,FALSE,FALSE,SYNTHETIC_DEMO_DATA
INC-00000041,ALT-00005770,2025-04-08T08:34:27Z,2025-04-08T09:27:27Z,2025-04-08T09:35:27Z,2025-04-08T11:39:27Z,2025-04-08T18:14:27Z,2025-04-09T05:25:27Z,EDY Sentinel,Cloud Detection,AST-0141,RUL-010,Informational,Closed,ANL-003,3,40.7,FALSE,FALSE,SYNTHETIC_DEMO_DATA
INC-00001112,ALT-00002271,2025-02-04T09:28:11Z,2025-02-04T09:47:11Z,2025-02-04T10:04:11Z,2025-02-04T11:35:11Z,2025-02-04T12:23:11Z,2025-02-04T13:24:11Z,External Synthetic,Identity Provider,AST-0194,RUL-019,Medium,Closed,ANL-014,1,78.0,FALSE,FALSE,SYNTHETIC_DEMO_DATA
INC-00003161,ALT-00011677,2025-09-23T13:08:53Z,2025-09-23T13:24:53Z,2025-09-23T13:45:53Z,2025-09-23T14:45:53Z,2025-09-23T15:17:53Z,2025-09-23T18:42:53Z,EDY Shield,Endpoint Integrity,AST-0061,RUL-002,Medium,Closed,ANL-017,1,64.0,FALSE,FALSE,SYNTHETIC_DEMO_DATA
INC-00001052,ALT-00000643,2026-05-14T23:42:43Z,2026-05-15T00:01:43Z,2026-05-15T00:15:43Z,2026-05-15T00:34:43Z,2026-05-15T08:55:43Z,2026-05-15T17:34:43Z,EDY SIEM,Correlation Hub,AST-0123,RUL-040,Low,Closed,ANL-001,1,59.4,FALSE,FALSE,SYNTHETIC_DEMO_DATA
INC-00001291,ALT-00009487,2026-01-12T14:19:39Z,2026-01-12T14:35:39Z,2026-01-12T14:49:39Z,2026-01-12T15:14:39Z,2026-01-12T19:33:39Z,,External Synthetic,Network Sensor,AST-0051,RUL-007,Informational,Resolved,ANL-001,3,39.6,FALSE,FALSE,SYNTHETIC_DEMO_DATA
INC-00000811,ALT-00012000,2026-05-20T17:37:21Z,2026-05-20T17:50:21Z,2026-05-20T18:16:21Z,2026-05-20T18:37:21Z,2026-05-20T21:57:21Z,2026-05-21T00:37:21Z,External Synthetic,Cloud Audit,AST-0118,RUL-004,Low,Closed,ANL-014,1,58.8,FALSE,FALSE,SYNTHETIC_DEMO_DATA
INC-00000787,ALT-00006426,2025-02-22T00:03:56Z,2025-02-22T00:18:56Z,2025-02-22T00:24:56Z,2025-02-22T05:25:56Z,2025-02-22T05:56:56Z,2025-02-22T11:16:56Z,External Synthetic,Identity Provider,AST-0185,RUL-021,Low,Closed,ANL-002,3,61.3,FALSE,FALSE,SYNTHETIC_DEMO_DATA
INC-00003183,ALT-00011880,2025-04-03T08:25:27Z,2025-04-03T08:42:27Z,2025-04-03T09:11:27Z,2025-04-03T10:04:27Z,2025-04-03T11:33:27Z,2025-04-03T19:34:27Z,External Synthetic,Network Sensor,AST-0099,RUL-002,Low,Closed,ANL-006,1,41.8,FALSE,FALSE,SYNTHETIC_DEMO_DATA
INC-00001227,ALT-00004996,2025-05-26T16:58:33Z,2025-05-26T17:04:33Z,2025-05-26T17:53:33Z,2025-05-26T19:45:33Z,2025-05-27T01:25:33Z,2025-05-27T12:59:33Z,EDY Shield,Endpoint Integrity,AST-0030,RUL-008,Medium,Closed,ANL-001,1,70.1,FALSE,FALSE,SYNTHETIC_DEMO_DATA
INC-00002404,ALT-00004321,2025-12-28T16:57:00Z,2025-12-28T18:01:00Z,2025-12-28T18:10:00Z,2025-12-28T19:19:00Z,2025-12-28T21:25:00Z,2025-12-29T03:30:00Z,External Synthetic,Cloud Audit,AST-0064,RUL-015,Low,Closed,ANL-005,3,63.8,FALSE,FALSE,SYNTHETIC_DEMO_DATA
INC-00002665,ALT-00009639,2026-06-04T12:08:54Z,2026-06-04T12:37:54Z,2026-06-04T13:14:54Z,2026-06-04T13:46:54Z,2026-06-04T15:43:54Z,2026-06-05T01:52:54Z,EDY SIEM,Correlation Hub,AST-0125,RUL-040,Informational,Closed,ANL-013,4,30.2,FALSE,FALSE,SYNTHETIC_DEMO_DATA
INC-00002284,ALT-00013818,2025-11-05T03:21:36Z,2025-11-05T03:58:36Z,2025-11-05T05:48:36Z,2025-11-05T08:33:36Z,2025-11-05T12:56:36Z,2025-11-05T17:10:36Z,EDY SIEM,Correlation Hub,AST-0071,RUL-020,Low,Closed,ANL-017,3,44.5,FALSE,FALSE,SYNTHETIC_DEMO_DATA
INC-00000069,ALT-00002855,2025-09-01T15:38:08Z,2025-09-01T16:06:08Z,2025-09-01T16:49:08Z,2025-09-01T18:15:08Z,2025-09-01T19:39:08Z,2025-09-01T20:43:08Z,External Synthetic,Network Sensor,AST-0194,RUL-005,Low,Closed,ANL-006,1,69.7,FALSE,FALSE,SYNTHETIC_DEMO_DATA
INC-00002333,ALT-00011535,2025-10-07T07:57:27Z,2025-10-07T08:12:27Z,2025-10-07T09:01:27Z,2025-10-07T09:29:27Z,2025-10-07T10:07:27Z,2025-10-07T18:30:27Z,EDY SIEM,Correlation Hub,AST-0095,RUL-011,Low,Closed,ANL-016,1,63.7,FALSE,FALSE,SYNTHETIC_DEMO_DATA
INC-00003093,ALT-00001242,2025-09-05T20:00:40Z,2025-09-05T20:15:40Z,2025-09-05T20:33:40Z,2025-09-05T21:16:40Z,2025-09-06T14:42:40Z,2025-09-07T00:14:40Z,EDY Shield,Endpoint Integrity,AST-0128,RUL-028,Low,Closed,ANL-006,3,53.1,FALSE,FALSE,SYNTHETIC_DEMO_DATA
INC-00000570,ALT-00005074,2025-09-21T19:21:36Z,2025-09-21T19:45:36Z,2025-09-21T20:18:36Z,2025-09-21T21:21:36Z,2025-09-22T02:31:36Z,2025-09-22T14:17:36Z,EDY Sentinel,Cloud Detection,AST-0098,RUL-017,Informational,Closed,ANL-008,1,36.7,FALSE,FALSE,SYNTHETIC_DEMO_DATA
INC-00002358,ALT-00015378,2025-05-09T18:46:40Z,2025-05-09T19:03:40Z,2025-05-09T19:18:40Z,2025-05-09T20:10:40Z,2025-05-09T22:01:40Z,2025-05-10T06:29:40Z,External Synthetic,Cloud Audit,AST-0147,RUL-005,Informational,Closed,ANL-002,1,35.4,FALSE,FALSE,SYNTHETIC_DEMO_DATA
INC-00000284,ALT-00008266,2026-04-04T19:10:01Z,2026-04-04T19:14:01Z,2026-04-04T19:38:01Z,2026-04-04T21:52:01Z,2026-04-05T01:36:01Z,2026-04-05T02:17:01Z,EDY Sentinel,Cloud Detection,AST-0178,RUL-033,Informational,Closed,ANL-012,1,39.2,FALSE,FALSE,SYNTHETIC_DEMO_DATA
INC-00000681,ALT-00007492,2025-02-24T03:48:45Z,2025-02-24T03:57:45Z,2025-02-24T04:36:45Z,2025-02-24T04:49:45Z,2025-02-24T07:31:45Z,2025-02-24T08:32:45Z,External Synthetic,Network Sensor,AST-0001,RUL-029,Informational,Closed,ANL-005,1,48.8,FALSE,FALSE,SYNTHETIC_DEMO_DATA
INC-00002076,ALT-00003700,2025-03-27T16:21:47Z,2025-03-27T16:36:47Z,2025-03-27T16:49:47Z,2025-03-27T18:38:47Z,2025-03-27T18:57:47Z,2025-03-27T22:18:47Z,External Synthetic,Identity Provider,AST-0063,RUL-028,Informational,Closed,ANL-014,2,23.6,FALSE,FALSE,SYNTHETIC_DEMO_DATA
INC-00003033,ALT-00004220,2026-02-26T16:51:40Z,2026-02-26T17:12:40Z,2026-02-26T17:33:40Z,2026-02-26T20:16:40Z,2026-02-27T11:12:40Z,2026-02-27T14:44:40Z,External Synthetic,Identity Provider,AST-0218,RUL-036,Informational,Closed,ANL-011,1,40.3,FALSE,FALSE,SYNTHETIC_DEMO_DATA
INC-00001370,ALT-00010933,2026-07-06T15:13:55Z,2026-07-06T15:18:55Z,2026-07-06T15:36:55Z,2026-07-06T15:47:55Z,2026-07-07T00:06:55Z,2026-07-07T06:23:55Z,External Synthetic,Identity Provider,AST-0204,RUL-032,Medium,Closed,ANL-008,1,74.0,FALSE,FALSE,SYNTHETIC_DEMO_DATA
INC-00002830,ALT-00002910,2025-09-02T17:40:36Z,2025-09-02T18:04:36Z,2025-09-02T18:35:36Z,2025-09-02T19:44:36Z,2025-09-02T20:45:36Z,2025-09-03T01:07:36Z,External Synthetic,Identity Provider,AST-0152,RUL-038,Informational,Closed,ANL-010,1,28.0,FALSE,FALSE,SYNTHETIC_DEMO_DATA
INC-00001581,ALT-00010474,2025-03-12T19:08:01Z,2025-03-12T19:20:01Z,2025-03-12T19:36:01Z,2025-03-12T23:44:01Z,2025-03-13T02:35:01Z,,EDY SIEM,Correlation Hub,AST-0168,RUL-044,Informational,Resolved,ANL-005,1,41.8,FALSE,FALSE,SYNTHETIC_DEMO_DATA
INC-00001818,ALT-00001792,2025-06-04T18:59:15Z,2025-06-04T20:24:15Z,2025-06-04T21:08:15Z,2025-06-05T00:38:15Z,2025-06-05T07:33:15Z,2025-06-05T08:37:15Z,EDY RECON,Exposure Intelligence,AST-0046,RUL-028,Informational,Closed,ANL-002,1,42.5,FALSE,FALSE,SYNTHETIC_DEMO_DATA
INC-00002350,ALT-00004012,2026-07-05T09:26:37Z,2026-07-05T09:37:37Z,2026-07-05T10:12:37Z,2026-07-05T10:33:37Z,2026-07-05T13:50:37Z,2026-07-06T00:31:37Z,External Synthetic,Identity Provider,AST-0103,RUL-025,Medium,Closed,ANL-006,2,57.6,FALSE,FALSE,SYNTHETIC_DEMO_DATA
INC-00002168,ALT-00012095,2025-07-04T19:50:37Z,2025-07-04T20:05:37Z,2025-07-04T21:06:37Z,2025-07-05T00:34:37Z,2025-07-05T01:25:37Z,,EDY RECON,Exposure Intelligence,AST-0122,RUL-042,Low,Resolved,ANL-001,1,63.0,FALSE,FALSE,SYNTHETIC_DEMO_DATA
INC-00001637,ALT-00014330,2025-09-11T16:23:01Z,2025-09-11T16:31:01Z,2025-09-11T16:50:01Z,2025-09-11T17:33:01Z,2025-09-11T19:13:01Z,2025-09-11T21:48:01Z,External Synthetic,Network Sensor,AST-0227,RUL-025,High,Closed,ANL-012,3,96.7,TRUE,FALSE,SYNTHETIC_DEMO_DATA
INC-00001301,ALT-00016599,2025-09-13T18:54:55Z,2025-09-13T19:29:55Z,2025-09-13T19:59:55Z,2025-09-13T20:27:55Z,2025-09-13T21:28:55Z,2025-09-14T03:22:55Z,EDY RECON,Exposure Intelligence,AST-0119,RUL-001,Critical,Closed,ANL-007,3,100,TRUE,FALSE,SYNTHETIC_DEMO_DATA
INC-00003024,ALT-00004906,2026-03-25T10:06:50Z,2026-03-25T10:33:50Z,2026-03-25T10:45:50Z,2026-03-25T11:57:50Z,2026-03-25T12:39:50Z,2026-03-25T16:25:50Z,EDY Shield,Endpoint Integrity,AST-0123,RUL-003,Low,Closed,ANL-003,3,57.1,FALSE,FALSE,SYNTHETIC_DEMO_DATA
INC-00000791,ALT-00000507,2025-09-18T13:42:34Z,2025-09-18T14:08:34Z,2025-09-18T14:27:34Z,2025-09-18T16:12:34Z,2025-09-19T09:39:34Z,2025-09-19T15:24:34Z,External Synthetic,Cloud Audit,AST-0177,RUL-043,Informational,Closed,ANL-009,2,40.6,FALSE,FALSE,SYNTHETIC_DEMO_DATA
INC-00000969,ALT-00010402,2025-12-13T16:21:00Z,,,,,,External Synthetic,Identity Provider,AST-0048,RUL-021,Low,New,ANL-006,0,52.9,FALSE,FALSE,SYNTHETIC_DEMO_DATA
INC-00002033,ALT-00013434,2026-05-18T10:43:45Z,2026-05-18T10:52:45Z,2026-05-18T11:59:45Z,2026-05-18T18:41:45Z,2026-05-18T20:00:45Z,2026-05-19T03:59:45Z,External Synthetic,Cloud Audit,AST-0014,RUL-018,MEDIUM,Closed,ANL-011,2,81.8,FALSE,FALSE,SYNTHETIC_DEMO_DATA
INC-00003189,ALT-00009852,2025-08-28T09:33:09Z,2025-08-28T09:39:09Z,2025-08-28T10:23:09Z,2025-08-28T11:09:09Z,2025-08-28T16:06:09Z,2025-08-28T21:44:09Z,External Synthetic,Network Sensor,AST-0180,RUL-014,Medium,Closed,ANL-001,1,58.5,FALSE,FALSE,SYNTHETIC_DEMO_DATA
INC-00000076,ALT-00010659,2025-07-25T11:04:24Z,2025-07-25T11:29:24Z,2025-07-25T11:46:24Z,2025-07-25T11:54:24Z,2025-07-25T13:20:24Z,2025-07-25T17:43:24Z,EDY Shield,Endpoint Integrity,AST-0218,RUL-018,Critical,Closed,ANL-014,1,100,TRUE,FALSE,SYNTHETIC_DEMO_DATA
INC-00002356,ALT-00017935,2025-07-30T17:52:34Z,2025-07-30T18:32:34Z,2025-07-30T19:37:34Z,2025-07-30T21:00:34Z,2025-07-31T02:04:34Z,2025-07-31T08:43:34Z,External Synthetic,Cloud Audit,AST-0043,RUL-007,Informational,Closed,ANL-016,1,38.9,FALSE,FALSE,SYNTHETIC_DEMO_DATA
INC-00002399,ALT-00015538,2026-03-20T09:13:12Z,2026-03-20T09:48:12Z,2026-03-20T09:57:12Z,2026-03-20T10:52:12Z,2026-03-20T11:48:12Z,2026-03-20T15:43:12Z,EDY Shield,Endpoint Integrity,AST-0013,RUL-030,Low,Closed,ANL-004,1,46.7,FALSE,FALSE,SYNTHETIC_DEMO_DATA
INC-00002980,ALT-00008059,2025-10-25T01:29:46Z,2025-10-25T01:42:46Z,2025-10-25T02:48:46Z,2025-10-25T04:19:46Z,2025-10-25T07:39:46Z,2025-10-25T13:19:46Z,External Synthetic,Network Sensor,AST-0017,RUL-010,Informational,Closed,ANL-004,1,27.6,FALSE,FALSE,SYNTHETIC_DEMO_DATA
INC-00001366,ALT-00007638,2025-05-22T16:07:22Z,2025-05-22T16:25:22Z,2025-05-22T16:38:22Z,2025-05-22T18:15:22Z,2025-05-22T21:51:22Z,2025-05-23T02:36:22Z,External Synthetic,Cloud Audit,AST-0209,RUL-027,Low,Closed,ANL-017,1,55.4,FALSE,FALSE,SYNTHETIC_DEMO_DATA
INC-00000690,ALT-00010551,2025-12-29T22:48:32Z,2025-12-29T23:00:32Z,2025-12-29T23:10:32Z,,,,External Synthetic,Network Sensor,AST-0236,RUL-005,Low,Active,ANL-015,0,52.0,FALSE,FALSE,SYNTHETIC_DEMO_DATA
INC-00001690,ALT-00008277,2026-05-04T10:59:05Z,2026-05-04T11:14:05Z,2026-05-04T11:23:05Z,2026-05-04T18:43:05Z,2026-05-04T20:27:05Z,2026-05-04T21:17:05Z,External Synthetic,Network Sensor,AST-0040,RUL-011,Informational,Closed,ANL-016,1,36.3,FALSE,FALSE,SYNTHETIC_DEMO_DATA
INC-00002080,ALT-00005220,2025-11-18T05:27:06Z,2025-11-18T05:40:06Z,2025-11-18T05:51:06Z,2025-11-18T07:14:06Z,2025-11-18T10:39:06Z,2025-11-18T18:21:06Z,EDY RECON,Exposure Intelligence,AST-0062,RUL-038,Low,Closed,ANL-005,3,49.7,FALSE,FALSE,SYNTHETIC_DEMO_DATA
INC-00001046,ALT-00012404,2025-07-23T17:46:55Z,2025-07-23T18:10:55Z,2025-07-23T18:27:55Z,2025-07-23T22:48:55Z,2025-07-24T00:44:55Z,,External Synthetic,Cloud Audit,AST-0066,RUL-026,Informational,Resolved,ANL-006,1,40.3,FALSE,FALSE,SYNTHETIC_DEMO_DATA
INC-00000375,ALT-00001509,2026-04-09T08:27:03Z,2026-04-09T08:41:03Z,2026-04-09T09:22:03Z,2026-04-09T11:01:03Z,2026-04-09T16:13:03Z,2026-04-10T02:35:03Z,External Synthetic,Identity Provider,AST-0156,RUL-030,Medium,Closed,ANL-007,1,66.1,FALSE,FALSE,SYNTHETIC_DEMO_DATA
INC-00002736,ALT-00004459,2026-04-17T13:48:05Z,2026-04-17T17:14:05Z,2026-04-17T17:33:05Z,2026-04-17T19:38:05Z,2026-04-17T22:25:05Z,2026-04-18T01:38:05Z,EDY Sentinel,Cloud Detection,AST-0163,RUL-028,Informational,Closed,ANL-002,1,43.6,FALSE,FALSE,SYNTHETIC_DEMO_DATA
INC-00000749,ALT-00012675,2025-10-07T18:09:15Z,2025-10-07T18:22:15Z,2025-10-07T18:36:15Z,2025-10-07T21:29:15Z,2025-10-08T03:19:15Z,2025-10-08T04:36:15Z,EDY Shield,Endpoint Integrity,AST-0146,RUL-015,MEDIUM,Closed,ANL-017,1,66.7,FALSE,FALSE,SYNTHETIC_DEMO_DATA
INC-00001819,ALT-00014510,2026-06-02T19:01:11Z,2026-06-02T19:17:11Z,2026-06-02T19:33:11Z,2026-06-02T20:22:11Z,2026-06-03T00:18:11Z,2026-06-03T05:56:11Z,EDY SIEM,Correlation Hub,AST-0110,RUL-002,LOW,Closed,ANL-014,1,56.9,FALSE,FALSE,SYNTHETIC_DEMO_DATA
INC-00000713,ALT-00012037,2025-08-15T16:53:39Z,2025-08-15T17:37:39Z,2025-08-15T18:08:39Z,2025-08-15T20:39:39Z,2025-08-16T06:21:39Z,2025-08-16T13:21:39Z,External Synthetic,Cloud Audit,AST-0205,RUL-003,Informational,Closed,ANL-015,1,35.2,FALSE,FALSE,SYNTHETIC_DEMO_DATA
INC-00000843,ALT-00013120,2025-08-16T08:37:19Z,2025-08-16T08:58:19Z,2025-08-16T10:10:19Z,2025-08-16T14:06:19Z,2025-08-16T22:00:19Z,,EDY Shield,Endpoint Integrity,AST-0165,RUL-022,Informational,Resolved,ANL-005,3,40.8,FALSE,FALSE,SYNTHETIC_DEMO_DATA
INC-00003063,ALT-00012318,2026-05-28T18:46:59Z,2026-05-28T19:45:59Z,2026-05-28T20:16:59Z,2026-05-28T22:10:59Z,2026-05-28T23:58:59Z,2026-05-29T06:05:59Z,External Synthetic,Cloud Audit,AST-0074,RUL-038,Low,Closed,ANL-018,1,51.7,FALSE,FALSE,SYNTHETIC_DEMO_DATA
INC-00000050,ALT-00007439,2025-05-06T13:27:31Z,2025-05-06T13:36:31Z,2025-05-06T14:33:31Z,2025-05-06T16:42:31Z,2025-05-06T17:38:31Z,2025-05-07T03:33:31Z,EDY SIEM,Correlation Hub,AST-0141,RUL-022,Informational,Closed,ANL-012,3,39.6,FALSE,FALSE,SYNTHETIC_DEMO_DATA
INC-00001244,ALT-00017418,2025-08-21T16:29:54Z,2025-08-21T16:40:54Z,2025-08-21T17:18:54Z,2025-08-21T17:31:54Z,2025-08-21T22:02:54Z,2025-08-22T04:52:54Z,EDY Sentinel,Cloud Detection,AST-0231,RUL-026,Low,Closed,ANL-007,1,58.2,FALSE,FALSE,SYNTHETIC_DEMO_DATA
INC-00002027,ALT-00006784,2026-07-07T16:25:18Z,2026-07-07T16:39:18Z,2026-07-07T16:44:18Z,2026-07-07T20:02:18Z,,,EDY RECON,Exposure Intelligence,AST-0166,RUL-027,Informational,Contained,ANL-015,0,32.6,FALSE,FALSE,SYNTHETIC_DEMO_DATA
INC-00000009,ALT-00009519,2025-09-03T15:51:20Z,2025-09-03T16:26:20Z,2025-09-03T16:39:20Z,2025-09-03T16:59:20Z,2025-09-03T19:43:20Z,,External Synthetic,Identity Provider,AST-0191,RUL-006,Low,Resolved,ANL-012,3,52.1,FALSE,FALSE,SYNTHETIC_DEMO_DATA
INC-00000364,ALT-00001175,2025-02-10T05:24:33Z,2025-02-10T05:49:33Z,2025-02-10T06:06:33Z,,,,EDY Shield,Endpoint Integrity,AST-0133,RUL-007,Informational,Active,ANL-010,0,40.8,FALSE,FALSE,SYNTHETIC_DEMO_DATA
INC-00000154,ALT-00008409,2025-02-10T15:42:00Z,2025-02-10T16:16:00Z,2025-02-10T16:43:00Z,2025-02-10T17:29:00Z,2025-02-10T19:02:00Z,2025-02-11T00:37:00Z,External Synthetic,Cloud Audit,AST-0003,RUL-030,Informational,Closed,ANL-004,1,48.8,TRUE,FALSE,SYNTHETIC_DEMO_DATA
INC-00002543,ALT-00016240,2025-02-11T11:10:48Z,2025-02-11T11:54:48Z,2025-02-11T12:11:48Z,2025-02-11T12:50:48Z,2025-02-12T01:37:48Z,2025-02-12T05:04:48Z,EDY Sentinel,Cloud Detection,AST-0168,RUL-025,Informational,Closed,ANL-003,3,47.1,FALSE,FALSE,SYNTHETIC_DEMO_DATA
INC-00000684,ALT-00011006,2026-07-26T06:13:22Z,2026-07-26T06:23:22Z,2026-07-26T06:42:22Z,,,,External Synthetic,Identity Provider,AST-0228,RUL-015,Informational,Active,ANL-002,0,38.8,FALSE,FALSE,SYNTHETIC_DEMO_DATA
INC-00001041,ALT-00008082,2025-10-20T06:33:13Z,2025-10-20T07:00:13Z,2025-10-20T07:08:13Z,2025-10-20T08:09:13Z,2025-10-20T09:48:13Z,2025-10-20T11:53:13Z,EDY Shield,Endpoint Integrity,AST-0168,RUL-037,Low,Closed,ANL-006,1,61.1,FALSE,FALSE,SYNTHETIC_DEMO_DATA
INC-00002721,ALT-00013719,2026-04-01T14:16:14Z,2026-04-01T14:28:14Z,2026-04-01T14:30:14Z,2026-04-01T15:25:14Z,2026-04-01T17:40:14Z,2026-04-01T19:47:14Z,External Synthetic,Network Sensor,AST-0151,RUL-037,Medium,Closed,ANL-001,1,64.2,FALSE,FALSE,SYNTHETIC_DEMO_DATA
INC-00002397,ALT-00001231,2026-05-26T13:35:52Z,2026-05-26T13:52:52Z,2026-05-26T14:00:52Z,2026-05-26T16:13:52Z,2026-05-26T18:43:52Z,2026-05-27T00:05:52Z,External Synthetic,Network Sensor,AST-0080,RUL-027,Informational,Closed,ANL-017,3,31.1,FALSE,FALSE,SYNTHETIC_DEMO_DATA
INC-00000185,ALT-00005796,2026-03-01T17:15:21Z,2026-03-01T17:58:21Z,2026-03-01T18:01:21Z,2026-03-01T19:18:21Z,2026-03-02T05:53:21Z,2026-03-02T17:07:21Z,External Synthetic,Identity Provider,AST-0172,RUL-037,Low,Closed,ANL-004,4,63.4,FALSE,FALSE,SYNTHETIC_DEMO_DATA
INC-00003103,ALT-00008327,2025-11-18T17:55:03Z,2025-11-18T18:14:03Z,2025-11-18T18:20:03Z,2025-11-18T20:36:03Z,2025-11-19T03:52:03Z,2025-11-19T07:15:03Z,External Synthetic,Cloud Audit,AST-0154,RUL-011,INFORMATIONAL,Closed,ANL-007,1,47.7,FALSE,FALSE,SYNTHETIC_DEMO_DATA
INC-00001018,ALT-00013325,2025-05-16T19:49:39Z,2025-05-16T20:16:39Z,2025-05-16T20:29:39Z,2025-05-17T00:50:39Z,2025-05-17T03:22:39Z,2025-05-17T04:03:39Z,External Synthetic,Network Sensor,AST-0024,RUL-004,Low,Closed,ANL-005,4,57.5,FALSE,FALSE,SYNTHETIC_DEMO_DATA
INC-00001557,ALT-00007525,2025-11-21T23:11:55Z,2025-11-21T23:41:55Z,2025-11-21T23:52:55Z,2025-11-22T04:36:55Z,2025-11-22T05:21:55Z,2025-11-22T14:23:55Z,EDY RECON,Exposure Intelligence,AST-0146,RUL-038,Low,Closed,ANL-012,1,48.9,FALSE,FALSE,SYNTHETIC_DEMO_DATA
INC-00002007,ALT-00004698,2026-07-03T09:17:49Z,,,,,,External Synthetic,Cloud Audit,AST-0099,RUL-004,Informational,New,ANL-011,0,24.1,FALSE,FALSE,SYNTHETIC_DEMO_DATA
INC-00002878,ALT-00012316,2025-10-12T15:53:50Z,2025-10-12T15:58:50Z,2025-10-12T16:02:50Z,2025-10-12T18:29:50Z,2025-10-12T18:52:50Z,,EDY SIEM,Correlation Hub,AST-0011,RUL-040,High,Resolved,ANL-001,1,92.7,TRUE,FALSE,SYNTHETIC_DEMO_DATA
INC-00000487,ALT-00000005,2025-10-07T11:29:22Z,2025-10-07T11:36:22Z,2025-10-07T11:54:22Z,2025-10-07T12:16:22Z,2025-10-07T12:54:22Z,2025-10-07T22:29:22Z,EDY Shield,Endpoint Integrity,AST-0022,RUL-008,Medium,Closed,ANL-015,1,58.9,FALSE,FALSE,SYNTHETIC_DEMO_DATA
INC-00001627,ALT-00016991,2026-06-19T22:18:07Z,2026-06-19T22:56:07Z,2026-06-19T23:08:07Z,2026-06-20T02:19:07Z,2026-06-20T06:04:07Z,2026-06-20T17:18:07Z,External Synthetic,Network Sensor,AST-0116,RUL-017,Low,Closed,ANL-008,1,48.5,FALSE,FALSE,SYNTHETIC_DEMO_DATA
INC-00002678,ALT-00001634,2025-05-06T12:01:51Z,2025-05-06T12:42:51Z,2025-05-06T12:55:51Z,2025-05-06T14:15:51Z,2025-05-06T19:51:51Z,2025-05-06T20:45:51Z,EDY SIEM,Correlation Hub,AST-0160,RUL-032,Informational,Closed,ANL-012,2,40.7,FALSE,FALSE,SYNTHETIC_DEMO_DATA
INC-00001937,ALT-00013161,2026-05-15T05:00:14Z,2026-05-15T05:24:14Z,2026-05-15T06:06:14Z,2026-05-15T07:06:14Z,2026-05-15T13:21:14Z,2026-05-15T19:47:14Z,EDY Shield,Endpoint Integrity,AST-0110,RUL-028,Informational,Closed,ANL-015,1,40.5,FALSE,FALSE,SYNTHETIC_DEMO_DATA
INC-00003199,ALT-00017725,2025-06-28T14:53:41Z,2025-06-28T16:14:41Z,2025-06-28T16:59:41Z,2025-06-28T17:28:41Z,2025-06-28T21:18:41Z,2025-06-29T05:11:41Z,EDY Shield,Endpoint Integrity,AST-0237,RUL-030,Informational,Closed,ANL-001,3,35.4,FALSE,FALSE,SYNTHETIC_DEMO_DATA
INC-00000640,ALT-00009443,2025-08-27T08:35:31Z,2025-08-27T08:49:31Z,2025-08-27T10:47:31Z,2025-08-27T14:12:31Z,2025-08-27T16:07:31Z,2025-08-27T20:49:31Z,External Synthetic,Identity Provider,AST-0048,RUL-011,Informational,Closed,ANL-004,1,39.4,FALSE,FALSE,SYNTHETIC_DEMO_DATA
INC-00000903,ALT-00000170,2026-03-23T12:54:02Z,2026-03-23T13:06:02Z,2026-03-23T13:31:02Z,2026-03-23T14:40:02Z,2026-03-23T18:07:02Z,2026-03-24T01:03:02Z,External Synthetic,Network Sensor,AST-0063,RUL-043,Low,Closed,ANL-018,1,43.2,FALSE,FALSE,SYNTHETIC_DEMO_DATA
INC-00002231,ALT-00013141,2026-02-03T18:52:06Z,2026-02-03T19:12:06Z,2026-02-03T19:35:06Z,2026-02-04T01:28:06Z,2026-02-04T03:20:06Z,2026-02-04T14:06:06Z,EDY SIEM,Correlation Hub,AST-0237,RUL-043,Informational,Closed,ANL-009,1,38.9,FALSE,FALSE,SYNTHETIC_DEMO_DATA
INC-00000197,ALT-00002638,2025-09-16T19:35:56Z,2025-09-16T20:11:56Z,2025-09-16T20:44:56Z,2025-09-16T22:09:56Z,2025-09-16T23:29:56Z,2025-09-17T11:00:56Z,External Synthetic,Cloud Audit,AST-0227,RUL-034,Low,Closed,ANL-010,1,57.1,FALSE,FALSE,SYNTHETIC_DEMO_DATA
INC-00000745,ALT-00012905,2025-03-03T23:12:25Z,2025-03-03T23:23:25Z,2025-03-03T23:43:25Z,2025-03-04T00:41:25Z,2025-03-04T03:05:25Z,2025-03-04T06:22:25Z,External Synthetic,Cloud Audit,AST-0127,RUL-003,Low,Closed,ANL-008,3,62.2,FALSE,FALSE,SYNTHETIC_DEMO_DATA
INC-00001553,ALT-00013765,2025-02-17T17:55:59Z,2025-02-17T18:06:59Z,2025-02-17T18:45:59Z,2025-02-17T19:03:59Z,2025-02-17T20:57:59Z,,External Synthetic,Cloud Audit,AST-0036,RUL-017,Medium,Resolved,ANL-005,3,53.9,FALSE,FALSE,SYNTHETIC_DEMO_DATA
INC-00001445,ALT-00002175,2026-05-16T16:55:35Z,2026-05-16T17:13:35Z,2026-05-16T17:32:35Z,2026-05-16T18:17:35Z,2026-05-16T21:31:35Z,2026-05-17T07:17:35Z,EDY RECON,Exposure Intelligence,AST-0093,RUL-035,Low,Closed,ANL-004,1,52.7,FALSE,FALSE,SYNTHETIC_DEMO_DATA
INC-00001878,ALT-00003524,2026-05-07T18:11:31Z,2026-05-07T18:36:31Z,2026-05-07T18:43:31Z,2026-05-07T20:08:31Z,2026-05-07T22:16:31Z,2026-05-08T00:03:31Z,EDY SIEM,Correlation Hub,AST-0222,RUL-023,Low,Closed,ANL-015,1,55.4,FALSE,FALSE,SYNTHETIC_DEMO_DATA
INC-00001235,ALT-00007095,2025-06-26T13:46:53Z,2025-06-26T13:54:53Z,2025-06-26T14:03:53Z,2025-06-26T16:07:53Z,2025-06-26T22:38:53Z,2025-06-27T00:00:53Z,EDY RECON,Exposure Intelligence,AST-0194,RUL-032,Informational,Closed,ANL-015,1,46.1,FALSE,FALSE,SYNTHETIC_DEMO_DATA
INC-00000124,ALT-00001514,2026-04-10T15:06:07Z,2026-04-10T15:13:07Z,2026-04-10T15:36:07Z,2026-04-10T16:27:07Z,2026-04-11T04:17:07Z,2026-04-11T05:03:07Z,EDY Shield,Endpoint Integrity,AST-0028,RUL-024,Informational,Closed,ANL-016,3,46.5,FALSE,FALSE,SYNTHETIC_DEMO_DATA
INC-00002434,ALT-00006684,2025-09-20T18:02:15Z,2025-09-20T18:21:15Z,2025-09-20T18:54:15Z,2025-09-20T19:49:15Z,2025-09-20T22:29:15Z,2025-09-21T04:19:15Z,External Synthetic,Network Sensor,AST-0167,RUL-021,Informational,Closed,ANL-010,1,52.5,FALSE,FALSE,SYNTHETIC_DEMO_DATA
INC-00002232,ALT-00001593,2026-01-21T11:15:37Z,2026-01-21T12:57:37Z,2026-01-21T13:25:37Z,2026-01-21T15:34:37Z,2026-01-21T20:24:37Z,2026-01-22T05:58:37Z,EDY Sentinel,Cloud Detection,AST-0148,RUL-025,Informational,Closed,ANL-002,4,31.3,FALSE,FALSE,SYNTHETIC_DEMO_DATA
INC-00001344,ALT-00007651,2025-08-20T13:12:47Z,2025-08-20T13:37:47Z,2025-08-20T13:39:47Z,2025-08-20T14:22:47Z,2025-08-21T00:52:47Z,2025-08-21T12:23:47Z,EDY RECON,Exposure Intelligence,AST-0065,RUL-036,Low,Closed,ANL-009,1,49.4,FALSE,FALSE,SYNTHETIC_DEMO_DATA
INC-00001251,ALT-00011342,2025-08-10T08:42:54Z,2025-08-10T09:08:54Z,2025-08-10T09:32:54Z,2025-08-10T10:10:54Z,2025-08-10T16:30:54Z,2025-08-10T22:32:54Z,EDY Sentinel,Cloud Detection,AST-0070,RUL-024,Low,Closed,ANL-012,4,55.1,FALSE,FALSE,SYNTHETIC_DEMO_DATA
INC-00002383,ALT-00005512,2025-02-03T11:50:53Z,2025-02-03T12:03:53Z,2025-02-03T12:24:53Z,2025-02-03T14:04:53Z,2025-02-03T16:48:53Z,2025-02-04T04:01:53Z,External Synthetic,Network Sensor,AST-0209,RUL-042,Low,Closed,ANL-008,1,55.3,FALSE,FALSE,SYNTHETIC_DEMO_DATA
INC-00001634,ALT-00000996,2026-03-04T14:49:59Z,2026-03-04T15:25:59Z,2026-03-04T15:42:59Z,2026-03-04T18:41:59Z,2026-03-04T20:22:59Z,2026-03-04T23:11:59Z,EDY Sentinel,Cloud Detection,AST-0036,RUL-018,Low,Closed,ANL-013,1,37.3,FALSE,FALSE,SYNTHETIC_DEMO_DATA
INC-00000010,ALT-00001162,2026-05-30T23:51:57Z,2026-05-31T00:08:57Z,2026-05-31T03:23:57Z,2026-05-31T09:27:57Z,2026-05-31T14:35:57Z,2026-05-31T16:53:57Z,EDY Shield,Endpoint Integrity,AST-0003,RUL-035,Medium,Closed,ANL-006,1,71.6,FALSE,FALSE,SYNTHETIC_DEMO_DATA
INC-00002942,ALT-00017635,2025-05-05T12:57:05Z,2025-05-05T13:06:05Z,2025-05-05T13:18:05Z,2025-05-05T13:47:05Z,2025-05-05T14:58:05Z,2025-05-05T20:00:05Z,EDY Sentinel,Cloud Detection,AST-0045,RUL-029,Low,Closed,ANL-001,1,40.8,FALSE,FALSE,SYNTHETIC_DEMO_DATA
INC-00001691,ALT-00002644,2025-07-22T06:43:46Z,2025-07-22T06:52:46Z,2025-07-22T07:15:46Z,2025-07-22T08:09:46Z,2025-07-22T10:02:46Z,,External Synthetic,Network Sensor,AST-0140,RUL-037,Medium,resolvido,ANL-011,1,79.2,FALSE,FALSE,SYNTHETIC_DEMO_DATA
INC-00000920,ALT-00006709,2026-07-11T15:31:23Z,2026-07-11T15:53:23Z,2026-07-11T16:08:23Z,2026-07-11T21:40:23Z,2026-07-12T00:45:23Z,2026-07-12T06:17:23Z,EDY SIEM,Correlation Hub,AST-0140,RUL-019,Low,Closed,ANL-007,4,62.2,FALSE,FALSE,SYNTHETIC_DEMO_DATA
INC-00001140,ALT-00014893,2025-07-13T15:50:56Z,2025-07-13T16:25:56Z,2025-07-13T17:03:56Z,2025-07-13T18:15:56Z,2025-07-13T21:39:56Z,,EDY RECON,Exposure Intelligence,AST-0064,RUL-018,Informational,Resolved,ANL-014,3,42.2,FALSE,FALSE,SYNTHETIC_DEMO_DATA
INC-00000613,ALT-00011177,2025-07-25T16:57:28Z,2025-07-25T18:22:28Z,2025-07-25T18:37:28Z,2025-07-25T19:15:28Z,2025-07-25T20:20:28Z,2025-07-26T05:51:28Z,EDY SIEM,Correlation Hub,AST-0081,RUL-042,Medium,Closed,ANL-015,1,52.4,FALSE,FALSE,SYNTHETIC_DEMO_DATA
INC-00002892,ALT-00011890,2025-11-26T18:30:29Z,2025-11-26T18:52:29Z,2025-11-26T18:56:29Z,2025-11-26T20:09:29Z,2025-11-27T04:14:29Z,2025-11-27T05:25:29Z,EDY Sentinel,Cloud Detection,AST-0201,RUL-037,Medium,Closed,ANL-010,1,71.6,FALSE,FALSE,SYNTHETIC_DEMO_DATA
INC-00000226,ALT-00017996,2026-02-01T16:23:18Z,2026-02-01T17:20:18Z,2026-02-01T17:35:18Z,2026-02-01T18:20:18Z,2026-02-01T19:23:18Z,,External Synthetic,Network Sensor,AST-0047,RUL-005,Low,Resolved,ANL-005,1,53.7,FALSE,FALSE,SYNTHETIC_DEMO_DATA
INC-00000520,ALT-00003184,2025-05-15T19:18:20Z,2025-05-15T19:42:20Z,2025-05-15T20:07:20Z,2025-05-15T20:35:20Z,2025-05-16T00:56:20Z,2025-05-16T12:47:20Z,EDY SIEM,Correlation Hub,AST-0147,RUL-018,High,Closed,ANL-001,1,95.1,TRUE,FALSE,SYNTHETIC_DEMO_DATA
INC-00001178,ALT-00005986,2026-07-22T09:16:47Z,2026-07-22T09:49:47Z,2026-07-22T10:03:47Z,2026-07-22T12:29:47Z,2026-07-22T15:04:47Z,2026-07-22T22:54:47Z,EDY RECON,Exposure Intelligence,AST-0195,RUL-028,Informational,Closed,ANL-018,2,42.8,FALSE,FALSE,SYNTHETIC_DEMO_DATA
INC-00000929,ALT-00015221,2026-06-05T00:41:59Z,2026-06-05T01:06:59Z,2026-06-05T02:29:59Z,2026-06-05T04:20:59Z,2026-06-05T06:39:59Z,,External Synthetic,Cloud Audit,AST-0206,RUL-038,Medium,Resolved,ANL-017,1,58.7,FALSE,FALSE,SYNTHETIC_DEMO_DATA
INC-00001544,ALT-00012015,2025-12-13T20:09:25Z,2025-12-13T20:28:25Z,2025-12-13T20:40:25Z,2025-12-13T22:24:25Z,2025-12-14T10:17:25Z,,External Synthetic,Network Sensor,AST-0090,RUL-033,Low,Resolved,ANL-013,1,43.6,FALSE,FALSE,SYNTHETIC_DEMO_DATA
INC-00001044,ALT-00002038,2025-08-15T09:52:06Z,2025-08-15T10:43:06Z,2025-08-15T11:11:06Z,2025-08-15T12:05:06Z,2025-08-15T15:16:06Z,2025-08-16T01:46:06Z,EDY Shield,Endpoint Integrity,AST-0167,RUL-011,Medium,Closed,ANL-004,1,82.2,FALSE,FALSE,SYNTHETIC_DEMO_DATA
INC-00002252,ALT-00014982,2025-12-17T10:09:38Z,2025-12-17T11:09:38Z,2025-12-17T11:34:38Z,2025-12-17T14:22:38Z,2025-12-17T21:07:38Z,2025-12-18T06:28:38Z,EDY Sentinel,Cloud Detection,AST-0215,RUL-044,Low,Closed,ANL-007,1,46.5,FALSE,FALSE,SYNTHETIC_DEMO_DATA
INC-00002600,ALT-00016461,2026-05-22T18:40:59Z,2026-05-22T18:57:59Z,2026-05-22T19:34:59Z,2026-05-22T20:34:59Z,2026-05-23T02:07:59Z,2026-05-23T07:13:59Z,EDY Shield,Endpoint Integrity,AST-0187,RUL-006,Low,Closed,ANL-001,1,53.7,FALSE,FALSE,SYNTHETIC_DEMO_DATA
INC-00000277,ALT-00012975,2026-06-29T18:18:58Z,2026-06-29T19:11:58Z,2026-06-29T19:27:58Z,2026-06-29T19:47:58Z,2026-06-29T23:28:58Z,2026-06-30T01:25:58Z,External Synthetic,Network Sensor,AST-0004,RUL-034,Informational,Closed,ANL-007,3,27.4,FALSE,FALSE,SYNTHETIC_DEMO_DATA
INC-00000119,ALT-00006499,2025-07-25T16:20:23Z,2025-07-25T16:56:23Z,2025-07-25T17:04:23Z,2025-07-25T19:49:23Z,2025-07-25T22:21:23Z,2025-07-26T06:09:23Z,EDY Sentinel,Cloud Detection,AST-0051,RUL-010,Informational,Closed,ANL-015,2,46.3,FALSE,FALSE,SYNTHETIC_DEMO_DATA
INC-00001976,ALT-00013280,2025-03-29T12:39:04Z,2025-03-29T14:07:04Z,2025-03-29T14:26:04Z,2025-03-29T14:46:04Z,2025-03-29T20:45:04Z,,External Synthetic,Cloud Audit,AST-0083,RUL-023,Informational,Resolved,ANL-012,1,34.1,FALSE,FALSE,SYNTHETIC_DEMO_DATA
INC-00002308,ALT-00015714,2025-12-23T08:13:36Z,2025-12-23T08:23:36Z,2025-12-23T09:26:36Z,2025-12-23T11:36:36Z,2025-12-23T15:46:36Z,2025-12-23T21:07:36Z,EDY Sentinel,Cloud Detection,AST-0091,RUL-028,Informational,Closed,ANL-010,1,45.9,FALSE,FALSE,SYNTHETIC_DEMO_DATA
INC-00001428,ALT-00003578,2026-06-17T18:09:04Z,2026-06-17T19:04:04Z,2026-06-17T19:19:04Z,2026-06-17T20:43:04Z,2026-06-17T21:10:04Z,2026-06-18T04:56:04Z,External Synthetic,Network Sensor,AST-0002,RUL-017,Informational,Closed,ANL-014,1,41.6,FALSE,FALSE,SYNTHETIC_DEMO_DATA
INC-00000729,ALT-00011092,2025-06-15T08:50:06Z,2025-06-15T09:30:06Z,2025-06-15T09:44:06Z,2025-06-15T10:21:06Z,2025-06-15T14:03:06Z,,EDY RECON,Exposure Intelligence,AST-0147,RUL-027,Informational,Resolved,ANL-011,1,41.4,FALSE,FALSE,SYNTHETIC_DEMO_DATA
INC-00002715,ALT-00000604,2026-03-19T07:19:31Z,2026-03-19T07:36:31Z,2026-03-19T07:52:31Z,2026-03-19T08:21:31Z,2026-03-19T11:26:31Z,2026-03-19T21:18:31Z,EDY SIEM,Correlation Hub,AST-0240,RUL-019,High,Closed,ANL-008,1,100,TRUE,FALSE,SYNTHETIC_DEMO_DATA
INC-00000614,ALT-00001908,2025-06-23T12:27:06Z,2025-06-23T13:10:06Z,2025-06-23T13:36:06Z,2025-06-23T15:45:06Z,2025-06-23T19:40:06Z,2025-06-23T21:11:06Z,External Synthetic,Network Sensor,AST-0019,RUL-045,Informational,Closed,ANL-006,1,47.2,FALSE,FALSE,SYNTHETIC_DEMO_DATA
INC-00001279,ALT-00010502,2026-07-15T05:42:28Z,2026-07-15T06:01:28Z,2026-07-15T06:25:28Z,,,,External Synthetic,Network Sensor,AST-0197,RUL-022,Medium,Active,ANL-015,0,65.0,FALSE,FALSE,SYNTHETIC_DEMO_DATA
INC-00002372,ALT-00001567,2025-03-19T03:21:27Z,2025-03-19T03:45:27Z,2025-03-19T04:34:27Z,2025-03-19T05:30:27Z,2025-03-19T12:47:27Z,,External Synthetic,Network Sensor,AST-0150,RUL-009,Informational,Resolved,ANL-012,3,40.1,FALSE,FALSE,SYNTHETIC_DEMO_DATA
INC-00002224,ALT-00004911,2025-06-23T18:11:43Z,2025-06-23T18:43:43Z,2025-06-23T19:00:43Z,2025-06-23T22:01:43Z,2025-06-24T01:18:43Z,2025-06-24T01:32:43Z,EDY Shield,Endpoint Integrity,AST-0082,RUL-044,Informational,Closed,ANL-004,1,47.9,FALSE,FALSE,SYNTHETIC_DEMO_DATA
INC-00000798,ALT-00017346,2025-05-19T16:45:51Z,2025-05-19T16:53:51Z,2025-05-19T17:12:51Z,2025-05-19T17:39:51Z,2025-05-20T04:27:51Z,2025-05-20T14:19:51Z,External Synthetic,Network Sensor,AST-0031,RUL-023,Low,Closed,ANL-015,1,50.6,FALSE,FALSE,SYNTHETIC_DEMO_DATA
INC-00002989,ALT-00006394,2026-04-02T15:35:52Z,2026-04-02T15:51:52Z,2026-04-02T16:20:52Z,2026-04-02T16:46:52Z,2026-04-02T17:20:52Z,,External Synthetic,Network Sensor,AST-0016,RUL-010,High,Resolved,ANL-016,1,96.8,TRUE,FALSE,SYNTHETIC_DEMO_DATA
INC-00002300,ALT-00012888,2025-04-16T09:49:21Z,2025-04-16T10:25:21Z,2025-04-16T10:39:21Z,2025-04-16T10:56:21Z,2025-04-16T13:05:21Z,,EDY Shield,Endpoint Integrity,AST-0114,RUL-023,Medium,Resolved,ANL-014,4,76.0,FALSE,FALSE,SYNTHETIC_DEMO_DATA
INC-00000455,ALT-00004863,2026-04-22T12:53:21Z,2026-04-22T13:03:21Z,2026-04-22T13:38:21Z,2026-04-22T14:54:21Z,2026-04-22T16:49:21Z,2026-04-23T03:18:21Z,External Synthetic,Network Sensor,AST-0104,RUL-021,Low,Closed,ANL-004,1,62.3,FALSE,FALSE,SYNTHETIC_DEMO_DATA
INC-00000598,ALT-00014691,2025-06-07T12:25:43Z,2025-06-07T12:52:43Z,2025-06-07T13:17:43Z,,,,External Synthetic,Cloud Audit,AST-0114,RUL-022,Informational,Active,ANL-010,0,48.6,FALSE,FALSE,SYNTHETIC_DEMO_DATA
INC-00000769,ALT-00005091,2025-08-22T12:33:38Z,2025-08-22T13:03:38Z,2025-08-22T13:12:38Z,2025-08-22T13:52:38Z,2025-08-22T16:49:38Z,2025-08-23T02:26:38Z,EDY Sentinel,Cloud Detection,AST-0001,RUL-018,Informational,Closed,ANL-001,2,43.1,FALSE,FALSE,SYNTHETIC_DEMO_DATA
INC-00002130,ALT-00001785,2026-05-28T17:05:44Z,2026-05-28T17:45:44Z,2026-05-28T18:05:44Z,2026-05-28T20:12:44Z,2026-05-28T22:10:44Z,,EDY Shield,Endpoint Integrity,AST-0087,RUL-012,Low,Resolved,ANL-015,2,60.1,FALSE,FALSE,SYNTHETIC_DEMO_DATA
INC-00000371,ALT-00004985,2026-03-11T22:28:01Z,2026-03-11T23:02:01Z,2026-03-11T23:34:01Z,2026-03-12T00:16:01Z,2026-03-12T04:12:01Z,2026-03-12T12:28:01Z,External Synthetic,Cloud Audit,AST-0030,RUL-010,Informational,Closed,ANL-015,1,34.6,FALSE,TRUE,SYNTHETIC_DEMO_DATA
INC-00001813,ALT-00006581,2026-01-03T10:30:06Z,2026-01-03T10:55:06Z,2026-01-03T11:28:06Z,2026-01-03T11:58:06Z,2026-01-03T16:47:06Z,,External Synthetic,Network Sensor,AST-0180,RUL-006,Low,Resolved,ANL-002,1,42.2,FALSE,FALSE,SYNTHETIC_DEMO_DATA
INC-00002581,ALT-00009079,2026-02-17T05:07:43Z,2026-02-17T06:32:43Z,2026-02-17T07:43:43Z,2026-02-17T08:08:43Z,2026-02-17T11:59:43Z,2026-02-17T15:04:43Z,External Synthetic,Cloud Audit,AST-0076,RUL-043,Medium,fechado,ANL-009,1,58.8,FALSE,FALSE,SYNTHETIC_DEMO_DATA
INC-00002956,ALT-00007092,2026-01-23T17:13:02Z,2026-01-23T17:33:02Z,2026-01-23T18:47:02Z,2026-01-23T20:28:02Z,2026-01-23T20:55:02Z,2026-01-24T07:23:02Z,External Synthetic,Network Sensor,AST-0176,RUL-022,High,Closed,ANL-013,1,100,TRUE,FALSE,SYNTHETIC_DEMO_DATA
INC-00002181,ALT-00016742,2026-04-10T16:00:53Z,2026-04-10T16:03:53Z,2026-04-10T16:26:53Z,2026-04-10T18:44:53Z,2026-04-11T10:46:53Z,2026-04-11T17:07:53Z,EDY Sentinel,Cloud Detection,AST-0049,RUL-040,Informational,Closed,ANL-017,1,30.4,FALSE,FALSE,SYNTHETIC_DEMO_DATA
INC-00000333,ALT-00012168,2025-08-25T10:13:24Z,2025-08-25T10:21:24Z,2025-08-25T10:53:24Z,2025-08-25T12:27:24Z,2025-08-25T15:41:24Z,,EDY SIEM,Correlation Hub,AST-0035,RUL-030,Medium,Resolved,ANL-013,3,59.4,FALSE,FALSE,SYNTHETIC_DEMO_DATA
INC-00002441,ALT-00007833,2025-11-08T16:52:14Z,2025-11-08T17:14:14Z,2025-11-08T17:42:14Z,2025-11-08T19:10:14Z,2025-11-08T20:26:14Z,2025-11-09T07:54:14Z,EDY Shield,Endpoint Integrity,AST-0185,RUL-028,Informational,Closed,ANL-015,1,46.7,FALSE,FALSE,SYNTHETIC_DEMO_DATA
INC-00000030,ALT-00004405,2025-03-24T17:56:45Z,2025-03-24T19:24:45Z,2025-03-24T19:46:45Z,2025-03-24T21:16:45Z,2025-03-24T22:28:45Z,2025-03-25T02:41:45Z,EDY Shield,Endpoint Integrity,AST-0169,RUL-006,High,Closed,ANL-011,1,93.6,TRUE,FALSE,SYNTHETIC_DEMO_DATA
INC-00002985,ALT-00001696,2025-10-07T09:13:28Z,2025-10-07T09:33:28Z,2025-10-07T09:41:28Z,2025-10-07T10:23:28Z,2025-10-07T13:07:28Z,2025-10-07T14:59:28Z,EDY Shield,Endpoint Integrity,AST-0205,RUL-035,Informational,Closed,,1,37.2,FALSE,FALSE,SYNTHETIC_DEMO_DATA
INC-00002147,ALT-00007265,2025-04-16T16:58:56Z,2025-04-16T17:48:56Z,2025-04-16T18:20:56Z,2025-04-16T19:51:56Z,2025-04-17T09:56:56Z,2025-04-17T19:36:56Z,EDY RECON,Exposure Intelligence,AST-0165,RUL-016,Informational,Closed,ANL-003,1,36.5,FALSE,FALSE,SYNTHETIC_DEMO_DATA
INC-00001175,ALT-00006792,2025-12-07T14:28:29Z,2025-12-07T15:10:29Z,2025-12-07T16:29:29Z,2025-12-07T18:04:29Z,2025-12-07T21:15:29Z,2025-12-07T22:17:29Z,External Synthetic,Identity Provider,AST-0105,RUL-006,Medium,Closed,ANL-005,2,72.7,FALSE,FALSE,SYNTHETIC_DEMO_DATA
INC-00001472,ALT-00017115,2025-09-17T00:48:02Z,2025-09-17T01:06:02Z,2025-09-17T01:13:02Z,2025-09-17T04:45:02Z,2025-09-17T07:41:02Z,2025-09-17T08:18:02Z,External Synthetic,Identity Provider,AST-0119,RUL-036,Informational,Closed,ANL-012,1,41.9,FALSE,FALSE,SYNTHETIC_DEMO_DATA
INC-00002476,ALT-00014991,2025-09-08T10:55:28Z,2025-09-08T11:23:28Z,2025-09-08T11:31:28Z,2025-09-08T12:47:28Z,2025-09-08T18:44:28Z,2025-09-08T19:56:28Z,EDY Sentinel,Cloud Detection,AST-0035,RUL-028,Low,Closed,ANL-005,1,50.3,FALSE,FALSE,SYNTHETIC_DEMO_DATA
INC-00002872,ALT-00013362,2025-08-24T10:20:29Z,2025-08-24T10:29:29Z,2025-08-24T10:45:29Z,2025-08-24T11:23:29Z,2025-08-24T13:00:29Z,2025-08-24T16:41:29Z,EDY Shield,Endpoint Integrity,AST-0200,RUL-035,Medium,Closed,ANL-006,3,67.9,FALSE,FALSE,SYNTHETIC_DEMO_DATA
INC-00000190,ALT-00000782,2025-08-11T21:40:30Z,2025-08-11T22:05:30Z,2025-08-11T22:29:30Z,2025-08-11T23:40:30Z,2025-08-12T04:13:30Z,2025-08-12T06:40:30Z,EDY Shield,Endpoint Integrity,AST-0220,RUL-043,Informational,Closed,ANL-004,1,35.8,FALSE,FALSE,SYNTHETIC_DEMO_DATA
INC-00002176,ALT-00002431,2026-01-10T19:39:01Z,2026-01-10T19:54:01Z,2026-01-10T20:02:01Z,2026-01-10T20:41:01Z,2026-01-10T23:38:01Z,,EDY Shield,Endpoint Integrity,AST-0097,RUL-044,Critical,Resolved,ANL-002,1,100,TRUE,FALSE,SYNTHETIC_DEMO_DATA
INC-00001566,ALT-00006475,2025-04-03T18:37:27Z,2025-04-03T19:37:27Z,2025-04-03T20:17:27Z,2025-04-03T21:04:27Z,2025-04-03T21:25:27Z,2025-04-04T04:06:27Z,External Synthetic,Cloud Audit,AST-0133,RUL-025,Informational,Closed,ANL-002,1,40.5,FALSE,FALSE,SYNTHETIC_DEMO_DATA
INC-00001007,ALT-00017847,2026-06-12T04:00:26Z,2026-06-12T04:14:26Z,2026-06-12T04:54:26Z,2026-06-12T07:15:26Z,2026-06-13T03:05:26Z,2026-06-13T10:21:26Z,External Synthetic,Network Sensor,AST-0177,RUL-020,Informational,Closed,ANL-009,1,44.3,FALSE,TRUE,SYNTHETIC_DEMO_DATA
INC-00002733,ALT-00001526,2025-03-29T11:51:50Z,2025-03-29T12:33:50Z,2025-03-29T12:56:50Z,2025-03-29T14:47:50Z,2025-03-30T04:34:50Z,2025-03-30T04:50:50Z,External Synthetic,Network Sensor,AST-0063,RUL-011,Informational,Closed,ANL-005,1,23.8,FALSE,FALSE,SYNTHETIC_DEMO_DATA
INC-00001769,ALT-00007287,2025-03-26T13:00:59Z,2025-03-26T13:04:59Z,2025-03-26T13:24:59Z,2025-03-26T14:27:59Z,2025-03-26T19:23:59Z,2025-03-27T04:31:59Z,External Synthetic,Network Sensor,AST-0077,RUL-022,Medium,Closed,ANL-005,1,83.4,FALSE,FALSE,SYNTHETIC_DEMO_DATA
INC-00001475,ALT-00002218,2026-05-29T13:41:15Z,2026-05-29T14:45:15Z,2026-05-29T14:51:15Z,2026-05-29T16:18:15Z,2026-05-29T18:44:15Z,2026-05-30T02:49:15Z,External Synthetic,Network Sensor,AST-0208,RUL-032,Medium,Closed,ANL-011,1,75.9,FALSE,FALSE,SYNTHETIC_DEMO_DATA
INC-00002968,ALT-00003771,2026-07-30T15:18:42Z,2026-07-30T15:35:42Z,2026-07-30T15:50:42Z,2026-07-30T18:16:42Z,2026-07-30T20:54:42Z,2026-07-31T01:24:42Z,External Synthetic,Network Sensor,AST-0008,RUL-037,Low,Closed,ANL-017,1,45.0,FALSE,TRUE,SYNTHETIC_DEMO_DATA
INC-00001527,ALT-00016245,2025-10-09T13:56:52Z,2025-10-09T14:33:52Z,2025-10-09T16:22:52Z,2025-10-09T17:49:52Z,2025-10-09T19:00:52Z,2025-10-10T06:01:52Z,External Synthetic,Cloud Audit,AST-0070,RUL-030,Informational,Closed,ANL-005,3,36.1,FALSE,FALSE,SYNTHETIC_DEMO_DATA
INC-00000625,ALT-00014675,2026-06-25T15:20:36Z,2026-06-25T15:49:36Z,2026-06-25T16:32:36Z,2026-06-25T20:36:36Z,2026-06-26T00:31:36Z,2026-06-26T06:11:36Z,External Synthetic,Network Sensor,AST-0141,RUL-035,Informational,Closed,ANL-001,1,44.3,FALSE,FALSE,SYNTHETIC_DEMO_DATA
INC-00000249,ALT-00000981,2026-05-15T10:59:22Z,2026-05-15T11:23:22Z,2026-05-15T11:48:22Z,2026-05-15T13:41:22Z,2026-05-15T16:01:22Z,2026-05-15T19:26:22Z,EDY Sentinel,Cloud Detection,AST-0019,RUL-029,Informational,Closed,ANL-005,1,43.4,FALSE,FALSE,SYNTHETIC_DEMO_DATA
INC-00001714,ALT-00012936,2026-05-14T15:18:46Z,2026-05-14T15:40:46Z,2026-05-14T15:51:46Z,2026-05-14T17:05:46Z,2026-05-14T17:56:46Z,2026-05-15T04:12:46Z,EDY Sentinel,Cloud Detection,AST-0119,RUL-035,Medium,Closed,ANL-012,3,71.4,FALSE,FALSE,SYNTHETIC_DEMO_DATA
INC-00001965,ALT-00000341,2025-09-24T13:26:13Z,2025-09-24T13:39:13Z,2025-09-24T13:58:13Z,2025-09-24T14:51:13Z,2025-09-24T15:23:13Z,2025-09-25T01:49:13Z,External Synthetic,Cloud Audit,AST-0158,RUL-034,Low,Closed,ANL-018,1,62.8,FALSE,FALSE,SYNTHETIC_DEMO_DATA
INC-00003155,ALT-00002404,2026-05-29T10:18:51Z,2026-05-29T11:02:51Z,2026-05-29T11:31:51Z,2026-05-29T12:59:51Z,2026-05-29T17:12:51Z,2026-05-29T23:41:51Z,EDY Shield,Endpoint Integrity,AST-0124,RUL-042,Low,Closed,ANL-004,1,52.4,FALSE,FALSE,SYNTHETIC_DEMO_DATA
INC-00001588,ALT-00004845,2026-06-21T13:21:51Z,2026-06-21T13:27:51Z,2026-06-21T13:39:51Z,,,,EDY Sentinel,Cloud Detection,AST-0126,RUL-043,Informational,Active,ANL-010,0,22.1,FALSE,FALSE,SYNTHETIC_DEMO_DATA
INC-00002151,ALT-00005784,2025-04-22T20:40:15Z,2025-04-22T20:49:15Z,2025-04-22T21:14:15Z,2025-04-23T01:09:15Z,2025-04-23T03:37:15Z,2025-04-23T13:39:15Z,EDY Sentinel,Cloud Detection,AST-0138,RUL-002,Low,Closed,ANL-012,1,52.4,FALSE,FALSE,SYNTHETIC_DEMO_DATA
INC-00001245,ALT-00002632,2025-08-03T14:04:23Z,2025-08-03T15:18:23Z,2025-08-03T15:40:23Z,2025-08-03T16:34:23Z,2025-08-03T22:02:23Z,2025-08-04T07:27:23Z,EDY RECON,Exposure Intelligence,AST-0191,RUL-018,Informational,Closed,ANL-017,1,39.8,FALSE,FALSE,SYNTHETIC_DEMO_DATA
INC-00002686,ALT-00005858,2025-07-23T00:42:02Z,2025-07-23T01:02:02Z,2025-07-23T01:29:02Z,2025-07-23T02:18:02Z,2025-07-23T09:04:02Z,2025-07-23T10:48:02Z,EDY RECON,Exposure Intelligence,AST-0021,RUL-033,Medium,Closed,ANL-012,2,69.8,FALSE,FALSE,SYNTHETIC_DEMO_DATA
INC-00003041,ALT-00003617,2025-07-18T09:20:42Z,2025-07-18T13:11:42Z,2025-07-18T13:23:42Z,2025-07-18T14:39:42Z,2025-07-18T16:17:42Z,2025-07-18T22:22:42Z,External Synthetic,Network Sensor,AST-0013,RUL-021,Informational,Closed,ANL-009,1,34.1,FALSE,FALSE,SYNTHETIC_DEMO_DATA
INC-00001072,ALT-00001947,2026-02-25T14:50:50Z,2026-02-25T15:03:50Z,2026-02-25T15:24:50Z,2026-02-25T16:18:50Z,2026-02-25T19:49:50Z,2026-02-26T03:54:50Z,External Synthetic,Network Sensor,AST-0135,RUL-041,Low,Closed,ANL-005,3,41.2,FALSE,FALSE,SYNTHETIC_DEMO_DATA
INC-00001137,ALT-00005678,2026-05-17T16:25:07Z,2026-05-17T16:50:07Z,2026-05-17T17:02:07Z,2026-05-17T17:59:07Z,2026-05-18T00:16:07Z,2026-05-18T11:16:07Z,External Synthetic,Cloud Audit,AST-0229,RUL-037,Informational,Closed,ANL-017,1,36.7,FALSE,FALSE,SYNTHETIC_DEMO_DATA
INC-00001718,ALT-00009656,2026-03-24T21:54:41Z,2026-03-24T22:14:41Z,2026-03-24T22:19:41Z,2026-03-24T23:17:41Z,2026-03-25T02:48:41Z,2026-03-25T03:00:41Z,EDY Shield,Endpoint Integrity,AST-0049,RUL-005,Low,Closed,ANL-001,1,42.6,FALSE,FALSE,SYNTHETIC_DEMO_DATA
INC-00002509,ALT-00012444,2025-09-07T15:25:45Z,2025-09-07T15:38:45Z,2025-09-07T15:47:45Z,2025-09-07T16:55:45Z,2025-09-07T23:46:45Z,2025-09-08T11:09:45Z,External Synthetic,Network Sensor,AST-0046,RUL-038,Low,Closed,ANL-008,1,57.1,FALSE,FALSE,SYNTHETIC_DEMO_DATA
INC-00001164,ALT-00010035,2026-02-24T13:07:05Z,2026-02-24T13:20:05Z,2026-02-24T13:54:05Z,2026-02-24T16:00:05Z,2026-02-24T19:39:05Z,2026-02-24T20:01:05Z,External Synthetic,Network Sensor,AST-0095,RUL-004,Informational,Closed,ANL-008,2,50.2,FALSE,FALSE,SYNTHETIC_DEMO_DATA
INC-00001857,ALT-00001408,2026-07-22T08:15:46Z,2026-07-22T08:22:46Z,2026-07-22T08:51:46Z,,,,External Synthetic,Cloud Audit,AST-0100,RUL-022,Low,Active,ANL-018,0,59.0,FALSE,FALSE,SYNTHETIC_DEMO_DATA
INC-00003088,ALT-00005260,2026-06-26T02:49:24Z,2026-06-26T03:05:24Z,2026-06-26T03:36:24Z,2026-06-26T04:01:24Z,2026-06-27T06:34:24Z,2026-06-27T10:05:24Z,EDY Shield,Endpoint Integrity,AST-0046,RUL-004,Informational,Closed,ANL-004,3,47.3,FALSE,FALSE,SYNTHETIC_DEMO_DATA
INC-00001327,ALT-00002941,2025-09-15T10:27:34Z,2025-09-15T10:43:34Z,2025-09-15T11:20:34Z,2025-09-15T12:09:34Z,2025-09-15T19:49:34Z,2025-09-16T00:23:34Z,External Synthetic,Identity Provider,AST-0087,RUL-014,Informational,Closed,ANL-001,1,40.5,FALSE,FALSE,SYNTHETIC_DEMO_DATA
INC-00002676,ALT-00012929,2025-06-09T17:40:10Z,2025-06-09T18:26:10Z,2025-06-09T18:35:10Z,2025-06-09T19:26:10Z,2025-06-10T02:45:10Z,,EDY Shield,Endpoint Integrity,AST-0201,RUL-040,Low,Resolved,ANL-009,1,56.3,FALSE,FALSE,SYNTHETIC_DEMO_DATA
INC-00000103,ALT-00016393,2026-05-29T19:01:11Z,2026-05-29T19:17:11Z,2026-05-29T19:59:11Z,2026-05-29T20:41:11Z,2026-05-29T20:58:11Z,2026-05-30T02:20:11Z,EDY RECON,Exposure Intelligence,AST-0204,RUL-042,Low,Closed,ANL-002,1,54.3,FALSE,FALSE,SYNTHETIC_DEMO_DATA
INC-00003030,ALT-00007031,2025-05-24T16:45:43Z,2025-05-24T17:11:43Z,2025-05-24T17:42:43Z,2025-05-24T18:21:43Z,2025-05-24T19:33:43Z,2025-05-25T03:39:43Z,EDY SIEM,Correlation Hub,AST-0010,RUL-032,Medium,Closed,ANL-016,2,69.3,FALSE,FALSE,SYNTHETIC_DEMO_DATA
INC-00001853,ALT-00003350,2025-05-05T11:29:42Z,2025-05-05T12:07:42Z,2025-05-05T12:22:42Z,2025-05-05T12:54:42Z,2025-05-05T14:47:42Z,2025-05-05T17:19:42Z,External Synthetic,Identity Provider,AST-0109,RUL-016,Informational,Closed,ANL-009,1,43.3,FALSE,FALSE,SYNTHETIC_DEMO_DATA
INC-00002807,ALT-00002606,2025-03-20T01:36:44Z,2025-03-20T01:51:44Z,2025-03-20T02:21:44Z,2025-03-20T03:52:44Z,2025-03-20T05:46:44Z,,EDY Sentinel,Cloud Detection,AST-0108,RUL-006,High,Resolved,ANL-012,3,79.2,TRUE,FALSE,SYNTHETIC_DEMO_DATA
INC-00001055,ALT-00010608,2026-07-12T12:56:40Z,,,,,,EDY Shield,Endpoint Integrity,AST-0066,RUL-023,Low,New,ANL-016,0,54.5,FALSE,FALSE,SYNTHETIC_DEMO_DATA
INC-00002282,ALT-00005062,2025-07-05T18:08:58Z,2025-07-05T18:20:58Z,2025-07-05T18:57:58Z,2025-07-05T22:10:58Z,2025-07-05T23:29:58Z,,External Synthetic,Network Sensor,AST-0190,RUL-043,Low,Resolved,ANL-013,4,62.2,FALSE,FALSE,SYNTHETIC_DEMO_DATA
INC-00000897,ALT-00011885,2025-03-09T05:30:57Z,2025-03-09T06:21:57Z,2025-03-09T06:41:57Z,2025-03-09T07:59:57Z,2025-03-09T14:11:57Z,2025-03-09T14:35:57Z,External Synthetic,Identity Provider,AST-0211,RUL-012,Medium,Closed,ANL-007,1,61.6,FALSE,FALSE,SYNTHETIC_DEMO_DATA
INC-00000982,ALT-00009971,2025-09-20T18:16:19Z,2025-09-20T18:21:19Z,2025-09-20T18:52:19Z,2025-09-20T19:35:19Z,2025-09-20T20:03:19Z,2025-09-21T05:24:19Z,External Synthetic,Network Sensor,AST-0027,RUL-042,Informational,Closed,ANL-004,1,28.5,FALSE,FALSE,SYNTHETIC_DEMO_DATA
INC-00000687,ALT-00005218,2025-09-04T12:21:22Z,2025-09-04T12:34:22Z,2025-09-04T13:04:22Z,2025-09-04T14:31:22Z,2025-09-05T07:27:22Z,2025-09-05T09:39:22Z,External Synthetic,Network Sensor,AST-0206,RUL-017,Informational,Closed,ANL-017,1,34.9,FALSE,FALSE,SYNTHETIC_DEMO_DATA
INC-00002778,ALT-00004448,2026-05-10T09:50:11Z,2026-05-10T10:22:11Z,2026-05-10T10:44:11Z,2026-05-10T12:13:11Z,2026-05-10T17:22:11Z,2026-05-11T00:21:11Z,External Synthetic,Network Sensor,AST-0001,RUL-001,Informational,Closed,ANL-014,3,48.4,FALSE,FALSE,SYNTHETIC_DEMO_DATA
INC-00002179,ALT-00010251,2025-10-18T14:46:44Z,2025-10-18T14:54:44Z,2025-10-18T15:14:44Z,2025-10-18T16:58:44Z,2025-10-18T20:28:44Z,,EDY SIEM,Correlation Hub,AST-0163,RUL-002,Medium,Resolved,ANL-015,3,73.9,FALSE,FALSE,SYNTHETIC_DEMO_DATA
INC-00002317,ALT-00009560,2025-05-08T08:11:36Z,2025-05-08T08:51:36Z,2025-05-08T09:04:36Z,2025-05-08T09:16:36Z,2025-05-08T10:03:36Z,2025-05-08T19:19:36Z,External Synthetic,Identity Provider,AST-0162,RUL-014,Low,Closed,ANL-002,1,44.9,FALSE,FALSE,SYNTHETIC_DEMO_DATA
INC-00002295,ALT-00008050,2025-02-26T09:49:44Z,2025-02-26T10:18:44Z,2025-02-26T11:04:44Z,2025-02-26T12:54:44Z,2025-02-26T15:05:44Z,2025-02-27T01:19:44Z,EDY Shield,Endpoint Integrity,AST-0224,RUL-020,Low,Closed,ANL-012,1,48.0,FALSE,FALSE,SYNTHETIC_DEMO_DATA
INC-00001490,ALT-00003871,2025-03-01T17:09:22Z,2025-03-01T17:38:22Z,2025-03-01T18:15:22Z,2025-03-01T18:58:22Z,2025-03-02T00:18:22Z,2025-03-02T02:51:22Z,EDY SIEM,Correlation Hub,AST-0079,RUL-009,Low,Closed,ANL-013,1,50.1,FALSE,FALSE,SYNTHETIC_DEMO_DATA
INC-00001287,ALT-00000516,2025-12-25T10:15:22Z,2025-12-25T10:40:22Z,2025-12-25T10:49:22Z,2025-12-25T11:16:22Z,2025-12-25T14:53:22Z,2025-12-25T18:00:22Z,EDY Shield,Endpoint Integrity,AST-0148,RUL-032,High,Closed,ANL-014,1,92.3,TRUE,FALSE,SYNTHETIC_DEMO_DATA
INC-00001456,ALT-00016404,2026-02-19T11:52:08Z,2026-02-19T12:04:08Z,2026-02-19T12:16:08Z,2026-02-19T13:16:08Z,2026-02-19T14:04:08Z,2026-02-19T21:27:08Z,EDY SIEM,Correlation Hub,AST-0159,RUL-040,Critical,Closed,ANL-002,1,100,TRUE,FALSE,SYNTHETIC_DEMO_DATA
INC-00000813,ALT-00005622,2025-06-19T12:17:24Z,2025-06-19T13:26:24Z,2025-06-19T13:40:24Z,2025-06-19T14:33:24Z,2025-06-19T19:14:24Z,2025-06-19T22:44:24Z,External Synthetic,Network Sensor,AST-0088,RUL-027,Informational,Closed,ANL-017,1,41.5,FALSE,FALSE,SYNTHETIC_DEMO_DATA
INC-00000632,ALT-00009515,2025-05-11T20:36:03Z,2025-05-11T20:44:03Z,2025-05-11T22:16:03Z,2025-05-12T03:31:03Z,2025-05-12T05:12:03Z,2025-05-12T13:37:03Z,EDY Shield,Endpoint Integrity,AST-0015,RUL-009,Low,Closed,ANL-007,1,59.0,FALSE,FALSE,SYNTHETIC_DEMO_DATA
INC-00002323,ALT-00015998,2025-11-26T14:51:56Z,2025-11-26T15:25:56Z,2025-11-26T15:35:56Z,2025-11-26T16:16:56Z,2025-11-26T19:40:56Z,2025-11-27T02:42:56Z,EDY SIEM,Correlation Hub,AST-0063,RUL-033,Low,Closed,ANL-014,3,37.6,FALSE,FALSE,SYNTHETIC_DEMO_DATA
INC-00002390,ALT-00008120,2025-06-28T13:53:50Z,2025-06-28T15:19:50Z,2025-06-28T15:45:50Z,2025-06-28T16:32:50Z,2025-06-28T17:31:50Z,2025-06-28T21:27:50Z,External Synthetic,Cloud Audit,AST-0196,RUL-022,Informational,Closed,ANL-012,1,36.7,FALSE,FALSE,SYNTHETIC_DEMO_DATA
INC-00001738,ALT-00007737,2025-08-14T05:56:05Z,2025-08-14T07:11:05Z,2025-08-14T07:26:05Z,2025-08-14T09:42:05Z,2025-08-14T13:11:05Z,,External Synthetic,Network Sensor,AST-0051,RUL-006,Medium,Resolved,ANL-006,3,90.8,TRUE,FALSE,SYNTHETIC_DEMO_DATA
INC-00003087,ALT-00008508,2025-03-25T16:50:31Z,2025-03-25T16:59:31Z,2025-03-25T17:16:31Z,2025-03-25T19:13:31Z,2025-03-25T23:48:31Z,2025-03-26T00:01:31Z,External Synthetic,Identity Provider,AST-0122,RUL-003,Medium,Closed,ANL-013,1,77.8,FALSE,FALSE,SYNTHETIC_DEMO_DATA
INC-00003198,ALT-00012689,2025-04-08T09:48:15Z,2025-04-08T11:01:15Z,2025-04-08T11:18:15Z,2025-04-08T12:59:15Z,2025-04-08T15:29:15Z,2025-04-08T16:27:15Z,EDY RECON,Exposure Intelligence,AST-0169,RUL-016,Medium,Closed,ANL-010,1,69.7,FALSE,FALSE,SYNTHETIC_DEMO_DATA
INC-00001934,ALT-00015353,2026-03-01T18:22:36Z,2026-03-01T18:39:36Z,2026-03-01T18:56:36Z,2026-03-01T20:12:36Z,2026-03-01T21:53:36Z,2026-03-02T08:20:36Z,EDY Sentinel,Cloud Detection,AST-0216,RUL-044,Informational,Closed,ANL-018,1,23.5,FALSE,FALSE,SYNTHETIC_DEMO_DATA
INC-00000058,ALT-00013756,2026-03-05T22:04:41Z,2026-03-05T22:10:41Z,2026-03-05T23:04:41Z,2026-03-05T23:39:41Z,2026-03-06T01:49:41Z,2026-03-06T11:30:41Z,External Synthetic,Network Sensor,AST-0202,RUL-035,Low,Closed,ANL-011,3,48.7,FALSE,FALSE,SYNTHETIC_DEMO_DATA
INC-00000592,ALT-00008572,2025-03-24T12:31:18Z,2025-03-24T13:42:18Z,2025-03-24T13:59:18Z,2025-03-24T16:24:18Z,2025-03-24T22:24:18Z,2025-03-25T09:18:18Z,External Synthetic,Cloud Audit,AST-0181,RUL-016,Informational,Closed,ANL-016,1,40.4,FALSE,FALSE,SYNTHETIC_DEMO_DATA
INC-00001181,ALT-00001829,2025-06-10T17:10:47Z,2025-06-10T17:24:47Z,2025-06-10T17:39:47Z,2025-06-10T19:55:47Z,2025-06-10T21:21:47Z,2025-06-11T02:22:47Z,EDY SIEM,Correlation Hub,AST-0034,RUL-021,Medium,Closed,ANL-017,3,67.8,FALSE,FALSE,SYNTHETIC_DEMO_DATA
INC-00000429,ALT-00016721,2025-11-17T05:53:26Z,2025-11-17T06:07:26Z,2025-11-17T06:19:26Z,2025-11-17T06:43:26Z,2025-11-17T10:39:26Z,2025-11-17T22:13:26Z,External Synthetic,Network Sensor,AST-0084,RUL-016,Low,Closed,ANL-006,1,69.8,TRUE,FALSE,SYNTHETIC_DEMO_DATA
INC-00002290,ALT-00011874,2026-03-20T17:07:56Z,2026-03-20T17:22:56Z,2026-03-20T18:33:56Z,2026-03-20T23:02:56Z,2026-03-21T07:38:56Z,2026-03-21T12:19:56Z,External Synthetic,Identity Provider,AST-0080,RUL-030,Informational,Closed,ANL-010,1,34.2,FALSE,FALSE,SYNTHETIC_DEMO_DATA
INC-00002570,ALT-00000593,2026-03-05T13:01:31Z,2026-03-05T13:11:31Z,2026-03-05T13:17:31Z,2026-03-05T15:17:31Z,2026-03-05T17:01:31Z,2026-03-06T01:34:31Z,EDY SIEM,Correlation Hub,AST-0149,RUL-023,Informational,Closed,ANL-012,1,54.7,FALSE,FALSE,SYNTHETIC_DEMO_DATA
INC-00000833,ALT-00000395,2025-05-25T09:33:23Z,2025-05-25T10:21:23Z,2025-05-25T10:37:23Z,2025-05-25T11:07:23Z,2025-05-25T16:42:23Z,,EDY Shield,Endpoint Integrity,AST-0221,RUL-005,Low,Resolved,ANL-004,4,66.0,FALSE,FALSE,SYNTHETIC_DEMO_DATA
INC-00001919,ALT-00001762,2026-02-19T12:35:57Z,2026-02-19T12:42:57Z,2026-02-19T13:40:57Z,,,,External Synthetic,Identity Provider,AST-0059,RUL-024,Medium,Active,ANL-017,0,75.4,FALSE,FALSE,SYNTHETIC_DEMO_DATA
INC-00001779,ALT-00005234,2025-02-20T14:10:40Z,2025-02-20T14:28:40Z,2025-02-20T14:42:40Z,2025-02-20T18:54:40Z,2025-02-20T19:30:40Z,2025-02-20T23:33:40Z,External Synthetic,Identity Provider,AST-0194,RUL-025,Informational,Closed,ANL-005,1,46.0,FALSE,FALSE,SYNTHETIC_DEMO_DATA
INC-00000967,ALT-00017362,2026-02-16T10:00:58Z,2026-02-16T10:20:58Z,2026-02-16T10:41:58Z,2026-02-16T14:38:58Z,2026-02-16T20:08:58Z,2026-02-17T01:01:58Z,External Synthetic,Network Sensor,AST-0042,RUL-018,Informational,Closed,ANL-001,1,40.7,FALSE,FALSE,SYNTHETIC_DEMO_DATA
INC-00002500,ALT-00017141,2025-06-30T09:59:36Z,2025-06-30T10:47:36Z,2025-06-30T11:24:36Z,2025-06-30T13:04:36Z,2025-07-01T09:43:36Z,2025-07-01T15:06:36Z,EDY Sentinel,Cloud Detection,AST-0009,RUL-038,Informational,Closed,ANL-016,1,22.2,FALSE,FALSE,SYNTHETIC_DEMO_DATA
INC-00001269,ALT-00006343,2025-07-15T17:56:54Z,2025-07-15T18:00:54Z,2025-07-15T18:16:54Z,2025-07-15T18:58:54Z,2025-07-15T21:34:54Z,2025-07-16T04:29:54Z,External Synthetic,Cloud Audit,AST-0095,RUL-016,Critical,Closed,ANL-015,1,100,TRUE,FALSE,SYNTHETIC_DEMO_DATA
INC-00000060,ALT-00001715,2026-06-15T20:31:06Z,2026-06-15T20:56:06Z,2026-06-15T21:04:06Z,2026-06-16T04:04:06Z,2026-06-16T08:03:06Z,2026-06-16T11:09:06Z,EDY RECON,Exposure Intelligence,AST-0020,RUL-015,Low,Closed,ANL-015,2,50.6,FALSE,FALSE,SYNTHETIC_DEMO_DATA
INC-00002947,ALT-00010449,2026-05-31T19:09:13Z,2026-05-31T19:17:13Z,2026-05-31T19:31:13Z,2026-05-31T20:49:13Z,2026-06-01T01:00:13Z,2026-06-01T01:44:13Z,EDY SIEM,Correlation Hub,AST-0017,RUL-017,Low,Closed,ANL-002,1,50.9,FALSE,FALSE,SYNTHETIC_DEMO_DATA
INC-00002379,ALT-00012667,2025-11-20T10:46:14Z,2025-11-20T10:57:14Z,2025-11-20T12:00:14Z,2025-11-20T12:54:14Z,2025-11-20T14:50:14Z,,EDY Shield,Endpoint Integrity,AST-0208,RUL-004,Medium,Resolved,ANL-001,3,77.7,FALSE,FALSE,SYNTHETIC_DEMO_DATA
INC-00002258,ALT-00008289,2026-07-26T09:42:42Z,2026-07-26T10:18:42Z,2026-07-26T10:29:42Z,2026-07-26T11:45:42Z,2026-07-26T12:07:42Z,,External Synthetic,Cloud Audit,AST-0096,RUL-023,Low,Resolved,ANL-001,1,61.1,FALSE,FALSE,SYNTHETIC_DEMO_DATA
INC-00001481,ALT-00012867,2026-01-13T00:52:06Z,2026-01-13T00:59:06Z,2026-01-13T01:20:06Z,2026-01-13T02:14:06Z,2026-01-13T08:04:06Z,2026-01-13T14:01:06Z,EDY Sentinel,Cloud Detection,AST-0099,RUL-033,Informational,Closed,ANL-003,1,24.1,FALSE,FALSE,SYNTHETIC_DEMO_DATA
INC-00002444,ALT-00012730,2025-04-10T14:14:31Z,2025-04-10T15:20:31Z,2025-04-10T15:29:31Z,2025-04-10T16:25:31Z,2025-04-11T02:30:31Z,2025-04-11T02:52:31Z,EDY Shield,Endpoint Integrity,AST-0104,RUL-019,Low,Closed,ANL-013,3,66.6,FALSE,FALSE,SYNTHETIC_DEMO_DATA
INC-00001522,ALT-00013966,2026-02-20T14:22:50Z,2026-02-20T14:38:50Z,2026-02-20T14:43:50Z,2026-02-20T18:00:50Z,2026-02-20T19:50:50Z,2026-02-21T00:51:50Z,EDY Sentinel,Cloud Detection,AST-0045,RUL-002,Low,Closed,ANL-005,3,40.9,FALSE,FALSE,SYNTHETIC_DEMO_DATA
INC-00002462,ALT-00003768,2026-07-19T18:21:50Z,,,,,,EDY Shield,Endpoint Integrity,AST-0033,RUL-027,Low,New,ANL-013,0,59.7,FALSE,FALSE,SYNTHETIC_DEMO_DATA
INC-00000648,ALT-00002106,2025-12-07T06:58:52Z,2025-12-07T07:15:52Z,2025-12-07T08:19:52Z,2025-12-07T11:19:52Z,2025-12-07T18:15:52Z,2025-12-07T19:07:52Z,External Synthetic,Network Sensor,AST-0229,RUL-002,Informational,Closed,ANL-002,3,33.8,FALSE,FALSE,SYNTHETIC_DEMO_DATA
INC-00000042,ALT-00001492,2026-03-01T11:50:27Z,2026-03-01T12:33:27Z,2026-03-01T13:02:27Z,2026-03-01T14:25:27Z,2026-03-01T15:07:27Z,,External Synthetic,Network Sensor,AST-0192,RUL-033,Low,Resolved,ANL-015,1,54.0,FALSE,FALSE,SYNTHETIC_DEMO_DATA
INC-00001110,ALT-00014744,2025-11-04T11:36:51Z,2025-11-04T12:14:51Z,2025-11-04T12:26:51Z,2025-11-04T12:46:51Z,2025-11-04T14:22:51Z,2025-11-04T23:45:51Z,EDY RECON,Exposure Intelligence,AST-0061,RUL-026,Low,Closed,ANL-009,1,49.1,FALSE,FALSE,SYNTHETIC_DEMO_DATA
INC-00001744,ALT-00009544,2025-09-29T08:56:00Z,2025-09-29T09:23:00Z,2025-09-29T10:07:00Z,2025-09-29T10:53:00Z,2025-09-29T18:30:00Z,,EDY Sentinel,Cloud Detection,AST-0107,RUL-029,Low,Resolved,ANL-017,2,44.2,FALSE,FALSE,SYNTHETIC_DEMO_DATA
INC-00002464,ALT-00009619,2025-11-11T20:49:51Z,2025-11-11T21:10:51Z,2025-11-11T21:25:51Z,2025-11-11T23:24:51Z,2025-11-12T07:17:51Z,2025-11-12T07:44:51Z,EDY RECON,Exposure Intelligence,AST-0170,RUL-004,Informational,Closed,ANL-016,1,41.7,TRUE,FALSE,SYNTHETIC_DEMO_DATA
INC-00002228,ALT-00009968,2025-03-03T16:52:29Z,2025-03-03T17:17:29Z,2025-03-03T17:27:29Z,2025-03-03T17:56:29Z,2025-03-03T23:34:29Z,,External Synthetic,Identity Provider,AST-0211,RUL-025,Informational,Resolved,ANL-012,1,36.2,FALSE,FALSE,SYNTHETIC_DEMO_DATA
INC-00000742,ALT-00007994,2025-09-20T18:26:44Z,2025-09-20T18:53:44Z,2025-09-20T19:11:44Z,2025-09-20T20:30:44Z,2025-09-21T02:27:44Z,2025-09-21T12:37:44Z,EDY Sentinel,Cloud Detection,AST-0019,RUL-018,Informational,Closed,ANL-010,3,43.3,FALSE,TRUE,SYNTHETIC_DEMO_DATA
INC-00000885,ALT-00005947,2025-12-24T14:13:26Z,2025-12-24T14:59:26Z,2025-12-24T15:23:26Z,2025-12-24T19:16:26Z,2025-12-24T20:46:26Z,2025-12-25T07:11:26Z,External Synthetic,Network Sensor,AST-0084,RUL-007,Informational,Closed,ANL-017,1,37.4,FALSE,FALSE,SYNTHETIC_DEMO_DATA
INC-00002762,ALT-00011060,2025-06-08T01:13:00Z,2025-06-08T01:22:00Z,2025-06-08T01:34:00Z,2025-06-08T02:15:00Z,2025-06-08T05:08:00Z,2025-06-08T12:05:00Z,External Synthetic,Identity Provider,AST-0096,RUL-037,Informational,Closed,ANL-018,3,44.9,FALSE,FALSE,SYNTHETIC_DEMO_DATA
INC-00002192,ALT-00017424,2025-02-22T21:20:02Z,2025-02-22T21:42:02Z,2025-02-22T21:49:02Z,2025-02-22T22:31:02Z,2025-02-22T23:21:02Z,2025-02-23T08:53:02Z,External Synthetic,Identity Provider,AST-0167,RUL-045,Medium,Closed,ANL-014,3,77.8,FALSE,FALSE,SYNTHETIC_DEMO_DATA
INC-00001361,ALT-00015450,2025-08-24T19:22:25Z,2025-08-24T19:29:25Z,2025-08-24T19:58:25Z,2025-08-24T21:54:25Z,2025-08-25T07:47:25Z,2025-08-25T13:52:25Z,EDY Shield,Endpoint Integrity,AST-0067,RUL-034,Low,Closed,ANL-016,2,46.6,FALSE,FALSE,SYNTHETIC_DEMO_DATA
INC-00002073,ALT-00006044,2025-12-16T14:09:52Z,2025-12-16T14:39:52Z,2025-12-16T14:50:52Z,2025-12-16T16:00:52Z,2025-12-16T17:39:52Z,2025-12-16T19:30:52Z,EDY SIEM,Correlation Hub,AST-0151,RUL-037,Informational,Closed,ANL-017,1,37.7,FALSE,FALSE,SYNTHETIC_DEMO_DATA
INC-00003185,ALT-00012265,2025-08-07T17:53:33Z,2025-08-07T18:09:33Z,2025-08-07T18:37:33Z,2025-08-07T20:32:33Z,2025-08-08T05:55:33Z,2025-08-08T15:56:33Z,EDY RECON,Exposure Intelligence,AST-0168,RUL-024,Informational,Closed,ANL-009,3,42.2,FALSE,FALSE,SYNTHETIC_DEMO_DATA
INC-00001105,ALT-00007125,2025-10-08T12:37:07Z,2025-10-08T13:18:07Z,2025-10-08T13:42:07Z,2025-10-08T17:44:07Z,2025-10-08T18:07:07Z,,External Synthetic,Cloud Audit,AST-0076,RUL-004,Medium,Resolved,ANL-009,2,62.2,FALSE,FALSE,SYNTHETIC_DEMO_DATA
INC-00002535,ALT-00000830,2026-01-21T11:39:52Z,2026-01-21T12:20:52Z,2026-01-21T13:49:52Z,2026-01-21T14:25:52Z,2026-01-21T14:52:52Z,2026-01-21T19:59:52Z,EDY Shield,Endpoint Integrity,AST-0091,RUL-006,Low,Closed,ANL-006,1,61.6,FALSE,FALSE,SYNTHETIC_DEMO_DATA
INC-00000486,ALT-00003828,2025-08-09T09:23:19Z,2025-08-09T09:36:19Z,2025-08-09T10:00:19Z,2025-08-09T14:28:19Z,2025-08-09T18:16:19Z,2025-08-09T21:42:19Z,EDY Shield,Endpoint Integrity,AST-0072,RUL-014,Medium,Closed,ANL-004,1,60.9,FALSE,FALSE,SYNTHETIC_DEMO_DATA
INC-00000996,ALT-00006100,2025-12-18T18:25:16Z,2025-12-18T19:27:16Z,2025-12-18T19:44:16Z,2025-12-18T20:14:16Z,,,External Synthetic,Network Sensor,AST-0165,RUL-002,Low,Contained,ANL-015,0,48.3,FALSE,FALSE,SYNTHETIC_DEMO_DATA
INC-00001075,ALT-00017740,2026-02-04T07:38:40Z,2026-02-04T07:59:40Z,2026-02-04T08:22:40Z,2026-02-04T10:23:40Z,2026-02-04T12:44:40Z,2026-02-04T18:19:40Z,External Synthetic,Cloud Audit,AST-0233,RUL-037,Medium,Closed,ANL-003,4,58.4,FALSE,FALSE,SYNTHETIC_DEMO_DATA
INC-00002066,ALT-00007875,2025-08-19T15:50:21Z,2025-08-19T16:20:21Z,2025-08-19T17:01:21Z,2025-08-19T17:59:21Z,2025-08-20T01:30:21Z,2025-08-20T03:54:21Z,EDY RECON,Exposure Intelligence,AST-0196,RUL-003,Low,Closed,ANL-013,3,56.3,FALSE,FALSE,SYNTHETIC_DEMO_DATA
INC-00000252,ALT-00008749,2025-12-12T10:29:25Z,2025-12-12T10:36:25Z,2025-12-12T10:49:25Z,2025-12-12T11:50:25Z,2025-12-12T12:58:25Z,2025-12-12T13:18:25Z,External Synthetic,Identity Provider,AST-0104,RUL-010,Informational,Closed,ANL-002,2,53.8,FALSE,FALSE,SYNTHETIC_DEMO_DATA
INC-00003055,ALT-00012922,2025-12-22T14:37:23Z,2025-12-22T14:50:23Z,2025-12-22T15:08:23Z,2025-12-22T17:41:23Z,2025-12-22T19:27:23Z,2025-12-23T04:56:23Z,EDY SIEM,Correlation Hub,AST-0113,RUL-010,Low,Closed,ANL-002,3,65.5,FALSE,FALSE,SYNTHETIC_DEMO_DATA
INC-00001002,ALT-00006297,2025-05-20T12:31:15Z,2025-05-20T12:51:15Z,2025-05-20T13:13:15Z,2025-05-20T16:03:15Z,2025-05-20T19:30:15Z,2025-05-20T21:44:15Z,EDY SIEM,Correlation Hub,AST-0096,RUL-004,Low,Closed,ANL-009,3,61.9,FALSE,FALSE,SYNTHETIC_DEMO_DATA
INC-00000788,ALT-00012393,2025-07-29T17:11:24Z,2025-07-29T17:28:24Z,2025-07-29T17:37:24Z,2025-07-29T21:20:24Z,2025-07-29T22:07:24Z,2025-07-30T09:11:24Z,EDY SIEM,Correlation Hub,AST-0201,RUL-018,Low,Closed,ANL-013,4,53.9,FALSE,FALSE,SYNTHETIC_DEMO_DATA
INC-00000073,ALT-00004759,2025-02-21T18:45:12Z,2025-02-21T19:05:12Z,2025-02-21T19:39:12Z,2025-02-21T21:34:12Z,2025-02-21T23:58:12Z,2025-02-22T01:24:12Z,EDY Shield,Endpoint Integrity,AST-0185,RUL-036,Informational,Closed,ANL-013,1,47.1,FALSE,FALSE,SYNTHETIC_DEMO_DATA
INC-00001499,ALT-00011167,2025-05-21T07:52:42Z,2025-05-21T08:18:42Z,2025-05-21T08:58:42Z,2025-05-21T10:22:42Z,2025-05-21T15:35:42Z,,External Synthetic,Identity Provider,AST-0056,RUL-024,Low,Resolved,ANL-004,3,54.6,FALSE,FALSE,SYNTHETIC_DEMO_DATA
INC-00002856,ALT-00007183,2025-09-30T16:22:22Z,2025-09-30T16:33:22Z,2025-09-30T16:50:22Z,2025-09-30T18:27:22Z,2025-09-30T21:08:22Z,,EDY RECON,Exposure Intelligence,AST-0089,RUL-026,Medium,Resolved,ANL-010,1,62.2,FALSE,FALSE,SYNTHETIC_DEMO_DATA
INC-00001747,ALT-00013641,2025-07-13T16:51:49Z,2025-07-13T17:10:49Z,2025-07-13T17:38:49Z,2025-07-13T22:09:49Z,2025-07-14T02:49:49Z,2025-07-14T08:16:49Z,EDY RECON,Exposure Intelligence,AST-0192,RUL-004,Medium,Closed,ANL-015,1,67.8,FALSE,FALSE,SYNTHETIC_DEMO_DATA
INC-00000591,ALT-00009874,2025-06-19T07:04:50Z,2025-06-19T08:12:50Z,2025-06-19T08:35:50Z,2025-06-19T10:00:50Z,2025-06-19T17:16:50Z,2025-06-20T04:45:50Z,External Synthetic,Network Sensor,AST-0106,RUL-039,Informational,Closed,ANL-005,1,42.9,FALSE,FALSE,SYNTHETIC_DEMO_DATA
INC-00002877,ALT-00002696,2025-02-15T11:03:28Z,2025-02-15T11:05:28Z,2025-02-15T12:02:28Z,2025-02-15T13:10:28Z,2025-02-15T14:46:28Z,2025-02-16T00:01:28Z,External Synthetic,Cloud Audit,AST-0085,RUL-014,Medium,Closed,ANL-007,1,62.1,FALSE,FALSE,SYNTHETIC_DEMO_DATA
INC-00000726,ALT-00006910,2026-01-15T10:23:03Z,2026-01-15T10:43:03Z,2026-01-15T11:05:03Z,2026-01-15T13:56:03Z,2026-01-15T17:59:03Z,2026-01-15T22:46:03Z,EDY Sentinel,Cloud Detection,AST-0078,RUL-036,Low,Closed,ANL-015,1,75.4,TRUE,FALSE,SYNTHETIC_DEMO_DATA
INC-00002588,ALT-00014080,2025-04-15T15:33:48Z,2025-04-15T15:40:48Z,2025-04-15T15:51:48Z,2025-04-15T16:45:48Z,2025-04-15T19:18:48Z,2025-04-16T06:09:48Z,External Synthetic,Identity Provider,AST-0094,RUL-025,Low,Closed,ANL-013,2,45.9,FALSE,FALSE,SYNTHETIC_DEMO_DATA
INC-00001079,ALT-00004887,2025-02-26T00:48:21Z,2025-02-26T01:01:21Z,2025-02-26T01:22:21Z,2025-02-26T01:41:21Z,2025-02-26T02:49:21Z,,External Synthetic,Network Sensor,AST-0143,RUL-025,High,Resolved,ANL-012,1,93.4,TRUE,FALSE,SYNTHETIC_DEMO_DATA
INC-00000902,ALT-00008262,2026-07-21T09:25:33Z,2026-07-21T09:38:33Z,2026-07-21T09:54:33Z,,,,EDY Shield,Endpoint Integrity,AST-0127,RUL-018,Low,Active,ANL-007,0,70.5,TRUE,FALSE,SYNTHETIC_DEMO_DATA
INC-00000072,ALT-00016623,2025-12-04T07:08:49Z,2025-12-04T07:23:49Z,2025-12-04T07:47:49Z,2025-12-04T11:49:49Z,2025-12-04T14:03:49Z,,EDY SIEM,Correlation Hub,AST-0202,RUL-040,Informational,Resolved,ANL-002,1,29.8,FALSE,FALSE,SYNTHETIC_DEMO_DATA
INC-00000171,ALT-00009542,2026-07-07T08:05:44Z,2026-07-07T08:24:44Z,2026-07-07T08:32:44Z,2026-07-07T09:38:44Z,2026-07-07T12:06:44Z,,External Synthetic,Network Sensor,AST-0149,RUL-020,Critical,Resolved,ANL-015,1,100,TRUE,FALSE,SYNTHETIC_DEMO_DATA
INC-00000508,ALT-00013730,2025-12-05T11:37:33Z,2025-12-05T11:45:33Z,2025-12-05T12:06:33Z,2025-12-05T12:55:33Z,2025-12-05T18:23:33Z,2025-12-06T02:17:33Z,EDY RECON,Exposure Intelligence,AST-0138,RUL-022,Informational,Closed,ANL-010,2,39.3,FALSE,FALSE,SYNTHETIC_DEMO_DATA
INC-00000511,ALT-00000803,2025-07-18T10:35:32Z,2025-07-18T10:50:32Z,2025-07-18T11:13:32Z,2025-07-18T12:27:32Z,2025-07-18T13:09:32Z,2025-07-18T17:04:32Z,External Synthetic,Network Sensor,AST-0203,RUL-041,Informational,Closed,ANL-007,1,51.9,FALSE,FALSE,SYNTHETIC_DEMO_DATA
INC-00002768,ALT-00017303,2025-08-01T13:51:10Z,2025-08-01T14:25:10Z,2025-08-01T14:37:10Z,2025-08-01T15:34:10Z,2025-08-01T18:01:10Z,2025-08-01T21:19:10Z,EDY SIEM,Correlation Hub,AST-0075,RUL-014,Low,Closed,ANL-013,1,57.1,FALSE,FALSE,SYNTHETIC_DEMO_DATA
INC-00002169,ALT-00010203,2025-04-20T20:12:04Z,2025-04-20T20:18:04Z,2025-04-20T20:30:04Z,2025-04-20T21:15:04Z,2025-04-20T22:23:04Z,,EDY SIEM,Correlation Hub,AST-0228,RUL-044,Critical,Resolved,ANL-015,1,100,TRUE,FALSE,SYNTHETIC_DEMO_DATA
INC-00002481,ALT-00008890,2025-06-22T09:34:12Z,2025-06-22T09:45:12Z,2025-06-22T10:06:12Z,2025-06-22T11:43:12Z,2025-06-23T05:50:12Z,,EDY Shield,Endpoint Integrity,AST-0008,RUL-040,Low,Resolved,ANL-006,1,43.5,FALSE,FALSE,SYNTHETIC_DEMO_DATA
INC-00002247,ALT-00016077,2026-05-23T13:14:32Z,,,,,,EDY Shield,Endpoint Integrity,AST-0171,RUL-003,MEDIUM,New,ANL-007,0,52.0,FALSE,FALSE,SYNTHETIC_DEMO_DATA
INC-00002013,ALT-00010716,2026-01-25T00:53:05Z,2026-01-25T00:59:05Z,2026-01-25T01:36:05Z,2026-01-25T02:52:05Z,2026-01-25T05:55:05Z,2026-01-25T06:23:05Z,External Synthetic,Network Sensor,AST-0154,RUL-017,Informational,Closed,ANL-005,4,55.7,TRUE,FALSE,SYNTHETIC_DEMO_DATA
INC-00000198,ALT-00015525,2026-03-13T13:04:23Z,2026-03-13T13:38:23Z,2026-03-13T13:49:23Z,2026-03-13T14:04:23Z,2026-03-13T18:03:23Z,2026-03-14T01:37:23Z,External Synthetic,Identity Provider,AST-0092,RUL-021,Medium,Closed,ANL-004,3,79.4,TRUE,FALSE,SYNTHETIC_DEMO_DATA
INC-00001890,ALT-00011100,2026-03-26T10:19:41Z,2026-03-26T12:28:41Z,2026-03-26T12:55:41Z,2026-03-26T16:19:41Z,2026-03-27T03:41:41Z,2026-03-27T04:08:41Z,EDY SIEM,Correlation Hub,AST-0239,RUL-004,Medium,Closed,ANL-004,1,84.8,FALSE,FALSE,SYNTHETIC_DEMO_DATA
INC-00002862,ALT-00011436,2025-06-26T12:03:14Z,2025-06-26T12:19:14Z,2025-06-26T12:28:14Z,2025-06-26T13:33:14Z,2025-06-26T22:53:14Z,2025-06-27T10:00:14Z,EDY RECON,Exposure Intelligence,AST-0109,RUL-027,Informational,Closed,ANL-002,3,39.1,FALSE,TRUE,SYNTHETIC_DEMO_DATA
INC-00000521,ALT-00000726,2025-04-08T03:02:06Z,2025-04-08T04:17:06Z,2025-04-08T05:20:06Z,2025-04-08T06:28:06Z,2025-04-08T08:05:06Z,2025-04-08T11:22:06Z,External Synthetic,Network Sensor,AST-0024,RUL-011,Medium,Closed,ANL-011,2,72.4,FALSE,FALSE,SYNTHETIC_DEMO_DATA
INC-00001515,ALT-00008964,2025-08-30T09:20:59Z,2025-08-30T09:45:59Z,2025-08-30T10:10:59Z,2025-08-30T10:57:59Z,2025-08-30T11:59:59Z,2025-08-30T14:16:59Z,EDY SIEM,Correlation Hub,AST-0183,RUL-016,Medium,Closed,ANL-001,1,64.5,FALSE,FALSE,SYNTHETIC_DEMO_DATA
INC-00001231,ALT-00009087,2025-10-27T11:42:21Z,2025-10-27T12:04:21Z,2025-10-27T12:16:21Z,2025-10-27T13:25:21Z,2025-10-27T13:59:21Z,2025-10-27T20:02:21Z,EDY Shield,Endpoint Integrity,AST-0077,RUL-012,Low,Closed,ANL-008,1,68.4,FALSE,FALSE,SYNTHETIC_DEMO_DATA
INC-00003011,ALT-00010322,2025-06-21T15:19:50Z,2025-06-21T15:40:50Z,2025-06-21T16:25:50Z,2025-06-21T17:00:50Z,2025-06-22T01:28:50Z,,External Synthetic,Network Sensor,AST-0071,RUL-035,Informational,Resolved,ANL-003,1,29.0,FALSE,FALSE,SYNTHETIC_DEMO_DATA
INC-00001506,ALT-00009013,2026-07-21T08:41:11Z,2026-07-21T08:57:11Z,2026-07-21T09:32:11Z,2026-07-21T11:26:11Z,2026-07-21T12:36:11Z,2026-07-21T15:05:11Z,External Synthetic,Network Sensor,AST-0023,RUL-032,Low,Closed,ANL-009,2,67.6,FALSE,FALSE,SYNTHETIC_DEMO_DATA
INC-00002593,ALT-00011397,2026-06-24T09:09:35Z,2026-06-24T09:14:35Z,2026-06-24T10:05:35Z,2026-06-24T13:04:35Z,2026-06-24T14:18:35Z,2026-06-24T23:54:35Z,EDY SIEM,Correlation Hub,AST-0185,RUL-003,Informational,Closed,ANL-013,1,48.8,FALSE,FALSE,SYNTHETIC_DEMO_DATA
INC-00001942,ALT-00016209,2026-05-19T22:33:08Z,2026-05-19T22:41:08Z,2026-05-19T23:02:08Z,2026-05-19T23:36:08Z,2026-05-20T02:48:08Z,2026-05-20T04:30:08Z,External Synthetic,Network Sensor,AST-0018,RUL-037,High,Closed,ANL-001,4,83.0,TRUE,FALSE,SYNTHETIC_DEMO_DATA
INC-00000314,ALT-00009657,2026-03-06T11:08:22Z,2026-03-06T11:19:22Z,2026-03-06T11:48:22Z,2026-03-06T14:35:22Z,2026-03-06T23:01:22Z,2026-03-07T08:12:22Z,EDY Shield,Endpoint Integrity,AST-0074,RUL-010,Low,Closed,ANL-001,3,53.2,FALSE,FALSE,SYNTHETIC_DEMO_DATA
INC-00001509,ALT-00013665,2026-04-27T10:44:17Z,2026-04-27T10:59:17Z,2026-04-27T11:10:17Z,2026-04-27T12:55:17Z,2026-04-27T21:18:17Z,2026-04-28T08:59:17Z,External Synthetic,Network Sensor,AST-0111,RUL-010,High,Closed,ANL-008,4,95.2,TRUE,FALSE,SYNTHETIC_DEMO_DATA
INC-00000169,ALT-00013805,2026-03-02T15:56:16Z,2026-03-02T16:05:16Z,2026-03-02T16:38:16Z,2026-03-02T20:35:16Z,2026-03-03T05:21:16Z,2026-03-03T13:04:16Z,EDY SIEM,Correlation Hub,AST-0183,RUL-023,Informational,Closed,ANL-007,1,39.0,FALSE,FALSE,SYNTHETIC_DEMO_DATA
INC-00002209,ALT-00002866,2025-07-24T10:23:02Z,2025-07-24T10:39:02Z,2025-07-24T11:20:02Z,2025-07-24T11:48:02Z,2025-07-24T13:03:02Z,2025-07-24T19:12:02Z,External Synthetic,Cloud Audit,AST-0034,RUL-021,High,Closed,ANL-004,2,97.4,TRUE,FALSE,SYNTHETIC_DEMO_DATA
INC-00001154,ALT-00006531,2025-10-27T22:59:06Z,2025-10-27T23:42:06Z,2025-10-27T23:50:06Z,2025-10-28T00:45:06Z,2025-10-28T07:45:06Z,2025-10-28T11:18:06Z,EDY Shield,Endpoint Integrity,AST-0012,RUL-045,Medium,Closed,ANL-008,3,66.1,FALSE,FALSE,SYNTHETIC_DEMO_DATA
INC-00000220,ALT-00002845,2026-03-27T13:40:55Z,2026-03-27T14:37:55Z,2026-03-27T15:22:55Z,2026-03-27T22:00:55Z,2026-03-28T09:24:55Z,2026-03-28T20:50:55Z,EDY Sentinel,Cloud Detection,AST-0159,RUL-020,Informational,Closed,ANL-010,1,59.6,TRUE,FALSE,SYNTHETIC_DEMO_DATA
INC-00001496,ALT-00006668,2025-05-22T06:47:27Z,2025-05-22T07:14:27Z,2025-05-22T07:34:27Z,2025-05-22T10:11:27Z,2025-05-22T13:09:27Z,,External Synthetic,Cloud Audit,AST-0077,RUL-013,Informational,Resolved,ANL-006,1,63.8,TRUE,FALSE,SYNTHETIC_DEMO_DATA
INC-00002055,ALT-00003901,2026-05-25T18:20:57Z,2026-05-25T18:40:57Z,2026-05-25T19:03:57Z,2026-05-26T00:52:57Z,2026-05-26T06:09:57Z,,EDY Shield,Endpoint Integrity,AST-0096,RUL-027,Informational,Resolved,ANL-017,1,42.6,FALSE,FALSE,SYNTHETIC_DEMO_DATA
INC-00002621,ALT-00000880,2025-09-16T09:36:47Z,2025-09-16T10:34:47Z,2025-09-16T10:49:47Z,2025-09-16T12:11:47Z,2025-09-16T15:05:47Z,2025-09-16T16:44:47Z,External Synthetic,Identity Provider,AST-0054,RUL-024,Low,Closed,ANL-016,2,41.2,FALSE,FALSE,SYNTHETIC_DEMO_DATA
INC-00000700,ALT-00005682,2026-05-17T04:44:48Z,2026-05-17T04:48:48Z,2026-05-17T05:29:48Z,2026-05-17T05:51:48Z,2026-05-17T07:58:48Z,2026-05-17T18:15:48Z,EDY Shield,Endpoint Integrity,AST-0149,RUL-042,Critical,Closed,ANL-002,1,100,TRUE,FALSE,SYNTHETIC_DEMO_DATA
INC-00002700,ALT-00000292,2025-06-25T19:44:12Z,2025-06-25T20:05:12Z,2025-06-25T20:16:12Z,2025-06-25T22:35:12Z,2025-06-26T00:17:12Z,2025-06-26T06:01:12Z,EDY SIEM,Correlation Hub,AST-0065,RUL-002,Low,Closed,ANL-003,1,56.5,FALSE,FALSE,SYNTHETIC_DEMO_DATA
INC-00001492,ALT-00004159,2025-10-31T07:46:30Z,2025-10-31T08:08:30Z,2025-10-31T08:14:30Z,2025-10-31T08:42:30Z,2025-10-31T23:29:30Z,2025-11-01T05:59:30Z,EDY RECON,Exposure Intelligence,AST-0222,RUL-019,Informational,Closed,ANL-016,3,45.4,FALSE,FALSE,SYNTHETIC_DEMO_DATA
INC-00001558,ALT-00013232,2025-06-17T11:06:46Z,2025-06-17T11:20:46Z,2025-06-17T11:25:46Z,2025-06-17T12:51:46Z,2025-06-17T17:57:46Z,2025-06-17T19:57:46Z,External Synthetic,Network Sensor,AST-0016,RUL-021,Medium,Closed,ANL-006,1,70.1,FALSE,FALSE,SYNTHETIC_DEMO_DATA
INC-00002758,ALT-00003316,2025-09-26T04:50:17Z,2025-09-26T05:03:17Z,2025-09-26T05:31:17Z,2025-09-26T06:46:17Z,,,External Synthetic,Identity Provider,AST-0042,RUL-027,Informational,Contained,ANL-010,0,46.4,FALSE,FALSE,SYNTHETIC_DEMO_DATA
INC-00002562,ALT-00015366,2026-05-25T09:13:08Z,2026-05-25T09:36:08Z,2026-05-25T10:09:08Z,2026-05-25T11:15:08Z,2026-05-25T15:10:08Z,2026-05-25T17:57:08Z,EDY SIEM,Correlation Hub,AST-0016,RUL-023,Informational,Closed,ANL-014,1,37.3,FALSE,FALSE,SYNTHETIC_DEMO_DATA
INC-00001825,ALT-00006083,2025-08-12T17:51:23Z,2025-08-12T20:05:23Z,2025-08-12T20:53:23Z,2025-08-12T23:33:23Z,2025-08-13T01:02:23Z,2025-08-13T09:38:23Z,EDY Sentinel,Cloud Detection,AST-0079,RUL-023,Informational,Closed,ANL-007,3,35.0,FALSE,FALSE,SYNTHETIC_DEMO_DATA
INC-00000715,ALT-00013931,2026-06-22T08:38:54Z,2026-06-22T08:40:54Z,2026-06-22T09:08:54Z,2026-06-22T10:38:54Z,2026-06-22T12:38:54Z,2026-06-22T23:21:54Z,EDY SIEM,Correlation Hub,AST-0048,RUL-018,Critical,Closed,ANL-005,1,100,TRUE,FALSE,SYNTHETIC_DEMO_DATA
INC-00000509,ALT-00007468,2026-01-11T10:22:35Z,2026-01-11T11:00:35Z,2026-01-11T11:07:35Z,2026-01-11T12:27:35Z,2026-01-11T16:34:35Z,2026-01-12T03:57:35Z,EDY RECON,Exposure Intelligence,AST-0168,RUL-018,Informational,Closed,ANL-003,1,40.0,FALSE,FALSE,SYNTHETIC_DEMO_DATA
INC-00001039,ALT-00000403,2026-02-12T23:04:47Z,2026-02-12T23:24:47Z,2026-02-12T23:47:47Z,2026-02-12T23:53:47Z,2026-02-13T02:52:47Z,2026-02-13T06:19:47Z,EDY Shield,Endpoint Integrity,AST-0191,RUL-006,Medium,Closed,ANL-003,1,66.9,FALSE,FALSE,SYNTHETIC_DEMO_DATA
INC-00000395,ALT-00009454,2026-05-15T10:56:26Z,2026-05-15T11:12:26Z,2026-05-15T11:44:26Z,2026-05-15T12:34:26Z,2026-05-15T19:35:26Z,2026-05-15T22:14:26Z,EDY SIEM,Correlation Hub,AST-0098,RUL-019,Critical,Closed,ANL-013,2,100,TRUE,FALSE,SYNTHETIC_DEMO_DATA
INC-00000091,ALT-00007961,2026-04-24T06:28:58Z,2026-04-24T06:43:58Z,2026-04-24T07:07:58Z,2026-04-24T07:45:58Z,2026-04-24T09:04:58Z,2026-04-24T14:25:58Z,External Synthetic,Cloud Audit,AST-0032,RUL-030,High,Closed,ANL-016,3,100,TRUE,FALSE,SYNTHETIC_DEMO_DATA
INC-00002975,ALT-00013997,2025-12-22T17:42:37Z,2025-12-22T17:52:37Z,2025-12-22T18:01:37Z,2025-12-23T01:44:37Z,2025-12-23T03:12:37Z,2025-12-23T11:04:37Z,EDY RECON,Exposure Intelligence,AST-0043,RUL-004,Low,Closed,ANL-004,1,57.2,FALSE,FALSE,SYNTHETIC_DEMO_DATA
INC-00002187,ALT-00006575,2025-08-19T23:41:05Z,2025-08-19T23:51:05Z,2025-08-20T00:06:05Z,2025-08-20T01:55:05Z,2025-08-20T06:04:05Z,,External Synthetic,Network Sensor,AST-0206,RUL-024,Low,Resolved,ANL-012,3,51.1,FALSE,FALSE,SYNTHETIC_DEMO_DATA
INC-00000502,ALT-00001643,2026-01-16T11:49:02Z,2026-01-16T12:56:02Z,2026-01-16T13:08:02Z,2026-01-16T14:02:02Z,2026-01-16T16:22:02Z,2026-01-16T23:33:02Z,EDY Sentinel,Cloud Detection,AST-0195,RUL-029,Medium,Closed,ANL-018,1,78.3,FALSE,FALSE,SYNTHETIC_DEMO_DATA
INC-00001510,ALT-00017854,2025-04-16T13:46:09Z,2025-04-16T13:58:09Z,2025-04-16T14:16:09Z,2025-04-16T15:22:09Z,2025-04-16T16:32:09Z,2025-04-16T19:15:09Z,EDY Sentinel,Cloud Detection,AST-0136,RUL-035,High,Closed,ANL-001,1,100,TRUE,FALSE,SYNTHETIC_DEMO_DATA
INC-00002735,ALT-00005478,2025-03-18T11:16:00Z,2025-03-18T11:23:00Z,2025-03-18T12:00:00Z,2025-03-18T12:54:00Z,2025-03-18T16:16:00Z,2025-03-18T18:36:00Z,EDY RECON,Exposure Intelligence,AST-0051,RUL-005,Medium,Closed,ANL-011,1,75.6,FALSE,FALSE,SYNTHETIC_DEMO_DATA
INC-00002119,ALT-00012464,2026-07-05T16:07:40Z,,,,,,External Synthetic,Network Sensor,AST-0186,RUL-034,High,New,ANL-004,0,100,TRUE,FALSE,SYNTHETIC_DEMO_DATA
INC-00000474,ALT-00015883,2026-07-21T16:50:51Z,2026-07-21T17:04:51Z,2026-07-21T17:21:51Z,2026-07-21T17:59:51Z,,,External Synthetic,Network Sensor,AST-0120,RUL-030,Informational,Contained,ANL-014,0,40.2,FALSE,FALSE,SYNTHETIC_DEMO_DATA
INC-00000958,ALT-00004602,2025-07-28T12:19:54Z,2025-07-28T12:24:54Z,2025-07-28T12:36:54Z,2025-07-28T12:53:54Z,2025-07-29T08:18:54Z,2025-07-29T18:35:54Z,EDY Sentinel,Cloud Detection,AST-0165,RUL-018,Informational,Closed,ANL-010,1,41.6,FALSE,FALSE,SYNTHETIC_DEMO_DATA
INC-00003013,ALT-00008927,2025-09-27T08:51:41Z,2025-09-27T09:12:41Z,2025-09-27T09:52:41Z,2025-09-27T11:37:41Z,2025-09-27T13:08:41Z,2025-09-27T22:04:41Z,External Synthetic,Network Sensor,AST-0230,RUL-035,Low,Closed,ANL-008,4,60.9,FALSE,FALSE,SYNTHETIC_DEMO_DATA
INC-00001556,ALT-00000991,2026-05-04T19:30:14Z,2026-05-04T19:45:14Z,2026-05-04T20:07:14Z,2026-05-04T21:26:14Z,2026-05-04T23:03:14Z,2026-05-05T09:19:14Z,External Synthetic,Cloud Audit,AST-0170,RUL-016,Medium,Closed,ANL-002,2,62.3,FALSE,FALSE,SYNTHETIC_DEMO_DATA
INC-00003052,ALT-00003691,2026-01-29T16:00:40Z,2026-01-29T16:26:40Z,2026-01-29T17:11:40Z,2026-01-29T19:34:40Z,2026-01-29T22:29:40Z,2026-01-30T05:05:40Z,EDY Shield,Endpoint Integrity,AST-0098,RUL-004,Informational,Closed,ANL-004,1,31.9,FALSE,FALSE,SYNTHETIC_DEMO_DATA
INC-00002480,ALT-00005772,2025-06-17T03:38:47Z,2025-06-17T03:46:47Z,2025-06-17T03:55:47Z,2025-06-17T04:35:47Z,2025-06-17T09:56:47Z,2025-06-17T17:54:47Z,EDY Shield,Endpoint Integrity,AST-0016,RUL-029,Informational,Closed,ANL-012,1,36.1,FALSE,FALSE,SYNTHETIC_DEMO_DATA
INC-00000971,ALT-00017112,2026-06-24T11:07:49Z,2026-06-24T11:25:49Z,2026-06-24T11:39:49Z,2026-06-24T16:39:49Z,2026-06-24T21:31:49Z,,EDY SIEM,Correlation Hub,AST-0200,RUL-033,Medium,Resolved,ANL-011,3,68.7,FALSE,FALSE,SYNTHETIC_DEMO_DATA
INC-00000556,ALT-00012030,2025-09-25T09:42:28Z,2025-09-25T10:19:28Z,2025-09-25T10:40:28Z,2025-09-25T13:20:28Z,2025-09-25T14:49:28Z,2025-09-25T19:09:28Z,EDY SIEM,Correlation Hub,AST-0023,RUL-018,Informational,Closed,ANL-016,1,51.9,FALSE,FALSE,SYNTHETIC_DEMO_DATA
INC-00000599,ALT-00001292,2025-06-24T07:42:17Z,2025-06-24T08:04:17Z,2025-06-24T08:13:17Z,2025-06-24T12:55:17Z,2025-06-24T13:41:17Z,2025-06-24T18:51:17Z,External Synthetic,Network Sensor,AST-0210,RUL-029,High,Closed,ANL-006,1,98.2,TRUE,FALSE,SYNTHETIC_DEMO_DATA
INC-00000178,ALT-00003762,2026-03-25T18:13:01Z,2026-03-25T18:45:01Z,2026-03-25T19:59:01Z,2026-03-25T20:33:01Z,2026-03-26T01:37:01Z,2026-03-26T07:53:01Z,External Synthetic,Cloud Audit,AST-0133,RUL-002,Low,fechado,ANL-017,3,50.0,FALSE,FALSE,SYNTHETIC_DEMO_DATA
INC-00003146,ALT-00000740,2025-06-26T10:52:39Z,2025-06-26T11:10:39Z,2025-06-26T11:48:39Z,2025-06-26T12:30:39Z,,,External Synthetic,Cloud Audit,AST-0054,RUL-020,Informational,Contained,ANL-012,0,41.4,TRUE,FALSE,SYNTHETIC_DEMO_DATA
INC-00002972,ALT-00016678,2025-06-01T18:18:20Z,,,,,,External Synthetic,Cloud Audit,AST-0180,RUL-006,Low,New,ANL-007,0,36.4,FALSE,FALSE,SYNTHETIC_DEMO_DATA
INC-00001283,ALT-00008067,2026-06-11T08:09:06Z,2026-06-11T08:35:06Z,2026-06-11T08:57:06Z,2026-06-11T11:46:06Z,2026-06-11T12:38:06Z,2026-06-11T17:23:06Z,External Synthetic,Identity Provider,AST-0188,RUL-014,Medium,Closed,ANL-005,2,59.7,FALSE,FALSE,SYNTHETIC_DEMO_DATA
INC-00000437,ALT-00017868,2026-06-06T18:57:27Z,2026-06-06T19:23:27Z,2026-06-06T19:39:27Z,2026-06-06T21:17:27Z,,,EDY SIEM,Correlation Hub,AST-0239,RUL-001,Informational,Contained,ANL-003,0,48.3,FALSE,FALSE,SYNTHETIC_DEMO_DATA
INC-00001766,ALT-00013892,2025-02-07T10:32:46Z,2025-02-07T10:52:46Z,2025-02-07T11:06:46Z,2025-02-07T11:56:46Z,2025-02-07T15:52:46Z,2025-02-07T21:24:46Z,EDY Shield,Endpoint Integrity,AST-0052,RUL-012,Informational,Closed,ANL-006,1,39.4,FALSE,FALSE,SYNTHETIC_DEMO_DATA
INC-00002638,ALT-00008981,2026-07-27T20:26:30Z,,,,,,EDY RECON,Exposure Intelligence,AST-0158,RUL-040,Informational,New,ANL-004,0,45.8,FALSE,FALSE,SYNTHETIC_DEMO_DATA
INC-00003105,ALT-00012767,2025-06-26T15:49:22Z,2025-06-26T15:58:22Z,2025-06-26T16:23:22Z,2025-06-26T18:12:22Z,2025-06-27T01:16:22Z,2025-06-27T08:42:22Z,EDY Sentinel,Cloud Detection,AST-0132,RUL-004,Low,Closed,ANL-012,1,62.3,FALSE,FALSE,SYNTHETIC_DEMO_DATA
INC-00000003,ALT-00016960,2026-07-18T13:50:54Z,2026-07-18T15:18:54Z,2026-07-18T15:32:54Z,,,,External Synthetic,Identity Provider,AST-0209,RUL-045,Low,Active,ANL-018,0,55.3,FALSE,FALSE,SYNTHETIC_DEMO_DATA
INC-00003187,ALT-00010559,2026-07-17T12:16:49Z,2026-07-17T13:26:49Z,2026-07-17T14:27:49Z,2026-07-17T15:10:49Z,2026-07-17T15:44:49Z,2026-07-18T01:42:49Z,External Synthetic,Network Sensor,AST-0214,RUL-042,High,Closed,ANL-016,3,90.6,TRUE,FALSE,SYNTHETIC_DEMO_DATA
INC-00000871,ALT-00013410,2025-12-25T16:03:40Z,2025-12-25T16:12:40Z,2025-12-25T16:57:40Z,2025-12-25T17:11:40Z,2025-12-25T18:25:40Z,2025-12-25T21:45:40Z,EDY RECON,Exposure Intelligence,AST-0231,RUL-030,Informational,Closed,ANL-007,4,45.2,FALSE,FALSE,SYNTHETIC_DEMO_DATA
INC-00002330,ALT-00006994,2026-07-20T07:01:54Z,2026-07-20T07:51:54Z,2026-07-20T07:55:54Z,,,,EDY SIEM,Correlation Hub,AST-0234,RUL-024,Low,Active,ANL-001,0,43.2,FALSE,FALSE,SYNTHETIC_DEMO_DATA
INC-00002377,ALT-00002511,2025-09-12T14:40:30Z,2025-09-12T14:55:30Z,2025-09-12T15:10:30Z,,,,EDY SIEM,Correlation Hub,AST-0016,RUL-037,Low,Active,ANL-014,0,57.4,FALSE,FALSE,SYNTHETIC_DEMO_DATA
INC-00001021,ALT-00003777,2025-05-10T08:35:56Z,2025-05-10T08:41:56Z,2025-05-10T08:50:56Z,2025-05-10T10:35:56Z,2025-05-10T10:53:56Z,2025-05-10T18:56:56Z,EDY Sentinel,Cloud Detection,AST-0176,RUL-015,High,Closed,ANL-004,1,100,TRUE,FALSE,SYNTHETIC_DEMO_DATA
INC-00000744,ALT-00013875,2026-07-12T11:12:34Z,2026-07-12T11:37:34Z,2026-07-12T12:04:34Z,2026-07-12T12:17:34Z,2026-07-12T14:30:34Z,2026-07-13T02:07:34Z,EDY Shield,Endpoint Integrity,AST-0121,RUL-014,High,Closed,ANL-017,3,86.7,TRUE,FALSE,SYNTHETIC_DEMO_DATA
INC-00001632,ALT-00006398,2025-09-27T19:28:04Z,2025-09-27T19:44:04Z,2025-09-27T20:06:04Z,2025-09-27T22:38:04Z,2025-09-28T06:26:04Z,2025-09-28T11:07:04Z,External Synthetic,Network Sensor,AST-0044,RUL-011,Low,Closed,ANL-009,1,42.2,FALSE,FALSE,SYNTHETIC_DEMO_DATA
INC-00001992,ALT-00010726,2026-03-14T13:05:38Z,2026-03-14T13:22:38Z,2026-03-14T13:35:38Z,,,,External Synthetic,Network Sensor,AST-0225,RUL-042,Critical,Active,ANL-012,0,100,TRUE,FALSE,SYNTHETIC_DEMO_DATA
INC-00000799,ALT-00011522,2025-09-17T01:03:24Z,2025-09-17T01:32:24Z,2025-09-17T02:16:24Z,2025-09-17T03:57:24Z,2025-09-17T05:25:24Z,2025-09-17T15:30:24Z,External Synthetic,Identity Provider,AST-0030,RUL-022,Low,Closed,ANL-008,1,55.8,FALSE,FALSE,SYNTHETIC_DEMO_DATA
INC-00001073,ALT-00003357,2025-06-19T13:39:01Z,2025-06-19T13:51:01Z,2025-06-19T14:19:01Z,2025-06-19T14:55:01Z,2025-06-19T20:03:01Z,2025-06-20T00:53:01Z,External Synthetic,Network Sensor,AST-0075,RUL-012,High,Closed,ANL-018,1,97.6,TRUE,FALSE,SYNTHETIC_DEMO_DATA
INC-00000021,ALT-00006182,2025-05-11T21:03:13Z,2025-05-11T21:15:13Z,2025-05-11T22:09:13Z,2025-05-11T22:56:13Z,2025-05-12T01:33:13Z,2025-05-12T03:41:13Z,External Synthetic,Network Sensor,AST-0048,RUL-035,Low,Closed,ANL-018,4,51.8,FALSE,FALSE,SYNTHETIC_DEMO_DATA
INC-00001109,ALT-00015640,2025-06-08T07:35:55Z,2025-06-08T08:14:55Z,2025-06-08T10:27:55Z,2025-06-08T12:02:55Z,2025-06-09T00:43:55Z,2025-06-09T08:10:55Z,External Synthetic,Network Sensor,AST-0024,RUL-003,Informational,Closed,ANL-015,1,40.3,FALSE,FALSE,SYNTHETIC_DEMO_DATA
INC-00001330,ALT-00003110,2025-07-11T12:48:23Z,2025-07-11T13:16:23Z,2025-07-11T13:44:23Z,2025-07-11T14:19:23Z,2025-07-12T06:51:23Z,2025-07-12T17:57:23Z,EDY RECON,Exposure Intelligence,AST-0230,RUL-024,Low,Closed,ANL-017,2,66.2,FALSE,FALSE,SYNTHETIC_DEMO_DATA
INC-00001876,ALT-00007141,2025-05-07T21:27:50Z,2025-05-07T22:08:50Z,2025-05-07T22:21:50Z,2025-05-07T23:48:50Z,2025-05-08T09:06:50Z,2025-05-08T16:55:50Z,EDY SIEM,Correlation Hub,AST-0227,RUL-008,Informational,Closed,ANL-010,3,35.7,FALSE,FALSE,SYNTHETIC_DEMO_DATA
INC-00000110,ALT-00014946,2025-05-18T14:05:06Z,2025-05-18T14:11:06Z,2025-05-18T14:32:06Z,2025-05-18T15:34:06Z,2025-05-18T16:13:06Z,2025-05-18T20:57:06Z,EDY SIEM,Correlation Hub,AST-0118,RUL-007,High,Closed,ANL-009,2,96.8,TRUE,FALSE,SYNTHETIC_DEMO_DATA
INC-00000783,ALT-00011753,2026-03-26T03:46:35Z,2026-03-26T03:57:35Z,2026-03-26T04:05:35Z,2026-03-26T04:49:35Z,2026-03-26T06:31:35Z,2026-03-26T10:04:35Z,External Synthetic,Identity Provider,AST-0006,RUL-027,Informational,Closed,ANL-011,3,47.3,FALSE,FALSE,SYNTHETIC_DEMO_DATA
INC-00001016,ALT-00010077,2025-07-12T16:04:44Z,2025-07-12T16:06:44Z,2025-07-12T17:16:44Z,2025-07-12T22:30:44Z,2025-07-12T22:51:44Z,2025-07-13T05:38:44Z,EDY SIEM,Correlation Hub,AST-0140,RUL-003,Medium,Closed,ANL-002,1,84.7,FALSE,FALSE,SYNTHETIC_DEMO_DATA
INC-00002318,ALT-00016976,2025-09-25T09:44:59Z,2025-09-25T10:27:59Z,2025-09-25T10:56:59Z,2025-09-25T12:46:59Z,2025-09-25T15:59:59Z,2025-09-25T16:44:59Z,EDY Sentinel,Cloud Detection,AST-0054,RUL-042,Medium,Closed,ANL-014,1,56.1,FALSE,FALSE,SYNTHETIC_DEMO_DATA
INC-00002428,ALT-00009696,2025-11-27T16:08:00Z,2025-11-27T16:21:00Z,2025-11-27T16:46:00Z,2025-11-27T18:09:00Z,2025-11-27T21:46:00Z,,External Synthetic,Cloud Audit,AST-0026,RUL-013,Medium,Resolved,ANL-018,3,58.2,FALSE,FALSE,SYNTHETIC_DEMO_DATA
INC-00002265,ALT-00015320,2026-04-01T12:19:20Z,2026-04-01T12:38:20Z,2026-04-01T13:01:20Z,2026-04-01T14:47:20Z,2026-04-02T02:38:20Z,,EDY SIEM,Correlation Hub,AST-0055,RUL-028,Informational,Resolved,ANL-005,3,42.3,FALSE,FALSE,SYNTHETIC_DEMO_DATA
INC-00002212,ALT-00001346,2026-01-09T12:59:19Z,2026-01-09T13:38:19Z,2026-01-09T14:03:19Z,2026-01-09T14:36:19Z,2026-01-09T15:40:19Z,2026-01-09T15:55:19Z,External Synthetic,Network Sensor,AST-0142,RUL-003,Informational,Closed,ANL-016,1,39.8,FALSE,FALSE,SYNTHETIC_DEMO_DATA
INC-00003179,ALT-00011230,2025-06-30T06:40:09Z,2025-06-30T07:20:09Z,2025-06-30T07:33:09Z,2025-06-30T09:04:09Z,2025-06-30T10:41:09Z,2025-06-30T11:16:09Z,External Synthetic,Cloud Audit,AST-0108,RUL-030,Low,Closed,ANL-016,4,51.5,TRUE,FALSE,SYNTHETIC_DEMO_DATA
INC-00001104,ALT-00015816,2025-12-30T11:16:55Z,2025-12-30T11:28:55Z,2025-12-30T12:22:55Z,2025-12-30T13:32:55Z,2025-12-31T04:43:55Z,2025-12-31T08:53:55Z,External Synthetic,Network Sensor,AST-0226,RUL-045,Informational,Closed,ANL-014,1,47.2,FALSE,FALSE,SYNTHETIC_DEMO_DATA
INC-00001156,ALT-00013535,2026-02-17T18:01:46Z,2026-02-17T18:28:46Z,2026-02-17T18:51:46Z,2026-02-17T22:35:46Z,2026-02-17T23:20:46Z,2026-02-18T00:03:46Z,EDY Shield,Endpoint Integrity,AST-0118,RUL-042,Low,Closed,ANL-011,4,58.2,FALSE,FALSE,SYNTHETIC_DEMO_DATA
INC-00001325,ALT-00008167,2026-02-16T17:20:26Z,2026-02-16T17:39:26Z,2026-02-16T17:53:26Z,2026-02-16T19:38:26Z,2026-02-16T23:53:26Z,2026-02-17T01:01:26Z,External Synthetic,Network Sensor,AST-0156,RUL-025,Informational,Closed,ANL-015,3,39.7,FALSE,TRUE,SYNTHETIC_DEMO_DATA
INC-00000767,ALT-00013405,2025-11-28T21:29:43Z,2025-11-28T22:25:43Z,2025-11-28T22:37:43Z,2025-11-28T23:33:43Z,2025-11-29T09:49:43Z,2025-11-29T13:40:43Z,External Synthetic,Network Sensor,AST-0001,RUL-039,Informational,Closed,ANL-015,1,47.0,FALSE,FALSE,SYNTHETIC_DEMO_DATA
INC-00001700,ALT-00012527,2025-06-02T15:56:07Z,2025-06-02T16:29:07Z,2025-06-02T16:50:07Z,2025-06-02T18:03:07Z,2025-06-02T23:57:07Z,2025-06-03T05:46:07Z,EDY SIEM,Correlation Hub,AST-0127,RUL-042,Low,Closed,ANL-001,1,63.6,FALSE,FALSE,SYNTHETIC_DEMO_DATA
INC-00002608,ALT-00006509,2026-02-26T18:10:39Z,2026-02-26T18:54:39Z,2026-02-26T18:58:39Z,2026-02-26T19:41:39Z,2026-02-26T23:54:39Z,2026-02-27T00:53:39Z,EDY SIEM,Correlation Hub,AST-0034,RUL-029,Low,Closed,ANL-017,1,48.5,FALSE,FALSE,SYNTHETIC_DEMO_DATA
INC-00000327,ALT-00010586,2026-01-08T18:14:16Z,2026-01-08T18:20:16Z,2026-01-08T18:55:16Z,2026-01-08T19:13:16Z,2026-01-09T04:38:16Z,2026-01-09T07:38:16Z,External Synthetic,Cloud Audit,AST-0031,RUL-013,Critical,Closed,ANL-003,1,100,TRUE,FALSE,SYNTHETIC_DEMO_DATA
INC-00002951,ALT-00016076,2026-04-20T10:46:09Z,2026-04-20T10:55:09Z,2026-04-20T11:13:09Z,2026-04-20T14:58:09Z,2026-04-20T17:16:09Z,2026-04-20T18:22:09Z,External Synthetic,Cloud Audit,AST-0189,RUL-018,Informational,Closed,ANL-009,1,30.5,FALSE,FALSE,SYNTHETIC_DEMO_DATA
INC-00001108,ALT-00003907,2026-06-05T09:14:20Z,2026-06-05T09:19:20Z,2026-06-05T10:23:20Z,2026-06-05T13:28:20Z,2026-06-05T16:25:20Z,2026-06-05T23:39:20Z,EDY RECON,Exposure Intelligence,AST-0083,RUL-035,Low,Closed,ANL-005,1,51.2,FALSE,FALSE,SYNTHETIC_DEMO_DATA
INC-00002752,ALT-00010553,2026-07-19T15:49:36Z,2026-07-19T16:09:36Z,2026-07-19T16:46:36Z,2026-07-19T21:39:36Z,2026-07-20T06:52:36Z,2026-07-20T07:57:36Z,External Synthetic,Cloud Audit,AST-0160,RUL-014,Medium,Closed,ANL-018,1,65.1,FALSE,FALSE,SYNTHETIC_DEMO_DATA
INC-00002753,ALT-00002232,2025-10-01T16:52:27Z,2025-10-01T17:01:27Z,2025-10-01T18:07:27Z,2025-10-01T18:46:27Z,2025-10-01T20:12:27Z,2025-10-01T20:48:27Z,External Synthetic,Identity Provider,AST-0236,RUL-036,High,Closed,ANL-012,2,96.1,TRUE,FALSE,SYNTHETIC_DEMO_DATA
INC-00000369,ALT-00012437,2025-06-05T13:40:43Z,2025-06-05T14:09:43Z,2025-06-05T14:41:43Z,2025-06-05T15:21:43Z,2025-06-05T17:05:43Z,2025-06-05T20:41:43Z,EDY Shield,Endpoint Integrity,AST-0025,RUL-037,High,Closed,ANL-014,1,92.7,TRUE,FALSE,SYNTHETIC_DEMO_DATA
INC-00002156,ALT-00003514,2026-01-10T13:39:34Z,2026-01-10T14:14:34Z,2026-01-10T14:18:34Z,2026-01-10T15:41:34Z,2026-01-11T08:14:34Z,2026-01-11T09:27:34Z,EDY SIEM,Correlation Hub,AST-0205,RUL-039,Informational,Closed,ANL-012,1,52.9,TRUE,FALSE,SYNTHETIC_DEMO_DATA
INC-00002292,ALT-00011702,2026-01-20T15:38:55Z,2026-01-20T15:51:55Z,2026-01-20T16:18:55Z,2026-01-20T16:55:55Z,2026-01-20T22:00:55Z,2026-01-21T08:38:55Z,EDY Shield,Endpoint Integrity,AST-0169,RUL-033,Informational,Closed,ANL-014,1,40.0,FALSE,FALSE,SYNTHETIC_DEMO_DATA
INC-00001096,ALT-00000825,2026-01-07T12:02:21Z,2026-01-07T12:09:21Z,2026-01-07T12:26:21Z,2026-01-07T13:07:21Z,2026-01-07T15:24:21Z,,External Synthetic,Network Sensor,AST-0148,RUL-045,Medium,Resolved,ANL-018,1,60.1,FALSE,FALSE,SYNTHETIC_DEMO_DATA
INC-00002781,ALT-00016173,2025-06-20T15:36:14Z,2025-06-20T15:57:14Z,2025-06-20T17:02:14Z,2025-06-20T18:27:14Z,2025-06-20T20:03:14Z,2025-06-20T21:38:14Z,EDY Sentinel,Cloud Detection,AST-0073,RUL-006,Informational,Closed,ANL-011,1,48.6,FALSE,FALSE,SYNTHETIC_DEMO_DATA
INC-00001893,ALT-00003629,2025-02-19T15:05:54Z,2025-02-19T15:34:54Z,2025-02-19T15:52:54Z,2025-02-19T19:39:54Z,2025-02-19T21:45:54Z,2025-02-20T05:25:54Z,EDY Sentinel,Cloud Detection,AST-0113,RUL-042,Low,Closed,ANL-018,2,65.8,FALSE,FALSE,SYNTHETIC_DEMO_DATA
INC-00002083,ALT-00008587,2025-06-18T13:21:31Z,2025-06-18T13:36:31Z,2025-06-18T13:58:31Z,2025-06-18T15:04:31Z,2025-06-18T17:36:31Z,2025-06-19T05:11:31Z,External Synthetic,Network Sensor,AST-0218,RUL-021,High,Closed,ANL-004,2,92.9,TRUE,FALSE,SYNTHETIC_DEMO_DATA
INC-00001518,ALT-00014690,2026-04-23T15:07:12Z,2026-04-23T15:16:12Z,2026-04-23T15:35:12Z,2026-04-23T16:48:12Z,2026-04-23T18:44:12Z,2026-04-23T23:01:12Z,External Synthetic,Network Sensor,AST-0018,RUL-002,Informational,Closed,ANL-014,4,33.4,TRUE,FALSE,SYNTHETIC_DEMO_DATA
INC-00002568,ALT-00006738,2025-09-23T05:08:56Z,2025-09-23T06:32:56Z,2025-09-23T07:07:56Z,2025-09-23T09:12:56Z,2025-09-23T13:35:56Z,2025-09-23T22:43:56Z,External Synthetic,Cloud Audit,AST-0154,RUL-015,LOW,Closed,ANL-009,1,54.9,FALSE,FALSE,SYNTHETIC_DEMO_DATA
INC-00002057,ALT-00009554,2025-05-07T09:11:29Z,2025-05-07T09:59:29Z,2025-05-07T10:47:29Z,2025-05-07T15:00:29Z,2025-05-07T18:56:29Z,2025-05-07T20:01:29Z,External Synthetic,Identity Provider,AST-0026,RUL-041,Medium,Closed,ANL-005,3,76.6,TRUE,FALSE,SYNTHETIC_DEMO_DATA
INC-00001571,ALT-00016381,2025-04-29T17:23:50Z,2025-04-29T17:37:50Z,2025-04-29T17:47:50Z,2025-04-29T18:13:50Z,2025-04-29T19:14:50Z,2025-04-29T21:28:50Z,External Synthetic,Identity Provider,AST-0041,RUL-033,Medium,Closed,ANL-005,1,77.5,FALSE,FALSE,SYNTHETIC_DEMO_DATA
INC-00003072,ALT-00017341,2026-02-21T08:46:49Z,2026-02-21T08:54:49Z,2026-02-21T09:10:49Z,2026-02-21T09:36:49Z,2026-02-21T16:16:49Z,2026-02-22T03:30:49Z,External Synthetic,Network Sensor,AST-0001,RUL-013,Medium,Closed,ANL-010,1,72.1,FALSE,FALSE,SYNTHETIC_DEMO_DATA
INC-00002879,ALT-00014365,2025-10-03T07:26:07Z,2025-10-03T07:45:07Z,2025-10-03T08:10:07Z,2025-10-03T09:13:07Z,2025-10-03T09:53:07Z,2025-10-03T13:24:07Z,External Synthetic,Identity Provider,AST-0118,RUL-039,Low,Closed,ANL-010,4,61.5,FALSE,FALSE,SYNTHETIC_DEMO_DATA
INC-00002712,ALT-00014308,2025-09-05T19:03:28Z,2025-09-05T19:14:28Z,2025-09-05T19:21:28Z,2025-09-05T20:28:28Z,2025-09-05T23:38:28Z,2025-09-06T04:13:28Z,External Synthetic,Cloud Audit,AST-0139,RUL-004,Informational,Closed,ANL-008,1,36.0,FALSE,FALSE,SYNTHETIC_DEMO_DATA
INC-00001190,ALT-00010147,2026-03-29T14:48:43Z,2026-03-29T15:04:43Z,2026-03-29T15:15:43Z,2026-03-29T16:24:43Z,2026-03-29T17:28:43Z,2026-03-30T04:08:43Z,EDY Shield,Endpoint Integrity,AST-0066,RUL-037,High,Closed,ANL-009,1,91.8,TRUE,FALSE,SYNTHETIC_DEMO_DATA
INC-00000467,ALT-00016152,2025-11-05T09:18:15Z,2025-11-05T09:28:15Z,2025-11-05T09:58:15Z,2025-11-05T10:31:15Z,2025-11-05T14:22:15Z,2025-11-05T22:45:15Z,External Synthetic,Identity Provider,AST-0197,RUL-016,High,Closed,ANL-012,3,88.3,TRUE,FALSE,SYNTHETIC_DEMO_DATA
INC-00000234,ALT-00001100,2026-05-30T06:09:28Z,2026-05-30T06:29:28Z,2026-05-30T06:52:28Z,2026-05-30T08:26:28Z,2026-05-30T12:51:28Z,2026-05-30T14:07:28Z,External Synthetic,Identity Provider,AST-0225,RUL-016,Low,Closed,ANL-003,1,40.7,FALSE,FALSE,SYNTHETIC_DEMO_DATA
INC-00001542,ALT-00006011,2026-04-15T09:13:05Z,2026-04-15T09:51:05Z,2026-04-15T10:08:05Z,,,,EDY RECON,Exposure Intelligence,AST-0225,RUL-016,Informational,Active,ANL-008,0,29.4,FALSE,FALSE,SYNTHETIC_DEMO_DATA
INC-00000377,ALT-00017566,2025-08-15T18:44:46Z,2025-08-15T19:17:46Z,2025-08-15T19:29:46Z,2025-08-16T00:14:46Z,2025-08-16T08:35:46Z,2025-08-16T10:48:46Z,EDY Shield,Endpoint Integrity,AST-0017,RUL-041,Informational,Closed,ANL-009,1,30.0,FALSE,FALSE,SYNTHETIC_DEMO_DATA
INC-00000394,ALT-00001933,2025-02-03T15:08:17Z,2025-02-03T15:24:17Z,2025-02-03T16:25:17Z,2025-02-03T19:15:17Z,2025-02-04T01:02:17Z,2025-02-04T12:27:17Z,External Synthetic,Network Sensor,AST-0002,RUL-037,Informational,Closed,ANL-016,3,35.8,FALSE,FALSE,SYNTHETIC_DEMO_DATA
INC-00002906,ALT-00001129,2025-11-19T14:36:04Z,2025-11-19T14:58:04Z,2025-11-19T15:12:04Z,2025-11-19T17:14:04Z,2025-11-20T02:06:04Z,2025-11-20T02:22:04Z,External Synthetic,Network Sensor,AST-0083,RUL-039,Low,Closed,ANL-001,1,54.2,FALSE,FALSE,SYNTHETIC_DEMO_DATA
INC-00001513,ALT-00000833,2026-05-11T15:00:24Z,2026-05-11T15:53:24Z,2026-05-11T16:01:24Z,2026-05-11T17:58:24Z,,,EDY Sentinel,Cloud Detection,AST-0122,RUL-017,Informational,contido,ANL-013,0,45.5,FALSE,FALSE,SYNTHETIC_DEMO_DATA
INC-00000428,ALT-00000464,2026-02-24T12:15:45Z,2026-02-24T12:26:45Z,2026-02-24T12:51:45Z,2026-02-24T13:33:45Z,2026-02-24T22:43:45Z,2026-02-25T09:26:45Z,External Synthetic,Cloud Audit,AST-0025,RUL-014,INFORMATIONAL,Closed,ANL-012,1,41.6,FALSE,FALSE,SYNTHETIC_DEMO_DATA
INC-00003078,ALT-00006357,2026-02-01T19:07:06Z,2026-02-01T19:53:06Z,2026-02-01T20:12:06Z,2026-02-02T01:52:06Z,2026-02-02T07:06:06Z,2026-02-02T17:47:06Z,EDY SIEM,Correlation Hub,AST-0181,RUL-041,Low,Closed,ANL-003,1,60.2,FALSE,FALSE,SYNTHETIC_DEMO_DATA
INC-00002684,ALT-00016715,2025-06-23T15:35:15Z,2025-06-23T16:08:15Z,2025-06-23T16:23:15Z,2025-06-23T20:11:15Z,2025-06-24T01:51:15Z,2025-06-24T04:02:15Z,External Synthetic,Identity Provider,AST-0030,RUL-034,Medium,Closed,ANL-008,1,76.5,TRUE,FALSE,SYNTHETIC_DEMO_DATA
INC-00000966,ALT-00001329,2025-11-17T16:39:00Z,2025-11-17T17:03:00Z,2025-11-17T17:18:00Z,2025-11-17T17:56:00Z,2025-11-17T20:09:00Z,2025-11-18T02:11:00Z,EDY Shield,Endpoint Integrity,AST-0193,RUL-025,Low,Closed,ANL-009,1,48.4,FALSE,FALSE,SYNTHETIC_DEMO_DATA
INC-00000175,ALT-00006775,2025-11-03T18:16:15Z,2025-11-03T18:33:15Z,2025-11-03T18:36:15Z,2025-11-03T18:57:15Z,2025-11-03T19:58:15Z,,External Synthetic,Cloud Audit,AST-0225,RUL-044,Medium,Resolved,ANL-003,4,52.0,FALSE,FALSE,SYNTHETIC_DEMO_DATA
INC-00002943,ALT-00002510,2025-11-20T16:11:18Z,2025-11-20T17:38:18Z,2025-11-20T17:55:18Z,2025-11-20T18:38:18Z,2025-11-20T20:49:18Z,2025-11-21T01:24:18Z,EDY Shield,Endpoint Integrity,AST-0092,RUL-030,Low,Closed,ANL-012,1,50.5,FALSE,FALSE,SYNTHETIC_DEMO_DATA
INC-00002045,ALT-00011115,2026-04-01T09:10:28Z,2026-04-01T09:58:28Z,2026-04-01T10:35:28Z,2026-04-01T14:57:28Z,2026-04-02T02:26:28Z,2026-04-02T02:51:28Z,EDY Sentinel,Cloud Detection,AST-0087,RUL-003,Informational,Closed,ANL-015,3,39.9,FALSE,FALSE,SYNTHETIC_DEMO_DATA
INC-00000529,ALT-00013519,2025-07-26T11:23:05Z,2025-07-26T11:38:05Z,2025-07-26T12:00:05Z,2025-07-26T13:36:05Z,2025-07-26T17:44:05Z,2025-07-26T18:43:05Z,EDY RECON,Exposure Intelligence,AST-0070,RUL-019,Low,Closed,ANL-008,2,48.8,FALSE,FALSE,SYNTHETIC_DEMO_DATA
INC-00000692,ALT-00017020,2026-06-24T17:08:10Z,2026-06-24T18:08:10Z,2026-06-24T18:24:10Z,2026-06-25T00:23:10Z,2026-06-25T17:09:10Z,2026-06-25T19:27:10Z,External Synthetic,Identity Provider,AST-0122,RUL-043,Informational,Closed,ANL-018,1,54.2,FALSE,FALSE,SYNTHETIC_DEMO_DATA
INC-00000097,ALT-00002952,2025-02-08T07:57:56Z,2025-02-08T08:25:56Z,2025-02-08T08:34:56Z,2025-02-08T13:42:56Z,2025-02-08T16:59:56Z,2025-02-09T03:28:56Z,EDY Sentinel,Cloud Detection,AST-0190,RUL-010,Informational,Closed,ANL-007,1,41.6,FALSE,FALSE,SYNTHETIC_DEMO_DATA
INC-00001305,ALT-00008802,2025-04-22T09:15:33Z,2025-04-22T09:43:33Z,2025-04-22T09:47:33Z,2025-04-22T13:34:33Z,2025-04-23T02:03:33Z,2025-04-23T09:14:33Z,EDY RECON,Exposure Intelligence,AST-0191,RUL-021,Informational,Closed,ANL-011,1,39.2,FALSE,FALSE,SYNTHETIC_DEMO_DATA
INC-00000875,ALT-00012869,2025-06-26T18:16:52Z,2025-06-26T18:36:52Z,2025-06-26T18:48:52Z,2025-06-26T20:33:52Z,2025-06-26T21:58:52Z,2025-06-27T09:01:52Z,EDY Sentinel,Cloud Detection,AST-0158,RUL-003,Informational,Closed,ANL-015,1,51.5,FALSE,FALSE,SYNTHETIC_DEMO_DATA
INC-00000183,ALT-00002615,2025-12-09T15:22:57Z,2025-12-09T15:34:57Z,2025-12-09T15:43:57Z,2025-12-09T16:57:57Z,2025-12-09T18:32:57Z,,EDY SIEM,Correlation Hub,AST-0141,RUL-021,High,Resolved,ANL-002,1,100,TRUE,FALSE,SYNTHETIC_DEMO_DATA
INC-00001324,ALT-00008495,2025-11-21T16:10:11Z,2025-11-21T16:15:11Z,2025-11-21T16:44:11Z,2025-11-21T16:57:11Z,2025-11-21T22:33:11Z,2025-11-22T05:43:11Z,External Synthetic,Identity Provider,AST-0141,RUL-008,Medium,Closed,ANL-006,1,71.6,FALSE,FALSE,SYNTHETIC_DEMO_DATA
INC-00001294,ALT-00013173,2025-10-30T10:32:22Z,2025-10-30T10:38:22Z,2025-10-30T11:12:22Z,2025-10-30T12:18:22Z,2025-10-30T15:36:22Z,2025-10-31T01:59:22Z,External Synthetic,Network Sensor,AST-0045,RUL-043,High,Closed,ANL-001,1,84.6,TRUE,FALSE,SYNTHETIC_DEMO_DATA
INC-00000170,ALT-00000458,2025-04-02T12:58:50Z,2025-04-02T13:15:50Z,2025-04-02T13:53:50Z,2025-04-02T18:11:50Z,2025-04-02T19:36:50Z,,External Synthetic,Cloud Audit,AST-0239,RUL-004,Low,Resolved,ANL-001,1,65.2,FALSE,FALSE,SYNTHETIC_DEMO_DATA
INC-00002707,ALT-00004875,2025-07-11T11:10:57Z,2025-07-11T12:12:57Z,2025-07-11T12:23:57Z,,,,External Synthetic,Cloud Audit,AST-0017,RUL-022,Medium,Active,ANL-009,0,57.9,FALSE,FALSE,SYNTHETIC_DEMO_DATA
INC-00001090,ALT-00004712,2026-07-26T21:27:38Z,2026-07-26T21:37:38Z,2026-07-26T21:48:38Z,,,,External Synthetic,Network Sensor,AST-0160,RUL-018,Medium,Active,ANL-006,0,69.3,FALSE,FALSE,SYNTHETIC_DEMO_DATA
INC-00001503,ALT-00010752,2025-07-25T14:18:59Z,2025-07-25T14:37:59Z,2025-07-25T14:58:59Z,2025-07-25T16:13:59Z,2025-07-26T02:57:59Z,2025-07-26T14:02:59Z,External Synthetic,Cloud Audit,AST-0155,RUL-028,Informational,Closed,ANL-011,1,33.4,FALSE,FALSE,SYNTHETIC_DEMO_DATA
INC-00000385,ALT-00017155,2025-08-19T08:42:16Z,2025-08-19T09:33:16Z,2025-08-19T09:54:16Z,2025-08-19T12:25:16Z,2025-08-19T21:24:16Z,2025-08-20T05:17:16Z,EDY Shield,Endpoint Integrity,AST-0015,RUL-010,Informational,Closed,ANL-007,1,54.3,TRUE,FALSE,SYNTHETIC_DEMO_DATA
INC-00001901,ALT-00014445,2025-11-19T07:39:15Z,2025-11-19T07:44:15Z,2025-11-19T08:02:15Z,2025-11-19T08:37:15Z,2025-11-19T11:52:15Z,2025-11-19T14:05:15Z,External Synthetic,Network Sensor,AST-0192,RUL-037,Medium,Closed,ANL-017,2,69.2,FALSE,FALSE,SYNTHETIC_DEMO_DATA
INC-00000931,ALT-00008012,2026-04-07T10:14:53Z,2026-04-07T10:33:53Z,2026-04-07T10:52:53Z,2026-04-07T15:07:53Z,2026-04-08T01:29:53Z,,External Synthetic,Identity Provider,AST-0153,RUL-006,Informational,Resolved,ANL-001,1,21.6,FALSE,FALSE,SYNTHETIC_DEMO_DATA
INC-00002056,ALT-00002014,2025-07-17T16:18:51Z,2025-07-17T16:25:51Z,2025-07-17T16:39:51Z,2025-07-17T19:36:51Z,2025-07-17T21:58:51Z,2025-07-18T00:54:51Z,External Synthetic,Cloud Audit,AST-0208,RUL-003,Low,Closed,ANL-011,3,55.9,FALSE,FALSE,SYNTHETIC_DEMO_DATA
INC-00002560,ALT-00007884,2026-01-22T13:18:23Z,2026-01-22T13:39:23Z,2026-01-22T14:01:23Z,2026-01-22T17:18:23Z,2026-01-22T17:56:23Z,2026-01-23T01:26:23Z,EDY Sentinel,Cloud Detection,AST-0212,RUL-036,Medium,Closed,ANL-012,1,83.0,FALSE,FALSE,SYNTHETIC_DEMO_DATA
INC-00001500,ALT-00015614,2025-09-12T16:21:26Z,2025-09-12T16:36:26Z,2025-09-12T17:08:26Z,2025-09-12T17:44:26Z,2025-09-12T18:54:26Z,2025-09-13T03:29:26Z,External Synthetic,Network Sensor,AST-0206,RUL-009,Critical,Closed,ANL-018,1,99.8,TRUE,FALSE,SYNTHETIC_DEMO_DATA
INC-00000777,ALT-00016074,2026-06-17T06:48:18Z,2026-06-17T06:56:18Z,2026-06-17T07:07:18Z,2026-06-17T07:38:18Z,2026-06-17T13:07:18Z,2026-06-17T13:46:18Z,EDY Shield,Endpoint Integrity,AST-0167,RUL-040,Informational,Closed,ANL-017,1,50.7,FALSE,FALSE,SYNTHETIC_DEMO_DATA
INC-00002067,ALT-00005382,2026-06-06T20:42:36Z,2026-06-06T21:05:36Z,2026-06-06T21:17:36Z,2026-06-06T22:06:36Z,2026-06-06T23:07:36Z,2026-06-07T06:43:36Z,EDY Shield,Endpoint Integrity,AST-0006,RUL-004,Informational,Closed,ANL-005,1,43.7,FALSE,TRUE,SYNTHETIC_DEMO_DATA
INC-00001997,ALT-00006584,2025-04-21T17:24:48Z,2025-04-21T17:32:48Z,2025-04-21T17:43:48Z,2025-04-21T18:22:48Z,2025-04-21T21:26:48Z,2025-04-22T05:17:48Z,External Synthetic,Identity Provider,AST-0086,RUL-037,Low,Closed,ANL-010,1,62.3,FALSE,FALSE,SYNTHETIC_DEMO_DATA
